Registro: Identificador;Animal: Identificador;Animal: Tipo;Registro: Data de observação (ISO);Registro: Estado;Registro: Município;Registro: Origem da localização;Registro: Precisão;Animal: Quantidade observada;Animal: Comportamento
70731;65823;Mico/Sagui/Soinho;2025-12-30T11:35:00;SP;Campinas;Obtido pelo GPS ou informado explicitamente;0.0;1;
70730;65822;Macaco/Guariba/Bugio/Prego/Guigó;2025-12-30T11:28:58;PR;Foz do Iguaçu;Coordenadas obtidas a partir do endereço;;1;
70678;65770;Mico/Sagui/Soinho;2025-12-30T16:50:03;MG;São João do Pacuí;Obtido pelo GPS ou informado explicitamente;1.840000033378601;1;Normal
70664;65756;Mico/Sagui/Soinho;2025-12-30T13:52:56;MG;São João do Pacuí;Obtido pelo GPS ou informado explicitamente;1.2999999523162842;1;Normal
70623;65715;Mico/Sagui/Soinho;2025-12-30T15:16:53;MG;São João do Pacuí;Obtido pelo GPS ou informado explicitamente;1.100000023841858;1;
70587;65679;Macaco/Guariba/Bugio/Prego/Guigó;2025-12-22T08:45:00;PR;Quatro Pontes;Obtido pelo GPS ou informado explicitamente;10.0;1;
70586;65678;Mico/Sagui/Soinho;2025-12-29T10:59:44;SP;Campinas;Coordenadas obtidas a partir do endereço;;1;
70567;65659;Macaco/Guariba/Bugio/Prego/Guigó;2025-12-29T08:33:38;RS;Viamão;Coordenadas obtidas a partir do endereço;;1;
70478;65570;Macaco/Guariba/Bugio/Prego/Guigó;2025-12-29T08:58:01;GO;Firminópolis;Obtido pelo GPS ou informado explicitamente;3.7899999618530273;1;
70430;65522;Macaco/Guariba/Bugio/Prego/Guigó;2025-12-29T08:30:23;GO;Goiânia;Obtido pelo GPS ou informado explicitamente;0.0;1;
70335;65427;Mico/Sagui/Soinho;2025-12-27T16:30:17;MG;Coração de Jesus;Obtido pelo GPS ou informado explicitamente;0.0;1;
70334;65426;Mico/Sagui/Soinho;2025-12-23T15:03:47;SP;Batatais;Coordenadas obtidas a partir do endereço;;1;
70333;65425;Mico/Sagui/Soinho;2025-12-27T12:18:17;SC;Florianópolis;Obtido pelo GPS ou informado explicitamente;;1;
70332;65424;Mico/Sagui/Soinho;2025-12-26T17:43:35;SC;Florianópolis;Obtido pelo GPS ou informado explicitamente;;1;
70322;65414;Mico/Sagui/Soinho;2025-12-27T07:50:00;SP;Campinas;Obtido pelo GPS ou informado explicitamente;8.62;1;Normal
70309;65401;Macaco/Guariba/Bugio/Prego/Guigó;2025-12-26T11:11:58;RS;Viamão;Coordenadas obtidas a partir do endereço;;1;
70280;65372;Mico/Sagui/Soinho;2025-12-25T17:19:00;RN;Jaçanã;Obtido pelo GPS ou informado explicitamente;60.13;4;Normal
70207;65299;Mico/Sagui/Soinho;2025-12-20T15:48:48;SP;São José do Rio Preto;Coordenadas obtidas a partir do endereço;;1;
70197;65289;Mico/Sagui/Soinho;2025-12-23T13:05:07;PR;Maringá;Obtido pelo GPS ou informado explicitamente;2.900000095367432;1;
70174;65266;Mico/Sagui/Soinho;2025-12-22T17:29:23;MG;São João do Pacuí;Obtido pelo GPS ou informado explicitamente;1.715999960899353;1;
70172;65264;Mico/Sagui/Soinho;2025-12-22T16:47:00;MG;Viçosa;Coordenadas obtidas a partir do endereço;;1;
70161;65253;Mico/Sagui/Soinho;2025-12-19T12:53:58;SP;Mogi das Cruzes;Obtido pelo GPS ou informado explicitamente;;1;
70155;65247;Mico/Sagui/Soinho;2025-12-21T09:13:25;SP;Ribeirão Preto;Coordenadas obtidas a partir do endereço;;1;
70052;65144;Macaco/Guariba/Bugio/Prego/Guigó;2025-12-19T14:30:38;SC;Mondaí;Obtido pelo GPS ou informado explicitamente;3.7899999618530273;1;
70041;65133;Macaco/Guariba/Bugio/Prego/Guigó;2025-12-18T13:59:37;GO;Goiânia;Obtido pelo GPS ou informado explicitamente;0.0;1;
70037;65129;Mico/Sagui/Soinho;2025-12-17T16:15:46;SP;Ribeirão Preto;Obtido pelo GPS ou informado explicitamente;;1;
70035;65127;Mico/Sagui/Soinho;2025-12-17T16:17:15;SP;Ribeirão Preto;Obtido pelo GPS ou informado explicitamente;;1;
70026;65118;Mico/Sagui/Soinho;2025-12-17T13:45:17;SP;Ribeirão Preto;Coordenadas obtidas a partir do endereço;;1;
70021;65113;Mico/Sagui/Soinho;2025-12-15T10:27:18;SP;Ribeirão Preto;Obtido pelo GPS ou informado explicitamente;;1;
70012;65104;Mico/Sagui/Soinho;2025-12-13T09:43:52;SP;Ribeirão Preto;Obtido pelo GPS ou informado explicitamente;;1;
70011;65103;Macaco/Guariba/Bugio/Prego/Guigó;2025-12-13T09:36:48;SP;Jardinópolis;Obtido pelo GPS ou informado explicitamente;;1;
69999;65091;Mico/Sagui/Soinho;2025-12-19T08:09:51;MG;São João do Pacuí;Obtido pelo GPS ou informado explicitamente;1.6660000085830688;1;
69998;65090;Mico/Sagui/Soinho;2025-12-19T07:15:00;SP;Campinas;Obtido pelo GPS ou informado explicitamente;2.62;2;Normal
69986;65078;Mico/Sagui/Soinho;2025-12-18T14:47:54;SP;São José do Rio Preto;Obtido pelo GPS ou informado explicitamente;;1;
69985;65077;Mico/Sagui/Soinho;2025-12-14T14:13:00;SP;Ribeirão Preto;Coordenadas obtidas a partir do endereço;;1;
69978;65070;Mico/Sagui/Soinho;2025-12-17T09:43:05;SC;Florianópolis;Obtido pelo GPS ou informado explicitamente;;1;
69972;65064;Mico/Sagui/Soinho;2025-12-18T11:04:00;SP;Capela do Alto;Obtido pelo GPS ou informado explicitamente;0.0;3;Normal
69963;65055;Mico/Sagui/Soinho;2025-12-17T17:00:58;SP;Mogi das Cruzes;Coordenadas obtidas a partir do endereço;;1;Normal
69937;65029;Mico/Sagui/Soinho;2025-12-17T16:37:36;MG;Capitão Enéas;Obtido pelo GPS ou informado explicitamente;0.0;1;Estranho
69862;64954;Mico/Sagui/Soinho;2025-12-16T12:56:16;MG;São João do Pacuí;Obtido pelo GPS ou informado explicitamente;1.100000023841858;1;
69854;64946;Mico/Sagui/Soinho;2025-12-16T10:10:41;SP;Campinas;Coordenadas obtidas a partir do endereço;;1;
69848;64940;Mico/Sagui/Soinho;2025-12-15T09:04:12;SP;São José do Rio Preto;Obtido pelo GPS ou informado explicitamente;;1;
69830;64922;Mico/Sagui/Soinho;2025-12-16T14:58:55;SP;Ribeirão Preto;Obtido pelo GPS ou informado explicitamente;;1;
69816;64908;Mico/Sagui/Soinho;2025-12-16T10:51:00;MT;Cuiabá;Obtido pelo GPS ou informado explicitamente;14.0;1;Não sabe
69808;64900;Mico/Sagui/Soinho;2025-12-15T15:05:02;MG;Coração de Jesus;Obtido pelo GPS ou informado explicitamente;2.0799999237060547;1;
69806;64898;Macaco/Guariba/Bugio/Prego/Guigó;2025-12-15T11:13:00;SP;Caçapava;Obtido pelo GPS ou informado explicitamente;0.0;4;Normal
69797;64889;Macaco/Guariba/Bugio/Prego/Guigó;2025-12-16T08:53:00;PR;São José dos Pinhais;Obtido pelo GPS ou informado explicitamente;3.7899999618530273;1;
69795;64887;Macaco/Guariba/Bugio/Prego/Guigó;2025-12-15T17:46:50;RJ;Quissamã;Obtido pelo GPS ou informado explicitamente;;3;Normal
69770;64862;Macaco/Guariba/Bugio/Prego/Guigó;2025-12-15T16:42:19;GO;Vianópolis;Coordenadas obtidas a partir do endereço;;1;
69769;64861;Mico/Sagui/Soinho;2025-12-15T16:34:53;AL;Maceió;Obtido pelo GPS ou informado explicitamente;3.0999999046325684;1;
69757;64849;Macaco/Guariba/Bugio/Prego/Guigó;2025-12-15T15:30:48;GO;Vianópolis;Obtido pelo GPS ou informado explicitamente;;1;
69730;64822;Macaco/Guariba/Bugio/Prego/Guigó;2025-12-15T11:05:20;MG;Carneirinho;Obtido pelo GPS ou informado explicitamente;1.2999999523162842;1;
69699;64791;Mico/Sagui/Soinho;2025-12-15T08:45:00;SP;Sertãozinho;Obtido pelo GPS ou informado explicitamente;13.03;1;
69695;64787;Macaco/Guariba/Bugio/Prego/Guigó;2025-12-07T09:00:12;MG;Rio Casca;Coordenadas obtidas a partir do endereço;;1;
69663;64755;Mico/Sagui/Soinho;2025-12-14T14:11:15;MG;Miraí;Coordenadas obtidas a partir do endereço;;5;Normal
69657;64749;Mico/Sagui/Soinho;2025-12-13T14:20:16;RJ;Niterói;Obtido pelo GPS ou informado explicitamente;0.0;1;
69656;64748;Macaco/Guariba/Bugio/Prego/Guigó;2025-12-12T15:15:00;SP;Caçapava;Obtido pelo GPS ou informado explicitamente;0.0;1;Normal
69649;64741;Mico/Sagui/Soinho;2025-12-13T15:18:46;SC;Florianópolis;Obtido pelo GPS ou informado explicitamente;;1;
69630;64722;Macaco/Guariba/Bugio/Prego/Guigó;2025-12-12T16:00:39;SP;Terra Roxa;Coordenadas obtidas a partir do endereço;;1;
69625;64717;Mico/Sagui/Soinho;2025-12-12T16:53:00;RJ;Cantagalo;Obtido pelo GPS ou informado explicitamente;0.0;1;
69622;64714;Mico/Sagui/Soinho;2025-12-12T16:00:21;MG;Ponte Nova;Obtido pelo GPS ou informado explicitamente;1.0;1;
69603;64695;Mico/Sagui/Soinho;2025-12-12T13:50:21;MG;Coração de Jesus;Obtido pelo GPS ou informado explicitamente;3.0;1;
69601;64693;Mico/Sagui/Soinho;2025-12-12T13:36:00;SP;Campinas;Obtido pelo GPS ou informado explicitamente;15.01;1;Normal
69594;64686;Mico/Sagui/Soinho;2025-12-12T11:27:21;MG;São Francisco;Obtido pelo GPS ou informado explicitamente;1.5;1;
69591;64683;Mico/Sagui/Soinho;2025-12-11T14:12:56;MG;Coração de Jesus;Obtido pelo GPS ou informado explicitamente;0.0;1;
69557;64648;Mico/Sagui/Soinho;2025-12-11T09:36:26;MG;Montes Claros;Obtido pelo GPS ou informado explicitamente;1.6799999475479126;1;
69545;64636;Mico/Sagui/Soinho;2025-12-11T11:10:40;MG;Riacho dos Machados;Obtido pelo GPS ou informado explicitamente;2.0280001163482666;3;Normal
69518;64609;Mico/Sagui/Soinho;2025-12-10T06:57:28;MG;Viçosa;Obtido pelo GPS ou informado explicitamente;32.215999603271484;4;Normal
69510;64601;Macaco/Guariba/Bugio/Prego/Guigó;2025-12-10T09:52:35;MS;Corumbá;Obtido pelo GPS ou informado explicitamente;;13;Normal
69468;64559;Macaco/Guariba/Bugio/Prego/Guigó;2025-12-09T10:29:00;GO;Santa Bárbara de Goiás;Coordenadas obtidas a partir do endereço;;1;Doente
69468;64558;Macaco/Guariba/Bugio/Prego/Guigó;2025-12-09T10:29:00;GO;Santa Bárbara de Goiás;Coordenadas obtidas a partir do endereço;;1;Doente
69454;64544;Mico/Sagui/Soinho;2025-12-08T14:30:52;SP;Mogi das Cruzes;Coordenadas obtidas a partir do endereço;;1;Normal
69451;64541;Mico/Sagui/Soinho;2025-12-09T09:39:28;SP;Campinas;Coordenadas obtidas a partir do endereço;;1;
69450;64540;Mico/Sagui/Soinho;2025-12-10T09:12:57;MG;Coração de Jesus;Obtido pelo GPS ou informado explicitamente;0.0;1;Doente
69448;64538;Mico/Sagui/Soinho;2025-12-08T16:04:41;MG;Capitão Enéas;Obtido pelo GPS ou informado explicitamente;2.440000057220459;1;Estranho
69447;64537;Mico/Sagui/Soinho;2025-12-10T08:48:57;MG;Coração de Jesus;Obtido pelo GPS ou informado explicitamente;0.0;1;
69411;64501;Mico/Sagui/Soinho;2025-12-09T14:14:52;MG;Lassance;Obtido pelo GPS ou informado explicitamente;4.58799;1;
69401;64491;Mico/Sagui/Soinho;2025-12-05T14:30:32;MT;Cuiabá;Obtido pelo GPS ou informado explicitamente;2.0;1;
69400;64490;Mico/Sagui/Soinho;2025-12-08T10:00:29;MG;Capitão Enéas;Obtido pelo GPS ou informado explicitamente;2.900000095367432;1;
69389;64479;Macaco/Guariba/Bugio/Prego/Guigó;2025-12-08T10:00:43;PR;Iretama;Obtido pelo GPS ou informado explicitamente;2.0;1;
69388;64478;Macaco/Guariba/Bugio/Prego/Guigó;2025-12-08T08:20:00;RS;Picada Café;Obtido pelo GPS ou informado explicitamente;6.26;1;
69370;64460;Mico/Sagui/Soinho;2025-12-08T11:23:38;SC;Florianópolis;Obtido pelo GPS ou informado explicitamente;;1;
69369;64459;Mico/Sagui/Soinho;2025-12-08T09:21:28;SC;Florianópolis;Obtido pelo GPS ou informado explicitamente;;1;
69347;64437;Mico/Sagui/Soinho;2025-12-08T13:38:06;MG;Capitão Enéas;Obtido pelo GPS ou informado explicitamente;1.72599995136261;1;Doente
69346;64436;Mico/Sagui/Soinho;2025-12-08T13:35:03;MG;Capitão Enéas;Coordenadas obtidas a partir do endereço;;1;
69345;64435;Macaco/Guariba/Bugio/Prego/Guigó;2025-11-21T15:15:52;RJ;Rio de Janeiro;Obtido pelo GPS ou informado explicitamente;0.0;8;Normal
69325;64415;Mico/Sagui/Soinho;2025-12-08T10:39:00;MG;Capitão Enéas;Coordenadas obtidas a partir do endereço;;1;Estranho
69322;64412;Mico/Sagui/Soinho;2025-12-08T10:10:00;MG;Capitão Enéas;Coordenadas obtidas a partir do endereço;;1;
69254;64344;Mico/Sagui/Soinho;2025-12-07T10:30:35;SP;Campinas;Obtido pelo GPS ou informado explicitamente;;2;Normal
69213;64303;Mico/Sagui/Soinho;2025-12-06T15:29:35;SC;Florianópolis;Obtido pelo GPS ou informado explicitamente;;1;
69212;64302;Mico/Sagui/Soinho;2025-12-06T14:14:22;SC;Florianópolis;Obtido pelo GPS ou informado explicitamente;;1;
69180;64270;Mico/Sagui/Soinho;2025-12-06T10:39:00;SP;Campinas;Obtido pelo GPS ou informado explicitamente;6.82;1;Normal
69173;64263;Macaco/Guariba/Bugio/Prego/Guigó;2025-12-06T08:42:00;MT;Rondonópolis;Obtido pelo GPS ou informado explicitamente;2.03;3;Normal
69114;64204;Macaco/Guariba/Bugio/Prego/Guigó;2025-11-25T14:02:57;GO;Itaberaí;Coordenadas obtidas a partir do endereço;;1;Doente
68980;64070;Mico/Sagui/Soinho;2025-12-04T08:20:00;MG;Virgínia;Obtido pelo GPS ou informado explicitamente;3.54;1;
68943;64033;Mico/Sagui/Soinho;2025-12-03T14:14:00;MT;Cuiabá;Obtido pelo GPS ou informado explicitamente;11.85;1;Normal
68941;64031;Mico/Sagui/Soinho;2025-12-03T13:41:17;MG;São João do Pacuí;Obtido pelo GPS ou informado explicitamente;1.899999976158142;1;
68938;64028;Mico/Sagui/Soinho;2025-12-03T10:28:50;SP;Piracicaba;Obtido pelo GPS ou informado explicitamente;0.0;2;Normal
68929;64019;Mico/Sagui/Soinho;2025-12-03T10:21:00;MT;Cuiabá;Obtido pelo GPS ou informado explicitamente;3.57;5;Normal
68927;64017;Mico/Sagui/Soinho;2025-12-03T10:21:00;MT;Cuiabá;Obtido pelo GPS ou informado explicitamente;4.75;4;Normal
68919;64009;Mico/Sagui/Soinho;2025-11-29T18:05:18;GO;Senador Canedo;Coordenadas obtidas a partir do endereço;;1;
68903;63993;Mico/Sagui/Soinho;2025-12-02T13:43:55;MG;São João do Pacuí;Obtido pelo GPS ou informado explicitamente;1.399999976158142;1;
68879;63968;Macaco/Guariba/Bugio/Prego/Guigó;2025-11-27T16:34:00;GO;Goiânia;Obtido pelo GPS ou informado explicitamente;0.0;1;
68867;63956;Macaco/Guariba/Bugio/Prego/Guigó;2025-11-30T13:35:01;SP;Pontal;Obtido pelo GPS ou informado explicitamente;0.0;1;
68863;63952;Mico/Sagui/Soinho;2025-12-01T16:40:03;PR;Araucária;Coordenadas obtidas a partir do endereço;;1;
68772;63860;Mico/Sagui/Soinho;2025-12-02T09:55:13;MG;São João do Pacuí;Obtido pelo GPS ou informado explicitamente;1.8600000143051147;1;
68764;63852;Mico/Sagui/Soinho;2025-12-02T09:43:59;MG;Leopoldina;Obtido pelo GPS ou informado explicitamente;3.0;1;Normal
68763;63851;Mico/Sagui/Soinho;2025-12-01T09:41:11;SP;São José do Rio Preto;Coordenadas obtidas a partir do endereço;;1;
68758;63846;Mico/Sagui/Soinho;2025-12-01T09:03:45;SP;Valinhos;Coordenadas obtidas a partir do endereço;;1;
68630;63717;Mico/Sagui/Soinho;2025-12-01T10:57:07;MG;Montes Claros;Obtido pelo GPS ou informado explicitamente;5.900000095367432;1;
68627;63714;Macaco/Guariba/Bugio/Prego/Guigó;2025-11-29T09:15:23;RS;Viamão;Coordenadas obtidas a partir do endereço;;1;
68604;63691;Mico/Sagui/Soinho;2025-12-01T08:19:44;MG;Janaúba;Obtido pelo GPS ou informado explicitamente;3.7899999618530273;1;
68603;63690;Macaco/Guariba/Bugio/Prego/Guigó;2025-12-01T08:52:00;MG;Bonfinópolis de Minas;Obtido pelo GPS ou informado explicitamente;1.5;1;Normal
68601;63688;Macaco/Guariba/Bugio/Prego/Guigó;2025-12-01T08:24:14;PA;Ananindeua;Obtido pelo GPS ou informado explicitamente;1.399999976158142;15;Normal
68592;63679;Mico/Sagui/Soinho;2025-11-29T17:05:29;MG;São João do Pacuí;Obtido pelo GPS ou informado explicitamente;2.0420000553131104;1;Normal
68576;63663;Mico/Sagui/Soinho;2025-11-30T14:35:00;SP;Ubatuba;Obtido pelo GPS ou informado explicitamente;23.32;9;Normal
68567;63654;Mico/Sagui/Soinho;2025-11-30T12:31:30;MG;Viçosa;Obtido pelo GPS ou informado explicitamente;49.29999923706055;1;
68543;63630;Mico/Sagui/Soinho;2025-11-27T14:48:43;SP;Piracicaba;Obtido pelo GPS ou informado explicitamente;0.0;1;
68541;63628;Mico/Sagui/Soinho;2025-11-27T15:28:27;SP;Piracicaba;Obtido pelo GPS ou informado explicitamente;3.299999952316284;1;
68533;63620;Mico/Sagui/Soinho;2025-11-28T12:17:46;SC;Florianópolis;Obtido pelo GPS ou informado explicitamente;;1;
68479;63566;Mico/Sagui/Soinho;2025-11-27T15:52:49;SP;Sumaré;Coordenadas obtidas a partir do endereço;;1;
68477;63564;Macaco/Guariba/Bugio/Prego/Guigó;2025-11-27T14:16:00;GO;Goiânia;Obtido pelo GPS ou informado explicitamente;0.0;1;
68459;63546;Macaco/Guariba/Bugio/Prego/Guigó;2025-11-26T03:46:43;RS;Viamão;Coordenadas obtidas a partir do endereço;;1;
68451;63538;Macaco/Guariba/Bugio/Prego/Guigó;2025-11-26T02:14:41;RS;Viamão;Coordenadas obtidas a partir do endereço;;1;
68391;63478;Mico/Sagui/Soinho;2025-11-27T09:35:17;SP;Sertãozinho;Obtido pelo GPS ou informado explicitamente;3.7899999618530273;1;
68390;63477;Macaco/Guariba/Bugio/Prego/Guigó;2025-11-26T08:35:50;SC;Abelardo Luz;Obtido pelo GPS ou informado explicitamente;50.0;1;
68389;63476;Mico/Sagui/Soinho;2025-11-26T09:05:59;MG;Montes Claros;Obtido pelo GPS ou informado explicitamente;180.6000061035156;1;
68383;63470;Macaco/Guariba/Bugio/Prego/Guigó;2025-11-26T17:02:30;PR;Assis Chateaubriand;Obtido pelo GPS ou informado explicitamente;1.600000023841858;1;
68373;63460;Macaco/Guariba/Bugio/Prego/Guigó;2025-11-26T15:35:59;MG;Bambuí;Obtido pelo GPS ou informado explicitamente;4.607999801635742;1;Normal
68329;63416;Mico/Sagui/Soinho;2025-11-19T10:05:13;SP;Mococa;Obtido pelo GPS ou informado explicitamente;5.0;1;
68298;63384;Mico/Sagui/Soinho;2025-11-24T16:00:00;PR;Cascavel;Obtido pelo GPS ou informado explicitamente;;1;
68286;63372;Mico/Sagui/Soinho;2025-11-20T13:38:47;MG;Belo Oriente;Obtido pelo GPS ou informado explicitamente;;1;
68279;63365;Macaco/Guariba/Bugio/Prego/Guigó;2025-11-25T13:14:49;GO;Anápolis;Obtido pelo GPS ou informado explicitamente;2.5;1;
68277;63363;Mico/Sagui/Soinho;2025-11-25T12:49:02;MG;Timóteo;Obtido pelo GPS ou informado explicitamente;18.8;1;
68275;63361;Macaco/Guariba/Bugio/Prego/Guigó;2025-11-25T11:58:09;MG;Itamonte;Obtido pelo GPS ou informado explicitamente;1.5;1;
68246;63331;Mico/Sagui/Soinho;2025-11-21T08:31:18;MG;Lassance;Coordenadas obtidas a partir do endereço;;1;
68240;63325;Mico/Sagui/Soinho;2025-11-21T08:31:00;MG;Lassance;Coordenadas obtidas a partir do endereço;;1;
68225;63310;Macaco/Guariba/Bugio/Prego/Guigó;2025-11-24T16:50:38;GO;Goiânia;Obtido pelo GPS ou informado explicitamente;0.0;1;
68224;63309;Macaco/Guariba/Bugio/Prego/Guigó;2025-11-24T16:56:56;GO;Goiânia;Obtido pelo GPS ou informado explicitamente;0.0;1;
68217;63302;Mico/Sagui/Soinho;2025-11-22T10:20:29;RJ;Teresópolis;Obtido pelo GPS ou informado explicitamente;8.508;1;Normal
68216;63301;Macaco/Guariba/Bugio/Prego/Guigó;2025-11-22T06:01:49;RJ;Teresópolis;Obtido pelo GPS ou informado explicitamente;4.025;4;Normal
68213;63298;Macaco/Guariba/Bugio/Prego/Guigó;2025-11-24T15:59:25;GO;Goiânia;Obtido pelo GPS ou informado explicitamente;0.0;1;
68208;63293;Macaco/Guariba/Bugio/Prego/Guigó;2025-11-24T11:00:00;RS;São Sepé;Obtido pelo GPS ou informado explicitamente;3.0;1;
68205;63290;Mico/Sagui/Soinho;2025-11-19T10:00:00;SP;Sertãozinho;Obtido pelo GPS ou informado explicitamente;0.0;1;
68204;63289;Macaco/Guariba/Bugio/Prego/Guigó;2025-11-22T18:23:18;GO;Leopoldo de Bulhões;Coordenadas obtidas a partir do endereço;;1;
68202;63287;Macaco/Guariba/Bugio/Prego/Guigó;2025-11-24T06:30:50;RJ;Quissamã;Obtido pelo GPS ou informado explicitamente;;5;Normal
68182;63267;Macaco/Guariba/Bugio/Prego/Guigó;2025-11-19T16:18:53;RJ;Quissamã;Obtido pelo GPS ou informado explicitamente;;1;Normal
68117;63202;Mico/Sagui/Soinho;2025-11-21T08:53:30;MG;Lassance;Obtido pelo GPS ou informado explicitamente;3.32;1;
68097;63182;Mico/Sagui/Soinho;2025-11-21T09:33:16;MG;Coronel Fabriciano;Obtido pelo GPS ou informado explicitamente;3.7899999618530273;1;Normal
68042;63127;Mico/Sagui/Soinho;2025-11-19T08:55:22;MG;São João do Pacuí;Obtido pelo GPS ou informado explicitamente;1.600000023841858;1;
68041;63126;Mico/Sagui/Soinho;2025-11-15T08:50:47;MG;São João do Pacuí;Obtido pelo GPS ou informado explicitamente;0.0;1;
68040;63125;Mico/Sagui/Soinho;2025-11-19T09:35:47;MG;São João do Pacuí;Obtido pelo GPS ou informado explicitamente;2.2799999713897705;2;
68039;63124;Mico/Sagui/Soinho;2025-11-19T09:18:51;MG;São João do Pacuí;Obtido pelo GPS ou informado explicitamente;2.150000095367432;2;
68038;63123;Mico/Sagui/Soinho;2025-11-18T17:26:32;MG;São João do Pacuí;Obtido pelo GPS ou informado explicitamente;1.6660000085830688;1;
68035;63120;Mico/Sagui/Soinho;2025-11-11T13:09:13;SC;Florianópolis;Coordenadas obtidas a partir do endereço;;1;
68034;63119;Macaco/Guariba/Bugio/Prego/Guigó;2025-11-19T12:33:48;GO;Goiânia;Obtido pelo GPS ou informado explicitamente;0.0;1;
68019;63104;Mico/Sagui/Soinho;2025-11-19T10:19:32;GO;Aragoiânia;Obtido pelo GPS ou informado explicitamente;3.790092468261719;1;
68003;63088;Macaco/Guariba/Bugio/Prego/Guigó;2025-11-18T10:48:59;MG;Monte Santo de Minas;Coordenadas obtidas a partir do endereço;;1;
67988;63073;Macaco/Guariba/Bugio/Prego/Guigó;2025-11-18T14:09:38;MG;Passa Vinte;Coordenadas obtidas a partir do endereço;;1;
67987;63072;Mico/Sagui/Soinho;2025-11-18T15:20:00;SP;Sertãozinho;Obtido pelo GPS ou informado explicitamente;0.0;1;
67975;63060;Macaco/Guariba/Bugio/Prego/Guigó;2025-11-18T11:32:19;GO;Goiânia;Obtido pelo GPS ou informado explicitamente;0.0;1;
67960;63045;Mico/Sagui/Soinho;2025-11-12T10:56:02;PR;Curitiba;Obtido pelo GPS ou informado explicitamente;0.0;1;Doente
67950;63035;Mico/Sagui/Soinho;2025-11-14T09:56:02;SP;Campinas;Coordenadas obtidas a partir do endereço;;1;
67906;62991;Macaco/Guariba/Bugio/Prego/Guigó;2025-11-17T13:00:36;GO;Orizona;Coordenadas obtidas a partir do endereço;;1;
67904;62989;Macaco/Guariba/Bugio/Prego/Guigó;2025-11-17T14:45:00;GO;Goiânia;Obtido pelo GPS ou informado explicitamente;0.0;1;
67902;62987;Mico/Sagui/Soinho;2025-11-17T14:39:00;GO;Goiânia;Obtido pelo GPS ou informado explicitamente;0.0;1;
67896;62981;Mico/Sagui/Soinho;2025-11-17T12:45:00;GO;Vianópolis;Obtido pelo GPS ou informado explicitamente;;1;
67893;62978;Mico/Sagui/Soinho;2025-11-16T13:13:51;SC;Florianópolis;Coordenadas obtidas a partir do endereço;;1;
67846;62931;Macaco/Guariba/Bugio/Prego/Guigó;2025-11-17T08:13:17;MG;Andradas;Obtido pelo GPS ou informado explicitamente;1.5;1;
67833;62918;Mico/Sagui/Soinho;2025-11-16T11:36:03;MG;Ituiutaba;Obtido pelo GPS ou informado explicitamente;3.4609999656677246;5;Normal
67828;62913;Macaco/Guariba/Bugio/Prego/Guigó;2025-11-16T08:55:00;SC;Itapiranga;Obtido pelo GPS ou informado explicitamente;13.8;15;Normal
67827;62912;Macaco/Guariba/Bugio/Prego/Guigó;2025-11-16T08:42:00;SC;Itapiranga;Obtido pelo GPS ou informado explicitamente;2.05;1;
67824;62909;Mico/Sagui/Soinho;2025-11-15T17:46:03;MG;Capitão Enéas;Obtido pelo GPS ou informado explicitamente;800.0;1;Estranho
67819;62904;Mico/Sagui/Soinho;2025-11-13T10:35:02;SP;Ribeirão Preto;Obtido pelo GPS ou informado explicitamente;;1;
67807;62892;Mico/Sagui/Soinho;2025-11-13T16:12:06;MG;Ibiaí;Obtido pelo GPS ou informado explicitamente;3.759999990463257;1;Normal
67806;62891;Mico/Sagui/Soinho;2025-11-13T15:02:06;MG;Ibiaí;Obtido pelo GPS ou informado explicitamente;9.600000381469728;1;Normal
67778;62863;Mico/Sagui/Soinho;2025-11-14T11:12:54;MG;São João do Pacuí;Obtido pelo GPS ou informado explicitamente;1.940000057220459;1;
67771;62856;Macaco/Guariba/Bugio/Prego/Guigó;2025-11-14T10:02:46;GO;Varjão;Obtido pelo GPS ou informado explicitamente;3.78999;1;
67726;62811;Mico/Sagui/Soinho;2025-11-13T16:32:00;MG;Ibiaí;Obtido pelo GPS ou informado explicitamente;0.0;1;Normal
67725;62810;Mico/Sagui/Soinho;2025-11-13T15:21:00;MG;Ibiaí;Obtido pelo GPS ou informado explicitamente;8.66;1;Estranho
67721;62806;Mico/Sagui/Soinho;2025-11-11T17:35:16;MG;Pirapora;Obtido pelo GPS ou informado explicitamente;6.199999809265137;2;Normal
67661;62746;Mico/Sagui/Soinho;2025-11-13T14:35:00;MG;Salinas;Obtido pelo GPS ou informado explicitamente;13.14900016784668;2;Normal
67607;62692;Mico/Sagui/Soinho;2025-11-13T09:14:08;MG;Montes Claros;Obtido pelo GPS ou informado explicitamente;1.5;1;
67497;62582;Macaco/Guariba/Bugio/Prego/Guigó;2025-11-12T14:49:00;GO;Palmeiras de Goiás;Obtido pelo GPS ou informado explicitamente;48.0;1;
67496;62581;Mico/Sagui/Soinho;2025-11-12T17:23:26;MG;Lassance;Obtido pelo GPS ou informado explicitamente;6.244999885559082;1;
67495;62580;Mico/Sagui/Soinho;2025-11-12T17:13:35;MG;Lassance;Obtido pelo GPS ou informado explicitamente;0.0;1;
67492;62577;Macaco/Guariba/Bugio/Prego/Guigó;2025-11-12T15:19:14;GO;Bom Jardim de Goiás;Obtido pelo GPS ou informado explicitamente;3.790092468261719;1;
67490;62575;Macaco/Guariba/Bugio/Prego/Guigó;2025-11-12T13:55:00;GO;Hidrolândia;Coordenadas obtidas a partir do endereço;;1;
67485;62570;Mico/Sagui/Soinho;2025-11-12T13:32:00;SP;Taubaté;Obtido pelo GPS ou informado explicitamente;3.54;4;Normal
67483;62568;Mico/Sagui/Soinho;2025-11-12T12:17:00;MG;Teófilo Otoni;Obtido pelo GPS ou informado explicitamente;64.66;5;Normal
67482;62567;Mico/Sagui/Soinho;2025-11-12T12:17:00;MG;Teófilo Otoni;Obtido pelo GPS ou informado explicitamente;64.66;5;Normal
67481;62566;Mico/Sagui/Soinho;2025-11-12T13:03:00;MG;Teófilo Otoni;Obtido pelo GPS ou informado explicitamente;64.64;5;Normal
67480;62565;Mico/Sagui/Soinho;2025-11-12T13:04:00;MG;Teófilo Otoni;Obtido pelo GPS ou informado explicitamente;63.8;5;Normal
67479;62564;Mico/Sagui/Soinho;2025-11-12T12:12:00;MG;Teófilo Otoni;Obtido pelo GPS ou informado explicitamente;33.98;4;Normal
67478;62563;Mico/Sagui/Soinho;2025-11-12T13:02:00;MG;Teófilo Otoni;Obtido pelo GPS ou informado explicitamente;63.82;5;Normal
67477;62562;Mico/Sagui/Soinho;2025-11-12T13:02:00;MG;Teófilo Otoni;Obtido pelo GPS ou informado explicitamente;63.82;5;Normal
67337;62422;Mico/Sagui/Soinho;2025-11-11T14:54:53;MG;Montes Claros;Obtido pelo GPS ou informado explicitamente;2.132999897003174;1;
67242;62327;Macaco/Guariba/Bugio/Prego/Guigó;2025-11-09T13:34:34;GO;Mossâmedes;Coordenadas obtidas a partir do endereço;;1;
67241;62326;Mico/Sagui/Soinho;2025-11-07T16:45:00;GO;Jataí;Coordenadas obtidas a partir do endereço;;1;
67226;62311;Mico/Sagui/Soinho;2025-11-09T16:22:13;SC;Florianópolis;Obtido pelo GPS ou informado explicitamente;;1;
67203;62288;Mico/Sagui/Soinho;2025-11-09T15:54:37;PB;Conde;Obtido pelo GPS ou informado explicitamente;3.724999904632568;6;Normal
67189;62274;Mico/Sagui/Soinho;2025-11-09T11:10:00;SP;Campinas;Obtido pelo GPS ou informado explicitamente;4.75;2;Normal
67188;62273;Mico/Sagui/Soinho;2025-11-09T10:27:00;RJ;Casimiro de Abreu;Coordenadas obtidas a partir do endereço;;1;
67166;62251;Mico/Sagui/Soinho;2025-08-29T08:23:00;MG;Brasília de Minas;Obtido pelo GPS ou informado explicitamente;3.53;1;Doente
67155;62240;Macaco/Guariba/Bugio/Prego/Guigó;2025-11-07T09:35:46;MG;Marliéria;Obtido pelo GPS ou informado explicitamente;3.0;1;
67154;62239;Mico/Sagui/Soinho;2025-11-07T09:13:00;SC;Joinville;Obtido pelo GPS ou informado explicitamente;1.4140000343322754;1;
67146;62231;Macaco/Guariba/Bugio/Prego/Guigó;2025-11-06T18:25:00;GO;Carmo do Rio Verde;Coordenadas obtidas a partir do endereço;0.0;1;
67142;62227;Macaco/Guariba/Bugio/Prego/Guigó;2025-11-06T18:25:54;GO;Carmo do Rio Verde;Coordenadas obtidas a partir do endereço;;1;
67140;62225;Macaco/Guariba/Bugio/Prego/Guigó;2025-11-06T17:47:10;GO;Carmo do Rio Verde;Obtido pelo GPS ou informado explicitamente;1.2000000476837158;1;
67138;62223;Mico/Sagui/Soinho;2025-11-07T08:04:27;GO;Aragoiânia;Obtido pelo GPS ou informado explicitamente;3.790092468261719;1;
67135;62220;Macaco/Guariba/Bugio/Prego/Guigó;2025-11-06T14:35:32;GO;Aparecida de Goiânia;Coordenadas obtidas a partir do endereço;;1;
67134;62219;Macaco/Guariba/Bugio/Prego/Guigó;2025-11-06T14:30:19;GO;Aparecida de Goiânia;Obtido pelo GPS ou informado explicitamente;3.5;2;
67123;62208;Mico/Sagui/Soinho;2025-11-06T13:15:35;MG;Coração de Jesus;Obtido pelo GPS ou informado explicitamente;1.7200000286102295;1;
67115;62200;Macaco/Guariba/Bugio/Prego/Guigó;2025-11-06T16:07:25;GO;Carmo do Rio Verde;Obtido pelo GPS ou informado explicitamente;1.600000023841858;1;
67113;62198;Mico/Sagui/Soinho;2025-11-06T16:27:22;TO;Palmas;Obtido pelo GPS ou informado explicitamente;31.96;1;
67106;62191;Macaco/Guariba/Bugio/Prego/Guigó;2025-11-06T11:35:12;GO;Goiânia;Obtido pelo GPS ou informado explicitamente;2.0999999046325684;1;
67098;62183;Mico/Sagui/Soinho;2025-11-03T10:27:49;MG;Contagem;Coordenadas obtidas a partir do endereço;;1;
67097;62182;Mico/Sagui/Soinho;2025-11-05T09:24:56;MG;Montes Claros;Obtido pelo GPS ou informado explicitamente;1.7419999837875366;1;Normal
67093;62178;Mico/Sagui/Soinho;2025-11-06T09:49:57;MG;Montes Claros;Obtido pelo GPS ou informado explicitamente;1.2999999523162842;1;
67089;62174;Mico/Sagui/Soinho;2025-11-05T17:00:21;MG;Coração de Jesus;Obtido pelo GPS ou informado explicitamente;0.0;1;
67076;62161;Mico/Sagui/Soinho;2025-11-05T13:35:00;MG;Botelhos;Obtido pelo GPS ou informado explicitamente;2.38;1;
67063;62148;Mico/Sagui/Soinho;2025-10-31T10:40:27;SP;Ribeirão Preto;Coordenadas obtidas a partir do endereço;;1;
67055;62140;Macaco/Guariba/Bugio/Prego/Guigó;2025-11-01T10:24:22;SC;Florianópolis;Coordenadas obtidas a partir do endereço;;1;
67054;62139;Mico/Sagui/Soinho;2025-11-05T10:07:36;MG;Nova Lima;Obtido pelo GPS ou informado explicitamente;9.22;2;
67046;62131;Mico/Sagui/Soinho;2025-11-03T13:50:54;SP;Ribeirão Preto;Obtido pelo GPS ou informado explicitamente;;1;
67044;62129;Mico/Sagui/Soinho;2025-11-03T13:38:42;SP;Ribeirão Preto;Obtido pelo GPS ou informado explicitamente;;1;
67041;62126;Macaco/Guariba/Bugio/Prego/Guigó;2025-11-03T14:44:45;SP;Ipuã;Obtido pelo GPS ou informado explicitamente;;1;
67023;62108;Macaco/Guariba/Bugio/Prego/Guigó;2025-11-04T14:30:39;GO;Goiânia;Obtido pelo GPS ou informado explicitamente;5.578999996185303;1;
67020;62105;Mico/Sagui/Soinho;2025-11-03T15:44:23;GO;Goiânia;Obtido pelo GPS ou informado explicitamente;0.0;1;
67019;62104;Macaco/Guariba/Bugio/Prego/Guigó;2025-09-23T13:30:00;RS;Dois Irmãos;Obtido pelo GPS ou informado explicitamente;0.0;1;
67016;62101;Mico/Sagui/Soinho;2025-10-30T07:30:29;RN;Natal;Coordenadas obtidas a partir do endereço;;1;
67015;62100;Mico/Sagui/Soinho;2025-10-24T14:57:24;SP;Campinas;Obtido pelo GPS ou informado explicitamente;0.0;1;
67014;62099;Mico/Sagui/Soinho;2025-10-22T14:53:34;SP;Campinas;Coordenadas obtidas a partir do endereço;;1;
67011;62096;Macaco/Guariba/Bugio/Prego/Guigó;2025-11-01T14:43:00;MG;Poços de Caldas;Obtido pelo GPS ou informado explicitamente;0.0;1;
67009;62094;Mico/Sagui/Soinho;2025-10-31T16:05:16;SP;Piracicaba;Coordenadas obtidas a partir do endereço;;20;Normal
67006;62091;Macaco/Guariba/Bugio/Prego/Guigó;2025-10-31T13:43:17;MG;Pompéu;Obtido pelo GPS ou informado explicitamente;0.0;1;
67004;62089;Mico/Sagui/Soinho;2025-11-03T16:15:42;SP;São José do Rio Preto;Obtido pelo GPS ou informado explicitamente;;1;
67000;62085;Mico/Sagui/Soinho;2025-10-31T16:05:27;SP;Piracicaba;Coordenadas obtidas a partir do endereço;;1;
66996;62081;Macaco/Guariba/Bugio/Prego/Guigó;2025-11-04T08:00:45;PR;Piraquara;Coordenadas obtidas a partir do endereço;;1;
66995;62080;Macaco/Guariba/Bugio/Prego/Guigó;2025-11-01T13:06:30;GO;Aparecida de Goiânia;Coordenadas obtidas a partir do endereço;;3;
66993;62078;Mico/Sagui/Soinho;2025-11-04T09:17:16;MG;Campestre;Obtido pelo GPS ou informado explicitamente;12.230999946594238;6;Normal
66978;62063;Macaco/Guariba/Bugio/Prego/Guigó;2025-11-03T14:18:06;GO;Goiânia;Obtido pelo GPS ou informado explicitamente;0.0;1;
66976;62061;Mico/Sagui/Soinho;2025-11-03T14:22:24;MG;Montes Claros;Obtido pelo GPS ou informado explicitamente;1.7829999923706057;1;
66975;62060;Mico/Sagui/Soinho;2025-11-03T11:10:52;MG;Montes Claros;Obtido pelo GPS ou informado explicitamente;2.150000095367432;1;
66971;62056;Mico/Sagui/Soinho;2025-10-30T10:41:11;SC;Florianópolis;Obtido pelo GPS ou informado explicitamente;;1;
66969;62054;Mico/Sagui/Soinho;2025-10-29T10:40:38;SC;Florianópolis;Obtido pelo GPS ou informado explicitamente;;1;
66965;62050;Macaco/Guariba/Bugio/Prego/Guigó;2025-10-24T17:34:48;SP;Ribeirão Preto;Coordenadas obtidas a partir do endereço;;1;
66933;62018;Mico/Sagui/Soinho;2025-11-01T15:40:02;DF;Brasília;Obtido pelo GPS ou informado explicitamente;3.7899999618530273;1;
66929;62014;Mico/Sagui/Soinho;2025-11-01T11:57:00;SP;Campinas;Obtido pelo GPS ou informado explicitamente;10.28;6;Normal
66928;62013;Mico/Sagui/Soinho;2025-11-01T12:30:57;RJ;Magé;Coordenadas obtidas a partir do endereço;;4;Normal
66911;61996;Macaco/Guariba/Bugio/Prego/Guigó;2025-10-31T12:33:18;SP;São Paulo;Obtido pelo GPS ou informado explicitamente;5.699999809265137;1;Normal
66905;61990;Mico/Sagui/Soinho;2025-10-24T15:00:00;SP;Santo Antônio do Pinhal;Coordenadas obtidas a partir do endereço;;1;Doente
66893;61977;Mico/Sagui/Soinho;2025-10-30T17:39:18;MG;São Francisco;Obtido pelo GPS ou informado explicitamente;1.399999976158142;1;
66892;61976;Macaco/Guariba/Bugio/Prego/Guigó;2025-10-30T10:21:33;GO;Aparecida de Goiânia;Obtido pelo GPS ou informado explicitamente;9.678000450134276;1;
66889;61973;Macaco/Guariba/Bugio/Prego/Guigó;2025-10-30T09:43:07;GO;Aparecida de Goiânia;Obtido pelo GPS ou informado explicitamente;17.895999908447266;1;
66884;61968;Macaco/Guariba/Bugio/Prego/Guigó;2025-10-30T08:29:47;GO;Aparecida de Goiânia;Obtido pelo GPS ou informado explicitamente;2.0;1;
66877;61961;Mico/Sagui/Soinho;2025-10-17T09:38:56;SP;Ribeirão Preto;Coordenadas obtidas a partir do endereço;;1;
66874;61958;Mico/Sagui/Soinho;2025-10-14T09:20:25;SP;Ribeirão Preto;Coordenadas obtidas a partir do endereço;;1;
66872;61956;Mico/Sagui/Soinho;2025-10-24T09:16:39;SP;Valinhos;Obtido pelo GPS ou informado explicitamente;2.0;1;
66871;61955;Mico/Sagui/Soinho;2025-10-20T10:12:33;SP;Valinhos;Obtido pelo GPS ou informado explicitamente;2.0;1;
66863;61947;Macaco/Guariba/Bugio/Prego/Guigó;2025-10-30T09:21:14;PR;São José dos Pinhais;Obtido pelo GPS ou informado explicitamente;6.98;1;
66861;61945;Mico/Sagui/Soinho;2025-10-30T07:56:22;MG;Guaxupé;Obtido pelo GPS ou informado explicitamente;40.0;1;
66854;61938;Macaco/Guariba/Bugio/Prego/Guigó;2025-10-17T15:04:00;SP;Ubarana;Coordenadas obtidas a partir do endereço;;1;Doente
66846;61930;Macaco/Guariba/Bugio/Prego/Guigó;2025-10-29T14:33:00;GO;Hidrolândia;Coordenadas obtidas a partir do endereço;;1;
66831;61915;Mico/Sagui/Soinho;2025-10-29T14:03:24;MG;Montes Claros;Obtido pelo GPS ou informado explicitamente;2.359999895095825;1;
66830;61914;Mico/Sagui/Soinho;2025-10-24T13:22:31;RN;Natal;Coordenadas obtidas a partir do endereço;;1;
66829;61913;Mico/Sagui/Soinho;2025-10-29T13:26:51;GO;Abadia de Goiás;Obtido pelo GPS ou informado explicitamente;55.73;1;
66829;61912;Mico/Sagui/Soinho;2025-10-29T13:26:51;GO;Abadia de Goiás;Obtido pelo GPS ou informado explicitamente;55.73;1;
66824;61907;Mico/Sagui/Soinho;2025-10-29T13:10:40;SP;Pirangi;Obtido pelo GPS ou informado explicitamente;1.5499999523162842;1;
66802;61885;Mico/Sagui/Soinho;2025-10-29T10:53:52;MG;Capitão Enéas;Obtido pelo GPS ou informado explicitamente;2.4119999408721924;2;Normal
66788;61871;Mico/Sagui/Soinho;2025-10-27T11:00:00;RN;Mossoró;Coordenadas obtidas a partir do endereço;;1;
66765;61848;Mico/Sagui/Soinho;2025-10-27T11:06:00;MG;Várzea da Palma;Obtido pelo GPS ou informado explicitamente;7.125;1;
66764;61847;Mico/Sagui/Soinho;2025-10-28T09:47:20;MG;Montes Claros;Obtido pelo GPS ou informado explicitamente;1.600000023841858;1;
66762;61845;Macaco/Guariba/Bugio/Prego/Guigó;2025-10-28T09:00:55;GO;Aparecida de Goiânia;Coordenadas obtidas a partir do endereço;;1;
66756;61839;Mico/Sagui/Soinho;2025-10-28T09:32:00;TO;Palmas;Obtido pelo GPS ou informado explicitamente;20.04;1;
66755;61838;Mico/Sagui/Soinho;2025-10-28T09:33:04;MG;São Francisco;Obtido pelo GPS ou informado explicitamente;1.4329999685287476;1;
66753;61836;Mico/Sagui/Soinho;2025-10-28T09:22:16;MG;São Francisco;Obtido pelo GPS ou informado explicitamente;1.5;1;
66752;61835;Mico/Sagui/Soinho;2025-10-28T09:08:23;MG;São Francisco;Obtido pelo GPS ou informado explicitamente;3.2160000801086426;1;
66751;61834;Mico/Sagui/Soinho;2025-10-28T08:53:22;MG;São Francisco;Obtido pelo GPS ou informado explicitamente;3.2160000801086426;1;
66750;61833;Mico/Sagui/Soinho;2025-10-28T08:38:36;MG;São Francisco;Obtido pelo GPS ou informado explicitamente;3.2160000801086426;1;
66749;61832;Mico/Sagui/Soinho;2025-10-15T13:10:25;GO;Trindade;Obtido pelo GPS ou informado explicitamente;38.0;1;
66747;61830;Macaco/Guariba/Bugio/Prego/Guigó;2025-10-24T14:54:35;GO;Inhumas;Coordenadas obtidas a partir do endereço;;9;
66724;61807;Mico/Sagui/Soinho;2025-10-02T13:27:00;MG;Coronel Murta;Obtido pelo GPS ou informado explicitamente;0.0;1;
66718;61801;Mico/Sagui/Soinho;2025-10-24T13:25:28;SC;Florianópolis;Coordenadas obtidas a partir do endereço;;1;
66711;61794;Mico/Sagui/Soinho;2025-10-27T10:52:34;MG;Betim;Obtido pelo GPS ou informado explicitamente;2.5;1;
66708;61791;Mico/Sagui/Soinho;2025-10-24T15:00:00;SP;Santo Antônio do Pinhal;Obtido pelo GPS ou informado explicitamente;20.0;1;Doente
66672;61755;Mico/Sagui/Soinho;2025-10-26T13:58:00;MG;Montes Claros;Obtido pelo GPS ou informado explicitamente;3.049999952316284;3;Normal
66665;61748;Macaco/Guariba/Bugio/Prego/Guigó;2025-10-25T10:46:00;GO;Bela Vista de Goiás;Obtido pelo GPS ou informado explicitamente;1.715999960899353;2;
66657;61740;Mico/Sagui/Soinho;2025-10-26T07:50:31;SP;Campinas;Obtido pelo GPS ou informado explicitamente;3.0;5;Normal
66648;61731;Macaco/Guariba/Bugio/Prego/Guigó;2025-10-25T16:11:00;SC;Schroeder;Obtido pelo GPS ou informado explicitamente;3.7899999618530273;1;
66642;61725;Mico/Sagui/Soinho;2025-10-25T07:30:00;MG;Leopoldina;Obtido pelo GPS ou informado explicitamente;3.7899999618530273;1;Normal
66640;61723;Mico/Sagui/Soinho;2025-10-25T08:08:00;MG;Cataguases;Obtido pelo GPS ou informado explicitamente;3.7899999618530273;1;Normal
66619;61702;Macaco/Guariba/Bugio/Prego/Guigó;2025-10-23T09:10:00;GO;Caldas Novas;Obtido pelo GPS ou informado explicitamente;100.0;1;
66618;61701;Macaco/Guariba/Bugio/Prego/Guigó;2025-10-24T13:56:00;GO;Abadia de Goiás;Coordenadas obtidas a partir do endereço;0.0;1;
66606;61689;Mico/Sagui/Soinho;2025-10-24T12:15:00;MG;Belo Horizonte;Coordenadas obtidas a partir do endereço;;1;
66603;61686;Mico/Sagui/Soinho;2025-10-24T12:07:00;MG;Guaxupé;Obtido pelo GPS ou informado explicitamente;3.7899999618530273;10;Normal
66566;61649;Mico/Sagui/Soinho;2025-10-24T09:04:53;MG;Sete Lagoas;Obtido pelo GPS ou informado explicitamente;3.7899999618530273;1;
66551;61634;Mico/Sagui/Soinho;2025-10-22T16:00:53;SP;Mogi das Cruzes;Obtido pelo GPS ou informado explicitamente;;1;
66550;61633;Mico/Sagui/Soinho;2025-10-22T15:24:20;SP;Ribeirão Preto;Coordenadas obtidas a partir do endereço;;1;
66548;61631;Mico/Sagui/Soinho;2025-10-23T15:13:00;SP;Ribeirão Preto;Coordenadas obtidas a partir do endereço;;1;
66547;61630;Mico/Sagui/Soinho;2025-10-23T15:13:00;SP;Ribeirão Preto;Coordenadas obtidas a partir do endereço;;1;
66544;61627;Mico/Sagui/Soinho;2025-10-23T14:10:00;SP;Ribeirão Preto;Coordenadas obtidas a partir do endereço;;1;
66536;61619;Macaco/Guariba/Bugio/Prego/Guigó;2025-10-09T10:30:00;SP;Iacanga;Obtido pelo GPS ou informado explicitamente;;1;
66532;61615;Mico/Sagui/Soinho;2025-10-23T11:02:26;RN;Natal;Obtido pelo GPS ou informado explicitamente;10.48;1;
66531;61614;Mico/Sagui/Soinho;2025-10-22T08:59:39;SP;São Paulo;Coordenadas obtidas a partir do endereço;;1;
66526;61609;Macaco/Guariba/Bugio/Prego/Guigó;2025-10-17T09:47:00;GO;Guapó;Obtido pelo GPS ou informado explicitamente;0.0;3;
66509;61592;Mico/Sagui/Soinho;2025-10-02T10:22:00;SP;Osasco;Obtido pelo GPS ou informado explicitamente;9.0649995803833;5;Normal
66505;61588;Mico/Sagui/Soinho;2025-10-22T16:08:00;MG;Leopoldina;Obtido pelo GPS ou informado explicitamente;3.0;2;Normal
66436;61519;Mico/Sagui/Soinho;2025-10-22T17:36:00;MG;São João do Pacuí;Obtido pelo GPS ou informado explicitamente;1.8799999952316284;1;
66431;61514;Macaco/Guariba/Bugio/Prego/Guigó;2025-10-22T13:20:00;GO;Hidrolândia;Coordenadas obtidas a partir do endereço;;1;
66428;61511;Macaco/Guariba/Bugio/Prego/Guigó;2025-10-22T14:27:00;SC;Mondaí;Obtido pelo GPS ou informado explicitamente;3.7899999618530273;1;
66419;61502;Mico/Sagui/Soinho;2025-10-22T12:53:00;GO;Jaraguá;Obtido pelo GPS ou informado explicitamente;24.65;1;
66416;61499;Mico/Sagui/Soinho;2025-10-22T12:45:01;GO;Jaraguá;Obtido pelo GPS ou informado explicitamente;24.65;1;
66411;61494;Mico/Sagui/Soinho;2025-10-17T09:51:00;SP;Campinas;Coordenadas obtidas a partir do endereço;;1;
66396;61479;Mico/Sagui/Soinho;2025-10-22T08:16:00;MG;Monte Belo;Coordenadas obtidas a partir do endereço;;1;
66373;61456;Mico/Sagui/Soinho;2025-10-21T17:51:56;MG;São Francisco;Obtido pelo GPS ou informado explicitamente;1.5080000162124634;1;
66372;61455;Mico/Sagui/Soinho;2025-10-21T17:48:11;MG;São Francisco;Coordenadas obtidas a partir do endereço;;1;
66371;61454;Mico/Sagui/Soinho;2025-10-21T17:45:30;MG;São Francisco;Obtido pelo GPS ou informado explicitamente;1.5160000324249268;1;
66368;61451;Mico/Sagui/Soinho;2025-10-21T16:17:04;MT;Cuiabá;Obtido pelo GPS ou informado explicitamente;34.73;1;
66367;61450;Mico/Sagui/Soinho;2025-10-21T16:12:57;MT;Cuiabá;Obtido pelo GPS ou informado explicitamente;35.7;1;
66366;61449;Macaco/Guariba/Bugio/Prego/Guigó;2025-07-24T15:59:15;SC;Curitibanos;Coordenadas obtidas a partir do endereço;;1;Estranho
66365;61448;Mico/Sagui/Soinho;2025-10-20T15:08:14;SP;Ribeirão Preto;Obtido pelo GPS ou informado explicitamente;;1;
66364;61447;Macaco/Guariba/Bugio/Prego/Guigó;2025-10-20T09:23:00;GO;Jaraguá;Obtido pelo GPS ou informado explicitamente;0.0;1;
66362;61445;Macaco/Guariba/Bugio/Prego/Guigó;2025-10-21T10:30:00;GO;Orizona;Coordenadas obtidas a partir do endereço;;1;
66360;61443;Mico/Sagui/Soinho;2025-09-17T02:26:00;SP;Guarulhos;Obtido pelo GPS ou informado explicitamente;0.0;1;
66358;61441;Macaco/Guariba/Bugio/Prego/Guigó;2025-10-21T12:15:00;GO;Goiânia;Obtido pelo GPS ou informado explicitamente;6.119999885559082;1;Estranho
66357;61440;Mico/Sagui/Soinho;2025-10-20T11:31:00;RJ;Rio de Janeiro;Obtido pelo GPS ou informado explicitamente;2.947999954223633;2;Normal
66350;61433;Mico/Sagui/Soinho;2025-06-16T15:26:00;SP;Guatapará;Obtido pelo GPS ou informado explicitamente;3.0;4;Normal
66343;61426;Macaco/Guariba/Bugio/Prego/Guigó;2025-10-21T09:23:46;GO;Jussara;Obtido pelo GPS ou informado explicitamente;4.46;1;
66342;61425;Macaco/Guariba/Bugio/Prego/Guigó;2025-10-21T09:33:04;GO;Jussara;Obtido pelo GPS ou informado explicitamente;52.21;1;
66327;61410;Mico/Sagui/Soinho;2025-10-20T15:01:31;MG;Guaxupé;Obtido pelo GPS ou informado explicitamente;42.17;2;
66326;61409;Mico/Sagui/Soinho;2025-10-20T15:03:56;MG;Guaxupé;Obtido pelo GPS ou informado explicitamente;41.96;1;
66325;61408;Macaco/Guariba/Bugio/Prego/Guigó;2025-10-20T10:57:00;MG;Pirajuba;Obtido pelo GPS ou informado explicitamente;1.2999999523162842;1;
66323;61406;Macaco/Guariba/Bugio/Prego/Guigó;2025-10-20T14:20:00;GO;Palmeiras de Goiás;Obtido pelo GPS ou informado explicitamente;5.333000183105469;1;
66320;61403;Macaco/Guariba/Bugio/Prego/Guigó;2025-10-20T13:56:00;GO;Santa Cruz de Goiás;Obtido pelo GPS ou informado explicitamente;337.1000061035156;1;
66319;61402;Macaco/Guariba/Bugio/Prego/Guigó;2025-10-20T07:00:38;RJ;Quissamã;Obtido pelo GPS ou informado explicitamente;;3;Normal
66302;61385;Mico/Sagui/Soinho;2025-10-16T10:24:37;SP;São José do Rio Preto;Obtido pelo GPS ou informado explicitamente;;1;
66298;61381;Mico/Sagui/Soinho;2025-10-17T07:37:00;MG;São João do Pacuí;Obtido pelo GPS ou informado explicitamente;0.0;1;
66297;61380;Mico/Sagui/Soinho;2025-10-17T08:53:00;MG;São João do Pacuí;Obtido pelo GPS ou informado explicitamente;1.8830000162124636;1;
66296;61379;Mico/Sagui/Soinho;2025-10-17T13:58:00;MG;São João do Pacuí;Obtido pelo GPS ou informado explicitamente;0.0;1;
66295;61378;Mico/Sagui/Soinho;2025-10-13T11:25:00;MG;São João do Pacuí;Obtido pelo GPS ou informado explicitamente;1.6799999475479126;1;
66274;61357;Mico/Sagui/Soinho;2025-10-18T10:35:00;GO;Montes Claros de Goiás;Coordenadas obtidas a partir do endereço;;1;
66266;61349;Macaco/Guariba/Bugio/Prego/Guigó;2025-10-10T15:23:00;RO;Itapuã do Oeste;Obtido pelo GPS ou informado explicitamente;0.0;1;Normal
66262;61345;Macaco/Guariba/Bugio/Prego/Guigó;2025-10-19T16:20:00;PA;Afuá;Obtido pelo GPS ou informado explicitamente;2.0999999046325684;3;
66261;61344;Macaco/Guariba/Bugio/Prego/Guigó;2025-10-19T16:31:43;PA;Afuá;Obtido pelo GPS ou informado explicitamente;2.200000047683716;3;
66260;61343;Macaco/Guariba/Bugio/Prego/Guigó;2025-10-19T16:07:05;PA;Afuá;Obtido pelo GPS ou informado explicitamente;2.0999999046325684;2;
66259;61342;Mico/Sagui/Soinho;2025-10-19T16:53:00;SP;Campinas;Obtido pelo GPS ou informado explicitamente;5.65;3;Normal
66232;61295;Macaco/Guariba/Bugio/Prego/Guigó;2025-10-14T11:45:00;SP;Caçapava;Coordenadas obtidas a partir do endereço;;1;
66230;61293;Mico/Sagui/Soinho;2025-10-18T12:41:00;SP;Campinas;Obtido pelo GPS ou informado explicitamente;4.33;3;Normal
66224;61287;Mico/Sagui/Soinho;2025-10-18T08:10:00;MG;Cataguases;Obtido pelo GPS ou informado explicitamente;3.7899999618530273;1;Normal
66196;61259;Mico/Sagui/Soinho;2025-10-17T12:26:12;SC;Florianópolis;Obtido pelo GPS ou informado explicitamente;;1;
66194;61257;Macaco/Guariba/Bugio/Prego/Guigó;2025-10-17T16:32:00;RS;Tapes;Obtido pelo GPS ou informado explicitamente;3.0;1;
66192;61255;Macaco/Guariba/Bugio/Prego/Guigó;2025-10-17T15:22:00;SP;Ribeirão Preto;Coordenadas obtidas a partir do endereço;;1;
66188;61251;Macaco/Guariba/Bugio/Prego/Guigó;2025-10-14T10:30:00;MG;Dionísio;Obtido pelo GPS ou informado explicitamente;0.0;30;Normal
66166;61229;Mico/Sagui/Soinho;2025-10-17T08:59:01;MG;São Francisco;Obtido pelo GPS ou informado explicitamente;3.2160000801086426;1;
66158;61221;Macaco/Guariba/Bugio/Prego/Guigó;2025-10-16T14:35:00;SP;Brotas;Coordenadas obtidas a partir do endereço;;23;Normal
66133;61196;Macaco/Guariba/Bugio/Prego/Guigó;2025-10-16T14:00:00;GO;Bela Vista de Goiás;Coordenadas obtidas a partir do endereço;;1;
66114;61177;Mico/Sagui/Soinho;2025-10-16T14:15:00;GO;Goiânia;Obtido pelo GPS ou informado explicitamente;0.0;1;
66106;61169;Mico/Sagui/Soinho;2025-10-16T11:44:01;MG;São Francisco;Obtido pelo GPS ou informado explicitamente;1.399999976158142;1;
66103;61166;Mico/Sagui/Soinho;2025-10-14T15:10:37;SC;Florianópolis;Obtido pelo GPS ou informado explicitamente;;1;
66094;61157;Mico/Sagui/Soinho;2025-10-16T08:54:10;MG;São Francisco;Obtido pelo GPS ou informado explicitamente;1.399999976158142;1;
66091;61154;Macaco/Guariba/Bugio/Prego/Guigó;2025-09-16T14:07:00;SP;Salto;Coordenadas obtidas a partir do endereço;;1;Normal
66076;61139;Mico/Sagui/Soinho;2025-10-14T16:06:00;SP;Severínia;Coordenadas obtidas a partir do endereço;;1;
66048;61111;Mico/Sagui/Soinho;2025-10-15T16:37:39;MG;São Francisco;Obtido pelo GPS ou informado explicitamente;3.2160000801086426;1;
66046;61109;Mico/Sagui/Soinho;2025-10-15T15:56:00;SP;Severínia;Coordenadas obtidas a partir do endereço;;1;
66045;61108;Mico/Sagui/Soinho;2025-10-15T15:04:51;MG;Montes Claros;Obtido pelo GPS ou informado explicitamente;1.2000000476837158;1;
66036;61099;Macaco/Guariba/Bugio/Prego/Guigó;2025-10-15T10:08:00;SP;Brotas;Obtido pelo GPS ou informado explicitamente;3.7899999618530273;1;Normal
66033;61096;Mico/Sagui/Soinho;2025-10-14T09:10:00;SP;Campinas;Coordenadas obtidas a partir do endereço;;1;
66032;61095;Mico/Sagui/Soinho;2025-10-14T09:08:00;SP;Campinas;Coordenadas obtidas a partir do endereço;;1;
66030;61093;Mico/Sagui/Soinho;2025-10-14T08:53:00;SP;Campinas;Coordenadas obtidas a partir do endereço;;1;
66027;61090;Mico/Sagui/Soinho;2025-10-15T08:42:00;RJ;Cabo Frio;Obtido pelo GPS ou informado explicitamente;3.7899999618530273;9;Normal
66026;61089;Mico/Sagui/Soinho;2025-10-15T07:20:00;SP;Sertãozinho;Obtido pelo GPS ou informado explicitamente;0.0;1;
65993;61056;Mico/Sagui/Soinho;2025-10-14T09:28:32;MG;Montes Claros;Obtido pelo GPS ou informado explicitamente;1.4160000085830688;1;
65984;61047;Mico/Sagui/Soinho;2025-10-14T09:09:00;MG;Leopoldina;Obtido pelo GPS ou informado explicitamente;3.7899999618530273;3;Normal
65979;61042;Mico/Sagui/Soinho;2025-10-14T15:15:00;MG;Betim;Obtido pelo GPS ou informado explicitamente;2.0;1;
65978;61041;Macaco/Guariba/Bugio/Prego/Guigó;2025-10-14T11:48:00;SP;Caçapava;Obtido pelo GPS ou informado explicitamente;0.0;1;
65977;61040;Mico/Sagui/Soinho;2025-10-14T15:15:14;MG;São Francisco;Obtido pelo GPS ou informado explicitamente;1.4830000400543213;1;
65973;61036;Mico/Sagui/Soinho;2025-10-14T14:13:52;RJ;Santo Antônio de Pádua;Obtido pelo GPS ou informado explicitamente;2.5999999046325684;1;
65946;61009;Mico/Sagui/Soinho;2025-10-12T10:33:18;RJ;Cantagalo;Obtido pelo GPS ou informado explicitamente;;3;Normal
65931;60994;Mico/Sagui/Soinho;2025-10-13T08:49:00;MG;Leopoldina;Obtido pelo GPS ou informado explicitamente;3.424000024795532;2;Normal
65930;60993;Macaco/Guariba/Bugio/Prego/Guigó;2025-10-13T16:35:00;GO;Cezarina;Coordenadas obtidas a partir do endereço;;1;
65927;60990;Mico/Sagui/Soinho;2025-10-11T16:36:43;SC;Florianópolis;Coordenadas obtidas a partir do endereço;;1;
65920;60983;Mico/Sagui/Soinho;2025-10-13T10:48:00;SP;São Carlos;Obtido pelo GPS ou informado explicitamente;45.99;1;
65917;60980;Mico/Sagui/Soinho;2025-10-13T10:30:00;MG;Monte Belo;Coordenadas obtidas a partir do endereço;;1;
65916;60979;Macaco/Guariba/Bugio/Prego/Guigó;2025-10-11T13:21:48;TO;Palmas;Obtido pelo GPS ou informado explicitamente;;1;
65909;60972;Macaco/Guariba/Bugio/Prego/Guigó;2025-10-10T13:55:00;PR;Curitiba;Obtido pelo GPS ou informado explicitamente;0.0;1;
65848;60911;Mico/Sagui/Soinho;2025-10-10T11:12:17;SP;Ribeirão Preto;Obtido pelo GPS ou informado explicitamente;;1;
65813;60876;Mico/Sagui/Soinho;2025-10-10T16:45:00;MG;Coromandel;Obtido pelo GPS ou informado explicitamente;0.0;1;
65810;60873;Mico/Sagui/Soinho;2025-10-10T16:40:00;SP;Jaguariúna;Obtido pelo GPS ou informado explicitamente;0.0;1;
65808;60871;Mico/Sagui/Soinho;2025-10-04T15:15:32;SP;Ribeirão Preto;Obtido pelo GPS ou informado explicitamente;;1;
65807;60870;Mico/Sagui/Soinho;2025-10-03T14:58:50;SP;Ribeirão Preto;Obtido pelo GPS ou informado explicitamente;;1;
65805;60868;Mico/Sagui/Soinho;2025-10-07T14:33:56;SP;Ribeirão Preto;Obtido pelo GPS ou informado explicitamente;;1;
65795;60858;Macaco/Guariba/Bugio/Prego/Guigó;2025-10-10T10:45:00;GO;Aparecida de Goiânia;Obtido pelo GPS ou informado explicitamente;9.5;1;
65786;60849;Macaco/Guariba/Bugio/Prego/Guigó;2025-10-09T10:07:56;GO;Hidrolândia;Coordenadas obtidas a partir do endereço;;1;
65778;60841;Mico/Sagui/Soinho;2025-09-29T08:58:00;SP;Caçapava;Coordenadas obtidas a partir do endereço;;1;Doente
65765;60828;Mico/Sagui/Soinho;2025-09-22T16:36:29;MG;Francisco Sá;Obtido pelo GPS ou informado explicitamente;0.0;1;
65764;60827;Mico/Sagui/Soinho;2025-10-09T18:00:00;SP;Jaguariúna;Obtido pelo GPS ou informado explicitamente;0.0;3;
65755;60818;Macaco/Guariba/Bugio/Prego/Guigó;2025-10-09T17:16:00;GO;Goiânia;Obtido pelo GPS ou informado explicitamente;0.0;1;
65754;60817;Mico/Sagui/Soinho;2025-10-09T17:09:18;MG;São Francisco;Obtido pelo GPS ou informado explicitamente;1.2000000476837158;1;
65751;60814;Mico/Sagui/Soinho;2025-10-09T16:32:00;MG;Taiobeiras;Obtido pelo GPS ou informado explicitamente;1.4199999570846558;2;Normal
65745;60808;Mico/Sagui/Soinho;2025-10-09T13:41:00;GO;Goiânia;Obtido pelo GPS ou informado explicitamente;0.0;1;
65738;60801;Mico/Sagui/Soinho;2025-10-09T12:11:10;MG;Uberaba;Obtido pelo GPS ou informado explicitamente;3.7899999618530273;1;
65734;60797;Mico/Sagui/Soinho;2025-10-09T10:00:00;SP;Jaguariúna;Obtido pelo GPS ou informado explicitamente;0.0;1;
65730;60793;Mico/Sagui/Soinho;2025-10-09T10:38:00;MG;Itapagipe;Coordenadas obtidas a partir do endereço;;1;
65729;60792;Mico/Sagui/Soinho;2025-10-09T09:40:00;MG;Capitão Enéas;Obtido pelo GPS ou informado explicitamente;1.2079999446868896;1;
65728;60791;Mico/Sagui/Soinho;2025-10-08T09:55:04;SP;Ribeirão Preto;Obtido pelo GPS ou informado explicitamente;;1;
65722;60785;Macaco/Guariba/Bugio/Prego/Guigó;2025-10-09T08:58:00;SP;Piracicaba;Obtido pelo GPS ou informado explicitamente;1.6950000524520874;5;Normal
65716;60779;Mico/Sagui/Soinho;2025-10-07T08:45:33;SP;Cravinhos;Coordenadas obtidas a partir do endereço;;1;
65698;60761;Mico/Sagui/Soinho;2025-10-09T07:51:11;GO;Acreúna;Obtido pelo GPS ou informado explicitamente;2.02;1;
65697;60760;Mico/Sagui/Soinho;2025-10-08T10:00:00;SP;Jaguariúna;Obtido pelo GPS ou informado explicitamente;0.0;1;
65696;60759;Mico/Sagui/Soinho;2025-10-07T18:20:00;MG;Patos de Minas;Coordenadas obtidas a partir do endereço;;1;
65691;60754;Macaco/Guariba/Bugio/Prego/Guigó;2025-10-08T16:39:28;GO;São Luís de Montes Belos;Obtido pelo GPS ou informado explicitamente;4.0;1;
65687;60750;Mico/Sagui/Soinho;2025-10-08T15:50:00;GO;Goiânia;Obtido pelo GPS ou informado explicitamente;0.0;1;
65686;60749;Mico/Sagui/Soinho;2025-10-08T15:43:00;GO;Goiânia;Obtido pelo GPS ou informado explicitamente;0.0;1;
65684;60747;Mico/Sagui/Soinho;2025-10-02T10:57:00;MG;Viçosa;Obtido pelo GPS ou informado explicitamente;0.0;1;Agressivo
65681;60744;Mico/Sagui/Soinho;2025-10-08T15:02:35;TO;Palmas;Obtido pelo GPS ou informado explicitamente;3.7899999618530273;1;
65670;60733;Mico/Sagui/Soinho;2025-10-08T13:55:21;GO;Abadia de Goiás;Obtido pelo GPS ou informado explicitamente;1.5;1;
65669;60732;Mico/Sagui/Soinho;2025-10-02T13:44:00;GO;Goiânia;Obtido pelo GPS ou informado explicitamente;0.0;1;
65662;60725;Macaco/Guariba/Bugio/Prego/Guigó;2025-10-08T10:36:00;GO;Aparecida de Goiânia;Obtido pelo GPS ou informado explicitamente;10.404000282287598;2;
65658;60721;Mico/Sagui/Soinho;2025-10-08T10:17:00;MG;Salinas;Obtido pelo GPS ou informado explicitamente;3.9660000801086426;1;Normal
65657;60720;Mico/Sagui/Soinho;2025-10-08T10:17:00;MG;Salinas;Obtido pelo GPS ou informado explicitamente;3.9660000801086426;1;Normal
65655;60718;Mico/Sagui/Soinho;2025-10-08T10:34:00;MG;Salinas;Obtido pelo GPS ou informado explicitamente;3.132999897003174;2;Normal
65647;60710;Mico/Sagui/Soinho;2025-10-08T10:05:00;MG;Salinas;Obtido pelo GPS ou informado explicitamente;2.900000095367432;1;
65644;60707;Macaco/Guariba/Bugio/Prego/Guigó;2025-10-08T09:30:00;GO;Firminópolis;Obtido pelo GPS ou informado explicitamente;1.600000023841858;1;
65643;60706;Macaco/Guariba/Bugio/Prego/Guigó;2025-10-08T09:30:00;GO;Firminópolis;Obtido pelo GPS ou informado explicitamente;1.600000023841858;1;
65632;60695;Mico/Sagui/Soinho;2025-10-08T04:22:00;MG;Curvelo;Obtido pelo GPS ou informado explicitamente;0.0;1;Normal
65615;60678;Macaco/Guariba/Bugio/Prego/Guigó;2025-10-07T14:16:42;GO;Jussara;Obtido pelo GPS ou informado explicitamente;0.0;1;
65590;60653;Mico/Sagui/Soinho;2025-10-07T08:00:00;GO;Uruana;Coordenadas obtidas a partir do endereço;0.0;1;
65589;60652;Macaco/Guariba/Bugio/Prego/Guigó;2025-10-07T10:31:00;GO;Goiânia;Obtido pelo GPS ou informado explicitamente;0.0;1;
65581;60644;Mico/Sagui/Soinho;2025-10-04T09:30:58;SP;São José do Rio Preto;Obtido pelo GPS ou informado explicitamente;;1;Doente
65580;60643;Mico/Sagui/Soinho;2025-10-04T09:52:00;SP;Campinas;Obtido pelo GPS ou informado explicitamente;0.0;1;
65570;60633;Macaco/Guariba/Bugio/Prego/Guigó;2025-09-25T10:35:00;SP;Luís Antônio;Obtido pelo GPS ou informado explicitamente;3.7899999618530273;6;Normal
65551;60614;Macaco/Guariba/Bugio/Prego/Guigó;2025-10-06T13:12:00;GO;Goiânia;Obtido pelo GPS ou informado explicitamente;0.0;1;
65543;60606;Mico/Sagui/Soinho;2025-10-02T15:35:53;SP;São José do Rio Preto;Obtido pelo GPS ou informado explicitamente;;1;Doente
65526;60589;Mico/Sagui/Soinho;2025-10-03T09:27:07;SP;Valinhos;Obtido pelo GPS ou informado explicitamente;2.0;1;
65524;60587;Macaco/Guariba/Bugio/Prego/Guigó;2025-10-06T13:22:14;GO;Abadia de Goiás;Obtido pelo GPS ou informado explicitamente;1.5329999923706057;1;
65522;60585;Mico/Sagui/Soinho;2025-09-30T10:13:00;MG;Riacho dos Machados;Obtido pelo GPS ou informado explicitamente;1.950000047683716;3;Normal
65521;60584;Mico/Sagui/Soinho;2025-10-06T10:59:00;MG;Riacho dos Machados;Obtido pelo GPS ou informado explicitamente;1.3999;3;Normal
65520;60583;Mico/Sagui/Soinho;2025-10-06T10:22:00;GO;Goiânia;Obtido pelo GPS ou informado explicitamente;0.0;1;
65512;60575;Mico/Sagui/Soinho;2025-10-05T11:05:00;PR;Curitiba;Obtido pelo GPS ou informado explicitamente;0.0;1;
65508;60571;Mico/Sagui/Soinho;2025-10-06T08:23:00;MG;São Francisco;Coordenadas obtidas a partir do endereço;;1;
65507;60570;Mico/Sagui/Soinho;2025-10-06T08:26:57;MG;São Francisco;Obtido pelo GPS ou informado explicitamente;1.5850000381469729;1;
65498;60561;Macaco/Guariba/Bugio/Prego/Guigó;2025-10-05T10:30:00;RS;Boa Vista do Incra;Obtido pelo GPS ou informado explicitamente;10.0;1;Normal
65478;60541;Mico/Sagui/Soinho;2025-10-05T09:46:29;SP;Campinas;Obtido pelo GPS ou informado explicitamente;3.7899999618530273;1;
65459;60522;Mico/Sagui/Soinho;2025-10-04T17:16:00;MG;Capitão Enéas;Obtido pelo GPS ou informado explicitamente;699.9990234375;1;
65452;60515;Mico/Sagui/Soinho;2025-10-03T08:41:00;MG;Nova Porteirinha;Obtido pelo GPS ou informado explicitamente;4.300000190734863;1;Normal
65451;60514;Mico/Sagui/Soinho;2025-10-04T11:24:48;SP;Campinas;Obtido pelo GPS ou informado explicitamente;2.4159998893737797;1;
65446;60509;Mico/Sagui/Soinho;2025-10-03T16:48:00;MG;Leopoldina;Obtido pelo GPS ou informado explicitamente;3.7899999618530273;3;Normal
65428;60491;Macaco/Guariba/Bugio/Prego/Guigó;2025-10-03T14:15:00;GO;Bela Vista de Goiás;Coordenadas obtidas a partir do endereço;;1;
65425;60488;Macaco/Guariba/Bugio/Prego/Guigó;2025-10-03T13:54:00;GO;São Luís de Montes Belos;Obtido pelo GPS ou informado explicitamente;9.333000183105469;1;
65422;60485;Mico/Sagui/Soinho;2025-10-03T13:39:00;MG;Cachoeira de Minas;Obtido pelo GPS ou informado explicitamente;3.75;1;Normal
65421;60484;Mico/Sagui/Soinho;2025-10-03T11:55:40;TO;Palmas;Obtido pelo GPS ou informado explicitamente;39.94;1;
65417;60480;Mico/Sagui/Soinho;2025-10-02T11:47:00;SP;Campinas;Obtido pelo GPS ou informado explicitamente;0.0;1;
65408;60471;Mico/Sagui/Soinho;2025-10-03T10:46:00;SP;Jaguariúna;Obtido pelo GPS ou informado explicitamente;5.665999889373779;1;
65400;60463;Macaco/Guariba/Bugio/Prego/Guigó;2025-10-02T15:20:00;GO;Santa Cruz de Goiás;Obtido pelo GPS ou informado explicitamente;2.3499999046325684;1;
65395;60458;Mico/Sagui/Soinho;2025-10-03T07:43:00;MG;Porteirinha;Obtido pelo GPS ou informado explicitamente;3.049999952316284;1;Normal
65394;60457;Mico/Sagui/Soinho;2025-10-03T07:41:00;MG;Porteirinha;Obtido pelo GPS ou informado explicitamente;2.400000095367432;1;Normal
65382;60445;Mico/Sagui/Soinho;2025-10-01T11:26:00;GO;Caldas Novas;Coordenadas obtidas a partir do endereço;;1;
65381;60444;Mico/Sagui/Soinho;2025-10-02T09:00:00;SP;Jaguariúna;Obtido pelo GPS ou informado explicitamente;0.0;1;
65378;60441;Macaco/Guariba/Bugio/Prego/Guigó;2025-10-02T14:25:00;SP;Itatiba;Obtido pelo GPS ou informado explicitamente;0.0;1;
65375;60438;Macaco/Guariba/Bugio/Prego/Guigó;2025-10-02T12:16:00;MG;Taiobeiras;Obtido pelo GPS ou informado explicitamente;1.7999999523162842;3;Normal
65373;60436;Mico/Sagui/Soinho;2025-10-02T07:39:30;MG;Taiobeiras;Obtido pelo GPS ou informado explicitamente;1.7999999523162842;2;Normal
65366;60429;Mico/Sagui/Soinho;2025-10-02T07:39:30;MG;Taiobeiras;Obtido pelo GPS ou informado explicitamente;1.7999999523162842;2;Normal
65364;60427;Mico/Sagui/Soinho;2025-10-02T07:39:30;MG;Taiobeiras;Obtido pelo GPS ou informado explicitamente;1.7999999523162842;2;Normal
65362;60425;Mico/Sagui/Soinho;2025-10-02T07:39:30;MG;Taiobeiras;Obtido pelo GPS ou informado explicitamente;1.7999999523162842;2;Normal
65343;60406;Macaco/Guariba/Bugio/Prego/Guigó;2025-10-02T09:40:00;GO;Goiânia;Obtido pelo GPS ou informado explicitamente;42.44200134277344;1;
65340;60403;Mico/Sagui/Soinho;2025-10-02T08:50:00;MG;Porteirinha;Obtido pelo GPS ou informado explicitamente;4.28000020980835;1;Normal
65338;60401;Mico/Sagui/Soinho;2025-10-02T08:29:00;MG;Ubaí;Obtido pelo GPS ou informado explicitamente;1.399999976158142;1;
65337;60400;Mico/Sagui/Soinho;2025-10-02T08:18:26;MG;Varginha;Obtido pelo GPS ou informado explicitamente;1.0;1;
65334;60397;Mico/Sagui/Soinho;2025-10-02T06:31:00;MG;Porteirinha;Obtido pelo GPS ou informado explicitamente;4.0;2;Normal
65320;60383;Macaco/Guariba/Bugio/Prego/Guigó;2025-09-29T15:02:00;GO;São Luís de Montes Belos;Obtido pelo GPS ou informado explicitamente;0.0;1;
65310;60373;Mico/Sagui/Soinho;2025-10-01T09:31:48;MG;Montes Claros;Obtido pelo GPS ou informado explicitamente;10.572999954223633;1;
65308;60371;Macaco/Guariba/Bugio/Prego/Guigó;2025-10-01T11:22:00;GO;Goiânia;Obtido pelo GPS ou informado explicitamente;0.0;1;
65307;60370;Macaco/Guariba/Bugio/Prego/Guigó;2025-09-30T15:11:00;GO;Goiânia;Obtido pelo GPS ou informado explicitamente;0.0;1;
65291;60354;Mico/Sagui/Soinho;2025-10-01T08:18:21;MG;São Francisco;Obtido pelo GPS ou informado explicitamente;3.2160000801086426;1;
65282;60345;Mico/Sagui/Soinho;2025-09-30T17:10:00;RJ;Petrópolis;Obtido pelo GPS ou informado explicitamente;3.0;1;
65278;60341;Mico/Sagui/Soinho;2025-09-30T10:55:57;MG;Contagem;Obtido pelo GPS ou informado explicitamente;;1;
65271;60333;Mico/Sagui/Soinho;2025-09-29T08:00:00;SP;São João da Boa Vista;Obtido pelo GPS ou informado explicitamente;0.0;1;
65269;60331;Mico/Sagui/Soinho;2025-09-27T14:46:00;SP;Ribeirão Preto;Coordenadas obtidas a partir do endereço;;1;
65261;60323;Mico/Sagui/Soinho;2025-09-30T11:24:00;MG;Patos de Minas;Obtido pelo GPS ou informado explicitamente;0.0;1;
65255;60317;Mico/Sagui/Soinho;2025-09-28T12:00:00;RN;Natal;Coordenadas obtidas a partir do endereço;;1;Doente
65254;60316;Mico/Sagui/Soinho;2025-09-30T11:16:02;MG;São Francisco;Obtido pelo GPS ou informado explicitamente;1.4830000400543213;1;
65249;60311;Mico/Sagui/Soinho;2025-09-29T18:00:00;SP;Salesópolis;Obtido pelo GPS ou informado explicitamente;5.0;1;
65245;60307;Mico/Sagui/Soinho;2025-09-30T09:26:08;MG;Montes Claros;Obtido pelo GPS ou informado explicitamente;2.7330000400543213;2;
65244;60306;Mico/Sagui/Soinho;2025-09-30T09:11:27;MG;Montes Claros;Obtido pelo GPS ou informado explicitamente;1.3799999952316284;2;
65239;60301;Mico/Sagui/Soinho;2025-09-25T08:57:07;SP;São José do Rio Preto;Obtido pelo GPS ou informado explicitamente;;1;
65238;60300;Mico/Sagui/Soinho;2025-09-30T08:00:00;SP;Sertãozinho;Obtido pelo GPS ou informado explicitamente;0.0;1;
65199;60261;Mico/Sagui/Soinho;2025-09-24T15:48:00;SP;Campinas;Coordenadas obtidas a partir do endereço;;1;
65198;60260;Mico/Sagui/Soinho;2025-09-29T15:27:00;SP;Salesópolis;Obtido pelo GPS ou informado explicitamente;0.0;1;
65193;60255;Mico/Sagui/Soinho;2025-09-24T07:11:03;RJ;Rio de Janeiro;Obtido pelo GPS ou informado explicitamente;;2;Normal
65192;60254;Mico/Sagui/Soinho;2025-09-28T15:39:26;RJ;Rio de Janeiro;Obtido pelo GPS ou informado explicitamente;;6;Normal
65162;60224;Macaco/Guariba/Bugio/Prego/Guigó;2025-09-29T10:16:02;GO;Abadia de Goiás;Obtido pelo GPS ou informado explicitamente;1.7999999523162842;1;
65158;60220;Mico/Sagui/Soinho;2025-09-27T12:14:00;MG;Patos de Minas;Obtido pelo GPS ou informado explicitamente;0.0;1;
65144;60206;Mico/Sagui/Soinho;2025-09-28T09:50:00;MG;Leopoldina;Obtido pelo GPS ou informado explicitamente;3.0;1;Normal
65119;60181;Macaco/Guariba/Bugio/Prego/Guigó;2025-09-29T08:59:00;GO;Aparecida de Goiânia;Obtido pelo GPS ou informado explicitamente;2.8329999446868896;1;
65113;60175;Mico/Sagui/Soinho;2025-09-27T09:12:00;SP;Campinas;Obtido pelo GPS ou informado explicitamente;4.75;3;Normal
65108;60170;Mico/Sagui/Soinho;2025-09-27T10:06:00;MG;Leopoldina;Coordenadas obtidas a partir do endereço;;1;
65076;60138;Mico/Sagui/Soinho;2025-09-25T16:23:09;SP;Ribeirão Preto;Obtido pelo GPS ou informado explicitamente;;1;
65074;60136;Mico/Sagui/Soinho;2025-09-22T13:19:14;GO;Goiás;Coordenadas obtidas a partir do endereço;;1;
65070;60132;Mico/Sagui/Soinho;2025-09-25T10:00:00;MG;Virgem da Lapa;Coordenadas obtidas a partir do endereço;;6;
65046;60108;Mico/Sagui/Soinho;2025-09-25T09:32:00;MG;Montes Claros;Obtido pelo GPS ou informado explicitamente;7.25;3;
65041;60103;Mico/Sagui/Soinho;2025-09-24T14:27:35;SP;Sertãozinho;Obtido pelo GPS ou informado explicitamente;;1;
65036;60098;Mico/Sagui/Soinho;2025-09-26T09:42:02;MG;Montes Claros;Obtido pelo GPS ou informado explicitamente;1.2999999523162842;1;
65033;60095;Mico/Sagui/Soinho;2025-09-26T10:24:00;MG;Santa Vitória;Obtido pelo GPS ou informado explicitamente;3.1480000019073486;1;Normal
65032;60094;Mico/Sagui/Soinho;2025-09-26T10:24:00;MG;Santa Vitória;Obtido pelo GPS ou informado explicitamente;3.1480000019073486;1;Normal
65024;60086;Macaco/Guariba/Bugio/Prego/Guigó;2025-09-26T09:13:47;GO;Firminópolis;Obtido pelo GPS ou informado explicitamente;1.7330000400543213;1;
65023;60085;Macaco/Guariba/Bugio/Prego/Guigó;2025-09-26T09:02:01;GO;Firminópolis;Obtido pelo GPS ou informado explicitamente;1.7710000276565552;1;
65014;60076;Mico/Sagui/Soinho;2025-09-25T17:34:00;MG;Leopoldina;Obtido pelo GPS ou informado explicitamente;3.7899999618530273;2;Normal
65004;60066;Macaco/Guariba/Bugio/Prego/Guigó;2025-09-25T15:49:00;GO;Goiânia;Obtido pelo GPS ou informado explicitamente;0.0;1;
65001;60063;Macaco/Guariba/Bugio/Prego/Guigó;2025-09-25T15:15:00;MG;São José do Goiabal;Obtido pelo GPS ou informado explicitamente;3.378999948501587;1;
64995;60057;Mico/Sagui/Soinho;2025-09-18T08:35:00;MG;Janaúba;Obtido pelo GPS ou informado explicitamente;4.400000095367432;1;Normal
64993;60055;Mico/Sagui/Soinho;2025-09-18T08:35:00;MG;Janaúba;Obtido pelo GPS ou informado explicitamente;4.400000095367432;1;Normal
64992;60054;Macaco/Guariba/Bugio/Prego/Guigó;2025-09-18T17:20:00;MG;Nova Porteirinha;Obtido pelo GPS ou informado explicitamente;7.900000095367432;1;Normal
64976;60038;Mico/Sagui/Soinho;2025-09-24T10:24:13;SC;Florianópolis;Obtido pelo GPS ou informado explicitamente;;1;
64970;60032;Macaco/Guariba/Bugio/Prego/Guigó;2025-09-24T15:40:00;GO;Goiânia;Obtido pelo GPS ou informado explicitamente;0.0;1;
64969;60031;Mico/Sagui/Soinho;2025-09-25T08:00:00;SP;Sertãozinho;Coordenadas obtidas a partir do endereço;;1;
64958;60020;Macaco/Guariba/Bugio/Prego/Guigó;2025-09-23T15:27:00;SP;São Simão;Obtido pelo GPS ou informado explicitamente;0.0;1;Não sabe
64955;60016;Mico/Sagui/Soinho;2025-09-24T14:33:00;MG;Montes Claros;Obtido pelo GPS ou informado explicitamente;1.5199999809265137;1;
64952;60013;Mico/Sagui/Soinho;2025-09-24T14:55:11;MG;Varginha;Obtido pelo GPS ou informado explicitamente;1.0;1;
64949;60010;Mico/Sagui/Soinho;2025-09-22T14:41:27;RN;Natal;Obtido pelo GPS ou informado explicitamente;;1;
64823;59883;Mico/Sagui/Soinho;2025-09-24T10:29:26;GO;Abadia de Goiás;Obtido pelo GPS ou informado explicitamente;1.6660000085830688;1;
64797;59856;Mico/Sagui/Soinho;2025-09-24T08:48:00;GO;Abadia de Goiás;Obtido pelo GPS ou informado explicitamente;0.0;1;
64763;59822;Macaco/Guariba/Bugio/Prego/Guigó;2025-09-23T16:33:00;PR;São José dos Pinhais;Obtido pelo GPS ou informado explicitamente;3.0;1;Normal
64762;59821;Macaco/Guariba/Bugio/Prego/Guigó;2025-09-23T13:10:00;GO;Professor Jamil;Coordenadas obtidas a partir do endereço;;2;
64752;59811;Mico/Sagui/Soinho;2025-09-23T13:48:00;MG;Itabirito;Obtido pelo GPS ou informado explicitamente;0.0;1;
64749;59808;Mico/Sagui/Soinho;2025-09-18T10:44:00;MG;Ipatinga;Obtido pelo GPS ou informado explicitamente;0.0;2;
64741;59800;Mico/Sagui/Soinho;2025-09-23T08:45:00;MG;Barbacena;Coordenadas obtidas a partir do endereço;;1;
64739;59798;Macaco/Guariba/Bugio/Prego/Guigó;2025-09-23T10:44:00;TO;Aguiarnópolis;Obtido pelo GPS ou informado explicitamente;1.600000023841858;1;
64737;59796;Mico/Sagui/Soinho;2025-09-19T04:15:00;MG;Urucuia;Obtido pelo GPS ou informado explicitamente;1.7000000476837158;1;
64726;59785;Mico/Sagui/Soinho;2025-09-20T11:15:00;SP;Sertãozinho;Obtido pelo GPS ou informado explicitamente;0.0;1;
64720;59779;Mico/Sagui/Soinho;2025-09-13T09:02:00;MG;Montes Claros;Obtido pelo GPS ou informado explicitamente;2.539999961853028;1;Normal
64719;59778;Mico/Sagui/Soinho;2025-09-13T09:02:00;MG;Montes Claros;Obtido pelo GPS ou informado explicitamente;2.539999961853028;1;Normal
64714;59773;Mico/Sagui/Soinho;2025-09-18T10:25:00;SP;Campinas;Coordenadas obtidas a partir do endereço;;1;
64713;59772;Mico/Sagui/Soinho;2025-09-17T10:50:00;SP;Campinas;Coordenadas obtidas a partir do endereço;;1;
64706;59765;Mico/Sagui/Soinho;2025-09-17T15:57:27;SP;Ribeirão Preto;Obtido pelo GPS ou informado explicitamente;;1;
64704;59763;Mico/Sagui/Soinho;2025-09-17T15:51:10;SP;Sertãozinho;Obtido pelo GPS ou informado explicitamente;;1;
64703;59762;Macaco/Guariba/Bugio/Prego/Guigó;2025-09-19T15:27:41;SP;Monte Alto;Obtido pelo GPS ou informado explicitamente;;1;
64702;59761;Macaco/Guariba/Bugio/Prego/Guigó;2025-09-22T14:15:00;GO;Goiânia;Obtido pelo GPS ou informado explicitamente;0.0;1;
64696;59755;Mico/Sagui/Soinho;2025-09-22T13:26:34;MG;Montes Claros;Obtido pelo GPS ou informado explicitamente;1.5;1;Normal
64691;59750;Mico/Sagui/Soinho;2025-09-21T07:20:00;MG;Leopoldina;Obtido pelo GPS ou informado explicitamente;3.7899999618530273;3;Normal
64632;59690;Macaco/Guariba/Bugio/Prego/Guigó;2025-09-20T17:15:30;RJ;Quissamã;Obtido pelo GPS ou informado explicitamente;;2;Normal
64631;59689;Macaco/Guariba/Bugio/Prego/Guigó;2025-09-20T16:00:01;RJ;Quissamã;Obtido pelo GPS ou informado explicitamente;;3;Normal
64629;59687;Macaco/Guariba/Bugio/Prego/Guigó;2025-09-22T09:33:00;PI;Altos;Obtido pelo GPS ou informado explicitamente;2.115999937057495;1;Normal
64620;59678;Macaco/Guariba/Bugio/Prego/Guigó;2025-09-22T08:21:00;PI;Coronel José Dias;Obtido pelo GPS ou informado explicitamente;5.664000034332275;1;
64619;59677;Mico/Sagui/Soinho;2025-09-22T09:05:29;MG;Matozinhos;Coordenadas obtidas a partir do endereço;;1;
64609;59667;Macaco/Guariba/Bugio/Prego/Guigó;2025-09-20T08:00:52;SP;Ribeirão Preto;Obtido pelo GPS ou informado explicitamente;;1;Normal
64607;59665;Mico/Sagui/Soinho;2025-09-20T07:30:15;SP;Ribeirão Preto;Coordenadas obtidas a partir do endereço;;1;
64601;59659;Mico/Sagui/Soinho;2025-09-21T09:48:06;GO;Trindade;Obtido pelo GPS ou informado explicitamente;4.080999851226807;1;Doente
64592;59650;Macaco/Guariba/Bugio/Prego/Guigó;2025-09-20T10:10:00;SP;Luís Antônio;Obtido pelo GPS ou informado explicitamente;3.7899999618530273;1;
64579;59637;Mico/Sagui/Soinho;2025-09-20T09:35:00;MG;Viçosa;Obtido pelo GPS ou informado explicitamente;3.151000022888184;2;Normal
64575;59633;Mico/Sagui/Soinho;2025-09-20T09:09:48;DF;Brasília;Obtido pelo GPS ou informado explicitamente;4.22;6;Normal
64527;59585;Mico/Sagui/Soinho;2025-09-19T17:33:24;MG;Montes Claros;Obtido pelo GPS ou informado explicitamente;1.399999976158142;2;
64526;59584;Macaco/Guariba/Bugio/Prego/Guigó;2025-09-16T14:49:00;GO;Goiânia;Obtido pelo GPS ou informado explicitamente;0.0;1;
64524;59582;Mico/Sagui/Soinho;2025-09-17T10:43:34;SC;Florianópolis;Obtido pelo GPS ou informado explicitamente;;1;
64523;59581;Mico/Sagui/Soinho;2025-09-19T15:45:00;GO;Goiânia;Obtido pelo GPS ou informado explicitamente;0.0;1;
64514;59572;Mico/Sagui/Soinho;2025-09-19T11:00:00;SP;Santa Rosa de Viterbo;Coordenadas obtidas a partir do endereço;;1;
64510;59568;Mico/Sagui/Soinho;2025-09-19T10:59:04;MG;Jequitaí;Obtido pelo GPS ou informado explicitamente;3.7899999618530273;1;
64503;59561;Macaco/Guariba/Bugio/Prego/Guigó;2025-09-19T09:11:00;GO;Goiânia;Obtido pelo GPS ou informado explicitamente;3.299999952316284;1;
64502;59560;Macaco/Guariba/Bugio/Prego/Guigó;2025-09-19T09:30:20;GO;Goiânia;Obtido pelo GPS ou informado explicitamente;6.177000045776367;1;
64429;59487;Mico/Sagui/Soinho;2025-09-17T13:40:00;MG;Janaúba;Obtido pelo GPS ou informado explicitamente;0.0;1;Normal
64412;59470;Mico/Sagui/Soinho;2025-09-18T16:36:00;MG;Nova Lima;Coordenadas obtidas a partir do endereço;;1;
64409;59467;Macaco/Guariba/Bugio/Prego/Guigó;2025-09-17T15:43:00;GO;Goiânia;Obtido pelo GPS ou informado explicitamente;0.0;1;
64408;59466;Macaco/Guariba/Bugio/Prego/Guigó;2025-09-18T11:28:00;GO;Goiânia;Obtido pelo GPS ou informado explicitamente;0.0;1;
64405;59463;Mico/Sagui/Soinho;2025-09-18T14:43:20;MG;Montes Claros;Obtido pelo GPS ou informado explicitamente;1.399999976158142;2;
64403;59461;Mico/Sagui/Soinho;2025-09-17T10:23:00;MG;Montes Claros;Obtido pelo GPS ou informado explicitamente;0.0;1;Estranho
64401;59459;Mico/Sagui/Soinho;2025-09-18T12:08:00;BA;Porto Seguro;Obtido pelo GPS ou informado explicitamente;6.0;1;Normal
64400;59458;Macaco/Guariba/Bugio/Prego/Guigó;2025-09-18T11:29:57;SC;Chapadão do Lageado;Obtido pelo GPS ou informado explicitamente;3.997999906539917;1;
64399;59457;Macaco/Guariba/Bugio/Prego/Guigó;2025-09-18T10:10:50;GO;Firminópolis;Obtido pelo GPS ou informado explicitamente;3.532999992370605;1;
64398;59456;Macaco/Guariba/Bugio/Prego/Guigó;2025-09-18T09:40:10;GO;Firminópolis;Obtido pelo GPS ou informado explicitamente;3.7899999618530273;1;
64397;59455;Macaco/Guariba/Bugio/Prego/Guigó;2025-09-18T09:31:06;GO;Firminópolis;Obtido pelo GPS ou informado explicitamente;3.7899999618530273;1;
64396;59454;Macaco/Guariba/Bugio/Prego/Guigó;2025-09-18T10:25:57;GO;Firminópolis;Obtido pelo GPS ou informado explicitamente;3.7899;1;
64395;59453;Macaco/Guariba/Bugio/Prego/Guigó;2025-09-18T09:49:14;GO;Palmeiras de Goiás;Obtido pelo GPS ou informado explicitamente;8.0;1;
64394;59452;Mico/Sagui/Soinho;2025-09-18T09:59:48;MG;Barbacena;Obtido pelo GPS ou informado explicitamente;1.5;1;Normal
64393;59451;Mico/Sagui/Soinho;2025-09-18T09:26:00;MG;Cruzília;Obtido pelo GPS ou informado explicitamente;2.5;1;
64392;59450;Mico/Sagui/Soinho;2025-09-18T09:26:00;MG;Cruzília;Obtido pelo GPS ou informado explicitamente;2.5;1;
64388;59446;Mico/Sagui/Soinho;2025-09-17T14:10:00;SE;Lagarto;Obtido pelo GPS ou informado explicitamente;3.7899999618530273;1;
64380;59438;Mico/Sagui/Soinho;2025-09-17T14:30:00;SP;Caconde;Coordenadas obtidas a partir do endereço;;1;
64378;59436;Mico/Sagui/Soinho;2025-09-17T02:15:00;SE;Lagarto;Obtido pelo GPS ou informado explicitamente;0.0;1;
64355;59413;Macaco/Guariba/Bugio/Prego/Guigó;2025-09-16T13:40:00;GO;Goiânia;Obtido pelo GPS ou informado explicitamente;0.0;1;
64353;59411;Macaco/Guariba/Bugio/Prego/Guigó;2025-09-17T15:06:02;GO;Firminópolis;Obtido pelo GPS ou informado explicitamente;3.7899999618530273;1;
64349;59407;Mico/Sagui/Soinho;2025-09-16T14:05:07;MG;Montes Claros;Obtido pelo GPS ou informado explicitamente;2.0160000324249268;1;
64345;59403;Mico/Sagui/Soinho;2025-09-08T09:52:00;MG;Serranópolis de Minas;Obtido pelo GPS ou informado explicitamente;1.899999976158142;1;Normal
64343;59401;Macaco/Guariba/Bugio/Prego/Guigó;2025-09-17T13:33:01;PI;São João da Fronteira;Obtido pelo GPS ou informado explicitamente;1.3459999561309814;1;Doente
64339;59397;Macaco/Guariba/Bugio/Prego/Guigó;2025-09-17T09:18:36;GO;Firminópolis;Obtido pelo GPS ou informado explicitamente;3.7899999618530273;1;
64338;59396;Macaco/Guariba/Bugio/Prego/Guigó;2025-09-17T09:03:45;GO;Firminópolis;Obtido pelo GPS ou informado explicitamente;3.0;1;
64337;59395;Macaco/Guariba/Bugio/Prego/Guigó;2025-09-17T09:34:16;GO;Firminópolis;Obtido pelo GPS ou informado explicitamente;3.7899999618530273;1;
64335;59393;Mico/Sagui/Soinho;2025-09-17T11:59:00;BA;Amélia Rodrigues;Coordenadas obtidas a partir do endereço;;1;
64325;59383;Mico/Sagui/Soinho;2025-09-15T09:38:00;MG;São João do Pacuí;Obtido pelo GPS ou informado explicitamente;2.0;1;
64324;59382;Mico/Sagui/Soinho;2025-09-15T09:38:00;MG;São João do Pacuí;Obtido pelo GPS ou informado explicitamente;1.940000057220459;1;
64321;59379;Mico/Sagui/Soinho;2025-09-16T14:15:00;PR;Cascavel;Obtido pelo GPS ou informado explicitamente;0.0;1;
64315;59373;Macaco/Guariba/Bugio/Prego/Guigó;2025-09-16T14:30:00;SC;Barra Bonita;Obtido pelo GPS ou informado explicitamente;3.6229;1;
64313;59371;Macaco/Guariba/Bugio/Prego/Guigó;2025-09-16T15:56:00;GO;Goiânia;Obtido pelo GPS ou informado explicitamente;0.0;3;
64311;59369;Macaco/Guariba/Bugio/Prego/Guigó;2025-09-16T14:43:02;GO;Goiânia;Obtido pelo GPS ou informado explicitamente;3.0;3;
64310;59368;Mico/Sagui/Soinho;2025-09-16T14:17:00;MG;Prudente de Morais;Obtido pelo GPS ou informado explicitamente;1.2000000476837158;1;
64307;59365;Mico/Sagui/Soinho;2025-09-05T15:33:57;MG;Belo Oriente;Obtido pelo GPS ou informado explicitamente;;1;
64306;59364;Mico/Sagui/Soinho;2025-09-13T10:03:56;SC;Florianópolis;Coordenadas obtidas a partir do endereço;;1;
64300;59358;Mico/Sagui/Soinho;2025-09-16T10:26:54;MG;Coronel Fabriciano;Obtido pelo GPS ou informado explicitamente;1.932999968528748;1;
64298;59356;Mico/Sagui/Soinho;2025-09-16T08:51:00;GO;Aparecida de Goiânia;Obtido pelo GPS ou informado explicitamente;2.0999999046325684;1;
64292;59350;Macaco/Guariba/Bugio/Prego/Guigó;2025-09-16T08:35:00;GO;Aragoiânia;Obtido pelo GPS ou informado explicitamente;3.790092468261719;1;
64288;59346;Mico/Sagui/Soinho;2025-09-12T07:52:04;SP;Sertãozinho;Coordenadas obtidas a partir do endereço;;1;
64284;59342;Macaco/Guariba/Bugio/Prego/Guigó;2025-09-14T16:40:00;GO;Goiânia;Obtido pelo GPS ou informado explicitamente;0.0;1;
64250;59308;Mico/Sagui/Soinho;2025-09-15T16:11:00;RN;Tibau do Sul;Coordenadas obtidas a partir do endereço;;1;Estranho
64241;59299;Macaco/Guariba/Bugio/Prego/Guigó;2025-09-15T17:26:00;GO;Goiânia;Obtido pelo GPS ou informado explicitamente;0.0;1;
64240;59298;Macaco/Guariba/Bugio/Prego/Guigó;2025-09-15T17:41:00;GO;Goiânia;Obtido pelo GPS ou informado explicitamente;0.0;1;
64239;59297;Macaco/Guariba/Bugio/Prego/Guigó;2025-09-15T16:12:00;GO;Aragoiânia;Coordenadas obtidas a partir do endereço;;2;
64238;59296;Macaco/Guariba/Bugio/Prego/Guigó;2025-09-11T12:08:26;SP;Monte Alto;Obtido pelo GPS ou informado explicitamente;;1;
64236;59294;Mico/Sagui/Soinho;2025-09-15T14:51:00;MG;Arinos;Obtido pelo GPS ou informado explicitamente;1.399999976158142;1;
64230;59288;Mico/Sagui/Soinho;2025-09-11T13:40:00;GO;Goiânia;Obtido pelo GPS ou informado explicitamente;1.600000023841858;6;Normal
64228;59286;Mico/Sagui/Soinho;2025-09-15T11:30:00;GO;Goiânia;Coordenadas obtidas a partir do endereço;;7;Normal
64204;59262;Macaco/Guariba/Bugio/Prego/Guigó;2025-09-14T15:47:39;RJ;Quissamã;Coordenadas obtidas a partir do endereço;;5;Normal
64200;59258;Mico/Sagui/Soinho;2025-09-15T08:00:00;MG;Buenópolis;Obtido pelo GPS ou informado explicitamente;3.2160000801086426;1;
64162;59220;Mico/Sagui/Soinho;2025-09-14T15:11:00;SC;Florianópolis;Obtido pelo GPS ou informado explicitamente;1.2999999523162842;4;Normal
64138;59196;Mico/Sagui/Soinho;2025-09-13T14:13:00;RJ;Rio de Janeiro;Obtido pelo GPS ou informado explicitamente;0.0;9;Normal
64126;59184;Macaco/Guariba/Bugio/Prego/Guigó;2025-09-13T06:43:51;;;Obtido pelo GPS ou informado explicitamente;81.32;6;Normal
64107;59165;Mico/Sagui/Soinho;2025-09-13T11:17:00;SP;Jundiaí;Obtido pelo GPS ou informado explicitamente;7.165999889373779;1;
64102;59160;Mico/Sagui/Soinho;2025-09-13T08:45:00;SP;Serra Negra;Obtido pelo GPS ou informado explicitamente;1.4500000476837158;10;Normal
64092;59150;Macaco/Guariba/Bugio/Prego/Guigó;2025-09-07T16:51:00;SP;Luís Antônio;Obtido pelo GPS ou informado explicitamente;3.7899999618530273;15;Normal
64089;59147;Mico/Sagui/Soinho;2025-09-12T16:29:00;RJ;Rio de Janeiro;Obtido pelo GPS ou informado explicitamente;0.0;1;
64086;59144;Macaco/Guariba/Bugio/Prego/Guigó;2025-09-07T09:50:00;SP;Santo Antônio do Pinhal;Obtido pelo GPS ou informado explicitamente;;1;Normal
64084;59142;Mico/Sagui/Soinho;2025-09-12T12:42:56;TO;Palmas;Obtido pelo GPS ou informado explicitamente;2.34;1;
64080;59138;Mico/Sagui/Soinho;2025-09-12T12:10:00;BA;Salvador;Obtido pelo GPS ou informado explicitamente;7.546000003814697;1;
64077;59135;Macaco/Guariba/Bugio/Prego/Guigó;2025-09-12T11:00:21;TO;Palmas;Obtido pelo GPS ou informado explicitamente;58.89;1;
64075;59133;Macaco/Guariba/Bugio/Prego/Guigó;2025-09-08T15:45:00;GO;Aparecida de Goiânia;Coordenadas obtidas a partir do endereço;;1;
64074;59132;Mico/Sagui/Soinho;2025-09-11T11:11:06;SC;Florianópolis;Obtido pelo GPS ou informado explicitamente;;1;
64071;59129;Macaco/Guariba/Bugio/Prego/Guigó;2025-09-12T10:12:00;GO;Uruaçu;Obtido pelo GPS ou informado explicitamente;3.7899999618530273;1;
64067;59125;Mico/Sagui/Soinho;2025-09-12T10:02:00;GO;São Luís de Montes Belos;Obtido pelo GPS ou informado explicitamente;4.76;1;
64042;59100;Mico/Sagui/Soinho;2025-09-11T17:31:00;PA;Ananindeua;Obtido pelo GPS ou informado explicitamente;0.0;1;Normal
64041;59099;Mico/Sagui/Soinho;2025-09-11T15:02:00;GO;Goiânia;Obtido pelo GPS ou informado explicitamente;0.0;1;
64039;59097;Macaco/Guariba/Bugio/Prego/Guigó;2025-09-11T10:07:26;;;Obtido pelo GPS ou informado explicitamente;4.75;4;Normal
64036;59094;Macaco/Guariba/Bugio/Prego/Guigó;2025-09-11T10:43:20;;;Obtido pelo GPS ou informado explicitamente;13.98;2;Normal
64024;59081;Macaco/Guariba/Bugio/Prego/Guigó;2025-09-11T15:04:00;SP;Ribeirão Preto;Coordenadas obtidas a partir do endereço;;1;
64021;59078;Macaco/Guariba/Bugio/Prego/Guigó;2025-09-11T14:28:00;SP;Ribeirão Preto;Coordenadas obtidas a partir do endereço;;1;
63967;59024;Macaco/Guariba/Bugio/Prego/Guigó;2025-09-11T06:28:07;MT;Sinop;Obtido pelo GPS ou informado explicitamente;1.7000000476837158;1;Normal
63966;59023;Mico/Sagui/Soinho;2025-09-07T17:30:00;SP;Guarulhos;Obtido pelo GPS ou informado explicitamente;0.0;1;
63953;59010;Mico/Sagui/Soinho;2025-09-10T15:32:52;MG;Ipatinga;Obtido pelo GPS ou informado explicitamente;1.7999999523162842;1;
63950;59007;Mico/Sagui/Soinho;2025-09-10T16:34:00;GO;Goiânia;Obtido pelo GPS ou informado explicitamente;0.0;1;
63949;59006;Mico/Sagui/Soinho;2025-09-10T16:32:00;MG;Nova Lima;Coordenadas obtidas a partir do endereço;;1;
63946;59003;Macaco/Guariba/Bugio/Prego/Guigó;2025-09-10T15:11:00;GO;Goiânia;Obtido pelo GPS ou informado explicitamente;2.0;1;
63942;58999;Mico/Sagui/Soinho;2025-09-10T09:59:00;MG;Betim;Obtido pelo GPS ou informado explicitamente;0.0;1;
63941;58998;Mico/Sagui/Soinho;2025-09-10T13:00:00;RJ;Magé;Obtido pelo GPS ou informado explicitamente;0.0;3;Normal
63939;58996;Mico/Sagui/Soinho;2025-09-09T11:00:00;RN;Natal;Coordenadas obtidas a partir do endereço;;1;
63935;58992;Mico/Sagui/Soinho;2025-09-08T17:00:41;SP;Mogi das Cruzes;Coordenadas obtidas a partir do endereço;;1;
63930;58987;Macaco/Guariba/Bugio/Prego/Guigó;2025-09-10T06:36:00;MT;Sinop;Obtido pelo GPS ou informado explicitamente;3.0;1;Normal
63911;58968;Macaco/Guariba/Bugio/Prego/Guigó;2025-09-09T17:05:39;MT;Sinop;Obtido pelo GPS ou informado explicitamente;3.54;2;Normal
63910;58967;Macaco/Guariba/Bugio/Prego/Guigó;2025-09-09T17:05:25;MT;Sinop;Obtido pelo GPS ou informado explicitamente;2.183000087738037;3;Normal
63878;58935;Macaco/Guariba/Bugio/Prego/Guigó;2025-09-09T16:07:15;PR;Maringá;Obtido pelo GPS ou informado explicitamente;1.7000000476837158;1;
63853;58910;Macaco/Guariba/Bugio/Prego/Guigó;2025-09-09T10:23:25;PA;Belém;Obtido pelo GPS ou informado explicitamente;5.1;2;Normal
63844;58900;Macaco/Guariba/Bugio/Prego/Guigó;2025-09-01T14:17:43;SP;Poloni;Coordenadas obtidas a partir do endereço;;1;Doente
63843;58899;Macaco/Guariba/Bugio/Prego/Guigó;2025-09-09T13:42:00;GO;Goiânia;Obtido pelo GPS ou informado explicitamente;0.0;1;
63842;58898;Mico/Sagui/Soinho;2025-09-09T13:26:56;RJ;Japeri;Obtido pelo GPS ou informado explicitamente;2.0;3;Normal
63827;58883;Macaco/Guariba/Bugio/Prego/Guigó;2025-09-09T11:39:00;PA;Ananindeua;Obtido pelo GPS ou informado explicitamente;15.357999801635742;1;
63802;58858;Mico/Sagui/Soinho;2025-09-08T12:50:48;RN;Natal;Coordenadas obtidas a partir do endereço;;1;Estranho
63799;58855;Macaco/Guariba/Bugio/Prego/Guigó;2025-09-09T10:16:52;PA;Belém;Obtido pelo GPS ou informado explicitamente;73.0;1;Normal
63796;58852;Macaco/Guariba/Bugio/Prego/Guigó;2025-09-09T09:00:00;GO;Abadia de Goiás;Obtido pelo GPS ou informado explicitamente;0.0;1;
63795;58851;Macaco/Guariba/Bugio/Prego/Guigó;2025-09-09T10:13:13;PA;Belém;Obtido pelo GPS ou informado explicitamente;2.6600000858306885;1;Normal
63790;58846;Macaco/Guariba/Bugio/Prego/Guigó;2025-09-09T09:25:00;PA;Belém;Obtido pelo GPS ou informado explicitamente;20.61;1;Normal
63787;58843;Mico/Sagui/Soinho;2025-09-09T09:21:00;MG;Nova Lima;Obtido pelo GPS ou informado explicitamente;3.2160000801086426;1;
63782;58838;Mico/Sagui/Soinho;2025-09-09T08:48:00;MG;Mamonas;Obtido pelo GPS ou informado explicitamente;1.5160000324249268;1;Normal
63777;58833;Macaco/Guariba/Bugio/Prego/Guigó;2025-09-09T06:34:57;MT;Sinop;Obtido pelo GPS ou informado explicitamente;3.54;3;Normal
63776;58832;Macaco/Guariba/Bugio/Prego/Guigó;2025-09-09T06:34:32;MT;Sinop;Obtido pelo GPS ou informado explicitamente;3.240000009536743;2;Normal
63751;58807;Mico/Sagui/Soinho;2025-08-26T16:00:00;MG;Ipatinga;Obtido pelo GPS ou informado explicitamente;0.0;5;Normal
63663;58719;Mico/Sagui/Soinho;2025-09-08T14:15:00;PR;Curitiba;Obtido pelo GPS ou informado explicitamente;0.0;1;
63596;58652;Mico/Sagui/Soinho;2025-08-30T10:10:00;MG;Claro dos Poções;Obtido pelo GPS ou informado explicitamente;3.371000051498413;1;Normal
63589;58645;Mico/Sagui/Soinho;2025-09-05T15:19:10;SP;São José do Rio Preto;Obtido pelo GPS ou informado explicitamente;;1;
63571;58627;Macaco/Guariba/Bugio/Prego/Guigó;2025-09-08T15:23:00;GO;Goiânia;Obtido pelo GPS ou informado explicitamente;0.0;1;
63566;58622;Mico/Sagui/Soinho;2025-09-08T09:14:54;SP;Valinhos;Obtido pelo GPS ou informado explicitamente;2.0;1;
63537;58593;Mico/Sagui/Soinho;2025-09-08T14:48:06;SP;São José do Rio Preto;Coordenadas obtidas a partir do endereço;;1;
63536;58592;Mico/Sagui/Soinho;2025-09-04T10:50:00;MG;Governador Valadares;Obtido pelo GPS ou informado explicitamente;0.0;1;
63533;58589;Mico/Sagui/Soinho;2025-09-08T09:20:00;MT;Cuiabá;Obtido pelo GPS ou informado explicitamente;0.0;1;
63532;58588;Mico/Sagui/Soinho;2025-09-08T14:11:28;SP;São José do Rio Preto;Obtido pelo GPS ou informado explicitamente;;1;
63529;58585;Mico/Sagui/Soinho;2025-09-03T11:15:52;SP;Valinhos;Obtido pelo GPS ou informado explicitamente;2.0;1;
63528;58584;Mico/Sagui/Soinho;2025-09-02T11:14:02;SP;Valinhos;Obtido pelo GPS ou informado explicitamente;2.0;1;
63527;58583;Mico/Sagui/Soinho;2025-08-25T11:09:06;SP;Valinhos;Obtido pelo GPS ou informado explicitamente;2.0;1;
63516;58572;Mico/Sagui/Soinho;2025-09-05T10:00:00;MG;Montes Claros;Obtido pelo GPS ou informado explicitamente;0.0;1;
63514;58570;Mico/Sagui/Soinho;2025-09-05T08:57:00;MG;Montes Claros;Obtido pelo GPS ou informado explicitamente;11.725000381469728;1;
63507;58563;Mico/Sagui/Soinho;2025-09-08T07:24:00;MG;Capitão Enéas;Obtido pelo GPS ou informado explicitamente;2.1480000019073486;3;Normal
63506;58562;Mico/Sagui/Soinho;2025-09-08T06:59:00;MG;Espinosa;Obtido pelo GPS ou informado explicitamente;1.5;2;Normal
63481;58537;Mico/Sagui/Soinho;2025-09-07T14:22:00;MG;Leopoldina;Obtido pelo GPS ou informado explicitamente;1.9140000343322756;10;Normal
63464;58520;Macaco/Guariba/Bugio/Prego/Guigó;2025-09-07T07:55:00;SP;São Carlos;Coordenadas obtidas a partir do endereço;;45;Doente
63462;58518;Mico/Sagui/Soinho;2025-09-06T10:27:00;MG;Leopoldina;Obtido pelo GPS ou informado explicitamente;3.0;1;Normal
63457;58513;Macaco/Guariba/Bugio/Prego/Guigó;2025-09-06T04:16:00;SP;São Carlos;Coordenadas obtidas a partir do endereço;;45;Doente
63456;58512;Macaco/Guariba/Bugio/Prego/Guigó;2025-09-06T21:44:00;MG;Santa Vitória;Obtido pelo GPS ou informado explicitamente;0.0;1;
63451;58507;Mico/Sagui/Soinho;2025-09-06T08:45:00;SP;Campinas;Obtido pelo GPS ou informado explicitamente;9.63;2;Normal
63445;58501;Mico/Sagui/Soinho;2025-09-06T10:54:00;MG;Leopoldina;Obtido pelo GPS ou informado explicitamente;3.003000020980835;4;Normal
63435;58491;Macaco/Guariba/Bugio/Prego/Guigó;2025-09-05T12:21:00;RO;Itapuã do Oeste;Obtido pelo GPS ou informado explicitamente;0.0;1;
63433;58489;Macaco/Guariba/Bugio/Prego/Guigó;2025-09-05T11:52:00;SP;Rincão;Obtido pelo GPS ou informado explicitamente;100.0;1;
63432;58488;Macaco/Guariba/Bugio/Prego/Guigó;2025-09-05T11:10:52;SP;Rincão;Obtido pelo GPS ou informado explicitamente;3.865999937057495;1;
63380;58434;Mico/Sagui/Soinho;2025-09-04T14:33:07;SC;Florianópolis;Obtido pelo GPS ou informado explicitamente;;1;
63374;58420;Macaco/Guariba/Bugio/Prego/Guigó;2025-08-19T08:15:00;SP;Luís Antônio;Obtido pelo GPS ou informado explicitamente;5.256999969482422;4;Normal
63372;58418;Mico/Sagui/Soinho;2025-09-05T10:12:00;MG;Taiobeiras;Coordenadas obtidas a partir do endereço;;10;Normal
63369;58415;Macaco/Guariba/Bugio/Prego/Guigó;2025-09-02T10:04:16;SC;Florianópolis;Coordenadas obtidas a partir do endereço;;1;
63355;58401;Mico/Sagui/Soinho;2025-09-05T08:32:05;MG;Uberaba;Obtido pelo GPS ou informado explicitamente;1.2000000476837158;1;
63354;58400;Mico/Sagui/Soinho;2025-09-05T08:04:00;SP;Ribeirão Preto;Obtido pelo GPS ou informado explicitamente;2.7160000801086426;5;Normal
63340;58386;Mico/Sagui/Soinho;2025-08-26T13:02:00;MG;Montes Claros;Obtido pelo GPS ou informado explicitamente;2.359999895095825;1;Normal
63336;58382;Mico/Sagui/Soinho;2025-09-04T20:56:00;MG;Uberaba;Obtido pelo GPS ou informado explicitamente;1.25;1;
63330;58376;Mico/Sagui/Soinho;2025-09-04T16:13:29;SP;Ribeirão Preto;Obtido pelo GPS ou informado explicitamente;;1;
63323;58369;Mico/Sagui/Soinho;2025-09-04T15:10:17;MG;Betim;Obtido pelo GPS ou informado explicitamente;2.1659998893737797;1;
63320;58366;Mico/Sagui/Soinho;2025-09-04T10:30:00;MG;Montes Claros;Obtido pelo GPS ou informado explicitamente;3.756999969482422;1;Estranho
63317;58363;Mico/Sagui/Soinho;2025-09-04T14:07:47;MG;Betim;Obtido pelo GPS ou informado explicitamente;2.0;1;
63313;58359;Mico/Sagui/Soinho;2025-09-03T11:37:20;SP;Planalto;Obtido pelo GPS ou informado explicitamente;;1;Doente
63310;58356;Mico/Sagui/Soinho;2025-09-02T08:45:55;SP;Ribeirão Preto;Coordenadas obtidas a partir do endereço;;1;
63308;58354;Mico/Sagui/Soinho;2025-09-04T08:49:29;PR;Maringá;Obtido pelo GPS ou informado explicitamente;1.5;1;
63304;58350;Mico/Sagui/Soinho;2025-09-04T07:45:00;MG;Laranjal;Coordenadas obtidas a partir do endereço;;2;
63303;58349;Mico/Sagui/Soinho;2025-09-04T08:08:00;MG;Laranjal;Obtido pelo GPS ou informado explicitamente;0.0;2;
63299;58345;Mico/Sagui/Soinho;2025-08-26T12:58:00;MG;Montes Claros;Obtido pelo GPS ou informado explicitamente;3.2799999713897705;2;Normal
63283;58329;Macaco/Guariba/Bugio/Prego/Guigó;2025-09-02T16:39:00;GO;Aragoiânia;Obtido pelo GPS ou informado explicitamente;0.0;1;
63276;58322;Mico/Sagui/Soinho;2025-08-15T09:07:45;MT;Cuiabá;Obtido pelo GPS ou informado explicitamente;45.26;12;Normal
63273;58319;Mico/Sagui/Soinho;2025-09-03T14:01:00;MG;Montes Claros;Obtido pelo GPS ou informado explicitamente;0.0;1;
63266;58312;Mico/Sagui/Soinho;2025-09-02T08:51:40;SP;Ribeirão Preto;Coordenadas obtidas a partir do endereço;;1;
63237;58283;Mico/Sagui/Soinho;2025-09-03T07:00:00;MG;Montes Claros;Obtido pelo GPS ou informado explicitamente;0.0;1;
63226;58272;Macaco/Guariba/Bugio/Prego/Guigó;2025-09-02T15:30:00;GO;Guapó;Obtido pelo GPS ou informado explicitamente;0.0;1;
63208;58254;Mico/Sagui/Soinho;2025-09-01T13:53:00;SP;Ribeirão Preto;Coordenadas obtidas a partir do endereço;;1;
63207;58253;Mico/Sagui/Soinho;2025-09-01T13:44:00;SP;Ribeirão Preto;Coordenadas obtidas a partir do endereço;;1;
63205;58251;Mico/Sagui/Soinho;2025-09-01T13:41:00;SP;Ribeirão Preto;Coordenadas obtidas a partir do endereço;;1;
63202;58248;Mico/Sagui/Soinho;2025-08-21T07:56:00;MG;Alfenas;Obtido pelo GPS ou informado explicitamente;0.0;1;
63201;58247;Macaco/Guariba/Bugio/Prego/Guigó;2025-09-02T11:01:00;GO;Aragoiânia;Obtido pelo GPS ou informado explicitamente;5.685708522796631;1;
63200;58246;Macaco/Guariba/Bugio/Prego/Guigó;2025-09-02T10:34:31;GO;Aragoiânia;Obtido pelo GPS ou informado explicitamente;3.790092468261719;1;
63196;58242;Mico/Sagui/Soinho;2025-09-01T10:23:00;MG;Teófilo Otoni;Coordenadas obtidas a partir do endereço;;1;
63193;58239;Macaco/Guariba/Bugio/Prego/Guigó;2025-08-19T09:24:00;SP;Luís Antônio;Obtido pelo GPS ou informado explicitamente;3.7899999618530273;2;Normal
63166;58212;Macaco/Guariba/Bugio/Prego/Guigó;2025-09-01T14:35:00;RS;Rolante;Obtido pelo GPS ou informado explicitamente;2.1600000858306885;1;
63162;58208;Macaco/Guariba/Bugio/Prego/Guigó;2025-08-21T15:30:00;MG;Espírito Santo do Dourado;Obtido pelo GPS ou informado explicitamente;3.0;2;
63152;58198;Mico/Sagui/Soinho;2025-09-01T11:25:55;RJ;Rio de Janeiro;Obtido pelo GPS ou informado explicitamente;;1;Normal
63150;58196;Mico/Sagui/Soinho;2025-08-27T10:45:26;SP;Ribeirão Preto;Obtido pelo GPS ou informado explicitamente;;1;
63148;58194;Mico/Sagui/Soinho;2025-08-26T16:24:54;SP;Ribeirão Preto;Obtido pelo GPS ou informado explicitamente;;1;
63147;58193;Macaco/Guariba/Bugio/Prego/Guigó;2025-08-25T14:13:28;SP;Batatais;Obtido pelo GPS ou informado explicitamente;;1;
63135;58181;Mico/Sagui/Soinho;2025-08-31T16:57:00;MG;Espinosa;Obtido pelo GPS ou informado explicitamente;1.866000056266785;1;Normal
63134;58180;Mico/Sagui/Soinho;2025-08-31T16:55:00;MG;Espinosa;Obtido pelo GPS ou informado explicitamente;1.850000023841858;2;Normal
63126;58172;Mico/Sagui/Soinho;2025-08-31T10:13:36;SP;Campinas;Obtido pelo GPS ou informado explicitamente;;3;Normal
63116;58162;Mico/Sagui/Soinho;2025-08-31T09:24:00;MG;Claro dos Poções;Obtido pelo GPS ou informado explicitamente;4.671000003814697;4;Normal
63098;58144;Mico/Sagui/Soinho;2025-08-30T14:32:00;MG;Porteirinha;Obtido pelo GPS ou informado explicitamente;3.7899999618530273;1;Normal
63056;58102;Mico/Sagui/Soinho;2025-08-30T08:44:00;MG;Espinosa;Obtido pelo GPS ou informado explicitamente;1.565999984741211;1;Normal
63047;58093;Mico/Sagui/Soinho;2025-08-29T19:51:17;SC;Florianópolis;Coordenadas obtidas a partir do endereço;;1;
63015;58061;Mico/Sagui/Soinho;2025-08-27T15:10:00;MG;Espinosa;Obtido pelo GPS ou informado explicitamente;1.6360000371932983;1;Normal
62990;58036;Mico/Sagui/Soinho;2025-08-29T14:27:18;MG;Betim;Obtido pelo GPS ou informado explicitamente;3.900000095367432;1;
62989;58035;Macaco/Guariba/Bugio/Prego/Guigó;2025-08-29T14:13:00;SP;Luís Antônio;Obtido pelo GPS ou informado explicitamente;3.0;6;Normal
62986;58032;Mico/Sagui/Soinho;2025-08-29T07:41:00;MG;Montes Claros;Coordenadas obtidas a partir do endereço;;1;
62969;58015;Mico/Sagui/Soinho;2025-08-26T16:30:00;MG;Montes Claros;Obtido pelo GPS ou informado explicitamente;0.0;1;
62964;58010;Mico/Sagui/Soinho;2025-08-27T10:10:02;SC;Florianópolis;Coordenadas obtidas a partir do endereço;;1;Doente
62959;58005;Mico/Sagui/Soinho;2025-08-27T09:29:00;GO;Aparecida de Goiânia;Obtido pelo GPS ou informado explicitamente;7.125;1;
62958;58004;Macaco/Guariba/Bugio/Prego/Guigó;2025-08-27T09:23:00;GO;Aparecida de Goiânia;Obtido pelo GPS ou informado explicitamente;9.0;1;
62947;57993;Mico/Sagui/Soinho;2025-08-27T09:29:00;GO;Aparecida de Goiânia;Obtido pelo GPS ou informado explicitamente;7.125;1;
62943;57989;Mico/Sagui/Soinho;2025-08-28T15:05:06;MG;Nova Lima;Obtido pelo GPS ou informado explicitamente;5.199999809265137;1;
62942;57988;Mico/Sagui/Soinho;2025-08-26T13:02:00;MG;Nova Lima;Coordenadas obtidas a partir do endereço;;1;
62938;57984;Macaco/Guariba/Bugio/Prego/Guigó;2025-08-26T10:10:20;RS;Sapiranga;Obtido pelo GPS ou informado explicitamente;;1;
62937;57983;Macaco/Guariba/Bugio/Prego/Guigó;2025-08-28T09:09:30;TO;Peixe;Obtido pelo GPS ou informado explicitamente;2.84;1;
62935;57981;Mico/Sagui/Soinho;2025-08-28T09:33:26;MG;Ipatinga;Obtido pelo GPS ou informado explicitamente;2.0;1;
62918;57964;Mico/Sagui/Soinho;2025-08-26T14:37:13;SP;São José do Rio Preto;Coordenadas obtidas a partir do endereço;;1;
62912;57958;Mico/Sagui/Soinho;2025-08-13T11:41:24;PR;Pinhais;Coordenadas obtidas a partir do endereço;;1;
62910;57956;Mico/Sagui/Soinho;2025-08-13T10:30:27;PR;Pinhais;Coordenadas obtidas a partir do endereço;;1;
62903;57949;Mico/Sagui/Soinho;2025-08-25T10:49:00;MG;Indaiabira;Obtido pelo GPS ou informado explicitamente;9.0;1;Normal
62902;57948;Macaco/Guariba/Bugio/Prego/Guigó;2025-08-26T17:30:00;SP;Caraguatatuba;Obtido pelo GPS ou informado explicitamente;0.0;1;Doente
62891;57937;Macaco/Guariba/Bugio/Prego/Guigó;2025-08-25T12:00:00;GO;Abadia de Goiás;Obtido pelo GPS ou informado explicitamente;0.0;1;
62888;57934;Mico/Sagui/Soinho;2025-08-26T16:03:00;GO;Goiânia;Obtido pelo GPS ou informado explicitamente;0.0;2;
62887;57933;Mico/Sagui/Soinho;2025-08-26T09:00:00;PR;Cascavel;Obtido pelo GPS ou informado explicitamente;;1;
62886;57932;Mico/Sagui/Soinho;2025-08-26T11:59:00;MG;Botelhos;Obtido pelo GPS ou informado explicitamente;69.14;1;
62885;57931;Mico/Sagui/Soinho;2025-08-26T15:00:18;MG;Coronel Fabriciano;Obtido pelo GPS ou informado explicitamente;1.5800000429153442;1;
62884;57930;Mico/Sagui/Soinho;2025-08-26T14:47:00;SP;São João da Boa Vista;Coordenadas obtidas a partir do endereço;;1;
62877;57923;Mico/Sagui/Soinho;2025-08-25T12:46:00;SP;Mairiporã;Obtido pelo GPS ou informado explicitamente;3.7899999618530273;8;Normal
62874;57920;Macaco/Guariba/Bugio/Prego/Guigó;2025-08-25T15:53:00;GO;Senador Canedo;Obtido pelo GPS ou informado explicitamente;0.0;1;
62873;57919;Mico/Sagui/Soinho;2025-08-26T10:22:29;MG;Betim;Obtido pelo GPS ou informado explicitamente;1.5;1;
62871;57917;Mico/Sagui/Soinho;2025-08-26T09:54:00;MG;Betim;Obtido pelo GPS ou informado explicitamente;2.7060000896453857;1;
62854;57900;Macaco/Guariba/Bugio/Prego/Guigó;2025-08-25T14:27:00;MG;Paracatu;Coordenadas obtidas a partir do endereço;;1;Estranho
62818;57864;Mico/Sagui/Soinho;2025-08-23T18:50:34;SP;Altinópolis;Obtido pelo GPS ou informado explicitamente;;1;
62814;57860;Mico/Sagui/Soinho;2025-08-25T08:06:00;MG;Montes Claros;Obtido pelo GPS ou informado explicitamente;0.0;1;
62813;57859;Mico/Sagui/Soinho;2025-08-25T10:22:08;MG;Sete Lagoas;Obtido pelo GPS ou informado explicitamente;3.7899999618530273;1;
62812;57858;Macaco/Guariba/Bugio/Prego/Guigó;2025-08-22T15:10:00;MT;Cuiabá;Obtido pelo GPS ou informado explicitamente;2.0;1;
62808;57854;Mico/Sagui/Soinho;2025-08-24T09:53:00;PR;Cascavel;Obtido pelo GPS ou informado explicitamente;0.0;1;
62807;57853;Mico/Sagui/Soinho;2025-08-25T09:42:00;PR;Maringá;Obtido pelo GPS ou informado explicitamente;4.0;1;
62792;57838;Macaco/Guariba/Bugio/Prego/Guigó;2025-08-24T13:00:00;MG;Iturama;Obtido pelo GPS ou informado explicitamente;0.0;1;
62783;57829;Mico/Sagui/Soinho;2025-08-24T12:22:00;MG;Ilicínea;Obtido pelo GPS ou informado explicitamente;0.0;1;Normal
62782;57828;Mico/Sagui/Soinho;2025-08-24T11:49:00;MG;Ilicínea;Obtido pelo GPS ou informado explicitamente;0.0;4;Normal
62741;57786;Mico/Sagui/Soinho;2025-08-24T08:16:00;MG;Porteirinha;Obtido pelo GPS ou informado explicitamente;0.0;1;Normal
62738;57783;Mico/Sagui/Soinho;2025-08-22T18:03:33;SP;Sertãozinho;Obtido pelo GPS ou informado explicitamente;;1;
62737;57782;Macaco/Guariba/Bugio/Prego/Guigó;2025-08-23T15:35:00;SP;Capão Bonito;Obtido pelo GPS ou informado explicitamente;3.0;1;
62736;57781;Mico/Sagui/Soinho;2025-08-22T17:54:30;SP;Sertãozinho;Obtido pelo GPS ou informado explicitamente;;1;
62653;57698;Mico/Sagui/Soinho;2025-08-22T15:25:12;MG;Contagem;Coordenadas obtidas a partir do endereço;;1;
62650;57695;Mico/Sagui/Soinho;2025-08-22T13:26:00;SP;São Paulo;Obtido pelo GPS ou informado explicitamente;3.7899999618530273;2;Normal
62641;57686;Mico/Sagui/Soinho;2025-08-22T09:30:00;MG;São João do Pacuí;Obtido pelo GPS ou informado explicitamente;3.7899999618530273;1;
62466;57511;Mico/Sagui/Soinho;2025-08-21T10:48:00;SP;Sertãozinho;Obtido pelo GPS ou informado explicitamente;0.0;1;Normal
62453;57498;Mico/Sagui/Soinho;2025-08-21T08:40:13;MG;Montes Claros;Obtido pelo GPS ou informado explicitamente;1.465999960899353;1;
62384;57429;Macaco/Guariba/Bugio/Prego/Guigó;2025-08-19T13:53:53;MS;Corumbá;Obtido pelo GPS ou informado explicitamente;0.0;1;Estranho
62376;57421;Mico/Sagui/Soinho;2025-08-20T14:29:00;TO;Palmas;Obtido pelo GPS ou informado explicitamente;3.7899999618530273;1;
62373;57418;Mico/Sagui/Soinho;2025-08-20T13:36:00;MG;Cedro do Abaeté;Obtido pelo GPS ou informado explicitamente;2.5829999446868896;2;Normal
62365;57410;Macaco/Guariba/Bugio/Prego/Guigó;2025-08-20T10:50:55;SC;Rio Rufino;Obtido pelo GPS ou informado explicitamente;5.86;1;
62362;57407;Mico/Sagui/Soinho;2025-08-19T14:23:43;SP;Ribeirão Preto;Obtido pelo GPS ou informado explicitamente;;1;
62358;57403;Macaco/Guariba/Bugio/Prego/Guigó;2025-08-14T15:37:00;SP;Luís Antônio;Obtido pelo GPS ou informado explicitamente;3.7899999618530273;12;Normal
62356;57401;Macaco/Guariba/Bugio/Prego/Guigó;2025-08-14T09:56:00;SP;Luís Antônio;Obtido pelo GPS ou informado explicitamente;3.7899999618530273;10;Normal
62355;57400;Mico/Sagui/Soinho;2025-08-19T08:21:16;SP;Ribeirão Preto;Obtido pelo GPS ou informado explicitamente;;1;
62353;57398;Mico/Sagui/Soinho;2025-08-18T15:18:05;SP;São Simão;Obtido pelo GPS ou informado explicitamente;;1;
62352;57397;Mico/Sagui/Soinho;2025-08-18T15:18:54;SP;Ribeirão Preto;Obtido pelo GPS ou informado explicitamente;;1;
62351;57396;Mico/Sagui/Soinho;2025-08-20T09:03:21;TO;Palmas;Obtido pelo GPS ou informado explicitamente;3.010999917984009;3;
62347;57392;Macaco/Guariba/Bugio/Prego/Guigó;2025-08-17T15:00:11;MG;Juiz de Fora;Coordenadas obtidas a partir do endereço;;1;Normal
62306;57351;Mico/Sagui/Soinho;2025-08-19T07:00:00;MG;Ilicínea;Obtido pelo GPS ou informado explicitamente;0.0;1;
62285;57330;Mico/Sagui/Soinho;2025-08-18T11:07:19;SC;Florianópolis;Obtido pelo GPS ou informado explicitamente;;1;
62280;57325;Macaco/Guariba/Bugio/Prego/Guigó;2025-08-19T11:41:00;SP;Ubatuba;Obtido pelo GPS ou informado explicitamente;40.0;1;Normal
62279;57324;Mico/Sagui/Soinho;2025-08-19T09:17:20;SC;Florianópolis;Obtido pelo GPS ou informado explicitamente;;1;
62277;57322;Mico/Sagui/Soinho;2025-08-18T10:42:40;SP;São José do Rio Preto;Obtido pelo GPS ou informado explicitamente;;1;
62267;57312;Mico/Sagui/Soinho;2025-08-18T16:00:00;GO;Jataí;Coordenadas obtidas a partir do endereço;;1;
62266;57311;Mico/Sagui/Soinho;2025-08-18T07:39:00;MG;São João do Pacuí;Obtido pelo GPS ou informado explicitamente;0.0;1;
62256;57301;Mico/Sagui/Soinho;2025-08-13T13:15:19;RJ;Rio de Janeiro;Obtido pelo GPS ou informado explicitamente;;7;Normal
62255;57300;Mico/Sagui/Soinho;2025-08-12T15:58:06;SP;Ribeirão Preto;Obtido pelo GPS ou informado explicitamente;;1;
62253;57298;Mico/Sagui/Soinho;2025-08-11T15:49:07;SP;Ribeirão Preto;Coordenadas obtidas a partir do endereço;;1;
62248;57293;Mico/Sagui/Soinho;2025-08-18T10:19:15;SP;Ribeirão Preto;Obtido pelo GPS ou informado explicitamente;;1;
62247;57292;Macaco/Guariba/Bugio/Prego/Guigó;2025-08-04T14:24:39;SC;Ponte Serrada;Obtido pelo GPS ou informado explicitamente;;3;Normal
62242;57287;Mico/Sagui/Soinho;2025-08-18T10:15:00;MG;Montes Claros;Obtido pelo GPS ou informado explicitamente;0.0;1;
62241;57286;Mico/Sagui/Soinho;2025-08-15T10:26:00;SP;Piracicaba;Obtido pelo GPS ou informado explicitamente;2.4830000400543213;6;Normal
62239;57284;Mico/Sagui/Soinho;2025-08-18T08:04:00;MG;Mamonas;Obtido pelo GPS ou informado explicitamente;79.6;2;Normal
62235;57280;Mico/Sagui/Soinho;2025-08-18T10:33:02;MG;Ipatinga;Obtido pelo GPS ou informado explicitamente;2.0;1;
62225;57270;Mico/Sagui/Soinho;2025-08-11T10:15:00;TO;Ponte Alta do Bom Jesus;Obtido pelo GPS ou informado explicitamente;5.900000095367432;1;
62224;57269;Mico/Sagui/Soinho;2025-08-11T10:25:27;TO;Ponte Alta do Bom Jesus;Obtido pelo GPS ou informado explicitamente;6.328999996185303;3;
62223;57268;Mico/Sagui/Soinho;2025-08-17T14:16:07;SC;Florianópolis;Obtido pelo GPS ou informado explicitamente;;1;
62222;57267;Mico/Sagui/Soinho;2025-08-15T12:59:00;MG;Nova Lima;Coordenadas obtidas a partir do endereço;;1;
62220;57265;Macaco/Guariba/Bugio/Prego/Guigó;2025-07-28T08:30:27;RS;Santo Antônio das Missões;Obtido pelo GPS ou informado explicitamente;0.0;1;
62219;57264;Macaco/Guariba/Bugio/Prego/Guigó;2025-08-15T09:00:00;RS;Santo Antônio das Missões;Obtido pelo GPS ou informado explicitamente;0.0;1;
62191;57236;Mico/Sagui/Soinho;2025-08-17T17:19:33;MT;Cuiabá;Obtido pelo GPS ou informado explicitamente;44.21;2;Normal
62186;57231;Mico/Sagui/Soinho;2025-08-17T17:37:00;MG;Verdelândia;Obtido pelo GPS ou informado explicitamente;4.992000102996826;1;Normal
62181;57226;Mico/Sagui/Soinho;2025-08-17T13:59:01;SC;Florianópolis;Obtido pelo GPS ou informado explicitamente;;1;
62154;57199;Mico/Sagui/Soinho;2025-08-16T16:14:00;MG;Ipatinga;Obtido pelo GPS ou informado explicitamente;4.76;1;
62135;57180;Mico/Sagui/Soinho;2025-08-16T13:14:48;MG;Baldim;Obtido pelo GPS ou informado explicitamente;75.0;1;
62134;57179;Mico/Sagui/Soinho;2025-08-16T12:37:00;MG;Sete Lagoas;Obtido pelo GPS ou informado explicitamente;3.7899999618530273;4;Normal
62129;57174;Mico/Sagui/Soinho;2025-08-15T09:45:00;MT;Cuiabá;Obtido pelo GPS ou informado explicitamente;3.0;12;Normal
62125;57171;Mico/Sagui/Soinho;2025-08-15T09:20:00;MT;Cuiabá;Obtido pelo GPS ou informado explicitamente;24.9;20;Normal
62114;57159;Macaco/Guariba/Bugio/Prego/Guigó;2025-08-15T09:02:00;SP;Tapiraí;Obtido pelo GPS ou informado explicitamente;8.704999923706055;1;Normal
62101;57146;Mico/Sagui/Soinho;2025-08-15T09:38:00;MT;Cuiabá;Obtido pelo GPS ou informado explicitamente;3.0;9;Normal
62098;57143;Mico/Sagui/Soinho;2025-08-15T16:11:00;MG;São João do Pacuí;Obtido pelo GPS ou informado explicitamente;2.677999973297119;1;
62097;57142;Mico/Sagui/Soinho;2025-08-15T16:08:00;MG;São João do Pacuí;Obtido pelo GPS ou informado explicitamente;3.0390000343322754;1;
62094;57139;Mico/Sagui/Soinho;2025-08-15T14:51:00;MG;Rio Pardo de Minas;Obtido pelo GPS ou informado explicitamente;0.0;1;
62085;57130;Mico/Sagui/Soinho;2025-08-15T11:43:18;SP;Osasco;Obtido pelo GPS ou informado explicitamente;42.29;1;Normal
62084;57129;Mico/Sagui/Soinho;2025-08-15T10:38:00;MT;Cuiabá;Obtido pelo GPS ou informado explicitamente;3.7899999618530273;2;Normal
62080;57125;Mico/Sagui/Soinho;2025-08-15T09:03:15;MT;Cuiabá;Obtido pelo GPS ou informado explicitamente;5.625;5;Normal
62073;57118;Mico/Sagui/Soinho;2025-08-15T09:26:00;MT;Cuiabá;Obtido pelo GPS ou informado explicitamente;1.5;1;Normal
62069;57114;Mico/Sagui/Soinho;2025-08-15T10:03:56;MT;Cuiabá;Obtido pelo GPS ou informado explicitamente;3.0;30;Normal
62063;57108;Mico/Sagui/Soinho;2025-08-15T09:03:10;MT;Cuiabá;Obtido pelo GPS ou informado explicitamente;3.0;1;Normal
62062;57107;Mico/Sagui/Soinho;2025-08-13T08:38:03;BA;Muniz Ferreira;Coordenadas obtidas a partir do endereço;;1;
62060;57105;Macaco/Guariba/Bugio/Prego/Guigó;2025-08-15T09:21:00;SP;Juquitiba;Coordenadas obtidas a partir do endereço;;3;Normal
62054;57099;Macaco/Guariba/Bugio/Prego/Guigó;2025-08-15T09:11:00;SP;Tapiraí;Obtido pelo GPS ou informado explicitamente;5.645999908447266;1;Normal
62050;57095;Macaco/Guariba/Bugio/Prego/Guigó;2025-08-15T09:04:00;SP;Tapiraí;Obtido pelo GPS ou informado explicitamente;3.0;1;Normal
62049;57094;Macaco/Guariba/Bugio/Prego/Guigó;2025-08-15T09:09:04;SP;Miracatu;Obtido pelo GPS ou informado explicitamente;3.0;2;Normal
62047;57092;Macaco/Guariba/Bugio/Prego/Guigó;2025-08-15T08:45:00;SP;Miracatu;Coordenadas obtidas a partir do endereço;;4;Normal
62045;57090;Macaco/Guariba/Bugio/Prego/Guigó;2025-08-15T09:03:40;SP;Tapiraí;Obtido pelo GPS ou informado explicitamente;1.2999999523162842;1;Normal
62044;57089;Macaco/Guariba/Bugio/Prego/Guigó;2025-08-15T09:11:00;SP;Tapiraí;Obtido pelo GPS ou informado explicitamente;5.645999908447266;1;Normal
62035;57080;Macaco/Guariba/Bugio/Prego/Guigó;2025-08-15T07:01:00;SP;Miracatu;Coordenadas obtidas a partir do endereço;;2;Normal
62027;57072;Mico/Sagui/Soinho;2025-08-15T07:56:00;SP;Sertãozinho;Obtido pelo GPS ou informado explicitamente;5.83;1;
61921;56966;Mico/Sagui/Soinho;2025-08-14T15:45:00;SE;Canindé de São Francisco;Coordenadas obtidas a partir do endereço;;1;
61919;56964;Mico/Sagui/Soinho;2025-07-04T16:32:14;GO;Anápolis;Obtido pelo GPS ou informado explicitamente;;1;
61917;56962;Macaco/Guariba/Bugio/Prego/Guigó;2025-08-14T15:20:16;GO;Anápolis;Obtido pelo GPS ou informado explicitamente;;1;
61915;56960;Macaco/Guariba/Bugio/Prego/Guigó;2025-08-14T15:37:00;SP;Luís Antônio;Obtido pelo GPS ou informado explicitamente;3.7899999618530273;12;Normal
61894;56939;Macaco/Guariba/Bugio/Prego/Guigó;2025-08-08T15:09:00;MT;Várzea Grande;Coordenadas obtidas a partir do endereço;;1;Doente
61882;56927;Macaco/Guariba/Bugio/Prego/Guigó;2025-08-14T07:54:00;MS;Corumbá;Obtido pelo GPS ou informado explicitamente;12.73;3;Normal
61880;56925;Mico/Sagui/Soinho;2025-08-11T13:52:00;MG;Montes Claros;Obtido pelo GPS ou informado explicitamente;2.3329999446868896;1;
61879;56924;Macaco/Guariba/Bugio/Prego/Guigó;2025-08-13T08:02:10;PR;Toledo;Coordenadas obtidas a partir do endereço;;1;
61878;56923;Mico/Sagui/Soinho;2025-08-13T16:16:00;MG;Verdelândia;Obtido pelo GPS ou informado explicitamente;5.400000095367432;1;
61833;56878;Mico/Sagui/Soinho;2025-08-12T12:18:00;SP;São Paulo;Obtido pelo GPS ou informado explicitamente;4.367000102996826;1;Normal
61832;56877;Macaco/Guariba/Bugio/Prego/Guigó;2025-08-12T13:09:00;RS;Caxias do Sul;Obtido pelo GPS ou informado explicitamente;0.0;1;
61830;56875;Mico/Sagui/Soinho;2025-08-13T11:30:00;MG;Taiobeiras;Obtido pelo GPS ou informado explicitamente;6.400000095367432;1;Normal
61826;56871;Mico/Sagui/Soinho;2025-08-13T10:30:39;SP;Osasco;Obtido pelo GPS ou informado explicitamente;3.7899999618530273;2;Normal
61824;56869;Mico/Sagui/Soinho;2025-08-12T09:26:16;SP;São José do Rio Preto;Obtido pelo GPS ou informado explicitamente;;1;
61818;56863;Mico/Sagui/Soinho;2025-07-31T16:28:00;SP;Campinas;Obtido pelo GPS ou informado explicitamente;0.0;1;
61815;56860;Macaco/Guariba/Bugio/Prego/Guigó;2025-08-13T08:43:00;SP;Serra Negra;Obtido pelo GPS ou informado explicitamente;1.616000056266785;1;
61794;56839;Mico/Sagui/Soinho;2025-08-12T16:13:00;MG;Leopoldina;Obtido pelo GPS ou informado explicitamente;3.0;1;Normal
61789;56834;Mico/Sagui/Soinho;2025-08-12T16:15:22;MG;Três Corações;Obtido pelo GPS ou informado explicitamente;24.45;1;
61788;56833;Mico/Sagui/Soinho;2025-08-12T14:00:00;MG;Ponte Nova;Coordenadas obtidas a partir do endereço;;1;
61776;56821;Macaco/Guariba/Bugio/Prego/Guigó;2025-08-02T14:05:00;SP;Luís Antônio;Obtido pelo GPS ou informado explicitamente;3.7899999618530273;6;Normal
61761;56806;Mico/Sagui/Soinho;2025-08-08T12:45:08;SP;Valinhos;Obtido pelo GPS ou informado explicitamente;2.0;1;
61758;56803;Mico/Sagui/Soinho;2025-08-11T13:30:00;SP;Valinhos;Obtido pelo GPS ou informado explicitamente;2.0;1;
61755;56800;Mico/Sagui/Soinho;2025-08-12T09:38:52;SP;Ribeirão Preto;Obtido pelo GPS ou informado explicitamente;;3;
61754;56799;Mico/Sagui/Soinho;2025-08-10T09:37:34;SP;Ribeirão Preto;Obtido pelo GPS ou informado explicitamente;;3;
61752;56797;Mico/Sagui/Soinho;2025-08-10T09:35:26;SP;Ribeirão Preto;Obtido pelo GPS ou informado explicitamente;;3;
61750;56795;Macaco/Guariba/Bugio/Prego/Guigó;2025-08-12T09:05:00;MG;Poços de Caldas;Obtido pelo GPS ou informado explicitamente;4.743000030517578;1;Normal
61747;56792;Mico/Sagui/Soinho;2025-08-08T09:42:00;MG;Bandeira do Sul;Obtido pelo GPS ou informado explicitamente;2.0;1;
61733;56778;Mico/Sagui/Soinho;2025-08-11T15:22:17;MT;Cuiabá;Obtido pelo GPS ou informado explicitamente;3.0;5;Normal
61728;56773;Mico/Sagui/Soinho;2025-08-11T14:09:23;SP;Ribeirão Preto;Obtido pelo GPS ou informado explicitamente;13.152000427246094;1;
61727;56772;Mico/Sagui/Soinho;2025-08-11T14:31:00;MG;Montes Claros;Coordenadas obtidas a partir do endereço;;1;
61726;56771;Macaco/Guariba/Bugio/Prego/Guigó;2025-08-11T13:16:00;MS;Corumbá;Obtido pelo GPS ou informado explicitamente;3.0;1;Normal
61723;56768;Mico/Sagui/Soinho;2025-07-29T11:02:21;SP;São José do Rio Preto;Obtido pelo GPS ou informado explicitamente;;1;Estranho
61719;56764;Macaco/Guariba/Bugio/Prego/Guigó;2025-08-11T09:36:48;MG;Urucuia;Obtido pelo GPS ou informado explicitamente;1.5;1;
61712;56757;Mico/Sagui/Soinho;2025-08-08T13:50:00;SP;Santo Antônio do Jardim;Obtido pelo GPS ou informado explicitamente;8.5;1;
61710;56755;Mico/Sagui/Soinho;2025-08-10T09:31:00;RJ;Santa Maria Madalena;Obtido pelo GPS ou informado explicitamente;0.0;6;Normal
61682;56727;Macaco/Guariba/Bugio/Prego/Guigó;2025-08-09T16:37:41;MG;Papagaios;Obtido pelo GPS ou informado explicitamente;3.0;1;
61677;56722;Mico/Sagui/Soinho;2025-08-09T08:56:36;SP;Campinas;Coordenadas obtidas a partir do endereço;;1;Normal
61667;56712;Macaco/Guariba/Bugio/Prego/Guigó;2025-07-09T13:08:00;SP;Peruíbe;Obtido pelo GPS ou informado explicitamente;0.0;3;Normal
61666;56711;Macaco/Guariba/Bugio/Prego/Guigó;2025-08-09T11:01:00;RJ;Rio de Janeiro;Obtido pelo GPS ou informado explicitamente;3.0;20;Normal
61659;56704;Macaco/Guariba/Bugio/Prego/Guigó;2025-08-07T09:20:00;;;Obtido pelo GPS ou informado explicitamente;4.75;5;Normal
61658;56703;Macaco/Guariba/Bugio/Prego/Guigó;2025-08-08T08:30:00;RO;Porto Velho;Obtido pelo GPS ou informado explicitamente;0.0;1;
61649;56694;Mico/Sagui/Soinho;2025-08-07T11:02:00;MG;Botelhos;Obtido pelo GPS ou informado explicitamente;8.69;2;Normal
61648;56693;Mico/Sagui/Soinho;2025-08-08T15:24:48;MG;Contagem;Obtido pelo GPS ou informado explicitamente;;1;
61646;56691;Macaco/Guariba/Bugio/Prego/Guigó;2025-08-08T14:01:44;SP;Descalvado;Obtido pelo GPS ou informado explicitamente;3.7899999618530273;1;
61626;56671;Mico/Sagui/Soinho;2025-08-04T08:51:00;RJ;Niterói;Obtido pelo GPS ou informado explicitamente;3.7899;2;Normal
61623;56668;Mico/Sagui/Soinho;2025-08-03T14:20:00;RJ;Niterói;Obtido pelo GPS ou informado explicitamente;3.7899;4;Normal
61595;56640;Mico/Sagui/Soinho;2025-08-07T14:43:00;TO;Palmas;Obtido pelo GPS ou informado explicitamente;3.7899999618530273;1;
61593;56638;Mico/Sagui/Soinho;2025-08-06T13:10:04;RN;Natal;Coordenadas obtidas a partir do endereço;;1;
61591;56635;Mico/Sagui/Soinho;2025-08-07T14:02:10;MG;Betim;Obtido pelo GPS ou informado explicitamente;2.0;5;
61585;56629;Mico/Sagui/Soinho;2025-08-05T10:38:27;SP;Ribeirão Preto;Coordenadas obtidas a partir do endereço;;1;
61578;56622;Macaco/Guariba/Bugio/Prego/Guigó;2025-08-06T15:25:00;RS;Chuvisca;Obtido pelo GPS ou informado explicitamente;1.815999984741211;1;
61575;56619;Mico/Sagui/Soinho;2025-08-05T12:37:00;MG;Montes Claros;Obtido pelo GPS ou informado explicitamente;2.2330000400543213;1;Estranho
61573;56617;Mico/Sagui/Soinho;2025-07-25T09:42:40;SP;Ribeirão Preto;Obtido pelo GPS ou informado explicitamente;;1;
61553;56597;Mico/Sagui/Soinho;2025-08-04T10:46:00;MG;Ipatinga;Obtido pelo GPS ou informado explicitamente;1.5;1;
61542;56586;Mico/Sagui/Soinho;2025-08-04T14:16:00;SP;Campinas;Coordenadas obtidas a partir do endereço;;1;
61541;56585;Mico/Sagui/Soinho;2025-07-04T14:14:02;SP;Ribeirão Preto;Obtido pelo GPS ou informado explicitamente;;1;
61540;56584;Mico/Sagui/Soinho;2025-07-04T14:09:28;SP;Ribeirão Preto;Obtido pelo GPS ou informado explicitamente;;1;
61534;56578;Macaco/Guariba/Bugio/Prego/Guigó;2025-08-05T11:59:00;SP;Jaboticabal;Obtido pelo GPS ou informado explicitamente;0.0;1;
61533;56577;Mico/Sagui/Soinho;2025-08-03T11:30:32;SP;São José do Rio Preto;Coordenadas obtidas a partir do endereço;;1;
61531;56575;Macaco/Guariba/Bugio/Prego/Guigó;2025-08-05T10:00:00;PR;Cascavel;Coordenadas obtidas a partir do endereço;;1;
61508;56552;Mico/Sagui/Soinho;2025-07-04T16:34:49;SP;Ribeirão Preto;Obtido pelo GPS ou informado explicitamente;;1;
61507;56551;Mico/Sagui/Soinho;2025-07-04T16:07:07;SP;Ribeirão Preto;Obtido pelo GPS ou informado explicitamente;;1;
61503;56547;Mico/Sagui/Soinho;2025-08-04T08:56:00;MG;Engenheiro Navarro;Obtido pelo GPS ou informado explicitamente;0.0;1;
61498;56542;Mico/Sagui/Soinho;2025-08-04T07:10:55;RN;Natal;Coordenadas obtidas a partir do endereço;;1;Estranho
61497;56541;Mico/Sagui/Soinho;2025-08-02T13:40:15;RN;Natal;Obtido pelo GPS ou informado explicitamente;;1;
61496;56540;Mico/Sagui/Soinho;2025-08-03T14:28:30;SP;Ribeirão Preto;Obtido pelo GPS ou informado explicitamente;;1;
61494;56538;Mico/Sagui/Soinho;2025-08-04T13:39:00;SP;Sertãozinho;Obtido pelo GPS ou informado explicitamente;0.0;1;
61488;56532;Mico/Sagui/Soinho;2025-08-01T11:17:21;SP;Ribeirão Preto;Coordenadas obtidas a partir do endereço;;1;
61477;56521;Mico/Sagui/Soinho;2025-08-01T08:54:59;MG;Contagem;Obtido pelo GPS ou informado explicitamente;;1;
61470;56514;Mico/Sagui/Soinho;2025-08-03T10:15:00;PR;Curitiba;Obtido pelo GPS ou informado explicitamente;0.0;1;
61464;56508;Mico/Sagui/Soinho;2025-08-01T09:46:42;SP;Ribeirão Preto;Obtido pelo GPS ou informado explicitamente;;1;
61463;56507;Mico/Sagui/Soinho;2025-08-03T13:58:00;RJ;Petrópolis;Obtido pelo GPS ou informado explicitamente;6.699999809265137;3;Normal
61437;56481;Mico/Sagui/Soinho;2025-08-01T13:33:00;MG;Taiobeiras;Coordenadas obtidas a partir do endereço;;1;Normal
61434;56478;Mico/Sagui/Soinho;2025-08-02T11:40:00;SP;Campinas;Obtido pelo GPS ou informado explicitamente;10.8;3;Normal
61430;56474;Macaco/Guariba/Bugio/Prego/Guigó;2025-08-01T09:30:44;SC;Florianópolis;Coordenadas obtidas a partir do endereço;;1;
61424;56468;Macaco/Guariba/Bugio/Prego/Guigó;2025-08-01T19:49:00;MG;Unaí;Obtido pelo GPS ou informado explicitamente;16.084999084472656;1;
61423;56467;Macaco/Guariba/Bugio/Prego/Guigó;2025-08-01T18:45:00;MG;Unaí;Obtido pelo GPS ou informado explicitamente;0.0;1;
61419;56463;Mico/Sagui/Soinho;2025-08-01T15:36:21;MG;Mamonas;Obtido pelo GPS ou informado explicitamente;2.157000064849853;1;Normal
61417;56461;Mico/Sagui/Soinho;2025-08-01T10:40:00;MG;Ponte Nova;Coordenadas obtidas a partir do endereço;;1;
61415;56459;Mico/Sagui/Soinho;2025-08-01T13:37:00;MG;Taiobeiras;Obtido pelo GPS ou informado explicitamente;3.3;1;Normal
61414;56458;Mico/Sagui/Soinho;2025-08-01T13:25:00;MG;Rio Pardo de Minas;Obtido pelo GPS ou informado explicitamente;3.7899999618530273;1;Normal
61406;56450;Mico/Sagui/Soinho;2025-08-01T09:14:00;MG;Piranguçu;Obtido pelo GPS ou informado explicitamente;0.0;1;
61398;56442;Macaco/Guariba/Bugio/Prego/Guigó;2025-07-25T16:30:00;RS;Viamão;Coordenadas obtidas a partir do endereço;;1;
61389;56433;Mico/Sagui/Soinho;2025-07-31T18:38:00;MG;Rio Pardo de Minas;Obtido pelo GPS ou informado explicitamente;3.7899999618530273;1;
61386;56430;Macaco/Guariba/Bugio/Prego/Guigó;2025-07-31T14:55:00;ES;Santa Teresa;Obtido pelo GPS ou informado explicitamente;1.2999999523162842;1;
61382;56426;Mico/Sagui/Soinho;2025-07-31T14:49:00;SP;Piracicaba;Obtido pelo GPS ou informado explicitamente;2.6659998893737797;5;Normal
61380;56424;Mico/Sagui/Soinho;2025-07-31T14:56:00;SP;Jaguariúna;Coordenadas obtidas a partir do endereço;;1;
61379;56423;Macaco/Guariba/Bugio/Prego/Guigó;2025-07-31T09:53:29;RS;Venâncio Aires;Obtido pelo GPS ou informado explicitamente;1.6829999685287476;1;
61378;56422;Mico/Sagui/Soinho;2025-07-30T10:20:00;SP;Ribeirão Preto;Obtido pelo GPS ou informado explicitamente;;1;
61341;56385;Mico/Sagui/Soinho;2025-07-31T12:03:00;MG;Janaúba;Obtido pelo GPS ou informado explicitamente;7.1449;1;
61340;56384;Mico/Sagui/Soinho;2025-07-31T12:03:00;MG;Janaúba;Obtido pelo GPS ou informado explicitamente;7.1449;1;
61335;56379;Mico/Sagui/Soinho;2025-07-31T10:21:00;SP;Santa Rita do Passa Quatro;Obtido pelo GPS ou informado explicitamente;3.7899999618530273;1;
61330;56374;Mico/Sagui/Soinho;2025-07-29T09:53:00;MG;São João do Pacuí;Obtido pelo GPS ou informado explicitamente;3.7899999618530273;1;
61329;56373;Mico/Sagui/Soinho;2025-07-28T10:25:00;MG;São João do Pacuí;Obtido pelo GPS ou informado explicitamente;1.4709999561309814;1;
61326;56370;Mico/Sagui/Soinho;2025-07-09T14:14:00;MG;São João do Pacuí;Obtido pelo GPS ou informado explicitamente;1.6200000047683716;1;
61325;56369;Mico/Sagui/Soinho;2025-07-16T14:04:00;MG;São João do Pacuí;Obtido pelo GPS ou informado explicitamente;1.600000023841858;1;
61324;56368;Mico/Sagui/Soinho;2025-07-28T10:30:00;MG;São João do Pacuí;Obtido pelo GPS ou informado explicitamente;2.5510001182556152;1;
61323;56367;Mico/Sagui/Soinho;2025-07-24T08:21:00;MG;São João do Pacuí;Obtido pelo GPS ou informado explicitamente;2.1419999599456787;1;
61295;56339;Mico/Sagui/Soinho;2025-07-30T09:00:00;SP;São José do Rio Preto;Obtido pelo GPS ou informado explicitamente;;1;Doente
61291;56335;Mico/Sagui/Soinho;2025-07-30T15:01:44;SP;Itatiba;Obtido pelo GPS ou informado explicitamente;0.0;1;
61286;56330;Mico/Sagui/Soinho;2025-07-30T15:19:00;SP;Campinas;Coordenadas obtidas a partir do endereço;;1;
61283;56327;Mico/Sagui/Soinho;2025-07-30T13:35:20;PR;Maringá;Obtido pelo GPS ou informado explicitamente;4.954999923706055;1;
61275;56319;Mico/Sagui/Soinho;2025-07-30T10:33:20;MG;Itajubá;Obtido pelo GPS ou informado explicitamente;3.76200008392334;2;Normal
61274;56318;Mico/Sagui/Soinho;2025-07-30T10:30:24;MG;Itajubá;Obtido pelo GPS ou informado explicitamente;3.7899999618530273;2;Normal
61269;56313;Mico/Sagui/Soinho;2025-07-29T08:12:00;MG;Montes Claros;Obtido pelo GPS ou informado explicitamente;0.0;1;Normal
61252;56296;Macaco/Guariba/Bugio/Prego/Guigó;2025-07-26T17:33:00;RS;Santiago;Obtido pelo GPS ou informado explicitamente;0.0;1;
61241;56285;Mico/Sagui/Soinho;2025-07-04T11:35:00;MG;Monte Azul;Obtido pelo GPS ou informado explicitamente;4.400000095367432;1;
61239;56283;Mico/Sagui/Soinho;2025-07-29T09:30:00;PE;Floresta;Coordenadas obtidas a partir do endereço;;1;
61238;56282;Mico/Sagui/Soinho;2025-07-29T10:00:38;RN;Natal;Obtido pelo GPS ou informado explicitamente;;1;Estranho
61217;56261;Mico/Sagui/Soinho;2025-07-29T10:36:39;SP;Piracicaba;Obtido pelo GPS ou informado explicitamente;1.3300000429153442;5;Normal
61204;56248;Mico/Sagui/Soinho;2025-07-28T14:06:00;SP;Osasco;Obtido pelo GPS ou informado explicitamente;9.456000328063965;1;Normal
61202;56246;Mico/Sagui/Soinho;2025-07-25T17:40:26;RN;Natal;Coordenadas obtidas a partir do endereço;;1;Estranho
61185;56229;Mico/Sagui/Soinho;2025-07-24T08:30:00;MG;Três Pontas;Coordenadas obtidas a partir do endereço;;1;
61181;56225;Mico/Sagui/Soinho;2025-07-27T11:40:40;RN;Natal;Coordenadas obtidas a partir do endereço;;1;Estranho
61176;56220;Mico/Sagui/Soinho;2025-07-25T17:40:32;RN;Natal;Coordenadas obtidas a partir do endereço;;1;Estranho
61171;56215;Mico/Sagui/Soinho;2025-07-25T16:00:53;RN;Natal;Obtido pelo GPS ou informado explicitamente;;1;Estranho
61167;56211;Mico/Sagui/Soinho;2025-07-25T11:11:38;RN;Natal;Coordenadas obtidas a partir do endereço;;1;
61163;56207;Macaco/Guariba/Bugio/Prego/Guigó;2025-07-28T09:32:00;PR;Maringá;Coordenadas obtidas a partir do endereço;;1;
61153;56197;Mico/Sagui/Soinho;2025-07-27T16:00:00;RN;Mossoró;Obtido pelo GPS ou informado explicitamente;0.0;1;
61143;56187;Mico/Sagui/Soinho;2025-07-25T12:30:00;MG;Janaúba;Obtido pelo GPS ou informado explicitamente;0.0;1;
61129;56173;Mico/Sagui/Soinho;2025-07-27T09:39:00;MG;Capitão Enéas;Obtido pelo GPS ou informado explicitamente;30.0;1;Estranho
61120;56164;Mico/Sagui/Soinho;2025-07-26T15:34:00;BA;Urandi;Obtido pelo GPS ou informado explicitamente;1.315999984741211;1;Normal
61111;56155;Mico/Sagui/Soinho;2025-07-26T14:33:00;SP;São Paulo;Obtido pelo GPS ou informado explicitamente;2.900000095367432;1;Normal
61109;56153;Mico/Sagui/Soinho;2025-07-25T17:20:00;MG;Cataguases;Obtido pelo GPS ou informado explicitamente;3.0;1;
61089;56133;Mico/Sagui/Soinho;2025-07-25T11:38:00;RN;Natal;Coordenadas obtidas a partir do endereço;;1;
61029;56073;Mico/Sagui/Soinho;2025-07-23T10:05:14;SP;Valinhos;Obtido pelo GPS ou informado explicitamente;2.0;1;
61028;56072;Mico/Sagui/Soinho;2025-07-25T16:08:00;GO;Goiânia;Obtido pelo GPS ou informado explicitamente;0.0;1;
61009;56053;Mico/Sagui/Soinho;2025-07-19T10:44:00;MG;Francisco Sá;Obtido pelo GPS ou informado explicitamente;0.0;1;
61008;56052;Mico/Sagui/Soinho;2025-07-19T10:47:00;MG;Francisco Sá;Obtido pelo GPS ou informado explicitamente;44.97;1;
61007;56051;Mico/Sagui/Soinho;2025-07-17T14:35:00;MG;Francisco Sá;Obtido pelo GPS ou informado explicitamente;0.0;1;
61004;56048;Macaco/Guariba/Bugio/Prego/Guigó;2025-07-18T14:11:43;SP;Mirassol;Obtido pelo GPS ou informado explicitamente;;1;Doente
61003;56047;Mico/Sagui/Soinho;2025-07-24T13:54:12;MG;Monjolos;Obtido pelo GPS ou informado explicitamente;3.2160000801086426;1;
61002;56046;Mico/Sagui/Soinho;2025-07-24T10:05:00;MG;Varginha;Coordenadas obtidas a partir do endereço;;1;
61001;56045;Mico/Sagui/Soinho;2025-07-24T12:18:00;MG;Indaiabira;Coordenadas obtidas a partir do endereço;;1;
60989;56033;Mico/Sagui/Soinho;2025-07-24T08:43:00;MG;Mamonas;Obtido pelo GPS ou informado explicitamente;61.42;2;Normal
60978;56022;Mico/Sagui/Soinho;2025-07-24T09:33:00;MG;São João do Paraíso;Obtido pelo GPS ou informado explicitamente;0.0;2;Normal
60973;56017;Mico/Sagui/Soinho;2025-07-24T07:18:24;MG;Papagaios;Obtido pelo GPS ou informado explicitamente;3.187999963760376;1;
60972;56016;Mico/Sagui/Soinho;2025-07-18T09:00:00;SP;Atibaia;Obtido pelo GPS ou informado explicitamente;5.16;3;Normal
60970;56014;Mico/Sagui/Soinho;2025-07-04T12:36:00;MG;Porteirinha;Obtido pelo GPS ou informado explicitamente;5.099999904632568;1;
60969;56013;Macaco/Guariba/Bugio/Prego/Guigó;2025-07-18T17:18:00;SC;Passos Maia;Obtido pelo GPS ou informado explicitamente;0.0;1;Normal
60967;56011;Macaco/Guariba/Bugio/Prego/Guigó;2025-07-23T14:28:00;SP;Luís Antônio;Obtido pelo GPS ou informado explicitamente;1.0;1;
60965;56009;Macaco/Guariba/Bugio/Prego/Guigó;2025-07-23T14:29:48;AM;Tefé;Obtido pelo GPS ou informado explicitamente;3.0;10;Normal
60964;56008;Macaco/Guariba/Bugio/Prego/Guigó;2025-07-23T14:29:48;AM;Tefé;Obtido pelo GPS ou informado explicitamente;3.0;10;Normal
60963;56007;Macaco/Guariba/Bugio/Prego/Guigó;2025-07-23T14:29:48;AM;Tefé;Obtido pelo GPS ou informado explicitamente;3.0;10;Normal
60955;55999;Mico/Sagui/Soinho;2025-07-23T08:49:00;MG;Ubaí;Obtido pelo GPS ou informado explicitamente;1.2999999523162842;2;
60947;55991;Mico/Sagui/Soinho;2025-07-04T11:50:00;MG;Porteirinha;Obtido pelo GPS ou informado explicitamente;5.0;1;Normal
60946;55990;Mico/Sagui/Soinho;2025-07-04T11:40:00;MG;Porteirinha;Obtido pelo GPS ou informado explicitamente;5.0;1;
60945;55989;Mico/Sagui/Soinho;2025-07-04T11:35:00;MG;Porteirinha;Obtido pelo GPS ou informado explicitamente;5.0;1;
60936;55980;Mico/Sagui/Soinho;2025-07-02T13:10:00;MG;Monte Azul;Obtido pelo GPS ou informado explicitamente;4.665999889373779;1;Normal
60935;55979;Mico/Sagui/Soinho;2025-07-02T13:08:00;MG;Monte Azul;Obtido pelo GPS ou informado explicitamente;5.900000095367432;1;Normal
60934;55978;Mico/Sagui/Soinho;2025-07-22T11:21:00;MG;Lassance;Coordenadas obtidas a partir do endereço;;1;
60933;55977;Macaco/Guariba/Bugio/Prego/Guigó;2025-07-22T11:07:00;SP;Piracicaba;Obtido pelo GPS ou informado explicitamente;4.2220001220703125;13;Normal
60931;55975;Mico/Sagui/Soinho;2025-07-21T10:40:00;SP;São José do Rio Preto;Obtido pelo GPS ou informado explicitamente;;1;
60922;55966;Macaco/Guariba/Bugio/Prego/Guigó;2025-07-21T16:10:00;SP;Luís Antônio;Obtido pelo GPS ou informado explicitamente;1.6829999685287476;1;Doente
60915;55959;Mico/Sagui/Soinho;2025-07-19T10:30:00;MG;Varginha;Coordenadas obtidas a partir do endereço;;1;
60906;55950;Macaco/Guariba/Bugio/Prego/Guigó;2025-07-21T13:40:00;PR;Curitiba;Obtido pelo GPS ou informado explicitamente;1.8329999446868896;1;
60898;55942;Mico/Sagui/Soinho;2025-07-20T19:00:45;SC;Florianópolis;Obtido pelo GPS ou informado explicitamente;;1;
60897;55941;Mico/Sagui/Soinho;2025-07-21T09:00:00;RN;Natal;Obtido pelo GPS ou informado explicitamente;;1;Estranho
60896;55940;Mico/Sagui/Soinho;2025-07-21T09:00:51;RN;Natal;Obtido pelo GPS ou informado explicitamente;;1;Estranho
60895;55939;Macaco/Guariba/Bugio/Prego/Guigó;2025-07-19T16:50:34;SC;Florianópolis;Coordenadas obtidas a partir do endereço;;1;
60894;55938;Mico/Sagui/Soinho;2025-07-18T10:10:02;RN;Natal;Coordenadas obtidas a partir do endereço;;1;
60889;55933;Mico/Sagui/Soinho;2025-07-15T09:08:00;SP;Campinas;Obtido pelo GPS ou informado explicitamente;0.0;1;
60884;55928;Mico/Sagui/Soinho;2025-07-20T14:04:00;MG;Viçosa;Obtido pelo GPS ou informado explicitamente;3.7899999618530273;2;Normal
60880;55924;Mico/Sagui/Soinho;2025-07-20T12:54:42;RJ;Rio de Janeiro;Obtido pelo GPS ou informado explicitamente;;1;Normal
60879;55923;Mico/Sagui/Soinho;2025-07-20T12:38:06;RJ;Rio de Janeiro;Obtido pelo GPS ou informado explicitamente;;5;Normal
60872;55916;Mico/Sagui/Soinho;2025-07-20T11:12:28;RJ;Nova Iguaçu;Obtido pelo GPS ou informado explicitamente;;2;Normal
60841;55885;Mico/Sagui/Soinho;2025-07-19T09:39:36;DF;Brasília;Obtido pelo GPS ou informado explicitamente;3.43;2;Normal
60822;55866;Mico/Sagui/Soinho;2025-07-18T15:08:00;SP;Osasco;Obtido pelo GPS ou informado explicitamente;2.0;5;Normal
60821;55865;Macaco/Guariba/Bugio/Prego/Guigó;2025-07-15T10:15:00;SP;Piracicaba;Obtido pelo GPS ou informado explicitamente;0.0;40;Normal
60820;55864;Mico/Sagui/Soinho;2025-07-18T14:00:00;MG;Monte Belo;Obtido pelo GPS ou informado explicitamente;3.0;2;Normal
60819;55863;Mico/Sagui/Soinho;2025-07-18T13:44:00;MG;Monte Belo;Coordenadas obtidas a partir do endereço;;1;
60754;55798;Mico/Sagui/Soinho;2025-07-15T09:36:27;SP;Osasco;Obtido pelo GPS ou informado explicitamente;2.400000095367432;5;Normal
60753;55797;Mico/Sagui/Soinho;2025-07-17T17:02:00;TO;Palmas;Obtido pelo GPS ou informado explicitamente;3.7899999618530273;1;
60746;55790;Mico/Sagui/Soinho;2025-07-17T14:34:00;BA;Sento Sé;Obtido pelo GPS ou informado explicitamente;1.3279999494552612;3;Normal
60745;55789;Mico/Sagui/Soinho;2025-07-17T14:11:00;MG;Betim;Obtido pelo GPS ou informado explicitamente;2.799999952316284;1;Doente
60731;55775;Mico/Sagui/Soinho;2025-07-17T08:23:00;RJ;Maricá;Obtido pelo GPS ou informado explicitamente;2.5;1;
60704;55748;Mico/Sagui/Soinho;2025-07-16T17:13:38;MG;Varginha;Obtido pelo GPS ou informado explicitamente;1.0;1;
60703;55747;Mico/Sagui/Soinho;2025-07-16T16:57:33;MG;Varginha;Obtido pelo GPS ou informado explicitamente;1.0;1;
60702;55746;Mico/Sagui/Soinho;2025-07-16T16:17:00;SP;Itanhaém;Obtido pelo GPS ou informado explicitamente;2.700000047683716;1;
60697;55741;Mico/Sagui/Soinho;2025-07-16T13:06:00;MG;Belo Horizonte;Obtido pelo GPS ou informado explicitamente;18.69;5;Normal
60696;55740;Mico/Sagui/Soinho;2025-07-16T13:19:00;MG;Belo Horizonte;Obtido pelo GPS ou informado explicitamente;18.78;5;Normal
60695;55739;Mico/Sagui/Soinho;2025-07-16T13:25:00;MG;Belo Horizonte;Obtido pelo GPS ou informado explicitamente;25.94;5;Normal
60694;55738;Mico/Sagui/Soinho;2025-07-16T13:21:00;MG;Belo Horizonte;Obtido pelo GPS ou informado explicitamente;32.7;5;Normal
60693;55737;Mico/Sagui/Soinho;2025-07-16T13:20:00;MG;Belo Horizonte;Obtido pelo GPS ou informado explicitamente;19.34;5;Normal
60643;55687;Mico/Sagui/Soinho;2025-07-14T14:36:00;SP;Campinas;Coordenadas obtidas a partir do endereço;;1;
60642;55686;Mico/Sagui/Soinho;2025-07-15T09:20:00;RN;Mossoró;Obtido pelo GPS ou informado explicitamente;0.0;1;
60631;55673;Mico/Sagui/Soinho;2025-07-14T14:26:32;SP;Ribeirão Preto;Coordenadas obtidas a partir do endereço;;1;
60630;55672;Mico/Sagui/Soinho;2025-07-15T10:42:31;SP;São José do Rio Preto;Obtido pelo GPS ou informado explicitamente;;1;
60628;55670;Mico/Sagui/Soinho;2025-06-16T08:45:00;MG;Rio Manso;Obtido pelo GPS ou informado explicitamente;0.0;6;
60626;55668;Mico/Sagui/Soinho;2025-07-03T08:30:00;MG;Brasília de Minas;Obtido pelo GPS ou informado explicitamente;0.0;1;
60625;55667;Mico/Sagui/Soinho;2025-07-15T09:25:05;MG;Mamonas;Obtido pelo GPS ou informado explicitamente;27.82;1;Normal
60595;55637;Mico/Sagui/Soinho;2025-07-13T11:54:38;RJ;Nova Iguaçu;Obtido pelo GPS ou informado explicitamente;;9;Normal
60591;55633;Mico/Sagui/Soinho;2025-07-13T11:54:50;RJ;Nova Iguaçu;Obtido pelo GPS ou informado explicitamente;;9;Normal
60589;55631;Mico/Sagui/Soinho;2025-07-14T14:10:00;MG;Lassance;Coordenadas obtidas a partir do endereço;;1;
60586;55628;Mico/Sagui/Soinho;2025-07-14T13:57:00;MG;Lassance;Coordenadas obtidas a partir do endereço;;1;
60582;55624;Mico/Sagui/Soinho;2025-07-12T16:29:41;SP;Ribeirão Preto;Obtido pelo GPS ou informado explicitamente;;1;
60565;55607;Macaco/Guariba/Bugio/Prego/Guigó;2025-07-14T11:17:25;RS;Três Coroas;Obtido pelo GPS ou informado explicitamente;1.7999999523162842;1;
60497;55538;Mico/Sagui/Soinho;2025-07-10T15:51:00;SP;São Paulo;Obtido pelo GPS ou informado explicitamente;0.0;2;Normal
60492;55533;Macaco/Guariba/Bugio/Prego/Guigó;2025-07-13T12:47:00;MS;Corumbá;Obtido pelo GPS ou informado explicitamente;3.0;6;Normal
60477;55518;Macaco/Guariba/Bugio/Prego/Guigó;2025-07-12T07:09:00;SP;Natividade da Serra;Obtido pelo GPS ou informado explicitamente;3.0;1;
60473;55514;Mico/Sagui/Soinho;2025-07-13T10:23:57;SP;Campinas;Obtido pelo GPS ou informado explicitamente;;1;Normal
60467;55508;Macaco/Guariba/Bugio/Prego/Guigó;2025-07-13T10:15:47;RJ;Rio de Janeiro;Obtido pelo GPS ou informado explicitamente;3.7899999618530273;1;Estranho
60386;55423;Macaco/Guariba/Bugio/Prego/Guigó;2025-07-12T08:00:00;SP;Natividade da Serra;Coordenadas obtidas a partir do endereço;;1;
60384;55421;Mico/Sagui/Soinho;2025-07-11T14:33:51;SP;Ribeirão Preto;Obtido pelo GPS ou informado explicitamente;;1;
60315;55352;Mico/Sagui/Soinho;2025-07-11T11:38:13;SP;Campinas;Obtido pelo GPS ou informado explicitamente;;4;Normal
60300;55337;Macaco/Guariba/Bugio/Prego/Guigó;2025-07-10T17:16:00;RS;Santa Maria;Obtido pelo GPS ou informado explicitamente;4.5;1;
60299;55336;Mico/Sagui/Soinho;2025-07-11T14:00:06;SP;Valinhos;Obtido pelo GPS ou informado explicitamente;2.0;1;
60298;55335;Mico/Sagui/Soinho;2025-07-11T16:06:00;MG;Piranguinho;Obtido pelo GPS ou informado explicitamente;2.0;1;
60252;55287;Mico/Sagui/Soinho;2025-07-11T08:57:08;SP;São José do Rio Preto;Obtido pelo GPS ou informado explicitamente;;1;
60251;55286;Macaco/Guariba/Bugio/Prego/Guigó;2025-07-08T14:34:37;SC;Florianópolis;Obtido pelo GPS ou informado explicitamente;;1;
60245;55280;Mico/Sagui/Soinho;2025-07-08T17:49:00;MG;Jaíba;Obtido pelo GPS ou informado explicitamente;2.3499999046325684;1;
60244;55279;Mico/Sagui/Soinho;2025-07-10T15:26:01;SP;São José do Rio Preto;Coordenadas obtidas a partir do endereço;;1;
60236;55271;Macaco/Guariba/Bugio/Prego/Guigó;2025-07-09T10:24:00;MS;Corumbá;Obtido pelo GPS ou informado explicitamente;5.68;6;Normal
60222;55257;Mico/Sagui/Soinho;2025-07-10T10:15:00;SP;Campinas;Obtido pelo GPS ou informado explicitamente;16.74;2;Normal
60221;55256;Mico/Sagui/Soinho;2025-07-10T10:05:00;SP;Campinas;Obtido pelo GPS ou informado explicitamente;9.57;6;Normal
60217;55252;Mico/Sagui/Soinho;2025-07-10T10:00:00;RN;Natal;Obtido pelo GPS ou informado explicitamente;;1;
60208;55243;Mico/Sagui/Soinho;2025-07-07T09:10:00;SP;Campinas;Obtido pelo GPS ou informado explicitamente;0.0;1;
60206;55241;Macaco/Guariba/Bugio/Prego/Guigó;2025-06-19T15:30:00;RS;Dois Irmãos;Obtido pelo GPS ou informado explicitamente;0.0;1;
60200;55235;Macaco/Guariba/Bugio/Prego/Guigó;2025-07-09T20:16:16;RO;Itapuã do Oeste;Obtido pelo GPS ou informado explicitamente;;1;
60189;55224;Mico/Sagui/Soinho;2025-06-17T13:13:00;MG;Montezuma;Obtido pelo GPS ou informado explicitamente;2.359999895095825;2;Normal
60188;55223;Mico/Sagui/Soinho;2025-06-17T13:09:00;MG;Montezuma;Obtido pelo GPS ou informado explicitamente;2.565999984741211;1;Normal
60187;55222;Mico/Sagui/Soinho;2025-07-01T08:43:00;MG;Lassance;Coordenadas obtidas a partir do endereço;;1;
60186;55221;Mico/Sagui/Soinho;2025-07-09T17:43:00;MG;Lassance;Coordenadas obtidas a partir do endereço;;1;
60184;55219;Mico/Sagui/Soinho;2025-07-04T15:44:00;CE;Fortaleza;Coordenadas obtidas a partir do endereço;;1;
60168;55203;Macaco/Guariba/Bugio/Prego/Guigó;2025-07-08T10:26:00;MS;Corumbá;Obtido pelo GPS ou informado explicitamente;3.0;1;Normal
60154;55189;Mico/Sagui/Soinho;2025-07-08T09:00:00;MG;Ponte Nova;Coordenadas obtidas a partir do endereço;;1;
60149;55184;Mico/Sagui/Soinho;2025-07-08T16:42:00;SP;Campinas;Obtido pelo GPS ou informado explicitamente;6.42;1;
60148;55183;Macaco/Guariba/Bugio/Prego/Guigó;2025-07-08T16:38:00;SP;Jaboticabal;Obtido pelo GPS ou informado explicitamente;3.7899999618530273;1;Normal
60147;55182;Mico/Sagui/Soinho;2025-07-08T14:43:32;MG;São Francisco;Obtido pelo GPS ou informado explicitamente;3.2160000801086426;1;
60145;55180;Macaco/Guariba/Bugio/Prego/Guigó;2025-07-08T10:00:00;MG;Poços de Caldas;Obtido pelo GPS ou informado explicitamente;0.0;1;
60143;55178;Mico/Sagui/Soinho;2025-07-08T14:43:32;MG;São Francisco;Obtido pelo GPS ou informado explicitamente;3.2160000801086426;1;
60141;55176;Mico/Sagui/Soinho;2025-07-05T09:00:00;MG;Teófilo Otoni;Obtido pelo GPS ou informado explicitamente;13.82;1;
60140;55175;Macaco/Guariba/Bugio/Prego/Guigó;2025-07-08T10:18:00;MS;Corumbá;Obtido pelo GPS ou informado explicitamente;1.366000056266785;1;Normal
60131;55166;Macaco/Guariba/Bugio/Prego/Guigó;2025-07-08T09:55:00;MG;Virgínia;Obtido pelo GPS ou informado explicitamente;3.97;8;Normal
60124;55159;Mico/Sagui/Soinho;2025-07-08T10:19:41;MG;Sete Lagoas;Obtido pelo GPS ou informado explicitamente;3.796999931335449;1;
60097;55132;Macaco/Guariba/Bugio/Prego/Guigó;2025-07-07T16:28:00;PR;São José dos Pinhais;Obtido pelo GPS ou informado explicitamente;13.56;1;Normal
60095;55130;Macaco/Guariba/Bugio/Prego/Guigó;2025-07-07T16:25:00;PR;São José dos Pinhais;Obtido pelo GPS ou informado explicitamente;2.1659998893737797;1;
60085;55120;Mico/Sagui/Soinho;2025-07-07T15:11:00;MG;Ubaí;Obtido pelo GPS ou informado explicitamente;1.399999976158142;1;
60071;55106;Mico/Sagui/Soinho;2025-07-04T15:30:00;PR;Curitiba;Obtido pelo GPS ou informado explicitamente;0.0;1;
59995;55027;Mico/Sagui/Soinho;2025-07-06T12:09:34;SP;Campinas;Obtido pelo GPS ou informado explicitamente;;1;Normal
59979;55011;Mico/Sagui/Soinho;2025-07-06T14:02:11;SP;Sertãozinho;Obtido pelo GPS ou informado explicitamente;3.7899999618530273;1;
59978;55010;Mico/Sagui/Soinho;2025-07-05T13:25:00;MG;Itajubá;Obtido pelo GPS ou informado explicitamente;20.0;4;Normal
59971;55003;Mico/Sagui/Soinho;2025-07-05T20:32:00;SP;Campinas;Obtido pelo GPS ou informado explicitamente;3.858000040054321;1;Doente
59945;54977;Mico/Sagui/Soinho;2025-05-22T08:08:00;MG;Buenópolis;Coordenadas obtidas a partir do endereço;;1;Doente
59945;54976;Mico/Sagui/Soinho;2025-05-22T08:08:00;MG;Buenópolis;Coordenadas obtidas a partir do endereço;;1;
59912;54943;Mico/Sagui/Soinho;2025-07-05T10:06:00;MG;Francisco Sá;Obtido pelo GPS ou informado explicitamente;1.5110000371932983;6;Normal
59910;54940;Mico/Sagui/Soinho;2025-07-04T15:50:37;SP;Bady Bassitt;Obtido pelo GPS ou informado explicitamente;;1;
59908;54938;Mico/Sagui/Soinho;2025-06-24T09:29:00;MG;São João da Lagoa;Obtido pelo GPS ou informado explicitamente;1.6660000085830688;1;Normal
59906;54936;Mico/Sagui/Soinho;2025-07-02T14:43:52;SP;São Paulo;Obtido pelo GPS ou informado explicitamente;4.86;3;Normal
59880;54910;Macaco/Guariba/Bugio/Prego/Guigó;2025-06-06T06:51:00;AC;Manoel Urbano;Obtido pelo GPS ou informado explicitamente;10.0;1;Normal
59877;54906;Mico/Sagui/Soinho;2025-07-03T17:21:00;RJ;Niterói;Obtido pelo GPS ou informado explicitamente;5.052000045776367;1;Estranho
59875;54904;Mico/Sagui/Soinho;2025-06-30T08:41:00;MG;Paraopeba;Obtido pelo GPS ou informado explicitamente;0.0;1;
59868;54897;Mico/Sagui/Soinho;2025-07-03T11:00:37;SP;São José do Rio Preto;Obtido pelo GPS ou informado explicitamente;;1;
59857;54886;Mico/Sagui/Soinho;2025-07-01T13:41:00;PR;Curitiba;Obtido pelo GPS ou informado explicitamente;0.0;1;
59850;54879;Mico/Sagui/Soinho;2025-07-03T07:39:00;SP;Campinas;Obtido pelo GPS ou informado explicitamente;0.0;2;Normal
59849;54878;Mico/Sagui/Soinho;2025-07-03T07:46:00;MG;Capitão Enéas;Obtido pelo GPS ou informado explicitamente;2.299999952316284;1;Normal
59839;54868;Mico/Sagui/Soinho;2025-07-02T19:27:00;TO;Palmas;Obtido pelo GPS ou informado explicitamente;4.0;2;
59836;54865;Mico/Sagui/Soinho;2025-07-02T15:47:41;SP;São José do Rio Preto;Obtido pelo GPS ou informado explicitamente;;1;
59835;54864;Mico/Sagui/Soinho;2025-07-02T13:07:56;SC;Florianópolis;Obtido pelo GPS ou informado explicitamente;;1;
59834;54863;Mico/Sagui/Soinho;2025-07-01T10:14:29;SP;Ribeirão Preto;Obtido pelo GPS ou informado explicitamente;;1;
59821;54850;Macaco/Guariba/Bugio/Prego/Guigó;2025-07-02T07:35:00;SP;Guatapará;Obtido pelo GPS ou informado explicitamente;2.844000101089477;1;Normal
59820;54849;Mico/Sagui/Soinho;2025-07-02T10:56:00;SP;Campinas;Coordenadas obtidas a partir do endereço;;1;
59818;54847;Macaco/Guariba/Bugio/Prego/Guigó;2025-06-12T07:38:00;AM;Manaus;Obtido pelo GPS ou informado explicitamente;0.0;1;Normal
59817;54846;Mico/Sagui/Soinho;2025-07-02T10:31:02;MG;Janaúba;Obtido pelo GPS ou informado explicitamente;3.7899999618530273;1;Normal
59816;54845;Mico/Sagui/Soinho;2025-06-30T10:31:01;SP;Valinhos;Obtido pelo GPS ou informado explicitamente;2.0;1;
59807;54836;Macaco/Guariba/Bugio/Prego/Guigó;2025-07-02T07:17:16;MG;Marliéria;Obtido pelo GPS ou informado explicitamente;3.7899999618530273;1;
59797;54826;Mico/Sagui/Soinho;2025-06-06T09:46:00;MG;Montes Claros;Obtido pelo GPS ou informado explicitamente;4.199999809265137;1;Normal
59792;54821;Mico/Sagui/Soinho;2025-06-30T14:24:00;MG;São João do Pacuí;Obtido pelo GPS ou informado explicitamente;3.0480000972747803;1;
59791;54820;Mico/Sagui/Soinho;2025-06-27T14:53:00;MG;São João do Pacuí;Obtido pelo GPS ou informado explicitamente;1.5;1;Estranho
59790;54819;Mico/Sagui/Soinho;2025-07-01T08:00:00;MG;Engenheiro Navarro;Obtido pelo GPS ou informado explicitamente;0.0;1;
59785;54814;Mico/Sagui/Soinho;2025-06-24T11:47:00;RJ;Rio de Janeiro;Coordenadas obtidas a partir do endereço;;4;Normal
59783;54812;Mico/Sagui/Soinho;2025-07-01T11:15:00;MG;Capitão Enéas;Obtido pelo GPS ou informado explicitamente;1.741000056266785;8;Normal
59782;54811;Mico/Sagui/Soinho;2025-06-30T15:30:00;SP;São João da Boa Vista;Obtido pelo GPS ou informado explicitamente;0.0;1;
59779;54808;Mico/Sagui/Soinho;2025-06-30T08:27:00;SP;São Paulo;Obtido pelo GPS ou informado explicitamente;6.507999897003174;1;Estranho
59778;54807;Macaco/Guariba/Bugio/Prego/Guigó;2025-06-30T10:08:00;SC;Florianópolis;Obtido pelo GPS ou informado explicitamente;;1;
59771;54800;Mico/Sagui/Soinho;2025-06-30T10:30:00;RN;Mossoró;Coordenadas obtidas a partir do endereço;;1;
59770;54799;Mico/Sagui/Soinho;2025-06-30T10:00:00;RN;Mossoró;Coordenadas obtidas a partir do endereço;;1;
59769;54798;Macaco/Guariba/Bugio/Prego/Guigó;2025-06-30T15:28:13;SP;Miracatu;Coordenadas obtidas a partir do endereço;;10;Normal
59765;54794;Mico/Sagui/Soinho;2025-06-26T14:26:30;RN;Natal;Coordenadas obtidas a partir do endereço;;1;
59763;54792;Mico/Sagui/Soinho;2025-06-30T10:25:27;SP;Ribeirão Preto;Coordenadas obtidas a partir do endereço;;1;
59760;54789;Mico/Sagui/Soinho;2025-06-30T11:33:33;SP;São José do Rio Preto;Obtido pelo GPS ou informado explicitamente;;1;
59750;54779;Mico/Sagui/Soinho;2025-06-29T13:36:00;PR;Curitiba;Obtido pelo GPS ou informado explicitamente;0.0;1;
59746;54775;Macaco/Guariba/Bugio/Prego/Guigó;2025-06-30T07:34:00;SP;Tapiraí;Obtido pelo GPS ou informado explicitamente;3.799999952316284;12;Normal
59745;54774;Mico/Sagui/Soinho;2025-06-27T15:05:00;CE;Fortaleza;Coordenadas obtidas a partir do endereço;;1;
59742;54771;Mico/Sagui/Soinho;2025-06-28T16:32:00;RJ;Santa Maria Madalena;Obtido pelo GPS ou informado explicitamente;0.0;6;Normal
59722;54751;Macaco/Guariba/Bugio/Prego/Guigó;2025-06-28T11:01:00;RJ;Quissamã;Coordenadas obtidas a partir do endereço;;3;Normal
59720;54749;Macaco/Guariba/Bugio/Prego/Guigó;2025-06-27T10:20:00;RJ;Rio de Janeiro;Coordenadas obtidas a partir do endereço;;1;
59695;54724;Mico/Sagui/Soinho;2025-06-27T15:24:54;SP;Campinas;Obtido pelo GPS ou informado explicitamente;;2;Normal
59693;54722;Mico/Sagui/Soinho;2025-06-27T15:58:00;SP;Campinas;Obtido pelo GPS ou informado explicitamente;19.71;1;
59690;54719;Mico/Sagui/Soinho;2025-06-27T16:13:00;RJ;Petrópolis;Obtido pelo GPS ou informado explicitamente;1.899999976158142;5;Normal
59689;54718;Mico/Sagui/Soinho;2025-06-27T15:33:06;MG;Cristina;Obtido pelo GPS ou informado explicitamente;3.7899999618530273;1;
59688;54717;Mico/Sagui/Soinho;2025-06-27T16:08:34;RJ;Petrópolis;Obtido pelo GPS ou informado explicitamente;2.0999999046325684;5;Normal
59687;54716;Mico/Sagui/Soinho;2025-06-27T14:07:24;SP;Valinhos;Obtido pelo GPS ou informado explicitamente;2.0;1;
59620;54649;Macaco/Guariba/Bugio/Prego/Guigó;2025-06-17T18:30:00;MG;Verdelândia;Obtido pelo GPS ou informado explicitamente;0.0;1;
59614;54643;Mico/Sagui/Soinho;2025-06-27T11:16:58;RJ;Petrópolis;Obtido pelo GPS ou informado explicitamente;48.42;1;Doente
59607;54636;Macaco/Guariba/Bugio/Prego/Guigó;2025-06-25T15:00:59;RJ;Quissamã;Obtido pelo GPS ou informado explicitamente;;3;Normal
59574;54603;Macaco/Guariba/Bugio/Prego/Guigó;2025-05-20T15:34:51;RJ;Rio de Janeiro;Obtido pelo GPS ou informado explicitamente;;2;Normal
59564;54593;Mico/Sagui/Soinho;2025-06-26T15:50:38;MG;Sete Lagoas;Obtido pelo GPS ou informado explicitamente;3.0;1;
59563;54592;Mico/Sagui/Soinho;2025-06-25T13:34:57;SP;Valinhos;Obtido pelo GPS ou informado explicitamente;;1;
59562;54591;Mico/Sagui/Soinho;2025-06-26T15:22:00;GO;Goiânia;Obtido pelo GPS ou informado explicitamente;0.0;1;
59561;54590;Mico/Sagui/Soinho;2025-06-26T15:15:00;GO;Aparecida de Goiânia;Obtido pelo GPS ou informado explicitamente;0.0;1;
59559;54588;Mico/Sagui/Soinho;2025-06-25T13:52:00;SP;Campinas;Coordenadas obtidas a partir do endereço;;1;
59529;54558;Mico/Sagui/Soinho;2025-05-27T15:55:00;MG;Janaúba;Obtido pelo GPS ou informado explicitamente;1.866000056266785;1;Normal
59528;54557;Mico/Sagui/Soinho;2025-06-25T16:34:00;MG;Montes Claros;Obtido pelo GPS ou informado explicitamente;2.4110000133514404;1;
59446;54473;Mico/Sagui/Soinho;2025-06-25T09:16:33;SC;Florianópolis;Obtido pelo GPS ou informado explicitamente;;1;
59431;54458;Mico/Sagui/Soinho;2025-06-24T18:05:00;SC;Florianópolis;Coordenadas obtidas a partir do endereço;;1;
59423;54450;Macaco/Guariba/Bugio/Prego/Guigó;2025-06-22T07:43:00;GO;Itapuranga;Obtido pelo GPS ou informado explicitamente;0.0;1;
59422;54449;Macaco/Guariba/Bugio/Prego/Guigó;2025-06-24T11:39:00;RJ;Rio de Janeiro;Obtido pelo GPS ou informado explicitamente;1.7999999523162842;8;Normal
59421;54448;Mico/Sagui/Soinho;2025-06-16T09:03:00;SP;Sertãozinho;Coordenadas obtidas a partir do endereço;;1;
59419;54446;Mico/Sagui/Soinho;2025-06-05T10:03:05;MG;Montes Claros;Obtido pelo GPS ou informado explicitamente;1.600000023841858;1;
59415;54442;Mico/Sagui/Soinho;2025-06-24T08:39:00;DF;Brasília;Obtido pelo GPS ou informado explicitamente;4.0;1;Normal
59404;54429;Mico/Sagui/Soinho;2025-06-21T16:42:00;CE;Fortaleza;Coordenadas obtidas a partir do endereço;;1;
59399;54424;Mico/Sagui/Soinho;2025-06-22T14:45:00;SP;Ribeirão Preto;Coordenadas obtidas a partir do endereço;;1;
59398;54423;Mico/Sagui/Soinho;2025-06-21T14:41:00;SP;Ribeirão Preto;Coordenadas obtidas a partir do endereço;;1;
59397;54422;Mico/Sagui/Soinho;2025-06-22T09:17:00;MG;Leopoldina;Obtido pelo GPS ou informado explicitamente;3.7899999618530273;1;Normal
59396;54421;Mico/Sagui/Soinho;2025-06-20T10:39:00;MG;Paraopeba;Obtido pelo GPS ou informado explicitamente;0.0;1;
59354;54379;Macaco/Guariba/Bugio/Prego/Guigó;2025-06-23T08:49:00;SP;Pontal;Obtido pelo GPS ou informado explicitamente;0.0;1;Normal
59344;54369;Mico/Sagui/Soinho;2025-06-20T10:20:00;MG;Itapagipe;Coordenadas obtidas a partir do endereço;;1;
59343;54368;Mico/Sagui/Soinho;2025-06-21T15:07:00;PE;Exu;Obtido pelo GPS ou informado explicitamente;0.0;5;Normal
59340;54365;Mico/Sagui/Soinho;2025-06-11T07:40:00;RJ;Niterói;Obtido pelo GPS ou informado explicitamente;0.0;3;Normal
59327;54352;Mico/Sagui/Soinho;2025-06-22T13:45:00;SP;Amparo;Obtido pelo GPS ou informado explicitamente;20.0;1;
59326;54349;Mico/Sagui/Soinho;2025-06-22T13:43:00;SP;Amparo;Obtido pelo GPS ou informado explicitamente;3.0239999294281006;1;
59317;54340;Mico/Sagui/Soinho;2025-06-22T07:22:00;MG;Capitão Enéas;Obtido pelo GPS ou informado explicitamente;2.900000095367432;1;Normal
59309;54332;Mico/Sagui/Soinho;2025-06-21T17:12:00;SP;Serra Azul;Obtido pelo GPS ou informado explicitamente;0.0;1;
59308;54331;Mico/Sagui/Soinho;2025-06-21T13:45:00;MG;Botelhos;Obtido pelo GPS ou informado explicitamente;8.300000190734863;1;
59264;54287;Mico/Sagui/Soinho;2025-06-20T17:27:00;SP;Campinas;Coordenadas obtidas a partir do endereço;;1;
59263;54286;Mico/Sagui/Soinho;2025-06-20T17:28:00;MG;Campestre;Obtido pelo GPS ou informado explicitamente;1.5;1;
59262;54285;Mico/Sagui/Soinho;2025-06-20T17:22:00;SP;Campinas;Coordenadas obtidas a partir do endereço;;1;
59261;54284;Mico/Sagui/Soinho;2025-06-11T16:14:24;MG;Augusto de Lima;Obtido pelo GPS ou informado explicitamente;0.0;1;
59260;54283;Mico/Sagui/Soinho;2025-06-20T15:50:30;SP;Ribeirão Preto;Obtido pelo GPS ou informado explicitamente;;1;
59259;54282;Mico/Sagui/Soinho;2025-06-20T15:26:00;SP;Socorro;Obtido pelo GPS ou informado explicitamente;3.7899999618530273;1;Normal
59258;54281;Mico/Sagui/Soinho;2025-06-20T09:56:00;MG;São Lourenço;Coordenadas obtidas a partir do endereço;;1;
59256;54279;Mico/Sagui/Soinho;2025-06-19T20:03:00;SP;Campinas;Obtido pelo GPS ou informado explicitamente;1.52400004863739;1;
59252;54275;Mico/Sagui/Soinho;2025-06-19T15:21:34;SP;Ribeirão Preto;Obtido pelo GPS ou informado explicitamente;;1;
59251;54274;Mico/Sagui/Soinho;2025-06-19T15:15:33;SP;Ribeirão Preto;Coordenadas obtidas a partir do endereço;;1;
59250;54273;Mico/Sagui/Soinho;2025-06-19T15:11:33;SP;Ribeirão Preto;Obtido pelo GPS ou informado explicitamente;;1;
59217;54240;Macaco/Guariba/Bugio/Prego/Guigó;2025-06-17T03:01:00;PI;Altos;Obtido pelo GPS ou informado explicitamente;2.5510001182556152;2;Normal
59209;54232;Mico/Sagui/Soinho;2025-06-16T15:45:24;SC;Florianópolis;Obtido pelo GPS ou informado explicitamente;;1;
59208;54231;Mico/Sagui/Soinho;2025-06-18T15:30:01;SP;São José do Rio Preto;Obtido pelo GPS ou informado explicitamente;;1;
59203;54226;Macaco/Guariba/Bugio/Prego/Guigó;2025-06-17T15:00:00;RS;Cerro Grande do Sul;Coordenadas obtidas a partir do endereço;;1;
59196;54219;Mico/Sagui/Soinho;2025-06-17T20:00:00;MG;Capitão Enéas;Obtido pelo GPS ou informado explicitamente;4.790999889373779;1;Normal
59193;54216;Mico/Sagui/Soinho;2025-06-17T17:15:38;SP;Campinas;Obtido pelo GPS ou informado explicitamente;;2;Normal
59186;54209;Mico/Sagui/Soinho;2025-06-17T15:21:54;SP;Ribeirão Preto;Obtido pelo GPS ou informado explicitamente;;1;
59185;54208;Mico/Sagui/Soinho;2025-06-17T15:13:45;SP;Ribeirão Preto;Obtido pelo GPS ou informado explicitamente;;1;
59182;54205;Mico/Sagui/Soinho;2025-06-06T14:59:49;SP;São José do Rio Preto;Obtido pelo GPS ou informado explicitamente;;1;Doente
59177;54200;Macaco/Guariba/Bugio/Prego/Guigó;2025-06-13T14:28:07;SC;Florianópolis;Obtido pelo GPS ou informado explicitamente;;1;
59173;54196;Mico/Sagui/Soinho;2025-06-17T12:01:00;MG;Montes Claros;Obtido pelo GPS ou informado explicitamente;3.766000032424927;1;Normal
59172;54195;Mico/Sagui/Soinho;2025-06-17T12:11:00;SP;Campinas;Obtido pelo GPS ou informado explicitamente;6.55;1;Normal
59171;54194;Macaco/Guariba/Bugio/Prego/Guigó;2025-06-13T10:26:00;PR;Curitiba;Obtido pelo GPS ou informado explicitamente;0.0;1;
59170;54193;Mico/Sagui/Soinho;2025-06-17T08:19:00;SP;Jambeiro;Coordenadas obtidas a partir do endereço;;1;
59162;54185;Mico/Sagui/Soinho;2025-06-16T16:18:35;SP;Campinas;Obtido pelo GPS ou informado explicitamente;17.884000778198242;1;
59161;54184;Mico/Sagui/Soinho;2025-06-16T15:29:00;SP;Guatapará;Obtido pelo GPS ou informado explicitamente;1.600000023841858;4;Normal
59155;54178;Macaco/Guariba/Bugio/Prego/Guigó;2025-01-24T10:46:00;SP;Guatapará;Obtido pelo GPS ou informado explicitamente;3.7899999618530273;1;Normal
59150;54173;Macaco/Guariba/Bugio/Prego/Guigó;2025-01-24T10:30:00;SP;Guatapará;Obtido pelo GPS ou informado explicitamente;2.242000102996826;2;Normal
59149;54172;Mico/Sagui/Soinho;2025-06-16T11:49:00;MG;Capitão Enéas;Obtido pelo GPS ou informado explicitamente;4.75;1;Normal
59146;54169;Mico/Sagui/Soinho;2025-06-16T11:12:00;MG;Uberaba;Obtido pelo GPS ou informado explicitamente;3.7899999618530273;1;
59145;54168;Mico/Sagui/Soinho;2025-06-16T11:12:00;MG;Uberaba;Obtido pelo GPS ou informado explicitamente;3.7899999618530273;1;
59144;54167;Macaco/Guariba/Bugio/Prego/Guigó;2025-06-14T15:02:00;RS;Viamão;Coordenadas obtidas a partir do endereço;;1;
59140;54163;Mico/Sagui/Soinho;2025-05-08T09:00:00;SP;Guatapará;Obtido pelo GPS ou informado explicitamente;3.4809999465942383;2;Normal
59139;54162;Mico/Sagui/Soinho;2025-02-21T11:03:00;SP;Guatapará;Obtido pelo GPS ou informado explicitamente;3.7899999618530273;4;Normal
59136;54159;Mico/Sagui/Soinho;2025-06-13T15:00:07;SC;Florianópolis;Obtido pelo GPS ou informado explicitamente;;1;
59134;54157;Mico/Sagui/Soinho;2025-05-23T11:59:00;SP;Serra Azul;Obtido pelo GPS ou informado explicitamente;2.07;1;
59120;54143;Mico/Sagui/Soinho;2025-06-15T14:24:00;SP;Campinas;Obtido pelo GPS ou informado explicitamente;15.09;1;
59092;54114;Mico/Sagui/Soinho;2025-06-01T09:00:00;MG;Brasília de Minas;Obtido pelo GPS ou informado explicitamente;0.0;1;
59062;54084;Mico/Sagui/Soinho;2025-06-13T15:49:31;SP;Ribeirão Preto;Obtido pelo GPS ou informado explicitamente;;1;
59055;54077;Mico/Sagui/Soinho;2025-05-21T14:47:52;SC;Florianópolis;Obtido pelo GPS ou informado explicitamente;;1;
59036;54058;Mico/Sagui/Soinho;2025-06-05T15:42:07;SP;Valinhos;Obtido pelo GPS ou informado explicitamente;2.0;1;
59023;54045;Mico/Sagui/Soinho;2025-06-04T16:16:00;RJ;Niterói;Obtido pelo GPS ou informado explicitamente;0.0;1;
58948;53970;Mico/Sagui/Soinho;2025-06-12T17:06:00;SP;Campinas;Coordenadas obtidas a partir do endereço;;1;
58939;53961;Mico/Sagui/Soinho;2025-06-12T16:48:00;SP;Campinas;Coordenadas obtidas a partir do endereço;;1;
58926;53948;Mico/Sagui/Soinho;2025-06-12T14:40:11;MG;Uberaba;Obtido pelo GPS ou informado explicitamente;3.0;1;
58887;53909;Mico/Sagui/Soinho;2025-06-12T08:51:00;MG;Brasília de Minas;Obtido pelo GPS ou informado explicitamente;0.0;1;
58875;53897;Mico/Sagui/Soinho;2025-06-11T14:32:00;MG;Coronel Fabriciano;Obtido pelo GPS ou informado explicitamente;1.7000000476837158;1;
58867;53889;Mico/Sagui/Soinho;2025-06-11T23:15:00;MG;Francisco Sá;Obtido pelo GPS ou informado explicitamente;2.900000095367432;1;
58860;53882;Mico/Sagui/Soinho;2025-06-12T08:15:42;MG;Timóteo;Obtido pelo GPS ou informado explicitamente;39.93;1;
58837;53858;Mico/Sagui/Soinho;2025-06-11T15:11:00;MG;Olhos-d'Água;Obtido pelo GPS ou informado explicitamente;0.0;1;Normal
58835;53856;Mico/Sagui/Soinho;2025-06-11T15:27:00;MG;Nova Lima;Obtido pelo GPS ou informado explicitamente;2.0999;1;
58831;53852;Mico/Sagui/Soinho;2025-06-11T14:57:00;MG;Várzea da Palma;Coordenadas obtidas a partir do endereço;;3;
58802;53823;Mico/Sagui/Soinho;2025-06-11T10:44:00;MG;Nova Lima;Obtido pelo GPS ou informado explicitamente;2.4;1;
58801;53822;Mico/Sagui/Soinho;2025-06-11T10:42:17;MG;Ipatinga;Obtido pelo GPS ou informado explicitamente;2.851999998092652;1;
58797;53818;Mico/Sagui/Soinho;2025-06-10T15:10:58;RN;Natal;Coordenadas obtidas a partir do endereço;;1;
58796;53817;Mico/Sagui/Soinho;2025-06-11T09:12:48;MG;São João da Lagoa;Obtido pelo GPS ou informado explicitamente;3.7899999618530273;2;Normal
58788;53809;Macaco/Guariba/Bugio/Prego/Guigó;2025-06-10T09:10:00;RS;Viamão;Coordenadas obtidas a partir do endereço;;1;
58686;53707;Mico/Sagui/Soinho;2025-06-10T07:58:00;MG;Montes Claros;Obtido pelo GPS ou informado explicitamente;13.23900032043457;2;
58684;53705;Mico/Sagui/Soinho;2025-06-09T14:16:00;SP;Campinas;Coordenadas obtidas a partir do endereço;;1;
58683;53704;Mico/Sagui/Soinho;2025-06-05T14:11:00;SP;Campinas;Coordenadas obtidas a partir do endereço;;1;
58679;53700;Mico/Sagui/Soinho;2025-05-16T13:32:00;RN;Baraúna;Coordenadas obtidas a partir do endereço;;1;
58678;53699;Mico/Sagui/Soinho;2025-06-10T13:15:00;SP;Osasco;Coordenadas obtidas a partir do endereço;;4;Normal
58660;53681;Mico/Sagui/Soinho;2025-06-10T10:11:04;SP;Campinas;Obtido pelo GPS ou informado explicitamente;3.0;1;
58629;53650;Macaco/Guariba/Bugio/Prego/Guigó;2025-06-05T14:32:19;RJ;Quissamã;Coordenadas obtidas a partir do endereço;;2;Normal
58625;53646;Mico/Sagui/Soinho;2025-06-09T14:36:00;MG;Belo Horizonte;Obtido pelo GPS ou informado explicitamente;3.7899999618530273;5;Normal
58624;53645;Mico/Sagui/Soinho;2025-06-09T14:18:26;MG;Belo Oriente;Obtido pelo GPS ou informado explicitamente;;1;
58619;53640;Mico/Sagui/Soinho;2025-06-09T11:17:00;MG;São João do Pacuí;Obtido pelo GPS ou informado explicitamente;1.5800000429153442;1;
58618;53639;Mico/Sagui/Soinho;2025-06-09T11:06:41;MG;Monjolos;Obtido pelo GPS ou informado explicitamente;3.2160000801086426;2;
58600;53621;Macaco/Guariba/Bugio/Prego/Guigó;2025-06-09T08:54:00;SP;Sertãozinho;Obtido pelo GPS ou informado explicitamente;59.749000549316406;2;Normal
58599;53620;Mico/Sagui/Soinho;2025-06-09T09:01:00;MG;Varginha;Coordenadas obtidas a partir do endereço;;5;Normal
58596;53617;Mico/Sagui/Soinho;2025-05-30T09:11:00;RJ;Niterói;Obtido pelo GPS ou informado explicitamente;13.65;2;Normal
58591;53612;Mico/Sagui/Soinho;2025-05-29T10:15:00;RJ;Niterói;Obtido pelo GPS ou informado explicitamente;0.0;4;Normal
58579;53600;Macaco/Guariba/Bugio/Prego/Guigó;2025-06-08T13:14:00;RJ;Rio de Janeiro;Obtido pelo GPS ou informado explicitamente;12.43;3;Normal
58574;53595;Mico/Sagui/Soinho;2025-05-27T09:37:00;RJ;Niterói;Obtido pelo GPS ou informado explicitamente;0.0;3;Normal
58560;53581;Mico/Sagui/Soinho;2025-06-06T10:13:15;SP;Ribeirão Preto;Obtido pelo GPS ou informado explicitamente;;1;
58542;53563;Mico/Sagui/Soinho;2025-05-26T09:05:00;RJ;Niterói;Obtido pelo GPS ou informado explicitamente;0.0;2;Normal
58538;53559;Macaco/Guariba/Bugio/Prego/Guigó;2025-06-06T18:00:00;MG;Unaí;Obtido pelo GPS ou informado explicitamente;0.0;1;Doente
58535;53556;Mico/Sagui/Soinho;2025-06-06T15:56:00;SP;Campinas;Coordenadas obtidas a partir do endereço;;1;
58531;53552;Mico/Sagui/Soinho;2025-06-06T13:32:00;SP;Campinas;Obtido pelo GPS ou informado explicitamente;3.733999967575073;1;
58523;53544;Mico/Sagui/Soinho;2025-04-23T10:00:00;RN;Mossoró;Coordenadas obtidas a partir do endereço;;2;Normal
58518;53539;Mico/Sagui/Soinho;2025-06-06T06:50:00;MG;Itapagipe;Coordenadas obtidas a partir do endereço;;1;
58507;53528;Mico/Sagui/Soinho;2025-06-04T13:38:11;SP;Ribeirão Preto;Obtido pelo GPS ou informado explicitamente;;1;
58506;53527;Mico/Sagui/Soinho;2025-06-03T16:32:12;SP;Ribeirão Preto;Obtido pelo GPS ou informado explicitamente;;1;
58505;53526;Mico/Sagui/Soinho;2025-06-04T13:21:00;SP;Campinas;Coordenadas obtidas a partir do endereço;;1;
58504;53525;Mico/Sagui/Soinho;2025-06-03T14:48:09;SP;Sertãozinho;Obtido pelo GPS ou informado explicitamente;;1;
58499;53520;Mico/Sagui/Soinho;2025-06-05T10:45:42;MG;Uberaba;Obtido pelo GPS ou informado explicitamente;3.7899999618530273;1;
58461;53482;Macaco/Guariba/Bugio/Prego/Guigó;2025-06-05T09:02:52;GO;Aragoiânia;Obtido pelo GPS ou informado explicitamente;3.790092468261719;1;
58456;53477;Mico/Sagui/Soinho;2025-06-04T08:48:00;MG;Teófilo Otoni;Coordenadas obtidas a partir do endereço;;1;Doente
58452;53473;Mico/Sagui/Soinho;2025-06-04T09:00:00;RJ;Rio de Janeiro;Coordenadas obtidas a partir do endereço;;1;Doente
58451;53472;Macaco/Guariba/Bugio/Prego/Guigó;2025-06-03T14:46:00;MG;Dionísio;Obtido pelo GPS ou informado explicitamente;3.7899999618530273;25;Normal
58403;53424;Mico/Sagui/Soinho;2025-06-04T11:04:00;GO;Goiânia;Obtido pelo GPS ou informado explicitamente;0.0;1;
58402;53423;Mico/Sagui/Soinho;2025-06-02T12:51:00;MG;Paraopeba;Obtido pelo GPS ou informado explicitamente;0.0;1;
58399;53420;Mico/Sagui/Soinho;2025-06-03T09:50:00;RN;Natal;Obtido pelo GPS ou informado explicitamente;;1;Doente
58398;53419;Mico/Sagui/Soinho;2025-05-31T10:00:56;SP;Ribeirão Preto;Coordenadas obtidas a partir do endereço;;1;
58397;53418;Mico/Sagui/Soinho;2025-05-30T14:31:13;SP;Ribeirão Preto;Coordenadas obtidas a partir do endereço;;1;
58382;53403;Mico/Sagui/Soinho;2025-05-30T09:51:51;SP;São José do Rio Preto;Coordenadas obtidas a partir do endereço;;1;
58372;53393;Macaco/Guariba/Bugio/Prego/Guigó;2025-06-03T15:27:00;RS;Sinimbu;Coordenadas obtidas a partir do endereço;;2;
58367;53388;Mico/Sagui/Soinho;2025-05-29T15:13:00;MG;Francisco Sá;Obtido pelo GPS ou informado explicitamente;7.62;1;
58366;53387;Mico/Sagui/Soinho;2025-05-29T15:26:00;MG;Francisco Sá;Obtido pelo GPS ou informado explicitamente;33.12;1;
58365;53386;Mico/Sagui/Soinho;2025-05-29T15:46:00;MG;Francisco Sá;Obtido pelo GPS ou informado explicitamente;54.37;1;
58358;53379;Mico/Sagui/Soinho;2025-06-02T10:00:45;SP;Mogi das Cruzes;Obtido pelo GPS ou informado explicitamente;;1;
58347;53368;Mico/Sagui/Soinho;2025-06-03T09:10:00;MG;Pirapora;Obtido pelo GPS ou informado explicitamente;1.899999976158142;1;
58344;53365;Macaco/Guariba/Bugio/Prego/Guigó;2025-05-28T14:12:00;SP;Luís Antônio;Obtido pelo GPS ou informado explicitamente;3.7899999618530273;1;Normal
58321;53342;Mico/Sagui/Soinho;2025-06-02T17:45:41;MG;Conceição dos Ouros;Obtido pelo GPS ou informado explicitamente;4.644999980926514;1;
58318;53339;Macaco/Guariba/Bugio/Prego/Guigó;2025-06-02T16:25:00;MG;Senador Amaral;Obtido pelo GPS ou informado explicitamente;1.2999999523162842;1;
58317;53338;Mico/Sagui/Soinho;2025-06-02T14:00:01;MG;Nova Lima;Obtido pelo GPS ou informado explicitamente;3.005000114440918;1;
58316;53337;Mico/Sagui/Soinho;2025-06-02T13:21:55;SP;Ribeirão Preto;Obtido pelo GPS ou informado explicitamente;;1;
58314;53335;Macaco/Guariba/Bugio/Prego/Guigó;2025-05-30T02:35:00;MG;Chapada Gaúcha;Obtido pelo GPS ou informado explicitamente;1.2999999523162842;1;Doente
58313;53334;Mico/Sagui/Soinho;2025-05-28T10:00:00;SP;Itatiba;Obtido pelo GPS ou informado explicitamente;0.0;1;
58278;53299;Macaco/Guariba/Bugio/Prego/Guigó;2025-05-30T14:30:00;MG;Chapada Gaúcha;Coordenadas obtidas a partir do endereço;;1;Doente
58274;53295;Mico/Sagui/Soinho;2025-06-02T09:28:00;SP;Osasco;Obtido pelo GPS ou informado explicitamente;3.7899999618530273;2;Normal
58271;53292;Mico/Sagui/Soinho;2025-05-29T14:00:57;SP;Ribeirão Preto;Obtido pelo GPS ou informado explicitamente;;1;
58270;53291;Mico/Sagui/Soinho;2025-06-02T09:06:26;SP;Ribeirão Preto;Coordenadas obtidas a partir do endereço;;1;
58269;53290;Mico/Sagui/Soinho;2025-05-28T10:10:31;SP;Ribeirão Preto;Obtido pelo GPS ou informado explicitamente;;1;
58265;53286;Mico/Sagui/Soinho;2025-05-26T12:30:27;SP;Ribeirão Preto;Obtido pelo GPS ou informado explicitamente;;1;
58254;53274;Macaco/Guariba/Bugio/Prego/Guigó;2025-06-01T11:12:00;RJ;Itatiaia;Obtido pelo GPS ou informado explicitamente;9.41;2;Normal
58253;53273;Macaco/Guariba/Bugio/Prego/Guigó;2025-06-01T14:56:08;RJ;Itatiaia;Obtido pelo GPS ou informado explicitamente;12.99;8;Normal
58251;53271;Mico/Sagui/Soinho;2025-06-01T13:58:00;SP;Campinas;Obtido pelo GPS ou informado explicitamente;25.24;3;Normal
58250;53270;Mico/Sagui/Soinho;2025-06-01T13:38:00;MG;Lagoa dos Patos;Obtido pelo GPS ou informado explicitamente;2.484999895095825;3;Normal
58234;53254;Macaco/Guariba/Bugio/Prego/Guigó;2025-05-31T11:51:00;MG;Virgínia;Coordenadas obtidas a partir do endereço;;1;Doente
58214;53233;Mico/Sagui/Soinho;2025-05-21T12:21:00;RJ;Niterói;Obtido pelo GPS ou informado explicitamente;14.23;3;Normal
58208;53227;Mico/Sagui/Soinho;2025-05-30T14:16:09;SP;Valinhos;Obtido pelo GPS ou informado explicitamente;;1;
58199;53218;Mico/Sagui/Soinho;2025-05-30T14:04:00;SP;Morungaba;Obtido pelo GPS ou informado explicitamente;6.229000091552734;1;
58197;53216;Mico/Sagui/Soinho;2025-05-30T14:36:00;MG;Lassance;Obtido pelo GPS ou informado explicitamente;3.7899999618530273;1;
58196;53215;Macaco/Guariba/Bugio/Prego/Guigó;2025-05-30T13:14:38;MG;Arinos;Obtido pelo GPS ou informado explicitamente;1.3329999446868896;1;
58195;53214;Mico/Sagui/Soinho;2025-04-28T10:09:49;SP;Ribeirão Preto;Coordenadas obtidas a partir do endereço;;1;
58163;53182;Macaco/Guariba/Bugio/Prego/Guigó;2025-05-30T09:57:10;RJ;Itaperuna;Obtido pelo GPS ou informado explicitamente;;2;Normal
58160;53179;Mico/Sagui/Soinho;2025-05-29T10:26:00;SP;Ribeirão Preto;Coordenadas obtidas a partir do endereço;;1;
58159;53178;Mico/Sagui/Soinho;2025-05-30T06:48:00;ES;Vila Velha;Obtido pelo GPS ou informado explicitamente;7.41;1;
58150;53169;Mico/Sagui/Soinho;2025-05-29T03:15:00;MG;Janaúba;Coordenadas obtidas a partir do endereço;;1;Normal
58125;53143;Mico/Sagui/Soinho;2025-05-23T07:20:00;MG;São João do Pacuí;Obtido pelo GPS ou informado explicitamente;1.899999976158142;1;
58124;53142;Mico/Sagui/Soinho;2025-05-28T17:05:25;SP;Jambeiro;Obtido pelo GPS ou informado explicitamente;1.2660000324249268;1;
58122;53140;Mico/Sagui/Soinho;2025-05-29T09:54:00;MG;Montes Claros;Obtido pelo GPS ou informado explicitamente;2.2330000400543213;1;
58118;53136;Mico/Sagui/Soinho;2025-05-29T10:19:22;SP;Mogi das Cruzes;Obtido pelo GPS ou informado explicitamente;;1;Doente
58117;53135;Mico/Sagui/Soinho;2025-05-28T10:16:00;SP;Campinas;Coordenadas obtidas a partir do endereço;;1;
58114;53132;Mico/Sagui/Soinho;2025-05-29T08:45:06;MG;Contagem;Obtido pelo GPS ou informado explicitamente;;1;
58093;53111;Macaco/Guariba/Bugio/Prego/Guigó;2025-05-28T12:20:00;MG;Dionísio;Obtido pelo GPS ou informado explicitamente;3.0;16;Normal
58074;53092;Mico/Sagui/Soinho;2025-05-28T15:58:00;SP;Ribeirão Preto;Coordenadas obtidas a partir do endereço;;1;
58059;53077;Mico/Sagui/Soinho;2025-05-26T10:14:00;SP;Campinas;Obtido pelo GPS ou informado explicitamente;0.0;1;
58058;53076;Mico/Sagui/Soinho;2025-05-28T13:24:19;MG;Janaúba;Obtido pelo GPS ou informado explicitamente;3.7899999618530273;3;Normal
58057;53075;Mico/Sagui/Soinho;2025-05-28T13:18:00;MG;Nova Porteirinha;Obtido pelo GPS ou informado explicitamente;3.7899999618530273;1;Normal
58056;53074;Mico/Sagui/Soinho;2025-05-28T10:11:16;MG;Montes Claros;Obtido pelo GPS ou informado explicitamente;3.950000047683716;1;
58054;53072;Mico/Sagui/Soinho;2025-05-27T09:37:00;SP;Campinas;Coordenadas obtidas a partir do endereço;;1;
58053;53071;Mico/Sagui/Soinho;2025-05-27T09:32:00;SP;Campinas;Obtido pelo GPS ou informado explicitamente;0.0;2;
58052;53070;Macaco/Guariba/Bugio/Prego/Guigó;2025-05-25T17:25:00;GO;Acreúna;Obtido pelo GPS ou informado explicitamente;1.2419999837875366;1;
58049;53067;Mico/Sagui/Soinho;2025-05-28T08:14:00;MG;Bocaiúva;Obtido pelo GPS ou informado explicitamente;3.7899999618530273;5;Normal
58048;53066;Mico/Sagui/Soinho;2025-05-27T07:50:09;SP;São José do Rio Preto;Obtido pelo GPS ou informado explicitamente;;1;
58030;53048;Macaco/Guariba/Bugio/Prego/Guigó;2025-05-27T17:07:00;MG;Marliéria;Obtido pelo GPS ou informado explicitamente;7.5;1;
58024;53042;Mico/Sagui/Soinho;2025-05-27T15:23:16;SP;Campinas;Obtido pelo GPS ou informado explicitamente;;3;Normal
58020;53038;Mico/Sagui/Soinho;2025-05-27T16:05:00;SP;Ribeirão Preto;Coordenadas obtidas a partir do endereço;;1;
58018;53036;Mico/Sagui/Soinho;2025-05-27T15:34:00;SP;Ribeirão Preto;Coordenadas obtidas a partir do endereço;;1;
58017;53035;Mico/Sagui/Soinho;2025-05-26T15:06:00;SP;Ribeirão Preto;Coordenadas obtidas a partir do endereço;;1;
58014;53032;Mico/Sagui/Soinho;2025-05-27T14:09:00;SP;Morungaba;Obtido pelo GPS ou informado explicitamente;3.858000040054321;1;
58011;53029;Mico/Sagui/Soinho;2025-05-27T14:13:00;MG;São João do Pacuí;Obtido pelo GPS ou informado explicitamente;3.7899999618530273;1;Normal
58009;53027;Mico/Sagui/Soinho;2025-05-24T13:03:00;CE;Fortaleza;Coordenadas obtidas a partir do endereço;;1;
58008;53026;Mico/Sagui/Soinho;2025-05-27T12:21:06;SP;Guararema;Coordenadas obtidas a partir do endereço;;1;
58006;53024;Mico/Sagui/Soinho;2025-05-27T10:31:00;TO;Palmas;Coordenadas obtidas a partir do endereço;;2;
58005;53023;Mico/Sagui/Soinho;2025-05-27T11:10:00;SP;Campinas;Obtido pelo GPS ou informado explicitamente;4.9;3;Normal
57992;53010;Macaco/Guariba/Bugio/Prego/Guigó;2025-05-24T08:47:03;SP;São José do Rio Preto;Obtido pelo GPS ou informado explicitamente;;1;Doente
57984;53002;Mico/Sagui/Soinho;2025-05-26T15:23:00;MG;Mariana;Obtido pelo GPS ou informado explicitamente;1.2999999523162842;1;
57982;53000;Macaco/Guariba/Bugio/Prego/Guigó;2025-05-26T16:13:31;RS;Santa Maria;Obtido pelo GPS ou informado explicitamente;3.0;1;
57977;52995;Mico/Sagui/Soinho;2025-05-22T15:50:04;RN;Natal;Coordenadas obtidas a partir do endereço;;1;
57974;52992;Mico/Sagui/Soinho;2025-05-26T09:00:00;SP;São Sebastião da Grama;Obtido pelo GPS ou informado explicitamente;0.0;1;
57973;52991;Mico/Sagui/Soinho;2025-05-08T14:18:00;SP;Ribeirão Preto;Coordenadas obtidas a partir do endereço;;1;
57972;52990;Mico/Sagui/Soinho;2025-05-10T13:27:00;SP;Ribeirão Preto;Coordenadas obtidas a partir do endereço;;1;
57958;52976;Mico/Sagui/Soinho;2025-05-26T10:29:00;MG;Patos de Minas;Obtido pelo GPS ou informado explicitamente;3.54;1;
57957;52975;Mico/Sagui/Soinho;2025-05-26T09:07:00;MG;Patos de Minas;Obtido pelo GPS ou informado explicitamente;3.58;1;
57947;52965;Mico/Sagui/Soinho;2025-05-25T11:21:36;SP;Campinas;Obtido pelo GPS ou informado explicitamente;;1;Normal
57935;52953;Mico/Sagui/Soinho;2025-05-25T10:25:23;MG;Botelhos;Obtido pelo GPS ou informado explicitamente;23.92;9;Normal
57877;52892;Mico/Sagui/Soinho;2025-05-23T14:28:00;MG;Caetanópolis;Obtido pelo GPS ou informado explicitamente;0.0;1;
57875;52890;Mico/Sagui/Soinho;2025-05-23T10:07:00;SP;São Simão;Obtido pelo GPS ou informado explicitamente;1.5;2;Normal
57873;52888;Macaco/Guariba/Bugio/Prego/Guigó;2025-05-23T11:14:00;SP;São Simão;Obtido pelo GPS ou informado explicitamente;1.7999999523162842;3;Normal
57870;52885;Mico/Sagui/Soinho;2025-05-23T12:18:00;SP;São Simão;Obtido pelo GPS ou informado explicitamente;2.299999952316284;3;Normal
57867;52882;Macaco/Guariba/Bugio/Prego/Guigó;2025-05-23T11:23:00;SP;São Simão;Obtido pelo GPS ou informado explicitamente;1.5;3;Normal
57865;52880;Mico/Sagui/Soinho;2025-05-23T09:48:18;RJ;Rio de Janeiro;Obtido pelo GPS ou informado explicitamente;;1;
57862;52877;Mico/Sagui/Soinho;2025-05-23T10:44:44;RJ;Laje do Muriaé;Coordenadas obtidas a partir do endereço;;1;
57861;52876;Mico/Sagui/Soinho;2025-05-22T07:38:00;MG;Paraopeba;Obtido pelo GPS ou informado explicitamente;0.0;1;
57838;52853;Macaco/Guariba/Bugio/Prego/Guigó;2025-05-22T10:08:00;MG;Unaí;Obtido pelo GPS ou informado explicitamente;0.0;1;Doente
57837;52852;Mico/Sagui/Soinho;2025-05-21T14:59:18;SP;Barretos;Coordenadas obtidas a partir do endereço;;1;Doente
57834;52849;Mico/Sagui/Soinho;2025-04-17T14:09:00;SP;Ribeirão Preto;Coordenadas obtidas a partir do endereço;;1;
57833;52848;Mico/Sagui/Soinho;2025-05-01T13:28:00;SP;Ribeirão Preto;Coordenadas obtidas a partir do endereço;;1;
57817;52832;Mico/Sagui/Soinho;2025-05-22T10:42:00;SP;Caraguatatuba;Obtido pelo GPS ou informado explicitamente;3.880000114440918;2;
57784;52798;Mico/Sagui/Soinho;2025-05-21T16:25:00;GO;Caldas Novas;Obtido pelo GPS ou informado explicitamente;;1;
57783;52797;Mico/Sagui/Soinho;2025-05-22T09:14:00;MG;Buenópolis;Coordenadas obtidas a partir do endereço;;1;
57782;52796;Mico/Sagui/Soinho;2025-05-22T08:45:00;MG;Campestre;Obtido pelo GPS ou informado explicitamente;1.8279999494552608;4;Normal
57781;52795;Macaco/Guariba/Bugio/Prego/Guigó;2025-05-22T07:53:20;MG;Poços de Caldas;Obtido pelo GPS ou informado explicitamente;1.399999976158142;2;Normal
57778;52792;Macaco/Guariba/Bugio/Prego/Guigó;2025-05-21T14:47:00;MG;Marliéria;Obtido pelo GPS ou informado explicitamente;6.864999771118164;25;Normal
57771;52785;Mico/Sagui/Soinho;2025-05-12T15:27:00;SP;Ribeirão Preto;Coordenadas obtidas a partir do endereço;;1;
57769;52783;Mico/Sagui/Soinho;2025-05-21T14:36:03;PR;Araucária;Coordenadas obtidas a partir do endereço;;1;Doente
57766;52780;Mico/Sagui/Soinho;2025-05-21T11:53:22;SP;Ribeirão Preto;Coordenadas obtidas a partir do endereço;;1;
57763;52777;Mico/Sagui/Soinho;2025-05-21T10:44:30;MG;Jequitaí;Obtido pelo GPS ou informado explicitamente;1.3329999446868896;1;Normal
57760;52774;Mico/Sagui/Soinho;2025-05-20T09:58:00;MG;Japonvar;Obtido pelo GPS ou informado explicitamente;100.0;1;
57752;52766;Mico/Sagui/Soinho;2025-05-21T09:16:00;RN;Mossoró;Coordenadas obtidas a partir do endereço;;1;
57716;52730;Mico/Sagui/Soinho;2025-05-20T11:44:00;MG;Patos de Minas;Obtido pelo GPS ou informado explicitamente;3.54;1;
57715;52729;Macaco/Guariba/Bugio/Prego/Guigó;2025-05-20T11:19:00;MG;Patos de Minas;Obtido pelo GPS ou informado explicitamente;4.75;1;
57714;52728;Mico/Sagui/Soinho;2025-05-20T11:25:00;MG;Patos de Minas;Obtido pelo GPS ou informado explicitamente;4.73;1;
57713;52727;Mico/Sagui/Soinho;2025-05-20T10:59:00;MG;Patos de Minas;Obtido pelo GPS ou informado explicitamente;3.54;1;
57701;52715;Mico/Sagui/Soinho;2025-05-20T09:56:00;MG;Patos de Minas;Obtido pelo GPS ou informado explicitamente;3.54;1;
57698;52712;Mico/Sagui/Soinho;2025-05-20T09:34:00;MG;Patos de Minas;Obtido pelo GPS ou informado explicitamente;3.54;1;
57697;52711;Mico/Sagui/Soinho;2025-05-20T09:24:00;MG;Patos de Minas;Obtido pelo GPS ou informado explicitamente;4.58;1;
57693;52707;Mico/Sagui/Soinho;2025-05-20T09:19:00;MG;Patos de Minas;Obtido pelo GPS ou informado explicitamente;3.62;1;
57692;52706;Mico/Sagui/Soinho;2025-05-20T09:12:35;MG;Patos de Minas;Obtido pelo GPS ou informado explicitamente;3.54;1;
57691;52705;Mico/Sagui/Soinho;2025-05-20T08:58:00;MG;Patos de Minas;Obtido pelo GPS ou informado explicitamente;3.54;2;
57690;52704;Mico/Sagui/Soinho;2025-05-20T08:15:44;MG;Contagem;Obtido pelo GPS ou informado explicitamente;;1;
57689;52703;Mico/Sagui/Soinho;2025-05-20T08:38:00;MG;Patos de Minas;Obtido pelo GPS ou informado explicitamente;3.68;1;
57686;52700;Mico/Sagui/Soinho;2025-05-08T15:17:00;MG;Lagoa dos Patos;Coordenadas obtidas a partir do endereço;;2;
57680;52694;Mico/Sagui/Soinho;2025-05-19T17:06:39;GO;Alto Paraíso de Goiás;Coordenadas obtidas a partir do endereço;;6;Normal
57661;52675;Macaco/Guariba/Bugio/Prego/Guigó;2025-05-19T14:32:33;TO;Palmeirópolis;Obtido pelo GPS ou informado explicitamente;;1;
57657;52671;Macaco/Guariba/Bugio/Prego/Guigó;2025-05-19T14:32:53;TO;São Salvador do Tocantins;Obtido pelo GPS ou informado explicitamente;;1;
57640;52654;Mico/Sagui/Soinho;2025-05-17T12:30:00;RN;Natal;Coordenadas obtidas a partir do endereço;;1;
57627;52634;Macaco/Guariba/Bugio/Prego/Guigó;2025-05-19T11:06:00;PR;Francisco Beltrão;Obtido pelo GPS ou informado explicitamente;;1;
57609;52615;Mico/Sagui/Soinho;2025-05-10T11:08:20;SP;Ribeirão Preto;Coordenadas obtidas a partir do endereço;;1;
57596;52602;Mico/Sagui/Soinho;2025-05-18T21:26:00;PI;Coronel José Dias;Obtido pelo GPS ou informado explicitamente;6.72;1;
57583;52589;Mico/Sagui/Soinho;2025-05-18T09:13:00;PR;Curitiba;Obtido pelo GPS ou informado explicitamente;0.0;1;
57582;52588;Mico/Sagui/Soinho;2025-05-18T13:00:00;MG;Bocaiúva;Coordenadas obtidas a partir do endereço;;1;Normal
57580;52586;Macaco/Guariba/Bugio/Prego/Guigó;2025-05-16T15:58:00;RS;Viamão;Coordenadas obtidas a partir do endereço;;1;
57568;52574;Mico/Sagui/Soinho;2025-05-18T10:11:19;MG;Riacho dos Machados;Obtido pelo GPS ou informado explicitamente;4.784999847412109;2;Normal
57522;52527;Mico/Sagui/Soinho;2025-05-17T09:29:00;SP;Serra Negra;Obtido pelo GPS ou informado explicitamente;5.2129998207092285;5;Normal
57498;52502;Mico/Sagui/Soinho;2025-05-16T16:04:55;SP;Ribeirão Preto;Coordenadas obtidas a partir do endereço;;1;
57495;52499;Mico/Sagui/Soinho;2025-05-16T10:35:00;GO;Iporá;Obtido pelo GPS ou informado explicitamente;31.85;1;
57489;52492;Mico/Sagui/Soinho;2025-05-11T09:02:27;SP;Ribeirão Preto;Obtido pelo GPS ou informado explicitamente;;1;
57482;52485;Mico/Sagui/Soinho;2025-05-16T12:07:00;MG;Teófilo Otoni;Obtido pelo GPS ou informado explicitamente;12.06999969482422;1;
57481;52484;Mico/Sagui/Soinho;2025-05-16T12:04:00;MG;Bocaiúva;Obtido pelo GPS ou informado explicitamente;1.616000056266785;2;Normal
57473;52475;Mico/Sagui/Soinho;2025-05-16T10:22:00;MG;Lassance;Coordenadas obtidas a partir do endereço;;1;
57470;52472;Mico/Sagui/Soinho;2025-05-16T10:36:00;MG;Lassance;Coordenadas obtidas a partir do endereço;;1;
57469;52471;Mico/Sagui/Soinho;2025-05-16T10:41:46;SP;Jarinu;Obtido pelo GPS ou informado explicitamente;3.7899999618530273;1;
57447;52449;Mico/Sagui/Soinho;2025-05-15T16:01:00;MG;Viçosa;Obtido pelo GPS ou informado explicitamente;15.98799991607666;1;Normal
57446;52448;Mico/Sagui/Soinho;2025-05-15T17:13:38;SP;Campinas;Obtido pelo GPS ou informado explicitamente;;1;
57324;52326;Mico/Sagui/Soinho;2025-05-14T09:00:00;CE;Fortaleza;Coordenadas obtidas a partir do endereço;;1;Doente
57261;52255;Mico/Sagui/Soinho;2025-05-13T14:53:00;MG;Lagoa dos Patos;Obtido pelo GPS ou informado explicitamente;1.7660000324249268;2;
57195;52189;Mico/Sagui/Soinho;2025-05-08T13:02:00;PR;Araucária;Coordenadas obtidas a partir do endereço;;1;
57155;52149;Mico/Sagui/Soinho;2025-05-11T16:52:00;MG;Viçosa;Obtido pelo GPS ou informado explicitamente;11.477999687194824;1;Normal
57145;52139;Mico/Sagui/Soinho;2025-05-10T19:19:00;MG;Lagoa dos Patos;Obtido pelo GPS ou informado explicitamente;2.799999952316284;1;Normal
57144;52138;Mico/Sagui/Soinho;2025-05-10T19:11:00;MG;Lagoa dos Patos;Obtido pelo GPS ou informado explicitamente;1.2599999904632568;1;Normal
57123;52117;Macaco/Guariba/Bugio/Prego/Guigó;2025-05-10T08:48:00;SP;Campinas;Obtido pelo GPS ou informado explicitamente;13.98;1;Normal
57108;52102;Mico/Sagui/Soinho;2025-05-09T10:40:27;SP;Valinhos;Coordenadas obtidas a partir do endereço;;1;
57062;52056;Mico/Sagui/Soinho;2025-05-08T15:34:38;MG;Montes Claros;Obtido pelo GPS ou informado explicitamente;1.600000023841858;1;
57042;52035;Mico/Sagui/Soinho;2025-05-08T13:03:32;SP;Sertãozinho;Obtido pelo GPS ou informado explicitamente;3.322000026702881;1;
57041;52034;Macaco/Guariba/Bugio/Prego/Guigó;2025-05-08T11:24:00;MG;Delfim Moreira;Obtido pelo GPS ou informado explicitamente;1.5;1;
56934;51921;Mico/Sagui/Soinho;2025-05-07T09:25:00;MG;Augusto de Lima;Obtido pelo GPS ou informado explicitamente;1.5;2;
56926;51913;Mico/Sagui/Soinho;2025-05-06T15:41:46;SP;Ribeirão Preto;Obtido pelo GPS ou informado explicitamente;;1;
56873;51860;Macaco/Guariba/Bugio/Prego/Guigó;2025-05-05T17:57:00;SP;Santo Antônio do Pinhal;Obtido pelo GPS ou informado explicitamente;0.0;1;
56792;51779;Mico/Sagui/Soinho;2025-05-04T09:17:16;SP;Ribeirão Preto;Obtido pelo GPS ou informado explicitamente;1.5;6;Normal
56747;51734;Mico/Sagui/Soinho;2025-05-02T15:07:04;SP;Ribeirão Preto;Coordenadas obtidas a partir do endereço;;1;
56687;51673;Mico/Sagui/Soinho;2025-04-21T11:31:00;AC;Mâncio Lima;Obtido pelo GPS ou informado explicitamente;0.0;4;Normal
56683;51669;Macaco/Guariba/Bugio/Prego/Guigó;2025-04-30T14:29:00;MG;Senador José Bento;Obtido pelo GPS ou informado explicitamente;0.0;1;Estranho
56682;51668;Mico/Sagui/Soinho;2025-04-29T14:43:00;GO;Goiânia;Obtido pelo GPS ou informado explicitamente;0.0;1;
56681;51667;Mico/Sagui/Soinho;2025-04-29T14:34:00;GO;Goiânia;Obtido pelo GPS ou informado explicitamente;0.0;1;
56678;51664;Mico/Sagui/Soinho;2025-04-30T10:57:00;MG;Nova Lima;Obtido pelo GPS ou informado explicitamente;0.0;1;
56673;51659;Mico/Sagui/Soinho;2025-04-30T09:51:00;MG;Viçosa;Obtido pelo GPS ou informado explicitamente;21.188;2;Normal
56667;51653;Mico/Sagui/Soinho;2025-04-29T16:06:00;MG;Brasília de Minas;Obtido pelo GPS ou informado explicitamente;0.0;1;
56666;51652;Macaco/Guariba/Bugio/Prego/Guigó;2025-04-30T10:15:36;SP;Luís Antônio;Obtido pelo GPS ou informado explicitamente;1.75;8;Normal
56656;51642;Macaco/Guariba/Bugio/Prego/Guigó;2025-04-24T14:28:00;AC;Mâncio Lima;Obtido pelo GPS ou informado explicitamente;0.0;40;Normal
56646;51632;Mico/Sagui/Soinho;2025-04-29T14:48:38;MG;Montes Claros;Obtido pelo GPS ou informado explicitamente;1.7000000476837158;1;
56641;51627;Mico/Sagui/Soinho;2025-04-29T12:27:06;MG;Joanésia;Obtido pelo GPS ou informado explicitamente;382.6;2;
56607;51593;Mico/Sagui/Soinho;2025-04-27T08:17:47;SP;Mirassol;Coordenadas obtidas a partir do endereço;;1;Doente
56603;51589;Macaco/Guariba/Bugio/Prego/Guigó;2025-04-26T16:58:14;RJ;Quissamã;Coordenadas obtidas a partir do endereço;;1;Normal
56599;51584;Macaco/Guariba/Bugio/Prego/Guigó;2025-04-28T14:54:00;RS;Cachoeira do Sul;Obtido pelo GPS ou informado explicitamente;0.0;1;
56597;51582;Mico/Sagui/Soinho;2025-04-27T16:17:24;SP;Mirassol;Obtido pelo GPS ou informado explicitamente;;1;Doente
56595;51580;Mico/Sagui/Soinho;2025-04-28T15:52:00;RJ;Porciúncula;Coordenadas obtidas a partir do endereço;;1;Normal
56588;51573;Mico/Sagui/Soinho;2025-04-28T14:28:00;SP;Ribeirão Preto;Coordenadas obtidas a partir do endereço;;1;
56585;51570;Mico/Sagui/Soinho;2025-04-28T14:15:24;MG;Contagem;Obtido pelo GPS ou informado explicitamente;;1;
56579;51564;Mico/Sagui/Soinho;2025-04-28T13:17:00;MG;Varginha;Obtido pelo GPS ou informado explicitamente;1.0;1;
56578;51563;Mico/Sagui/Soinho;2025-04-28T12:40:32;MG;Belo Horizonte;Obtido pelo GPS ou informado explicitamente;5.127999782562256;2;Normal
56568;51553;Mico/Sagui/Soinho;2025-04-28T10:06:56;SC;Florianópolis;Obtido pelo GPS ou informado explicitamente;;1;
56566;51551;Mico/Sagui/Soinho;2025-04-28T09:26:29;SC;Florianópolis;Obtido pelo GPS ou informado explicitamente;;1;
56565;51550;Mico/Sagui/Soinho;2025-04-28T08:42:00;MG;Teófilo Otoni;Coordenadas obtidas a partir do endereço;;1;
56562;51547;Mico/Sagui/Soinho;2025-04-25T09:04:00;SP;Campinas;Coordenadas obtidas a partir do endereço;;1;
56561;51546;Mico/Sagui/Soinho;2025-04-28T08:58:00;SP;Severínia;Obtido pelo GPS ou informado explicitamente;35.0;1;
56560;51545;Mico/Sagui/Soinho;2025-04-28T08:48:00;SP;Sertãozinho;Obtido pelo GPS ou informado explicitamente;0.0;5;Normal
56554;51539;Mico/Sagui/Soinho;2025-04-26T09:36:00;MG;Leopoldina;Obtido pelo GPS ou informado explicitamente;3.0;1;
56550;51535;Mico/Sagui/Soinho;2025-04-27T14:30:00;MG;Capim Branco;Obtido pelo GPS ou informado explicitamente;10.210000038146973;1;
56536;51521;Mico/Sagui/Soinho;2025-04-24T12:18:00;MG;São João do Pacuí;Obtido pelo GPS ou informado explicitamente;0.0;1;
56526;51511;Mico/Sagui/Soinho;2025-04-26T15:00:11;SP;Campinas;Obtido pelo GPS ou informado explicitamente;;10;Normal
56507;51492;Mico/Sagui/Soinho;2025-04-24T08:30:00;SP;Campinas;Coordenadas obtidas a partir do endereço;;1;
56506;51491;Mico/Sagui/Soinho;2025-04-24T08:30:00;SP;Campinas;Coordenadas obtidas a partir do endereço;;1;
56505;51490;Mico/Sagui/Soinho;2025-04-24T08:27:00;SP;Campinas;Obtido pelo GPS ou informado explicitamente;0.0;1;
56502;51487;Mico/Sagui/Soinho;2025-04-25T15:34:37;SP;São José do Rio Preto;Obtido pelo GPS ou informado explicitamente;;1;Doente
56501;51486;Macaco/Guariba/Bugio/Prego/Guigó;2025-04-17T10:18:00;SP;Ribeirão Preto;Obtido pelo GPS ou informado explicitamente;2.240000009536743;8;Normal
56499;51484;Mico/Sagui/Soinho;2025-04-24T14:38:00;MG;Nova Lima;Coordenadas obtidas a partir do endereço;;1;
56498;51483;Macaco/Guariba/Bugio/Prego/Guigó;2025-04-21T11:39:00;AC;Mâncio Lima;Obtido pelo GPS ou informado explicitamente;0.0;10;Normal
56495;51480;Macaco/Guariba/Bugio/Prego/Guigó;2025-04-21T11:32:00;AC;Mâncio Lima;Obtido pelo GPS ou informado explicitamente;0.0;1;Normal
56490;51475;Macaco/Guariba/Bugio/Prego/Guigó;2025-04-25T08:57:00;ES;Santa Leopoldina;Obtido pelo GPS ou informado explicitamente;2.12;1;
56489;51473;Macaco/Guariba/Bugio/Prego/Guigó;2025-04-11T03:30:00;SP;Santo Antônio do Pinhal;Obtido pelo GPS ou informado explicitamente;0.0;1;
56463;51447;Mico/Sagui/Soinho;2025-04-24T14:30:00;SP;São Carlos;Obtido pelo GPS ou informado explicitamente;0.0;1;
56452;51436;Mico/Sagui/Soinho;2025-04-24T15:21:00;SP;Ribeirão Preto;Coordenadas obtidas a partir do endereço;;1;
56449;51432;Mico/Sagui/Soinho;2025-04-24T15:11:00;MG;Maria da Fé;Obtido pelo GPS ou informado explicitamente;3.0;1;
56448;51431;Mico/Sagui/Soinho;2025-04-24T15:03:00;SP;Campinas;Obtido pelo GPS ou informado explicitamente;16.74;1;Normal
56447;51430;Mico/Sagui/Soinho;2025-04-24T09:16:00;MG;Nova Porteirinha;Obtido pelo GPS ou informado explicitamente;4.846;1;Normal
56445;51428;Mico/Sagui/Soinho;2025-04-22T15:08:00;MG;Coração de Jesus;Obtido pelo GPS ou informado explicitamente;4.683000087738037;1;
56422;51405;Macaco/Guariba/Bugio/Prego/Guigó;2025-04-19T12:30:00;RS;Viamão;Coordenadas obtidas a partir do endereço;;1;
56405;51388;Mico/Sagui/Soinho;2025-04-22T08:46:24;MG;Montes Claros;Obtido pelo GPS ou informado explicitamente;1.350000023841858;1;
56396;51379;Mico/Sagui/Soinho;2025-04-23T10:50:00;MG;Paraopeba;Obtido pelo GPS ou informado explicitamente;0.0;1;
56390;51373;Mico/Sagui/Soinho;2025-04-23T11:36:46;PR;Curitiba;Obtido pelo GPS ou informado explicitamente;0.0;1;
56388;51371;Mico/Sagui/Soinho;2025-04-23T10:59:00;SP;Cravinhos;Obtido pelo GPS ou informado explicitamente;5.360000133514404;3;Normal
56387;51370;Macaco/Guariba/Bugio/Prego/Guigó;2025-04-23T09:40:28;MG;Cristina;Obtido pelo GPS ou informado explicitamente;3.7899999618530273;1;
56381;51364;Mico/Sagui/Soinho;2025-04-22T15:46:16;SP;Jambeiro;Obtido pelo GPS ou informado explicitamente;3.7899999618530273;1;
56366;51349;Mico/Sagui/Soinho;2025-04-22T15:50:28;MG;Nova Lima;Obtido pelo GPS ou informado explicitamente;3.8559999465942383;1;
56365;51348;Mico/Sagui/Soinho;2025-04-22T14:19:22;MG;Montes Claros;Obtido pelo GPS ou informado explicitamente;0.0;2;
56363;51346;Macaco/Guariba/Bugio/Prego/Guigó;2025-04-22T14:58:00;RS;Caxias do Sul;Obtido pelo GPS ou informado explicitamente;24.0;1;
56362;51345;Mico/Sagui/Soinho;2025-04-21T14:19:00;SP;Ribeirão Preto;Coordenadas obtidas a partir do endereço;;1;
56358;51341;Mico/Sagui/Soinho;2025-04-22T12:03:35;SP;Campinas;Coordenadas obtidas a partir do endereço;;1;
56356;51339;Mico/Sagui/Soinho;2025-04-22T11:21:16;MG;Contagem;Obtido pelo GPS ou informado explicitamente;;1;
56350;51333;Mico/Sagui/Soinho;2025-04-22T08:00:00;SP;Luís Antônio;Obtido pelo GPS ou informado explicitamente;0.0;1;
56349;51332;Mico/Sagui/Soinho;2025-04-22T08:00:00;SP;Luís Antônio;Obtido pelo GPS ou informado explicitamente;0.0;1;
56347;51330;Mico/Sagui/Soinho;2025-04-22T08:00:00;SP;Luís Antônio;Obtido pelo GPS ou informado explicitamente;0.0;1;
56341;51324;Macaco/Guariba/Bugio/Prego/Guigó;2025-04-17T11:26:00;SP;Luís Antônio;Obtido pelo GPS ou informado explicitamente;3.7899999618530273;1;
56305;51288;Mico/Sagui/Soinho;2025-04-21T15:05:00;SP;Campinas;Obtido pelo GPS ou informado explicitamente;4.75;1;Normal
56303;51286;Mico/Sagui/Soinho;2025-04-21T13:43:00;MG;Pouso Alegre;Obtido pelo GPS ou informado explicitamente;4.300000190734863;1;Normal
56287;51269;Macaco/Guariba/Bugio/Prego/Guigó;2025-04-19T12:15:00;RJ;Rio de Janeiro;Obtido pelo GPS ou informado explicitamente;0.0;5;Normal
56284;51266;Mico/Sagui/Soinho;2025-04-19T07:56:00;MG;Leopoldina;Obtido pelo GPS ou informado explicitamente;3.0;2;Normal
56284;51265;Mico/Sagui/Soinho;2025-04-19T07:56:00;MG;Leopoldina;Obtido pelo GPS ou informado explicitamente;3.0;2;Normal
55990;50916;Macaco/Guariba/Bugio/Prego/Guigó;2025-04-16T09:45:12;SP;Luís Antônio;Obtido pelo GPS ou informado explicitamente;6.34;1;
55985;50911;Mico/Sagui/Soinho;2025-04-14T09:12:00;SP;Itatiba;Obtido pelo GPS ou informado explicitamente;0.0;1;
55980;50906;Mico/Sagui/Soinho;2025-04-13T08:37:00;SP;Campinas;Obtido pelo GPS ou informado explicitamente;0.0;1;
55977;50903;Mico/Sagui/Soinho;2025-04-16T07:10:27;RJ;Magé;Obtido pelo GPS ou informado explicitamente;3.812000036239624;6;Normal
55970;50896;Macaco/Guariba/Bugio/Prego/Guigó;2025-04-15T13:25:43;RO;Presidente Médici;Obtido pelo GPS ou informado explicitamente;;2;Normal
55968;50894;Mico/Sagui/Soinho;2025-04-14T12:30:00;MG;Paraisópolis;Obtido pelo GPS ou informado explicitamente;1.0;1;Normal
55966;50892;Mico/Sagui/Soinho;2025-04-15T16:00:26;SP;Ribeirão Preto;Obtido pelo GPS ou informado explicitamente;;1;
55964;50890;Mico/Sagui/Soinho;2025-04-08T14:09:00;MG;Cachoeira de Minas;Obtido pelo GPS ou informado explicitamente;2.5;2;Normal
55963;50889;Mico/Sagui/Soinho;2025-04-15T13:55:00;SP;São Paulo;Coordenadas obtidas a partir do endereço;;5;Normal
55959;50885;Mico/Sagui/Soinho;2025-04-15T09:48:16;SP;Jambeiro;Obtido pelo GPS ou informado explicitamente;3.7899999618530273;1;
55956;50882;Macaco/Guariba/Bugio/Prego/Guigó;2025-04-15T11:15:00;RJ;Barra do Piraí;Coordenadas obtidas a partir do endereço;;1;
55956;50881;Macaco/Guariba/Bugio/Prego/Guigó;2025-04-15T11:15:00;RJ;Barra do Piraí;Coordenadas obtidas a partir do endereço;;1;
55926;50850;Macaco/Guariba/Bugio/Prego/Guigó;2025-04-13T14:58:26;RJ;Quissamã;Obtido pelo GPS ou informado explicitamente;;3;Normal
55925;50849;Macaco/Guariba/Bugio/Prego/Guigó;2025-04-13T14:52:52;RJ;Quissamã;Obtido pelo GPS ou informado explicitamente;;1;Normal
55922;50846;Mico/Sagui/Soinho;2025-04-07T07:30:00;MG;Salinas;Coordenadas obtidas a partir do endereço;;1;
55908;50832;Mico/Sagui/Soinho;2025-04-10T08:25:00;MG;São João do Pacuí;Obtido pelo GPS ou informado explicitamente;3.7899999618530273;1;
55898;50822;Macaco/Guariba/Bugio/Prego/Guigó;2025-04-14T09:10:00;GO;Goiânia;Obtido pelo GPS ou informado explicitamente;0.0;1;
55893;50817;Macaco/Guariba/Bugio/Prego/Guigó;2025-04-14T11:13:25;AP;Macapá;Obtido pelo GPS ou informado explicitamente;22.96;1;
55892;50816;Macaco/Guariba/Bugio/Prego/Guigó;2025-04-14T10:02:00;MG;Virgínia;Obtido pelo GPS ou informado explicitamente;4.75;1;
55886;50810;Mico/Sagui/Soinho;2025-04-14T09:55:45;MG;Montes Claros;Obtido pelo GPS ou informado explicitamente;6.800000190734863;1;
55868;50792;Mico/Sagui/Soinho;2025-04-11T16:04:28;SP;Ribeirão Preto;Coordenadas obtidas a partir do endereço;;1;
55867;50791;Mico/Sagui/Soinho;2025-04-11T15:24:15;SP;Ribeirão Preto;Coordenadas obtidas a partir do endereço;;1;
55865;50789;Mico/Sagui/Soinho;2025-04-10T10:14:19;SP;Ribeirão Preto;Coordenadas obtidas a partir do endereço;;1;
55861;50785;Macaco/Guariba/Bugio/Prego/Guigó;2025-04-12T15:59:00;MG;Virgínia;Obtido pelo GPS ou informado explicitamente;53.83;1;
55860;50784;Macaco/Guariba/Bugio/Prego/Guigó;2025-04-13T14:07:00;MG;Virgínia;Obtido pelo GPS ou informado explicitamente;2.87;1;
55854;50778;Mico/Sagui/Soinho;2025-04-13T13:34:03;SP;Campinas;Obtido pelo GPS ou informado explicitamente;4.348999977111816;1;
55853;50777;Mico/Sagui/Soinho;2025-04-13T12:32:00;MG;Cachoeira de Minas;Obtido pelo GPS ou informado explicitamente;1.100000023841858;4;Normal
55851;50775;Macaco/Guariba/Bugio/Prego/Guigó;2025-04-11T16:00:55;SP;Descalvado;Coordenadas obtidas a partir do endereço;;1;
55831;50753;Macaco/Guariba/Bugio/Prego/Guigó;2025-04-12T16:28:02;MG;Maria da Fé;Coordenadas obtidas a partir do endereço;;1;
55831;50752;Macaco/Guariba/Bugio/Prego/Guigó;2025-04-12T16:28:02;MG;Maria da Fé;Coordenadas obtidas a partir do endereço;;1;
55828;50749;Mico/Sagui/Soinho;2025-04-12T15:14:34;MG;Rio Paranaíba;Obtido pelo GPS ou informado explicitamente;1.6829999685287476;8;Normal
55824;50745;Mico/Sagui/Soinho;2025-04-12T12:17:00;SP;Jundiaí;Obtido pelo GPS ou informado explicitamente;17.38;7;Normal
55818;50739;Mico/Sagui/Soinho;2025-04-12T11:05:00;SP;Campinas;Obtido pelo GPS ou informado explicitamente;1.0;1;
55796;50716;Macaco/Guariba/Bugio/Prego/Guigó;2024-01-10T08:45:00;RJ;Magé;Coordenadas obtidas a partir do endereço;;1;Normal
55781;50701;Macaco/Guariba/Bugio/Prego/Guigó;2025-04-11T11:15:00;MG;Gonçalves;Obtido pelo GPS ou informado explicitamente;5.178999900817871;4;Normal
55775;50695;Mico/Sagui/Soinho;2025-04-11T09:47:00;MG;Monjolos;Obtido pelo GPS ou informado explicitamente;3.5969998836517334;1;
55768;50688;Macaco/Guariba/Bugio/Prego/Guigó;2025-04-07T11:46:00;MG;Natércia;Obtido pelo GPS ou informado explicitamente;122.4000015258789;1;
55752;50672;Mico/Sagui/Soinho;2025-04-10T14:48:00;MG;Jaboticatubas;Obtido pelo GPS ou informado explicitamente;7.82;1;
55750;50670;Mico/Sagui/Soinho;2025-04-09T13:50:00;SP;Campinas;Obtido pelo GPS ou informado explicitamente;0.0;1;
55749;50669;Mico/Sagui/Soinho;2025-04-10T13:42:09;MG;Montes Claros;Obtido pelo GPS ou informado explicitamente;1.399999976158142;1;
55743;50663;Mico/Sagui/Soinho;2025-04-09T10:19:46;MG;Contagem;Obtido pelo GPS ou informado explicitamente;;1;
55742;50662;Mico/Sagui/Soinho;2025-04-10T10:03:23;RJ;Magé;Obtido pelo GPS ou informado explicitamente;3.690000057220459;6;Normal
55741;50661;Mico/Sagui/Soinho;2025-04-10T10:10:00;SP;Jaguariúna;Obtido pelo GPS ou informado explicitamente;0.0;1;
55731;50651;Macaco/Guariba/Bugio/Prego/Guigó;2025-01-27T08:32:06;PR;Foz do Iguaçu;Coordenadas obtidas a partir do endereço;;1;
55730;50650;Mico/Sagui/Soinho;2025-04-07T11:26:00;MG;Francisco Sá;Obtido pelo GPS ou informado explicitamente;91.65;1;
55729;50649;Mico/Sagui/Soinho;2025-04-09T16:05:00;MG;Janaúba;Obtido pelo GPS ou informado explicitamente;3.0999999046325684;1;
55728;50648;Macaco/Guariba/Bugio/Prego/Guigó;2024-04-18T08:04:19;PR;Foz do Iguaçu;Coordenadas obtidas a partir do endereço;;1;
55720;50640;Mico/Sagui/Soinho;2025-04-08T14:00:02;SP;Valinhos;Coordenadas obtidas a partir do endereço;;1;
55718;50638;Mico/Sagui/Soinho;2025-04-07T15:13:00;MG;Poços de Caldas;Obtido pelo GPS ou informado explicitamente;0.0;1;
55717;50637;Mico/Sagui/Soinho;2025-04-09T14:05:01;RO;Cacoal;Obtido pelo GPS ou informado explicitamente;16.764999389648438;10;Normal
55709;50628;Mico/Sagui/Soinho;2025-04-09T14:27:00;RJ;Rio de Janeiro;Coordenadas obtidas a partir do endereço;;1;
55704;50623;Macaco/Guariba/Bugio/Prego/Guigó;2024-11-05T14:00:48;PR;Foz do Iguaçu;Coordenadas obtidas a partir do endereço;;1;
55702;50621;Macaco/Guariba/Bugio/Prego/Guigó;2024-09-26T13:53:31;PR;Foz do Iguaçu;Coordenadas obtidas a partir do endereço;;1;
55701;50620;Mico/Sagui/Soinho;2025-04-09T13:33:00;MG;Itueta;Obtido pelo GPS ou informado explicitamente;0.0;1;
55700;50619;Macaco/Guariba/Bugio/Prego/Guigó;2025-04-09T13:37:00;PR;Foz do Iguaçu;Coordenadas obtidas a partir do endereço;;1;
55698;50617;Mico/Sagui/Soinho;2025-04-08T11:34:00;SP;Valinhos;Obtido pelo GPS ou informado explicitamente;0.0;1;
55687;50606;Mico/Sagui/Soinho;2025-04-09T11:02:46;SP;Ribeirão Preto;Coordenadas obtidas a partir do endereço;;1;
55686;50605;Macaco/Guariba/Bugio/Prego/Guigó;2025-04-09T10:41:01;SP;São Paulo;Coordenadas obtidas a partir do endereço;;1;Normal
55605;50519;Mico/Sagui/Soinho;2025-04-01T07:13:00;CE;Fortaleza;Coordenadas obtidas a partir do endereço;;6;Normal
55575;50489;Mico/Sagui/Soinho;2025-04-08T10:34:00;SP;Jaguariúna;Obtido pelo GPS ou informado explicitamente;0.0;1;
55550;50464;Mico/Sagui/Soinho;2025-04-03T16:58:03;MG;Piranguçu;Obtido pelo GPS ou informado explicitamente;1.6829999685287476;1;
55540;50454;Mico/Sagui/Soinho;2025-04-07T08:00:00;SP;Valinhos;Obtido pelo GPS ou informado explicitamente;2.0;1;
55530;50444;Macaco/Guariba/Bugio/Prego/Guigó;2025-04-07T09:55:19;PR;São José dos Pinhais;Obtido pelo GPS ou informado explicitamente;13.73;1;
55528;50442;Macaco/Guariba/Bugio/Prego/Guigó;2025-04-07T10:00:38;MG;Lambari;Obtido pelo GPS ou informado explicitamente;110.0;1;Normal
55527;50441;Macaco/Guariba/Bugio/Prego/Guigó;2025-04-07T09:35:45;PR;São José dos Pinhais;Obtido pelo GPS ou informado explicitamente;18.78;1;Doente
55526;50440;Macaco/Guariba/Bugio/Prego/Guigó;2025-04-07T09:09:44;MG;Lambari;Obtido pelo GPS ou informado explicitamente;4.599999904632568;1;Normal
55490;50403;Macaco/Guariba/Bugio/Prego/Guigó;2025-04-06T14:31:58;MG;Planura;Obtido pelo GPS ou informado explicitamente;1.4500000476837158;1;
55489;50402;Mico/Sagui/Soinho;2025-04-06T14:01:00;SP;Cravinhos;Obtido pelo GPS ou informado explicitamente;0.5040000081062317;9;Normal
55488;50401;Mico/Sagui/Soinho;2025-04-06T13:05:00;MG;Belo Horizonte;Obtido pelo GPS ou informado explicitamente;39.33;5;Normal
55487;50400;Mico/Sagui/Soinho;2025-04-06T13:08:00;MG;Belo Horizonte;Obtido pelo GPS ou informado explicitamente;26.99;5;Normal
55486;50399;Mico/Sagui/Soinho;2025-04-06T13:09:00;MG;Belo Horizonte;Obtido pelo GPS ou informado explicitamente;32.31;5;Normal
55485;50398;Mico/Sagui/Soinho;2025-04-06T13:10:00;MG;Belo Horizonte;Obtido pelo GPS ou informado explicitamente;27.8;5;Normal
55484;50397;Mico/Sagui/Soinho;2025-04-06T13:02:13;MG;Belo Horizonte;Obtido pelo GPS ou informado explicitamente;38.98;5;Normal
55478;50390;Mico/Sagui/Soinho;2025-04-04T13:15:00;SP;Luís Antônio;Coordenadas obtidas a partir do endereço;;1;Estranho
55455;50367;Mico/Sagui/Soinho;2025-04-05T10:53:35;SP;Ribeirão Preto;Coordenadas obtidas a partir do endereço;;1;
55453;50365;Mico/Sagui/Soinho;2025-04-05T07:14:00;SP;Campinas;Coordenadas obtidas a partir do endereço;;1;
55445;50357;Mico/Sagui/Soinho;2025-04-04T15:36:00;SP;São Carlos;Obtido pelo GPS ou informado explicitamente;0.0;1;
55437;50349;Mico/Sagui/Soinho;2025-04-04T14:47:00;MG;Capim Branco;Obtido pelo GPS ou informado explicitamente;0.0;1;
55430;50342;Mico/Sagui/Soinho;2024-09-05T13:58:00;SP;Bragança Paulista;Obtido pelo GPS ou informado explicitamente;4.2129998207092285;1;
55425;50337;Mico/Sagui/Soinho;2025-04-04T12:26:00;MG;Caetanópolis;Obtido pelo GPS ou informado explicitamente;0.0;1;
55420;50332;Macaco/Guariba/Bugio/Prego/Guigó;2025-04-04T11:30:00;PR;Cascavel;Coordenadas obtidas a partir do endereço;;1;
55399;50311;Mico/Sagui/Soinho;2025-04-04T09:36:51;MG;Montes Claros;Obtido pelo GPS ou informado explicitamente;1.399999976158142;1;
55398;50310;Mico/Sagui/Soinho;2025-04-04T09:00:02;SP;Campinas;Obtido pelo GPS ou informado explicitamente;3.7899999618530273;1;
55394;50306;Macaco/Guariba/Bugio/Prego/Guigó;2025-04-04T08:45:00;SP;Brotas;Obtido pelo GPS ou informado explicitamente;3.724999904632568;1;Normal
55391;50303;Mico/Sagui/Soinho;2025-04-03T08:28:00;SP;Campinas;Coordenadas obtidas a partir do endereço;;1;
55381;50292;Macaco/Guariba/Bugio/Prego/Guigó;2025-04-04T08:11:00;SP;Brotas;Obtido pelo GPS ou informado explicitamente;3.7899999618530273;25;Normal
55379;50290;Mico/Sagui/Soinho;2025-04-02T17:00:00;SC;Joinville;Obtido pelo GPS ou informado explicitamente;10.0;1;
55377;50288;Macaco/Guariba/Bugio/Prego/Guigó;2025-03-30T14:30:00;SP;Cravinhos;Obtido pelo GPS ou informado explicitamente;3.3;5;Normal
55371;50282;Mico/Sagui/Soinho;2025-03-11T16:30:00;SP;Cravinhos;Obtido pelo GPS ou informado explicitamente;0.0;1;
55356;50267;Mico/Sagui/Soinho;2025-04-03T16:21:00;SP;Campinas;Coordenadas obtidas a partir do endereço;;1;
55354;50265;Mico/Sagui/Soinho;2025-04-03T16:08:18;SP;Ribeirão Preto;Obtido pelo GPS ou informado explicitamente;;1;
55352;50263;Macaco/Guariba/Bugio/Prego/Guigó;2025-04-03T15:59:51;SP;Jardinópolis;Coordenadas obtidas a partir do endereço;;1;
55350;50261;Mico/Sagui/Soinho;2025-04-03T11:03:00;SP;Cravinhos;Obtido pelo GPS ou informado explicitamente;4.288000106811523;1;Normal
55342;50253;Mico/Sagui/Soinho;2025-04-03T14:28:00;MG;Paraopeba;Obtido pelo GPS ou informado explicitamente;0.0;1;
55338;50249;Mico/Sagui/Soinho;2025-04-02T13:27:00;SP;Campinas;Coordenadas obtidas a partir do endereço;;1;
55332;50243;Mico/Sagui/Soinho;2025-04-03T12:03:53;BA;Sobradinho;Coordenadas obtidas a partir do endereço;;1;Normal
55315;50225;Macaco/Guariba/Bugio/Prego/Guigó;2025-04-03T08:12:00;SP;Brotas;Coordenadas obtidas a partir do endereço;;1;Normal
55292;50202;Macaco/Guariba/Bugio/Prego/Guigó;2025-04-03T08:12:00;SP;Brotas;Obtido pelo GPS ou informado explicitamente;5.326000213623047;1;Normal
55286;50196;Mico/Sagui/Soinho;2025-04-03T10:09:46;SP;Osasco;Obtido pelo GPS ou informado explicitamente;;1;Estranho
55275;50185;Mico/Sagui/Soinho;2025-04-03T09:28:00;SP;Luís Antônio;Obtido pelo GPS ou informado explicitamente;0.0;1;Doente
55273;50183;Mico/Sagui/Soinho;2025-04-03T09:12:00;SP;Luís Antônio;Obtido pelo GPS ou informado explicitamente;3.32;1;Doente
55272;50182;Mico/Sagui/Soinho;2025-04-03T08:48:18;MG;Guaxupé;Obtido pelo GPS ou informado explicitamente;40.0;1;
55269;50179;Mico/Sagui/Soinho;2025-04-03T08:27:00;MG;Ribeirão das Neves;Obtido pelo GPS ou informado explicitamente;3.0;2;Normal
55268;50178;Mico/Sagui/Soinho;2025-03-16T12:34:00;AL;Maceió;Obtido pelo GPS ou informado explicitamente;0.0;1;
55266;50176;Mico/Sagui/Soinho;2025-04-03T06:46:00;RJ;Magé;Coordenadas obtidas a partir do endereço;;1;Normal
55262;50172;Mico/Sagui/Soinho;2025-04-02T11:21:00;SP;Campinas;Obtido pelo GPS ou informado explicitamente;4.75;5;Normal
55257;50167;Mico/Sagui/Soinho;2025-04-02T17:13:00;SP;Luís Antônio;Obtido pelo GPS ou informado explicitamente;3.0;5;Normal
55256;50166;Mico/Sagui/Soinho;2025-04-02T13:17:00;SP;Vargem;Obtido pelo GPS ou informado explicitamente;0.0;1;
55256;50165;Mico/Sagui/Soinho;2025-04-02T13:17:00;SP;Vargem;Obtido pelo GPS ou informado explicitamente;0.0;1;
55255;50164;Mico/Sagui/Soinho;2025-04-02T15:46:00;GO;Goiânia;Obtido pelo GPS ou informado explicitamente;3.0269999504089355;1;
55254;50163;Macaco/Guariba/Bugio/Prego/Guigó;2025-03-27T16:20:00;GO;Goiânia;Obtido pelo GPS ou informado explicitamente;0.0;1;
55253;50162;Mico/Sagui/Soinho;2025-03-27T15:22:00;GO;Goiânia;Obtido pelo GPS ou informado explicitamente;0.0;1;
55246;50155;Macaco/Guariba/Bugio/Prego/Guigó;2025-04-02T13:18:30;PR;Serranópolis do Iguaçu;Coordenadas obtidas a partir do endereço;;1;Doente
55210;50117;Mico/Sagui/Soinho;2025-03-31T17:06:38;MG;Marliéria;Obtido pelo GPS ou informado explicitamente;4.199999809265137;1;
55208;50115;Mico/Sagui/Soinho;2025-03-31T15:31:00;SP;Campinas;Obtido pelo GPS ou informado explicitamente;0.0;1;
55207;50114;Macaco/Guariba/Bugio/Prego/Guigó;2025-04-01T15:37:00;SP;Serra Negra;Obtido pelo GPS ou informado explicitamente;2.5;5;Normal
55206;50113;Mico/Sagui/Soinho;2025-04-01T15:32:00;SP;Campinas;Obtido pelo GPS ou informado explicitamente;28.6;5;Normal
55204;50111;Mico/Sagui/Soinho;2025-04-01T15:21:41;SP;Campinas;Obtido pelo GPS ou informado explicitamente;3.7899999618530273;1;
55203;50110;Mico/Sagui/Soinho;2025-04-01T15:21:41;SP;Campinas;Obtido pelo GPS ou informado explicitamente;3.7899999618530273;1;
55202;50109;Macaco/Guariba/Bugio/Prego/Guigó;2025-04-01T15:00:11;RJ;Quissamã;Obtido pelo GPS ou informado explicitamente;;1;Normal
55201;50108;Macaco/Guariba/Bugio/Prego/Guigó;2025-03-31T17:00:00;SC;Içara;Obtido pelo GPS ou informado explicitamente;0.0;1;
55200;50107;Mico/Sagui/Soinho;2025-04-01T14:30:39;SP;Mogi das Cruzes;Obtido pelo GPS ou informado explicitamente;;1;
55198;50105;Macaco/Guariba/Bugio/Prego/Guigó;2025-04-01T14:07:14;MG;Patos de Minas;Obtido pelo GPS ou informado explicitamente;1.2999999523162842;5;Normal
55196;50103;Mico/Sagui/Soinho;2025-03-28T19:47:00;MG;Turvolândia;Obtido pelo GPS ou informado explicitamente;1.5329999923706057;1;
55195;50102;Mico/Sagui/Soinho;2025-04-01T12:55:39;MG;Botelhos;Obtido pelo GPS ou informado explicitamente;2.0;1;Normal
55191;50098;Macaco/Guariba/Bugio/Prego/Guigó;2025-03-31T03:57:00;RS;Viamão;Coordenadas obtidas a partir do endereço;;1;
55190;50097;Macaco/Guariba/Bugio/Prego/Guigó;2025-03-31T03:46:00;RS;Viamão;Coordenadas obtidas a partir do endereço;;1;
55189;50096;Macaco/Guariba/Bugio/Prego/Guigó;2025-03-31T17:30:00;RS;Mato Leitão;Obtido pelo GPS ou informado explicitamente;0.0;1;
55188;50095;Mico/Sagui/Soinho;2025-04-01T09:04:00;MG;Divisa Nova;Coordenadas obtidas a partir do endereço;;1;Normal
55186;50093;Mico/Sagui/Soinho;2025-04-01T08:10:00;SP;Bragança Paulista;Obtido pelo GPS ou informado explicitamente;3.7899999618530273;1;
55185;50092;Mico/Sagui/Soinho;2025-04-01T07:54:28;SP;Bragança Paulista;Obtido pelo GPS ou informado explicitamente;3.7899999618530273;1;
55171;50078;Mico/Sagui/Soinho;2025-03-31T15:27:00;SP;Campinas;Coordenadas obtidas a partir do endereço;;1;
55169;50076;Mico/Sagui/Soinho;2025-03-29T10:30:00;SP;Mairiporã;Obtido pelo GPS ou informado explicitamente;0.0;1;
55165;50072;Macaco/Guariba/Bugio/Prego/Guigó;2025-03-31T10:40:00;SP;Santo Antônio do Pinhal;Obtido pelo GPS ou informado explicitamente;0.0;4;Normal
55158;50063;Macaco/Guariba/Bugio/Prego/Guigó;2025-03-27T16:03:09;PR;Quedas do Iguaçu;Coordenadas obtidas a partir do endereço;;1;
55153;50054;Macaco/Guariba/Bugio/Prego/Guigó;2025-03-31T08:32:58;RJ;Quissamã;Obtido pelo GPS ou informado explicitamente;;3;Normal
55152;50053;Mico/Sagui/Soinho;2025-03-31T11:18:33;SC;Florianópolis;Obtido pelo GPS ou informado explicitamente;;1;
55149;50050;Mico/Sagui/Soinho;2025-03-31T10:24:41;SC;Florianópolis;Obtido pelo GPS ou informado explicitamente;;1;
55147;50048;Mico/Sagui/Soinho;2025-03-31T10:15:35;SP;Cajamar;Obtido pelo GPS ou informado explicitamente;3.0;2;Normal
55137;50038;Mico/Sagui/Soinho;2025-03-26T15:24:55;SP;Ribeirão Preto;Obtido pelo GPS ou informado explicitamente;;1;
55135;50036;Mico/Sagui/Soinho;2025-03-31T09:29:19;SC;Florianópolis;Obtido pelo GPS ou informado explicitamente;;1;
55132;50033;Mico/Sagui/Soinho;2025-03-31T09:21:00;MG;Caetanópolis;Obtido pelo GPS ou informado explicitamente;0.0;1;
55130;50031;Mico/Sagui/Soinho;2025-03-25T11:28:19;SP;Ribeirão Preto;Obtido pelo GPS ou informado explicitamente;;1;
55081;49976;Mico/Sagui/Soinho;2025-03-30T09:38:00;TO;Palmas;Obtido pelo GPS ou informado explicitamente;2.0;1;
55080;49975;Mico/Sagui/Soinho;2025-03-30T11:19:19;SP;Carapicuíba;Coordenadas obtidas a partir do endereço;;1;Normal
55075;49970;Mico/Sagui/Soinho;2025-03-29T19:48:00;MG;Turvolândia;Coordenadas obtidas a partir do endereço;;1;
55074;49969;Macaco/Guariba/Bugio/Prego/Guigó;2025-03-29T10:35:00;SP;Luís Antônio;Obtido pelo GPS ou informado explicitamente;3.0;1;
55065;49960;Mico/Sagui/Soinho;2025-03-29T14:52:31;SP;Campinas;Obtido pelo GPS ou informado explicitamente;3.875999927520752;1;
55011;49848;Mico/Sagui/Soinho;2025-03-29T11:32:00;SP;Campinas;Obtido pelo GPS ou informado explicitamente;0.0;1;
54932;49724;Mico/Sagui/Soinho;2025-03-29T10:43:00;SP;Luís Antônio;Obtido pelo GPS ou informado explicitamente;3.53;1;Normal
54808;49571;Mico/Sagui/Soinho;2025-03-28T15:53:46;SP;Ribeirão Preto;Obtido pelo GPS ou informado explicitamente;;1;
54807;49570;Mico/Sagui/Soinho;2025-03-28T15:50:13;SP;Ribeirão Preto;Obtido pelo GPS ou informado explicitamente;;1;
54806;49569;Mico/Sagui/Soinho;2025-03-28T15:47:06;SP;Ribeirão Preto;Obtido pelo GPS ou informado explicitamente;;1;
54805;49568;Mico/Sagui/Soinho;2025-03-28T15:41:51;SP;Ribeirão Preto;Obtido pelo GPS ou informado explicitamente;;1;
54804;49567;Mico/Sagui/Soinho;2025-03-28T15:36:49;SP;Ribeirão Preto;Obtido pelo GPS ou informado explicitamente;;1;
54803;49566;Macaco/Guariba/Bugio/Prego/Guigó;2025-02-19T18:30:00;SP;Serra Azul;Obtido pelo GPS ou informado explicitamente;2.4;1;
54802;49565;Mico/Sagui/Soinho;2025-03-28T14:16:00;TO;Palmas;Obtido pelo GPS ou informado explicitamente;3.7899999618530273;1;
54798;49561;Mico/Sagui/Soinho;2025-03-28T12:58:57;MG;Monjolos;Obtido pelo GPS ou informado explicitamente;3.7899999618530273;1;
54764;49526;Mico/Sagui/Soinho;2025-03-27T15:18:40;SC;Florianópolis;Obtido pelo GPS ou informado explicitamente;;1;
54762;49524;Mico/Sagui/Soinho;2025-03-28T09:20:00;MG;Montes Claros;Obtido pelo GPS ou informado explicitamente;0.0;1;
54724;49486;Mico/Sagui/Soinho;2025-03-27T13:39:00;SP;Campinas;Obtido pelo GPS ou informado explicitamente;0.0;1;
54722;49484;Mico/Sagui/Soinho;2025-03-27T10:12:00;MG;Papagaios;Obtido pelo GPS ou informado explicitamente;0.0;1;
54717;49479;Macaco/Guariba/Bugio/Prego/Guigó;2025-03-26T03:26:00;RS;Viamão;Coordenadas obtidas a partir do endereço;;1;
54716;49478;Macaco/Guariba/Bugio/Prego/Guigó;2025-03-26T02:22:00;RS;Viamão;Coordenadas obtidas a partir do endereço;;1;
54713;49475;Macaco/Guariba/Bugio/Prego/Guigó;2025-03-26T02:06:00;RS;Viamão;Coordenadas obtidas a partir do endereço;;1;
54710;49472;Macaco/Guariba/Bugio/Prego/Guigó;2025-03-27T10:36:13;AP;Macapá;Obtido pelo GPS ou informado explicitamente;6.665999889373779;1;
54709;49471;Macaco/Guariba/Bugio/Prego/Guigó;2025-03-27T10:36:13;AP;Macapá;Obtido pelo GPS ou informado explicitamente;6.665999889373779;1;
54705;49467;Mico/Sagui/Soinho;2025-03-26T14:25:38;SP;Valinhos;Coordenadas obtidas a partir do endereço;;1;
54704;49466;Mico/Sagui/Soinho;2025-03-27T09:39:32;SP;São José do Rio Preto;Coordenadas obtidas a partir do endereço;;1;
54703;49465;Mico/Sagui/Soinho;2025-03-27T09:02:13;SP;São José do Rio Preto;Obtido pelo GPS ou informado explicitamente;;1;
54702;49464;Mico/Sagui/Soinho;2025-01-20T00:00:00;RN;Nísia Floresta;Coordenadas obtidas a partir do endereço;;1;
54698;49459;Mico/Sagui/Soinho;2025-03-22T12:05:00;MG;Varginha;Coordenadas obtidas a partir do endereço;;1;
54696;49457;Mico/Sagui/Soinho;2025-03-27T07:41:50;MG;Montes Claros;Obtido pelo GPS ou informado explicitamente;1.7000000476837158;1;
54688;49449;Mico/Sagui/Soinho;2025-03-24T11:35:00;MG;Brazópolis;Obtido pelo GPS ou informado explicitamente;14.383;2;Normal
54680;49441;Macaco/Guariba/Bugio/Prego/Guigó;2025-03-26T14:44:00;PR;São José dos Pinhais;Obtido pelo GPS ou informado explicitamente;14.45;1;Doente
54679;49440;Mico/Sagui/Soinho;2025-03-26T11:42:00;MG;Itajubá;Obtido pelo GPS ou informado explicitamente;2.0;1;Normal
54677;49438;Mico/Sagui/Soinho;2025-03-25T16:00:52;SP;Mogi das Cruzes;Obtido pelo GPS ou informado explicitamente;;1;
54673;49434;Mico/Sagui/Soinho;2025-03-26T07:30:00;SP;Valinhos;Obtido pelo GPS ou informado explicitamente;2.0;1;
54669;49430;Mico/Sagui/Soinho;2025-03-26T11:37:00;MG;Itajubá;Obtido pelo GPS ou informado explicitamente;1.77400004863739;2;Normal
54668;49429;Mico/Sagui/Soinho;2025-03-26T11:35:00;MG;Marmelópolis;Coordenadas obtidas a partir do endereço;;1;Normal
54667;49428;Mico/Sagui/Soinho;2025-03-26T10:49:00;MG;Itajubá;Coordenadas obtidas a partir do endereço;;1;Normal
54666;49427;Mico/Sagui/Soinho;2025-03-26T11:36:00;MG;Itajubá;Obtido pelo GPS ou informado explicitamente;1.5;3;Normal
54666;49426;Mico/Sagui/Soinho;2025-03-26T11:36:00;MG;Itajubá;Obtido pelo GPS ou informado explicitamente;1.5;3;Normal
54665;49425;Mico/Sagui/Soinho;2025-03-26T11:38:00;MG;Itajubá;Obtido pelo GPS ou informado explicitamente;3.7899999618530273;4;Normal
54664;49424;Mico/Sagui/Soinho;2025-03-26T11:38:00;MG;Itajubá;Obtido pelo GPS ou informado explicitamente;1.7000000476837158;1;Normal
54604;49364;Macaco/Guariba/Bugio/Prego/Guigó;2025-03-25T16:26:00;SP;Luís Antônio;Coordenadas obtidas a partir do endereço;;1;
54604;49363;Macaco/Guariba/Bugio/Prego/Guigó;2025-03-25T16:26:00;SP;Luís Antônio;Coordenadas obtidas a partir do endereço;;1;
54601;49360;Mico/Sagui/Soinho;2025-03-22T08:05:00;SP;Santana de Parnaíba;Coordenadas obtidas a partir do endereço;;3;Normal
54592;49351;Mico/Sagui/Soinho;2025-03-22T15:20:00;SP;Luís Antônio;Obtido pelo GPS ou informado explicitamente;0.0;1;Doente
54576;49335;Mico/Sagui/Soinho;2025-03-25T09:34:33;SP;Santa Branca;Obtido pelo GPS ou informado explicitamente;1.2999999523162842;1;
54547;49305;Mico/Sagui/Soinho;2025-02-27T08:14:00;MG;São João do Pacuí;Obtido pelo GPS ou informado explicitamente;3.7899999618530273;1;
54537;49295;Mico/Sagui/Soinho;2025-03-24T20:36:00;SP;Campinas;Coordenadas obtidas a partir do endereço;;1;
54530;49288;Mico/Sagui/Soinho;2025-03-24T17:47:00;SP;Campinas;Obtido pelo GPS ou informado explicitamente;10.32;1;Normal
54524;49282;Mico/Sagui/Soinho;2025-02-07T11:51:00;SP;Ribeirão Preto;Coordenadas obtidas a partir do endereço;;1;
54523;49281;Mico/Sagui/Soinho;2025-03-24T16:15:10;SP;Ribeirão Preto;Coordenadas obtidas a partir do endereço;;1;
54518;49276;Mico/Sagui/Soinho;2025-03-18T13:09:00;MG;Juramento;Obtido pelo GPS ou informado explicitamente;0.0;1;
54517;49275;Mico/Sagui/Soinho;2025-03-24T13:00:00;SP;Valinhos;Coordenadas obtidas a partir do endereço;;1;
54516;49274;Macaco/Guariba/Bugio/Prego/Guigó;2025-03-24T14:15:53;RJ;Quissamã;Coordenadas obtidas a partir do endereço;;2;Normal
54506;49264;Mico/Sagui/Soinho;2025-03-23T08:20:00;SP;Campinas;Obtido pelo GPS ou informado explicitamente;12.241000175476074;2;Normal
54500;49258;Mico/Sagui/Soinho;2025-03-24T10:25:00;RJ;Niterói;Obtido pelo GPS ou informado explicitamente;3.4739999771118164;4;Normal
54499;49257;Mico/Sagui/Soinho;2025-02-03T00:00:00;RN;Montanhas;Coordenadas obtidas a partir do endereço;;1;Doente
54494;49252;Mico/Sagui/Soinho;2025-03-24T08:56:00;MG;Papagaios;Obtido pelo GPS ou informado explicitamente;0.0;2;
54491;49249;Macaco/Guariba/Bugio/Prego/Guigó;2025-03-23T09:05:00;MG;Marliéria;Obtido pelo GPS ou informado explicitamente;0.0;2;Normal
54484;49242;Macaco/Guariba/Bugio/Prego/Guigó;2025-03-19T16:48:00;RJ;Niterói;Obtido pelo GPS ou informado explicitamente;0.0;1;Normal
54471;49228;Mico/Sagui/Soinho;2025-03-23T07:11:00;SP;Campinas;Obtido pelo GPS ou informado explicitamente;4.75;3;Normal
54397;49154;Mico/Sagui/Soinho;2025-03-22T16:10:00;SP;São Simão;Obtido pelo GPS ou informado explicitamente;0.0;1;Doente
54393;49150;Mico/Sagui/Soinho;2025-03-07T13:42:11;SP;Ribeirão Preto;Obtido pelo GPS ou informado explicitamente;;1;
54392;49149;Mico/Sagui/Soinho;2025-03-18T14:29:54;SP;Ribeirão Preto;Obtido pelo GPS ou informado explicitamente;;1;
54391;49148;Mico/Sagui/Soinho;2025-03-18T11:30:06;SP;Ribeirão Preto;Coordenadas obtidas a partir do endereço;;1;
54390;49147;Mico/Sagui/Soinho;2025-03-07T15:57:37;SP;Ribeirão Preto;Obtido pelo GPS ou informado explicitamente;;1;
54389;49146;Mico/Sagui/Soinho;2025-03-07T15:54:21;SP;Ribeirão Preto;Obtido pelo GPS ou informado explicitamente;;1;
54385;49142;Mico/Sagui/Soinho;2025-03-22T11:00:00;SP;Campinas;Obtido pelo GPS ou informado explicitamente;3.54;1;Normal
54374;49131;Mico/Sagui/Soinho;2025-03-22T06:18:00;RJ;Magé;Obtido pelo GPS ou informado explicitamente;3.7899999618530273;1;Normal
54371;49128;Mico/Sagui/Soinho;2025-03-21T22:17:15;SP;Campinas;Obtido pelo GPS ou informado explicitamente;3.7899999618530273;1;
54366;49123;Mico/Sagui/Soinho;2025-03-21T17:57:17;SP;Pitangueiras;Obtido pelo GPS ou informado explicitamente;2.7730000019073486;1;
54359;49116;Macaco/Guariba/Bugio/Prego/Guigó;2025-03-21T14:41:51;MG;Poços de Caldas;Obtido pelo GPS ou informado explicitamente;4.138000011444092;1;Normal
54358;49115;Macaco/Guariba/Bugio/Prego/Guigó;2025-03-21T14:40:00;MG;Poços de Caldas;Obtido pelo GPS ou informado explicitamente;5.73;2;Normal
54346;49103;Mico/Sagui/Soinho;2025-03-21T08:51:00;RJ;Magé;Obtido pelo GPS ou informado explicitamente;3.7899999618530273;2;Normal
54320;49077;Mico/Sagui/Soinho;2025-03-19T11:36:53;MG;Montes Claros;Obtido pelo GPS ou informado explicitamente;4.0;2;
54319;49076;Mico/Sagui/Soinho;2025-03-19T11:52:50;MG;Montes Claros;Obtido pelo GPS ou informado explicitamente;1.600000023841858;1;
54317;49074;Mico/Sagui/Soinho;2025-03-20T13:00:31;SP;Valinhos;Coordenadas obtidas a partir do endereço;;1;
54316;49073;Macaco/Guariba/Bugio/Prego/Guigó;2025-03-20T12:00:00;SP;Jaguariúna;Obtido pelo GPS ou informado explicitamente;0.0;1;
54314;49071;Macaco/Guariba/Bugio/Prego/Guigó;2025-03-20T12:00:00;SP;Jaguariúna;Obtido pelo GPS ou informado explicitamente;0.0;1;
54313;49070;Mico/Sagui/Soinho;2025-03-13T12:45:00;SP;Porto Feliz;Obtido pelo GPS ou informado explicitamente;1.7000000476837158;1;Normal
54306;49063;Mico/Sagui/Soinho;2025-03-20T12:30:30;SP;Cravinhos;Obtido pelo GPS ou informado explicitamente;1.600000023841858;1;
54306;49062;Mico/Sagui/Soinho;2025-03-20T12:30:30;SP;Cravinhos;Obtido pelo GPS ou informado explicitamente;1.600000023841858;1;
54305;49061;Mico/Sagui/Soinho;2025-03-20T11:59:02;SP;Ribeirão Preto;Obtido pelo GPS ou informado explicitamente;1.75;1;
54299;49055;Macaco/Guariba/Bugio/Prego/Guigó;2025-02-27T12:05:34;SP;Valinhos;Coordenadas obtidas a partir do endereço;;1;
54298;49054;Mico/Sagui/Soinho;2025-02-26T12:00:00;SP;Valinhos;Coordenadas obtidas a partir do endereço;;1;
54296;49052;Mico/Sagui/Soinho;2025-02-10T06:05:00;RJ;Niterói;Obtido pelo GPS ou informado explicitamente;0.0;1;
54287;49043;Macaco/Guariba/Bugio/Prego/Guigó;2024-12-26T10:26:00;MG;Iturama;Obtido pelo GPS ou informado explicitamente;1.7999999523162842;1;
54283;49039;Mico/Sagui/Soinho;2025-02-02T08:30:00;MG;Varginha;Coordenadas obtidas a partir do endereço;;1;
54243;48998;Mico/Sagui/Soinho;2025-03-19T15:39:05;SC;Florianópolis;Obtido pelo GPS ou informado explicitamente;;1;
54242;48997;Mico/Sagui/Soinho;2025-03-19T14:18:00;SP;Campinas;Coordenadas obtidas a partir do endereço;;1;
54241;48996;Mico/Sagui/Soinho;2025-03-19T14:12:37;MG;Toledo;Obtido pelo GPS ou informado explicitamente;3.7899999618530273;1;
54237;48992;Mico/Sagui/Soinho;2025-03-18T08:33:00;SP;Luís Antônio;Obtido pelo GPS ou informado explicitamente;0.0;1;
54236;48991;Macaco/Guariba/Bugio/Prego/Guigó;2025-03-12T08:00:00;SP;Luís Antônio;Obtido pelo GPS ou informado explicitamente;0.0;1;
54234;48989;Mico/Sagui/Soinho;2025-03-18T13:08:25;SP;Valinhos;Coordenadas obtidas a partir do endereço;;1;
54232;48987;Mico/Sagui/Soinho;2024-11-27T15:00:00;GO;Senador Canedo;Coordenadas obtidas a partir do endereço;;1;
54224;48979;Mico/Sagui/Soinho;2025-03-19T16:02:00;MG;Francisco Sá;Obtido pelo GPS ou informado explicitamente;0.0;1;
54223;48978;Mico/Sagui/Soinho;2025-03-13T15:56:00;MG;Francisco Sá;Obtido pelo GPS ou informado explicitamente;0.0;1;
54210;48965;Mico/Sagui/Soinho;2025-03-05T09:27:12;MG;Patos de Minas;Obtido pelo GPS ou informado explicitamente;11.66;1;
54209;48964;Mico/Sagui/Soinho;2024-09-13T10:16:51;MG;Patos de Minas;Obtido pelo GPS ou informado explicitamente;40.0;1;
54207;48962;Mico/Sagui/Soinho;2025-03-18T14:35:07;MG;Patos de Minas;Obtido pelo GPS ou informado explicitamente;31.97;1;
54206;48961;Mico/Sagui/Soinho;2025-03-18T10:21:25;MG;Patos de Minas;Obtido pelo GPS ou informado explicitamente;55.23;1;
54205;48960;Mico/Sagui/Soinho;2025-03-18T10:47:00;MG;Patos de Minas;Obtido pelo GPS ou informado explicitamente;29.64;1;
54196;48941;Macaco/Guariba/Bugio/Prego/Guigó;2025-03-17T09:50:00;RN;Marcelino Vieira;Obtido pelo GPS ou informado explicitamente;1.8420000076293943;3;Normal
54188;48933;Mico/Sagui/Soinho;2025-03-18T13:40:11;SC;Florianópolis;Obtido pelo GPS ou informado explicitamente;;1;
54186;48931;Mico/Sagui/Soinho;2025-03-18T08:05:39;RJ;Rio de Janeiro;Obtido pelo GPS ou informado explicitamente;;1;
54183;48928;Mico/Sagui/Soinho;2025-03-18T11:44:24;SP;Valinhos;Coordenadas obtidas a partir do endereço;;1;
54180;48925;Mico/Sagui/Soinho;2025-03-15T10:24:00;MG;Timóteo;Obtido pelo GPS ou informado explicitamente;0.0;1;
54178;48923;Mico/Sagui/Soinho;2025-03-18T10:15:56;SC;Florianópolis;Obtido pelo GPS ou informado explicitamente;;1;
54173;48918;Macaco/Guariba/Bugio/Prego/Guigó;2025-03-17T04:30:00;RS;Barão do Triunfo;Coordenadas obtidas a partir do endereço;;1;
54157;48902;Mico/Sagui/Soinho;2025-03-17T15:03:00;SP;Campinas;Obtido pelo GPS ou informado explicitamente;0.0;1;
54156;48901;Mico/Sagui/Soinho;2025-03-17T09:21:00;MG;Montes Claros;Obtido pelo GPS ou informado explicitamente;10.899999618530272;1;
54121;48866;Macaco/Guariba/Bugio/Prego/Guigó;2025-03-11T08:34:00;SP;Ribeirão Preto;Obtido pelo GPS ou informado explicitamente;4.69;2;
54120;48865;Macaco/Guariba/Bugio/Prego/Guigó;2025-03-11T08:40:00;SP;Ribeirão Preto;Obtido pelo GPS ou informado explicitamente;0.0;1;
54118;48863;Mico/Sagui/Soinho;2025-02-23T10:43:00;SP;Ribeirão Preto;Obtido pelo GPS ou informado explicitamente;4.08;3;Normal
54110;48855;Mico/Sagui/Soinho;2025-03-16T10:17:00;SP;Tapiraí;Obtido pelo GPS ou informado explicitamente;3.927999973297119;1;Normal
54104;48849;Mico/Sagui/Soinho;2025-03-15T11:18:44;SP;Ribeirão Preto;Obtido pelo GPS ou informado explicitamente;;1;
54102;48847;Mico/Sagui/Soinho;2025-03-15T11:05:24;SP;Ribeirão Preto;Obtido pelo GPS ou informado explicitamente;;1;
54095;48840;Macaco/Guariba/Bugio/Prego/Guigó;2025-03-15T13:44:32;CE;Ubajara;Obtido pelo GPS ou informado explicitamente;;1;
54078;48822;Mico/Sagui/Soinho;2025-03-14T15:21:00;MG;Albertina;Obtido pelo GPS ou informado explicitamente;2.25;2;
54077;48821;Mico/Sagui/Soinho;2025-03-14T15:14:08;MG;Sete Lagoas;Obtido pelo GPS ou informado explicitamente;3.7899999618530273;1;
54074;48818;Mico/Sagui/Soinho;2025-03-14T11:58:39;SP;Santa Rita do Passa Quatro;Obtido pelo GPS ou informado explicitamente;1.600000023841858;1;
54073;48817;Mico/Sagui/Soinho;2025-03-14T11:58:39;SP;Santa Rita do Passa Quatro;Obtido pelo GPS ou informado explicitamente;1.600000023841858;1;
54072;48816;Macaco/Guariba/Bugio/Prego/Guigó;2025-03-14T11:40:11;SP;Santa Rita do Passa Quatro;Obtido pelo GPS ou informado explicitamente;1.7000000476837158;1;
54071;48815;Mico/Sagui/Soinho;2025-03-14T09:44:00;MG;Paraopeba;Obtido pelo GPS ou informado explicitamente;3.0;1;Normal
54070;48814;Mico/Sagui/Soinho;2025-03-13T10:30:00;SP;Valinhos;Obtido pelo GPS ou informado explicitamente;2.0;1;
54069;48813;Mico/Sagui/Soinho;2025-03-12T18:00:00;SP;Valinhos;Obtido pelo GPS ou informado explicitamente;5.0;1;
54068;48812;Mico/Sagui/Soinho;2025-03-10T12:03:00;SP;Valinhos;Obtido pelo GPS ou informado explicitamente;3.216;1;
54067;48811;Mico/Sagui/Soinho;2025-02-28T12:00:00;SP;Valinhos;Obtido pelo GPS ou informado explicitamente;3.216;1;
54066;48810;Mico/Sagui/Soinho;2025-02-28T12:00:00;SP;Valinhos;Obtido pelo GPS ou informado explicitamente;3.216;1;
54065;48809;Mico/Sagui/Soinho;2025-02-10T12:00:00;SP;Valinhos;Obtido pelo GPS ou informado explicitamente;3.216;1;
54064;48808;Mico/Sagui/Soinho;2025-02-04T12:00:00;SP;Valinhos;Obtido pelo GPS ou informado explicitamente;3.216;1;
54063;48807;Mico/Sagui/Soinho;2025-01-29T12:00:00;SP;Valinhos;Obtido pelo GPS ou informado explicitamente;4.466;1;
54061;48805;Mico/Sagui/Soinho;2025-03-14T11:03:19;SP;Campinas;Obtido pelo GPS ou informado explicitamente;3.7899999618530273;1;
54056;48800;Mico/Sagui/Soinho;2025-03-14T10:26:31;SC;Florianópolis;Obtido pelo GPS ou informado explicitamente;;1;
54054;48798;Mico/Sagui/Soinho;2025-03-14T09:44:00;MG;Paraopeba;Obtido pelo GPS ou informado explicitamente;3.0;1;Normal
54051;48795;Mico/Sagui/Soinho;2025-02-03T13:23:00;MG;Nova Porteirinha;Obtido pelo GPS ou informado explicitamente;0.0;1;
54050;48794;Mico/Sagui/Soinho;2025-03-11T08:59:00;MG;Francisco Sá;Obtido pelo GPS ou informado explicitamente;2.484999895095825;1;
54048;48792;Mico/Sagui/Soinho;2025-03-11T08:57:00;MG;Francisco Sá;Obtido pelo GPS ou informado explicitamente;1.9600000381469729;1;
54047;48791;Macaco/Guariba/Bugio/Prego/Guigó;2025-03-13T11:52:58;BA;Campo Formoso;Obtido pelo GPS ou informado explicitamente;14.0;8;Normal
54045;48789;Mico/Sagui/Soinho;2025-03-13T16:32:00;SP;Campinas;Obtido pelo GPS ou informado explicitamente;0.0;1;
54044;48788;Macaco/Guariba/Bugio/Prego/Guigó;2025-02-20T14:30:00;MG;Pouso Alegre;Obtido pelo GPS ou informado explicitamente;5.734000205993652;1;
54042;48776;Mico/Sagui/Soinho;2025-03-13T14:21:00;MG;Francisco Sá;Obtido pelo GPS ou informado explicitamente;0.0;2;
54041;48775;Mico/Sagui/Soinho;2025-03-13T14:45:00;MG;Francisco Sá;Obtido pelo GPS ou informado explicitamente;0.0;1;
54038;48772;Mico/Sagui/Soinho;2025-03-13T14:46:00;SP;Campinas;Obtido pelo GPS ou informado explicitamente;6.38;5;Normal
54032;48766;Mico/Sagui/Soinho;2025-03-12T14:18:00;SP;Ribeirão Preto;Coordenadas obtidas a partir do endereço;;1;
54031;48765;Macaco/Guariba/Bugio/Prego/Guigó;2025-03-07T09:34:16;MG;Patos de Minas;Obtido pelo GPS ou informado explicitamente;27.5;1;
54030;48764;Mico/Sagui/Soinho;2024-09-13T10:16:51;MG;Patos de Minas;Obtido pelo GPS ou informado explicitamente;40.0;1;
54027;48761;Mico/Sagui/Soinho;2025-03-13T09:58:00;MG;Paraopeba;Obtido pelo GPS ou informado explicitamente;3.51200008392334;1;
54026;48760;Mico/Sagui/Soinho;2025-03-13T09:41:00;MG;Paraopeba;Obtido pelo GPS ou informado explicitamente;4.0920000076293945;1;Normal
54025;48759;Mico/Sagui/Soinho;2025-03-13T08:42:07;MG;Paraopeba;Obtido pelo GPS ou informado explicitamente;1.5;1;
54023;48757;Mico/Sagui/Soinho;2025-03-05T11:22:59;RN;Natal;Coordenadas obtidas a partir do endereço;;1;
54022;48756;Mico/Sagui/Soinho;2025-03-13T09:40:00;MG;Belo Horizonte;Coordenadas obtidas a partir do endereço;;1;
54019;48753;Mico/Sagui/Soinho;2025-03-12T10:45:00;MG;Nova Lima;Coordenadas obtidas a partir do endereço;;1;
54018;48752;Mico/Sagui/Soinho;2025-03-10T19:39:00;GO;Jataí;Coordenadas obtidas a partir do endereço;;1;
54012;48746;Mico/Sagui/Soinho;2024-11-08T10:50:00;SP;Itaí;Obtido pelo GPS ou informado explicitamente;0.0;1;
54009;48743;Mico/Sagui/Soinho;2025-03-13T08:23:55;MG;Timóteo;Obtido pelo GPS ou informado explicitamente;38.65;1;
53999;48733;Mico/Sagui/Soinho;2025-03-12T18:16:48;SP;Campinas;Obtido pelo GPS ou informado explicitamente;3.7899999618530273;1;
53978;48712;Mico/Sagui/Soinho;2025-03-12T16:11:00;SP;Campinas;Coordenadas obtidas a partir do endereço;;1;
53976;48710;Macaco/Guariba/Bugio/Prego/Guigó;2025-03-12T14:40:00;SC;Planalto Alegre;Obtido pelo GPS ou informado explicitamente;0.0;1;
53973;48707;Mico/Sagui/Soinho;2025-03-07T05:30:00;TO;Tocantínia;Obtido pelo GPS ou informado explicitamente;33.31700134277344;1;
53970;48704;Macaco/Guariba/Bugio/Prego/Guigó;2025-03-06T15:30:00;PR;Paranavaí;Coordenadas obtidas a partir do endereço;;1;
53967;48701;Macaco/Guariba/Bugio/Prego/Guigó;2025-03-12T08:02:00;PA;Breves;Obtido pelo GPS ou informado explicitamente;3.29;1;
53960;48694;Mico/Sagui/Soinho;2025-03-12T09:15:00;SP;Sertãozinho;Obtido pelo GPS ou informado explicitamente;0.0;1;
53959;48693;Macaco/Guariba/Bugio/Prego/Guigó;2025-03-10T10:08:17;PR;Foz do Iguaçu;Coordenadas obtidas a partir do endereço;;1;
53951;48685;Mico/Sagui/Soinho;2025-03-11T11:09:00;PR;Curitiba;Obtido pelo GPS ou informado explicitamente;0.0;1;
53948;48682;Mico/Sagui/Soinho;2025-03-11T15:18:00;MG;Brás Pires;Obtido pelo GPS ou informado explicitamente;0.0;1;
53947;48681;Mico/Sagui/Soinho;2025-03-06T13:29:00;MG;Belo Horizonte;Coordenadas obtidas a partir do endereço;;1;Normal
53943;48677;Macaco/Guariba/Bugio/Prego/Guigó;2025-03-11T15:10:37;PA;Breves;Obtido pelo GPS ou informado explicitamente;3.55;1;
53941;48675;Mico/Sagui/Soinho;2025-03-11T16:14:00;SP;Jaguariúna;Obtido pelo GPS ou informado explicitamente;4.0;1;
53929;48663;Mico/Sagui/Soinho;2025-03-10T10:31:00;SP;Severínia;Coordenadas obtidas a partir do endereço;;2;
53928;48662;Macaco/Guariba/Bugio/Prego/Guigó;2025-03-11T11:03:00;RS;Venâncio Aires;Obtido pelo GPS ou informado explicitamente;1.2999999523162842;1;
53927;48661;Macaco/Guariba/Bugio/Prego/Guigó;2025-03-11T12:24:22;PA;Breves;Obtido pelo GPS ou informado explicitamente;1.75;1;
53926;48660;Mico/Sagui/Soinho;2025-03-10T08:30:00;MG;Bandeira do Sul;Coordenadas obtidas a partir do endereço;;1;
53925;48659;Mico/Sagui/Soinho;2025-03-10T06:30:00;MG;Salinas;Coordenadas obtidas a partir do endereço;;1;
53919;48653;Mico/Sagui/Soinho;2025-03-10T16:45:00;SP;Santo Antônio do Jardim;Obtido pelo GPS ou informado explicitamente;2.0;1;
53915;48649;Mico/Sagui/Soinho;2025-03-11T08:49:00;MG;Uberaba;Obtido pelo GPS ou informado explicitamente;4.254000186920166;1;
53911;48645;Macaco/Guariba/Bugio/Prego/Guigó;2025-03-10T09:48:00;GO;Goiânia;Obtido pelo GPS ou informado explicitamente;0.0;1;
53910;48644;Macaco/Guariba/Bugio/Prego/Guigó;2025-03-10T09:48:00;GO;Goiânia;Obtido pelo GPS ou informado explicitamente;0.0;1;
53909;48643;Mico/Sagui/Soinho;2025-03-10T19:48:00;SP;Campinas;Coordenadas obtidas a partir do endereço;;1;
53904;48638;Macaco/Guariba/Bugio/Prego/Guigó;2025-03-10T08:43:21;PA;Breves;Obtido pelo GPS ou informado explicitamente;2.63;1;
53903;48637;Macaco/Guariba/Bugio/Prego/Guigó;2025-03-10T09:12:24;PA;Breves;Obtido pelo GPS ou informado explicitamente;4.39;1;
53901;48635;Mico/Sagui/Soinho;2025-03-10T10:29:00;MG;Montes Claros;Obtido pelo GPS ou informado explicitamente;2.0999999046325684;1;
53895;48629;Macaco/Guariba/Bugio/Prego/Guigó;2025-03-10T15:34:00;PA;Breves;Obtido pelo GPS ou informado explicitamente;3.26;1;
53890;48624;Macaco/Guariba/Bugio/Prego/Guigó;2025-02-16T17:13:16;MT;Barão de Melgaço;Obtido pelo GPS ou informado explicitamente;3.54;4;Normal
53881;48615;Mico/Sagui/Soinho;2025-03-10T14:30:00;SP;Campinas;Coordenadas obtidas a partir do endereço;;1;
53878;48612;Mico/Sagui/Soinho;2025-03-10T14:37:27;TO;Palmas;Obtido pelo GPS ou informado explicitamente;3.7899999618530273;1;
53876;48610;Mico/Sagui/Soinho;2025-03-10T14:08:00;SP;Campinas;Obtido pelo GPS ou informado explicitamente;0.0;1;
53872;48606;Mico/Sagui/Soinho;2025-03-08T14:17:00;MG;Itapagipe;Coordenadas obtidas a partir do endereço;;1;
53871;48605;Mico/Sagui/Soinho;2025-03-08T14:17:00;MG;Itapagipe;Coordenadas obtidas a partir do endereço;;1;
53858;48592;Mico/Sagui/Soinho;2025-03-10T06:20:00;MG;Ribeirão das Neves;Obtido pelo GPS ou informado explicitamente;3.7899999618530273;7;Normal
53842;48576;Mico/Sagui/Soinho;2025-03-09T09:58:00;MG;Espinosa;Obtido pelo GPS ou informado explicitamente;1.5;3;Normal
53841;48575;Macaco/Guariba/Bugio/Prego/Guigó;2025-03-09T10:47:00;AP;Macapá;Obtido pelo GPS ou informado explicitamente;0.0;1;
53826;48551;Macaco/Guariba/Bugio/Prego/Guigó;2025-02-25T10:56:00;RJ;Santa Maria Madalena;Obtido pelo GPS ou informado explicitamente;9.9350004196167;4;Normal
53817;48542;Mico/Sagui/Soinho;2025-03-08T10:48:39;SP;Campinas;Obtido pelo GPS ou informado explicitamente;45.10200119018555;1;
53810;48535;Macaco/Guariba/Bugio/Prego/Guigó;2025-03-07T14:38:00;MG;Cambuí;Obtido pelo GPS ou informado explicitamente;3.7899999618530273;1;
53808;48533;Mico/Sagui/Soinho;2025-03-07T14:44:29;MG;Montes Claros;Obtido pelo GPS ou informado explicitamente;1.815999984741211;1;Doente
53804;48529;Mico/Sagui/Soinho;2025-03-07T10:00:00;GO;Goiânia;Coordenadas obtidas a partir do endereço;;1;
53801;48526;Macaco/Guariba/Bugio/Prego/Guigó;2025-02-26T19:09:00;SP;Pontal;Coordenadas obtidas a partir do endereço;;1;Doente
53795;48519;Mico/Sagui/Soinho;2025-03-06T09:00:00;MG;Montes Claros;Obtido pelo GPS ou informado explicitamente;6.650000095367432;1;
53794;48518;Mico/Sagui/Soinho;2025-03-06T19:24:32;DF;Brasília;Obtido pelo GPS ou informado explicitamente;3.54;1;
53788;48512;Macaco/Guariba/Bugio/Prego/Guigó;2025-03-06T15:00:00;MG;Urucuia;Obtido pelo GPS ou informado explicitamente;1.399999976158142;1;
53785;48509;Macaco/Guariba/Bugio/Prego/Guigó;2025-03-03T07:30:00;SP;Mococa;Obtido pelo GPS ou informado explicitamente;1.0;1;
53780;48504;Mico/Sagui/Soinho;2025-03-02T10:45:00;MG;Carvalhos;Obtido pelo GPS ou informado explicitamente;0.0;1;
53771;48495;Mico/Sagui/Soinho;2025-02-20T15:06:27;SP;Ribeirão Preto;Coordenadas obtidas a partir do endereço;;1;
53722;48446;Mico/Sagui/Soinho;2025-03-06T10:50:34;MG;Sete Lagoas;Obtido pelo GPS ou informado explicitamente;3.7899999618530273;1;
53717;48441;Mico/Sagui/Soinho;2025-03-05T17:00:00;SP;Guarulhos;Obtido pelo GPS ou informado explicitamente;;1;
53716;48440;Mico/Sagui/Soinho;2025-02-16T12:00:00;SP;Guarulhos;Obtido pelo GPS ou informado explicitamente;;1;
53715;48439;Macaco/Guariba/Bugio/Prego/Guigó;2025-02-19T12:00:00;SP;Guarulhos;Obtido pelo GPS ou informado explicitamente;;1;
53713;48437;Mico/Sagui/Soinho;2025-03-05T17:37:00;SP;Campinas;Coordenadas obtidas a partir do endereço;;1;
53711;48435;Mico/Sagui/Soinho;2025-03-05T16:00:00;GO;Goiânia;Coordenadas obtidas a partir do endereço;;1;
53710;48434;Macaco/Guariba/Bugio/Prego/Guigó;2025-03-02T14:37:00;MG;Camanducaia;Obtido pelo GPS ou informado explicitamente;1.75;1;
53709;48433;Macaco/Guariba/Bugio/Prego/Guigó;2025-03-05T16:18:00;MG;Itapeva;Obtido pelo GPS ou informado explicitamente;82.82;1;
53708;48432;Mico/Sagui/Soinho;2025-03-05T15:04:00;MA;São Luís;Obtido pelo GPS ou informado explicitamente;16.05;3;Normal
53707;48431;Macaco/Guariba/Bugio/Prego/Guigó;2025-03-03T14:58:00;SP;Campinas;Obtido pelo GPS ou informado explicitamente;0.0;1;
53703;48427;Mico/Sagui/Soinho;2025-03-05T09:57:59;SP;Piracaia;Obtido pelo GPS ou informado explicitamente;3.0;1;
53697;48420;Mico/Sagui/Soinho;2025-03-04T12:57:00;GO;Nova Roma;Obtido pelo GPS ou informado explicitamente;5.676000118255615;1;Normal
53692;48411;Macaco/Guariba/Bugio/Prego/Guigó;2025-03-04T16:05:53;SP;Mairiporã;Obtido pelo GPS ou informado explicitamente;5.442999839782715;1;
53689;48408;Mico/Sagui/Soinho;2025-03-04T10:50:20;SP;Ribeirão Preto;Coordenadas obtidas a partir do endereço;;1;
53677;48396;Mico/Sagui/Soinho;2025-03-03T14:15:00;SP;Campinas;Obtido pelo GPS ou informado explicitamente;3.7899999618530273;1;
53668;48387;Mico/Sagui/Soinho;2025-03-02T14:44:00;MG;Nova Porteirinha;Obtido pelo GPS ou informado explicitamente;3.790092468261719;1;Normal
53667;48386;Mico/Sagui/Soinho;2025-03-01T11:28:00;SP;Ribeirão Preto;Coordenadas obtidas a partir do endereço;;1;
53618;48337;Mico/Sagui/Soinho;2025-02-14T13:14:00;MG;Francisco Sá;Obtido pelo GPS ou informado explicitamente;4.515999794006348;1;
53611;48330;Mico/Sagui/Soinho;2025-02-14T13:14:00;MG;Francisco Sá;Obtido pelo GPS ou informado explicitamente;4.515999794006348;1;
53580;48299;Mico/Sagui/Soinho;2025-02-17T15:49:00;MG;Nova Porteirinha;Obtido pelo GPS ou informado explicitamente;7.456999778747559;1;
53561;48280;Mico/Sagui/Soinho;2025-02-27T16:32:00;MG;Nova Porteirinha;Obtido pelo GPS ou informado explicitamente;18.541000366210938;1;Normal
53556;48275;Mico/Sagui/Soinho;2025-02-27T16:32:00;MG;Nova Porteirinha;Obtido pelo GPS ou informado explicitamente;18.541000366210938;1;Normal
53555;48274;Mico/Sagui/Soinho;2025-02-27T16:30:00;MG;Nova Porteirinha;Obtido pelo GPS ou informado explicitamente;19.25;1;Normal
53525;48244;Mico/Sagui/Soinho;2025-02-27T16:32:00;MG;Nova Porteirinha;Obtido pelo GPS ou informado explicitamente;18.541000366210938;1;Normal
53524;48243;Mico/Sagui/Soinho;2025-02-27T16:30:00;MG;Nova Porteirinha;Obtido pelo GPS ou informado explicitamente;19.25;1;Normal
53499;48218;Macaco/Guariba/Bugio/Prego/Guigó;2025-02-28T12:07:00;SP;Ribeirão Preto;Coordenadas obtidas a partir do endereço;;1;
53498;48217;Mico/Sagui/Soinho;2025-02-27T11:04:00;SP;Ribeirão Preto;Coordenadas obtidas a partir do endereço;;1;
53494;48212;Mico/Sagui/Soinho;2025-02-28T17:40:00;SP;Mococa;Obtido pelo GPS ou informado explicitamente;0.0;1;
53490;48208;Mico/Sagui/Soinho;2025-02-28T17:01:40;SC;Florianópolis;Coordenadas obtidas a partir do endereço;;1;
53485;48203;Mico/Sagui/Soinho;2025-02-22T22:30:00;MG;Taiobeiras;Obtido pelo GPS ou informado explicitamente;0.0;1;
53477;48195;Mico/Sagui/Soinho;2025-02-07T13:53:00;PR;Curitiba;Obtido pelo GPS ou informado explicitamente;0.0;1;
53476;48194;Mico/Sagui/Soinho;2025-02-07T13:46:00;PR;Curitiba;Obtido pelo GPS ou informado explicitamente;0.0;1;
53474;48191;Mico/Sagui/Soinho;2025-02-04T09:37:00;PR;Curitiba;Obtido pelo GPS ou informado explicitamente;0.0;1;
53470;48187;Macaco/Guariba/Bugio/Prego/Guigó;2025-02-20T14:00:00;PR;Ribeirão Claro;Obtido pelo GPS ou informado explicitamente;3.7899999618530273;1;Doente
53469;48186;Macaco/Guariba/Bugio/Prego/Guigó;2025-02-27T15:30:00;SP;Guarulhos;Obtido pelo GPS ou informado explicitamente;;1;
53468;48185;Mico/Sagui/Soinho;2025-02-23T08:00:00;GO;Orizona;Coordenadas obtidas a partir do endereço;;1;
53467;48184;Mico/Sagui/Soinho;2025-02-24T09:00:00;GO;Orizona;Coordenadas obtidas a partir do endereço;;1;
53466;48183;Mico/Sagui/Soinho;2025-02-27T17:41:00;MG;Silveirânia;Obtido pelo GPS ou informado explicitamente;5.0;1;
53465;48182;Mico/Sagui/Soinho;2025-02-24T09:00:00;GO;Orizona;Coordenadas obtidas a partir do endereço;;2;
53463;48180;Macaco/Guariba/Bugio/Prego/Guigó;2025-02-27T15:00:00;MG;Gonçalves;Obtido pelo GPS ou informado explicitamente;0.0;1;
53457;48174;Mico/Sagui/Soinho;2025-02-27T15:08:00;SP;Ribeirão Preto;Coordenadas obtidas a partir do endereço;;1;
53455;48172;Mico/Sagui/Soinho;2025-02-25T14:39:00;SP;Campinas;Coordenadas obtidas a partir do endereço;;1;
53454;48171;Macaco/Guariba/Bugio/Prego/Guigó;2025-02-17T10:26:00;MG;Senador Amaral;Obtido pelo GPS ou informado explicitamente;1480.0;1;
53453;48170;Mico/Sagui/Soinho;2025-02-24T14:32:00;SP;Campinas;Coordenadas obtidas a partir do endereço;;1;
53450;48167;Mico/Sagui/Soinho;2025-02-26T14:30:00;SP;Campinas;Coordenadas obtidas a partir do endereço;;1;
53447;48164;Mico/Sagui/Soinho;2025-02-20T14:19:00;SP;Campinas;Coordenadas obtidas a partir do endereço;;1;
53446;48163;Mico/Sagui/Soinho;2025-02-20T14:19:00;SP;Campinas;Coordenadas obtidas a partir do endereço;;1;
53445;48162;Macaco/Guariba/Bugio/Prego/Guigó;2025-01-27T10:31:00;MG;Senador Amaral;Obtido pelo GPS ou informado explicitamente;1543.0;2;
53442;48159;Macaco/Guariba/Bugio/Prego/Guigó;2025-02-17T09:10:00;MG;Senador Amaral;Obtido pelo GPS ou informado explicitamente;1.484;1;
53434;48151;Mico/Sagui/Soinho;2025-02-24T12:00:00;SP;Valinhos;Obtido pelo GPS ou informado explicitamente;19.909;1;
53433;48150;Mico/Sagui/Soinho;2025-02-27T11:34:00;MG;Nova Lima;Obtido pelo GPS ou informado explicitamente;3.2160000801086426;1;
53432;48149;Mico/Sagui/Soinho;2025-02-25T08:05:00;SP;Valinhos;Obtido pelo GPS ou informado explicitamente;22.5;1;
53431;48148;Macaco/Guariba/Bugio/Prego/Guigó;2025-02-24T10:40:00;SP;Valinhos;Obtido pelo GPS ou informado explicitamente;17.754;1;
53430;48147;Mico/Sagui/Soinho;2025-02-23T11:00:00;SP;Valinhos;Obtido pelo GPS ou informado explicitamente;9.2899;1;
53428;48145;Mico/Sagui/Soinho;2025-02-27T11:00:00;SP;Morungaba;Obtido pelo GPS ou informado explicitamente;2.0;1;Normal
53424;48141;Macaco/Guariba/Bugio/Prego/Guigó;2025-02-27T09:47:00;MG;Itapeva;Obtido pelo GPS ou informado explicitamente;0.0;1;
53420;48137;Mico/Sagui/Soinho;2025-02-27T07:55:00;SP;Bragança Paulista;Obtido pelo GPS ou informado explicitamente;3.2160000801086426;1;
53411;48128;Mico/Sagui/Soinho;2025-02-23T12:23:00;SP;Morungaba;Coordenadas obtidas a partir do endereço;;1;Estranho
53409;48126;Mico/Sagui/Soinho;2025-02-24T09:55:00;RN;Parnamirim;Coordenadas obtidas a partir do endereço;;1;
53378;48095;Macaco/Guariba/Bugio/Prego/Guigó;2025-02-15T10:04:00;MG;Pouso Alegre;Obtido pelo GPS ou informado explicitamente;3.299999952316284;1;
53376;48093;Mico/Sagui/Soinho;2025-02-26T09:38:49;MG;Pirapora;Obtido pelo GPS ou informado explicitamente;193.29600524902344;1;
53371;48088;Macaco/Guariba/Bugio/Prego/Guigó;2025-02-25T14:58:24;MG;Paraisópolis;Obtido pelo GPS ou informado explicitamente;1.1;1;
53368;48085;Mico/Sagui/Soinho;2025-02-25T21:18:21;SP;Campinas;Obtido pelo GPS ou informado explicitamente;3.0;1;
53360;48077;Macaco/Guariba/Bugio/Prego/Guigó;2025-02-25T12:56:33;PA;Santarém;Obtido pelo GPS ou informado explicitamente;5.25;1;Normal
53358;48075;Mico/Sagui/Soinho;2025-02-25T15:34:00;TO;Palmas;Obtido pelo GPS ou informado explicitamente;4.400000095367432;1;Doente
53352;48069;Macaco/Guariba/Bugio/Prego/Guigó;2025-02-24T08:00:00;MG;Poços de Caldas;Obtido pelo GPS ou informado explicitamente;0.0;1;
53349;48066;Mico/Sagui/Soinho;2025-02-21T11:29:00;MG;Teófilo Otoni;Coordenadas obtidas a partir do endereço;;1;
53347;48064;Mico/Sagui/Soinho;2025-02-25T11:48:00;RJ;Rio de Janeiro;Obtido pelo GPS ou informado explicitamente;13.84;2;Normal
53341;48058;Macaco/Guariba/Bugio/Prego/Guigó;2025-02-25T09:56:00;MG;Sapucaí-Mirim;Obtido pelo GPS ou informado explicitamente;1.399999976158142;1;
53340;48057;Macaco/Guariba/Bugio/Prego/Guigó;2025-02-18T03:15:00;RS;Santa Maria do Herval;Obtido pelo GPS ou informado explicitamente;6.9159;1;
53339;48056;Macaco/Guariba/Bugio/Prego/Guigó;2025-02-06T13:03:00;SP;Juquiá;Obtido pelo GPS ou informado explicitamente;0.0;1;
53335;48052;Macaco/Guariba/Bugio/Prego/Guigó;2025-02-22T14:09:33;RR;Caracaraí;Obtido pelo GPS ou informado explicitamente;1.7660000324249268;10;Normal
53328;48045;Mico/Sagui/Soinho;2025-02-24T16:10:00;SP;Terra Roxa;Obtido pelo GPS ou informado explicitamente;20.0;1;
53325;48042;Mico/Sagui/Soinho;2025-02-24T14:30:00;MG;Nova Porteirinha;Coordenadas obtidas a partir do endereço;;1;
53320;48037;Mico/Sagui/Soinho;2025-02-24T14:45:01;MG;Montes Claros;Obtido pelo GPS ou informado explicitamente;10.800000190734863;1;
53318;48035;Mico/Sagui/Soinho;2025-02-24T10:54:00;SP;Ribeirão Preto;Obtido pelo GPS ou informado explicitamente;2.0;2;Normal
53314;48031;Mico/Sagui/Soinho;2025-02-24T10:20:16;MG;Montes Claros;Obtido pelo GPS ou informado explicitamente;7.699999809265137;1;Normal
53303;48020;Macaco/Guariba/Bugio/Prego/Guigó;2025-02-23T14:46:59;RJ;Cantagalo;Obtido pelo GPS ou informado explicitamente;;4;Normal
53292;48009;Mico/Sagui/Soinho;2025-02-23T07:30:00;RJ;Cabo Frio;Obtido pelo GPS ou informado explicitamente;3.7899999618530273;6;Normal
53291;48008;Mico/Sagui/Soinho;2025-02-23T08:50:00;RJ;Cabo Frio;Obtido pelo GPS ou informado explicitamente;3.7899999618530273;2;Normal
53287;48004;Macaco/Guariba/Bugio/Prego/Guigó;2025-02-17T10:00:00;MG;Delfim Moreira;Coordenadas obtidas a partir do endereço;;4;Normal
53285;48002;Mico/Sagui/Soinho;2025-02-22T12:45:23;SP;Ribeirão Preto;Coordenadas obtidas a partir do endereço;;1;
53284;48001;Mico/Sagui/Soinho;2025-02-22T12:03:45;SC;Florianópolis;Obtido pelo GPS ou informado explicitamente;;1;
53283;48000;Mico/Sagui/Soinho;2025-02-22T11:38:51;SC;Florianópolis;Obtido pelo GPS ou informado explicitamente;;1;
53280;47997;Mico/Sagui/Soinho;2025-02-21T16:06:50;SP;Ribeirão Preto;Coordenadas obtidas a partir do endereço;;1;
53279;47996;Mico/Sagui/Soinho;2025-02-21T15:57:52;SP;Ribeirão Preto;Coordenadas obtidas a partir do endereço;;1;
53276;47993;Macaco/Guariba/Bugio/Prego/Guigó;2025-02-21T15:06:43;SP;Ribeirão Preto;Coordenadas obtidas a partir do endereço;;1;
53273;47990;Mico/Sagui/Soinho;2025-02-21T13:46:29;SP;Ribeirão Preto;Coordenadas obtidas a partir do endereço;;2;
53269;47986;Macaco/Guariba/Bugio/Prego/Guigó;2025-02-21T11:28:00;SP;Ribeirão Preto;Obtido pelo GPS ou informado explicitamente;2.54;1;
53268;47985;Macaco/Guariba/Bugio/Prego/Guigó;2025-02-21T11:28:00;SP;Ribeirão Preto;Obtido pelo GPS ou informado explicitamente;2.54;1;
53266;47983;Macaco/Guariba/Bugio/Prego/Guigó;2025-02-21T10:59:02;SP;Ribeirão Preto;Obtido pelo GPS ou informado explicitamente;2.0999999046325684;3;Normal
53265;47982;Mico/Sagui/Soinho;2025-02-21T10:03:12;SP;Morungaba;Obtido pelo GPS ou informado explicitamente;8.571999549865723;1;
53264;47981;Macaco/Guariba/Bugio/Prego/Guigó;2025-02-21T10:59:02;SP;Ribeirão Preto;Obtido pelo GPS ou informado explicitamente;2.0999999046325684;3;Normal
53263;47980;Macaco/Guariba/Bugio/Prego/Guigó;2025-02-19T13:00:00;SP;Valinhos;Obtido pelo GPS ou informado explicitamente;15.204;1;
53262;47979;Macaco/Guariba/Bugio/Prego/Guigó;2025-02-21T08:15:35;SP;Monte Alto;Coordenadas obtidas a partir do endereço;;1;
53260;47977;Mico/Sagui/Soinho;2025-02-02T10:35:00;MG;Nova Lima;Coordenadas obtidas a partir do endereço;;1;Normal
53259;47976;Macaco/Guariba/Bugio/Prego/Guigó;2025-02-05T07:51:28;SP;Monte Alto;Coordenadas obtidas a partir do endereço;;1;
53254;47971;Mico/Sagui/Soinho;2025-02-20T14:15:12;SP;São Pedro;Obtido pelo GPS ou informado explicitamente;0.0;1;
53252;47969;Macaco/Guariba/Bugio/Prego/Guigó;2025-02-18T09:12:39;MT;Poconé;Obtido pelo GPS ou informado explicitamente;3.7899999618530273;6;Normal
53250;47967;Mico/Sagui/Soinho;2025-02-20T13:23:00;SP;Caconde;Obtido pelo GPS ou informado explicitamente;1.7000000476837158;1;
53248;47965;Macaco/Guariba/Bugio/Prego/Guigó;2025-02-20T09:31:00;RS;Viamão;Coordenadas obtidas a partir do endereço;;1;
53247;47964;Macaco/Guariba/Bugio/Prego/Guigó;2025-02-20T10:47:00;MG;Cambuí;Obtido pelo GPS ou informado explicitamente;3.7899999618530273;1;
53246;47963;Mico/Sagui/Soinho;2025-02-20T10:46:00;MG;Cambuí;Obtido pelo GPS ou informado explicitamente;3.7899999618530273;1;
53245;47962;Macaco/Guariba/Bugio/Prego/Guigó;2025-02-20T10:20:00;MG;Cambuí;Obtido pelo GPS ou informado explicitamente;3.7899999618530273;1;
53244;47961;Mico/Sagui/Soinho;2025-02-20T09:58:00;MG;Coronel Fabriciano;Obtido pelo GPS ou informado explicitamente;1.7599999904632568;1;
53243;47960;Macaco/Guariba/Bugio/Prego/Guigó;2024-12-05T08:00:00;RS;Dois Irmãos;Obtido pelo GPS ou informado explicitamente;0.0;1;
53239;47956;Macaco/Guariba/Bugio/Prego/Guigó;2025-02-19T18:00:00;MG;Conceição dos Ouros;Obtido pelo GPS ou informado explicitamente;5.144999980926514;1;
53236;47953;Mico/Sagui/Soinho;2025-02-19T15:22:56;SP;Ribeirão Preto;Coordenadas obtidas a partir do endereço;;2;
53235;47952;Mico/Sagui/Soinho;2025-02-19T15:11:21;MG;Lagoa Formosa;Coordenadas obtidas a partir do endereço;;4;
53234;47951;Mico/Sagui/Soinho;2025-02-18T15:10:00;MG;Belo Horizonte;Coordenadas obtidas a partir do endereço;;1;
53229;47946;Mico/Sagui/Soinho;2024-08-09T10:43:00;MG;Conceição dos Ouros;Obtido pelo GPS ou informado explicitamente;3.7899999618530273;6;Normal
53225;47942;Mico/Sagui/Soinho;2025-02-18T10:02:43;SP;Atibaia;Coordenadas obtidas a partir do endereço;;1;
53216;47933;Macaco/Guariba/Bugio/Prego/Guigó;2025-02-18T15:19:00;MG;Senador Amaral;Obtido pelo GPS ou informado explicitamente;1.340000033378601;1;
53204;47921;Mico/Sagui/Soinho;2025-02-18T14:04:55;SP;Ribeirão Preto;Coordenadas obtidas a partir do endereço;;1;
53203;47920;Mico/Sagui/Soinho;2025-02-18T13:52:38;SP;Ribeirão Preto;Coordenadas obtidas a partir do endereço;;1;
53198;47915;Macaco/Guariba/Bugio/Prego/Guigó;2025-02-17T17:00:00;CE;Ubajara;Obtido pelo GPS ou informado explicitamente;4.315;1;
53197;47914;Macaco/Guariba/Bugio/Prego/Guigó;2025-02-16T16:30:00;CE;Ubajara;Obtido pelo GPS ou informado explicitamente;4.394;1;
53191;47908;Mico/Sagui/Soinho;2025-02-18T09:45:00;MG;Jaíba;Obtido pelo GPS ou informado explicitamente;1.3600000143051147;5;Normal
53181;47898;Mico/Sagui/Soinho;2025-02-14T11:28:00;MG;Campo Azul;Obtido pelo GPS ou informado explicitamente;9.0;1;
53177;47894;Macaco/Guariba/Bugio/Prego/Guigó;2025-02-17T08:25:00;MT;Barão de Melgaço;Obtido pelo GPS ou informado explicitamente;14.85;4;Normal
53155;47872;Macaco/Guariba/Bugio/Prego/Guigó;2025-02-17T17:57:00;MT;Barão de Melgaço;Obtido pelo GPS ou informado explicitamente;3.7899999618530273;5;Normal
53154;47871;Macaco/Guariba/Bugio/Prego/Guigó;2025-02-17T18:06:00;MT;Barão de Melgaço;Obtido pelo GPS ou informado explicitamente;5.73799991607666;1;Normal
53153;47870;Macaco/Guariba/Bugio/Prego/Guigó;2025-02-17T18:08:00;MT;Barão de Melgaço;Obtido pelo GPS ou informado explicitamente;3.7899999618530273;1;Normal
53152;47869;Macaco/Guariba/Bugio/Prego/Guigó;2025-02-17T18:11:27;MT;Barão de Melgaço;Obtido pelo GPS ou informado explicitamente;3.7899999618530273;2;Normal
53150;47867;Macaco/Guariba/Bugio/Prego/Guigó;2025-02-17T15:30:00;SP;Ribeirão Preto;Obtido pelo GPS ou informado explicitamente;4.63;1;
53149;47866;Macaco/Guariba/Bugio/Prego/Guigó;2025-02-17T10:58:00;SP;Ribeirão Preto;Obtido pelo GPS ou informado explicitamente;0.0;1;
53143;47859;Mico/Sagui/Soinho;2025-02-17T16:33:20;SC;Florianópolis;Coordenadas obtidas a partir do endereço;;1;
53142;47858;Mico/Sagui/Soinho;2025-02-17T15:37:11;SP;Ribeirão Preto;Obtido pelo GPS ou informado explicitamente;2.8499999046325684;1;Normal
53139;47854;Macaco/Guariba/Bugio/Prego/Guigó;2025-02-11T07:15:00;MG;Estiva;Obtido pelo GPS ou informado explicitamente;3.0;1;
53138;47853;Mico/Sagui/Soinho;2025-02-17T15:19:00;MG;Contagem;Obtido pelo GPS ou informado explicitamente;;1;
53137;47852;Mico/Sagui/Soinho;2025-02-17T08:15:00;MG;Montes Claros;Obtido pelo GPS ou informado explicitamente;0.0;1;Doente
53135;47850;Macaco/Guariba/Bugio/Prego/Guigó;2025-02-17T11:00:00;SP;Ribeirão Preto;Obtido pelo GPS ou informado explicitamente;0.0;1;
53134;47849;Macaco/Guariba/Bugio/Prego/Guigó;2025-02-17T11:03:00;SP;Ribeirão Preto;Obtido pelo GPS ou informado explicitamente;3.18;1;
53118;47833;Mico/Sagui/Soinho;2025-02-14T08:30:00;SP;Pedra Bela;Obtido pelo GPS ou informado explicitamente;3.7899999618530273;1;
53113;47823;Mico/Sagui/Soinho;2025-02-17T09:55:13;MG;Montes Claros;Obtido pelo GPS ou informado explicitamente;4.050000190734863;1;
53111;47821;Macaco/Guariba/Bugio/Prego/Guigó;2024-09-17T23:12:00;RR;Bonfim;Coordenadas obtidas a partir do endereço;;1;
53109;47819;Macaco/Guariba/Bugio/Prego/Guigó;2025-02-14T15:05:00;PR;Tijucas do Sul;Obtido pelo GPS ou informado explicitamente;0.0;1;
53107;47817;Macaco/Guariba/Bugio/Prego/Guigó;2025-02-17T07:29:00;SP;Miracatu;Obtido pelo GPS ou informado explicitamente;5.330999851226807;6;Normal
53072;47781;Macaco/Guariba/Bugio/Prego/Guigó;2025-02-16T17:15:00;MT;Poconé;Obtido pelo GPS ou informado explicitamente;15.7;3;Normal
53061;47770;Macaco/Guariba/Bugio/Prego/Guigó;2025-02-13T17:50:00;MG;Toledo;Obtido pelo GPS ou informado explicitamente;12.01;1;
53060;47769;Macaco/Guariba/Bugio/Prego/Guigó;2025-02-15T17:26:00;ES;Linhares;Obtido pelo GPS ou informado explicitamente;0.0;5;Normal
53058;47767;Mico/Sagui/Soinho;2025-02-16T07:33:00;SP;Tapiraí;Obtido pelo GPS ou informado explicitamente;3.812000036239624;1;Normal
53031;47739;Macaco/Guariba/Bugio/Prego/Guigó;2025-02-15T16:31:00;MT;Poconé;Obtido pelo GPS ou informado explicitamente;15.81;1;Normal
53029;47737;Macaco/Guariba/Bugio/Prego/Guigó;2025-02-15T16:26:24;MT;Poconé;Obtido pelo GPS ou informado explicitamente;15.81;1;Normal
53005;47713;Mico/Sagui/Soinho;2025-02-14T14:42:00;PR;Morretes;Obtido pelo GPS ou informado explicitamente;10.4;2;Normal
53000;47708;Mico/Sagui/Soinho;2025-02-14T10:37:00;MG;Montes Claros;Obtido pelo GPS ou informado explicitamente;1.600000023841858;1;Doente
52999;47707;Mico/Sagui/Soinho;2025-02-14T16:01:34;SC;Florianópolis;Obtido pelo GPS ou informado explicitamente;;1;
52991;47699;Mico/Sagui/Soinho;2025-02-14T09:00:00;SP;Valinhos;Obtido pelo GPS ou informado explicitamente;7.0749;1;
52990;47698;Macaco/Guariba/Bugio/Prego/Guigó;2025-02-12T14:00:00;SP;Valinhos;Obtido pelo GPS ou informado explicitamente;16.079;1;
52958;47666;Mico/Sagui/Soinho;2025-02-13T13:23:00;MG;Visconde do Rio Branco;Obtido pelo GPS ou informado explicitamente;0.0;1;
52956;47664;Macaco/Guariba/Bugio/Prego/Guigó;2025-02-13T17:50:00;MG;Toledo;Obtido pelo GPS ou informado explicitamente;;1;
52951;47659;Macaco/Guariba/Bugio/Prego/Guigó;2025-02-13T09:44:00;SP;Luís Antônio;Obtido pelo GPS ou informado explicitamente;3.0;2;Normal
52947;47655;Macaco/Guariba/Bugio/Prego/Guigó;2025-02-13T15:02:00;SP;Ribeirão Preto;Obtido pelo GPS ou informado explicitamente;0.0;1;
52945;47653;Mico/Sagui/Soinho;2025-02-13T09:36:00;MG;Montes Claros;Obtido pelo GPS ou informado explicitamente;1.850000023841858;1;
52924;47632;Macaco/Guariba/Bugio/Prego/Guigó;2025-02-13T10:28:47;TO;Monte do Carmo;Obtido pelo GPS ou informado explicitamente;3.0;3;Normal
52923;47631;Macaco/Guariba/Bugio/Prego/Guigó;2025-02-13T09:22:00;TO;Monte do Carmo;Obtido pelo GPS ou informado explicitamente;3.0;2;Normal
52921;47629;Mico/Sagui/Soinho;2025-02-06T10:00:00;SP;Valinhos;Obtido pelo GPS ou informado explicitamente;3.2160000801086426;1;
52920;47628;Macaco/Guariba/Bugio/Prego/Guigó;2025-02-10T02:00:00;MG;Estrela Dalva;Coordenadas obtidas a partir do endereço;;1;
52839;47545;Mico/Sagui/Soinho;2025-02-11T14:22:39;RJ;Rio de Janeiro;Obtido pelo GPS ou informado explicitamente;;5;Normal
52836;47542;Mico/Sagui/Soinho;2025-02-12T16:45:00;RJ;Petrópolis;Obtido pelo GPS ou informado explicitamente;2.5;1;Normal
52817;47523;Mico/Sagui/Soinho;2024-07-20T09:45:00;SP;Guaratinguetá;Obtido pelo GPS ou informado explicitamente;36.46900177001953;1;
52813;47519;Mico/Sagui/Soinho;2024-07-20T09:46:00;SP;Guaratinguetá;Coordenadas obtidas a partir do endereço;;1;
52795;47501;Mico/Sagui/Soinho;2025-02-11T16:15:00;SP;Ribeirão Preto;Coordenadas obtidas a partir do endereço;;1;
52794;47500;Mico/Sagui/Soinho;2025-02-12T10:27:57;SP;Sertãozinho;Obtido pelo GPS ou informado explicitamente;3.7899999618530273;1;
52793;47499;Mico/Sagui/Soinho;2025-02-12T10:00:00;MG;Varginha;Coordenadas obtidas a partir do endereço;;1;
52792;47498;Mico/Sagui/Soinho;2025-02-12T10:01:29;SP;Pontal;Obtido pelo GPS ou informado explicitamente;3.7899999618530273;1;Estranho
52772;47478;Mico/Sagui/Soinho;2025-02-10T18:09:00;SP;Campinas;Obtido pelo GPS ou informado explicitamente;0.0;1;
52770;47476;Mico/Sagui/Soinho;2025-02-11T18:02:00;SP;Campinas;Coordenadas obtidas a partir do endereço;;1;
52767;47473;Mico/Sagui/Soinho;2025-01-31T13:38:00;MG;Juiz de Fora;Coordenadas obtidas a partir do endereço;;1;
52764;47470;Mico/Sagui/Soinho;2025-02-05T11:42:46;SP;Luís Antônio;Obtido pelo GPS ou informado explicitamente;;4;Normal
52762;47468;Macaco/Guariba/Bugio/Prego/Guigó;2025-01-29T10:26:03;SP;Luís Antônio;Obtido pelo GPS ou informado explicitamente;;6;Normal
52759;47465;Mico/Sagui/Soinho;2025-01-29T08:54:03;SP;Luís Antônio;Obtido pelo GPS ou informado explicitamente;;1;Normal
52717;47423;Mico/Sagui/Soinho;2025-02-11T10:28:40;MG;Montes Claros;Obtido pelo GPS ou informado explicitamente;1.366000056266785;1;
52705;47411;Macaco/Guariba/Bugio/Prego/Guigó;2025-02-10T01:00:00;SP;Serra Negra;Obtido pelo GPS ou informado explicitamente;2.5829999446868896;1;
52704;47410;Mico/Sagui/Soinho;2025-02-11T08:25:00;MG;Itueta;Obtido pelo GPS ou informado explicitamente;3.848000049591065;1;
52703;47409;Macaco/Guariba/Bugio/Prego/Guigó;2025-02-10T01:00:00;SP;Serra Negra;Obtido pelo GPS ou informado explicitamente;3.0;1;
52695;47401;Mico/Sagui/Soinho;2025-02-07T11:40:00;SP;Ribeirão Preto;Obtido pelo GPS ou informado explicitamente;;1;
52694;47400;Macaco/Guariba/Bugio/Prego/Guigó;2025-02-10T16:09:19;PR;Agudos do Sul;Obtido pelo GPS ou informado explicitamente;5.0;1;
52689;47395;Macaco/Guariba/Bugio/Prego/Guigó;2025-02-10T11:00:00;MG;Gonçalves;Obtido pelo GPS ou informado explicitamente;20.23500061035156;1;
52687;47393;Macaco/Guariba/Bugio/Prego/Guigó;2025-02-10T11:04:36;PR;Cascavel;Coordenadas obtidas a partir do endereço;;1;
52684;47390;Macaco/Guariba/Bugio/Prego/Guigó;2025-02-10T09:32:00;GO;Goiânia;Obtido pelo GPS ou informado explicitamente;2.299999952316284;1;
52677;47383;Macaco/Guariba/Bugio/Prego/Guigó;2025-02-09T13:30:00;SC;São José do Cedro;Obtido pelo GPS ou informado explicitamente;3.7899999618530273;1;
52671;47377;Mico/Sagui/Soinho;2025-02-09T15:22:25;SC;Florianópolis;Obtido pelo GPS ou informado explicitamente;;1;
52665;47371;Mico/Sagui/Soinho;2025-02-09T11:38:00;AL;Marechal Deodoro;Obtido pelo GPS ou informado explicitamente;1.399999976158142;1;Normal
52659;47365;Macaco/Guariba/Bugio/Prego/Guigó;2025-02-08T18:40:00;MG;Poço Fundo;Obtido pelo GPS ou informado explicitamente;48.9;1;
52658;47364;Macaco/Guariba/Bugio/Prego/Guigó;2025-02-08T17:23:35;RO;Theobroma;Obtido pelo GPS ou informado explicitamente;1.315999984741211;1;Normal
52656;47362;Mico/Sagui/Soinho;2025-02-07T17:00:00;MG;Cachoeira de Minas;Obtido pelo GPS ou informado explicitamente;3.799999952316284;3;Normal
52639;47345;Macaco/Guariba/Bugio/Prego/Guigó;2025-02-07T13:18:00;CE;Ubajara;Obtido pelo GPS ou informado explicitamente;3.816;1;
52634;47340;Mico/Sagui/Soinho;2025-01-19T14:50:25;SP;Ribeirão Preto;Obtido pelo GPS ou informado explicitamente;;1;
52633;47339;Macaco/Guariba/Bugio/Prego/Guigó;2025-02-07T14:32:00;MG;Cambuí;Obtido pelo GPS ou informado explicitamente;3.7899999618530273;1;
52632;47338;Macaco/Guariba/Bugio/Prego/Guigó;2025-02-04T09:00:00;SP;Serra Negra;Obtido pelo GPS ou informado explicitamente;3.0829999446868896;1;
52631;47337;Mico/Sagui/Soinho;2025-02-07T13:37:00;SP;Campinas;Coordenadas obtidas a partir do endereço;;1;
52629;47335;Mico/Sagui/Soinho;2025-02-03T09:03:45;PR;Pinhais;Coordenadas obtidas a partir do endereço;;1;
52628;47334;Macaco/Guariba/Bugio/Prego/Guigó;2025-02-07T10:45:15;SC;Blumenau;Coordenadas obtidas a partir do endereço;;1;Normal
52626;47332;Macaco/Guariba/Bugio/Prego/Guigó;2025-02-07T10:06:40;MG;Timóteo;Obtido pelo GPS ou informado explicitamente;29.5;1;
52624;47330;Mico/Sagui/Soinho;2025-02-07T10:24:36;MG;Uberaba;Obtido pelo GPS ou informado explicitamente;3.0;1;
52618;47324;Mico/Sagui/Soinho;2025-01-17T00:00:00;RN;Serrinha;Coordenadas obtidas a partir do endereço;;1;
52617;47323;Mico/Sagui/Soinho;2025-01-17T00:00:00;RN;Serrinha;Obtido pelo GPS ou informado explicitamente;;1;
52615;47321;Macaco/Guariba/Bugio/Prego/Guigó;2025-02-06T15:13:00;MG;Estiva;Obtido pelo GPS ou informado explicitamente;4.369999885559082;1;
52613;47319;Mico/Sagui/Soinho;2025-02-04T16:35:13;RJ;Petrópolis;Coordenadas obtidas a partir do endereço;;10;Normal
52612;47318;Mico/Sagui/Soinho;2025-02-06T15:34:00;SP;Campinas;Obtido pelo GPS ou informado explicitamente;0.0;1;
52603;47309;Macaco/Guariba/Bugio/Prego/Guigó;2025-02-04T09:44:00;SP;Caraguatatuba;Obtido pelo GPS ou informado explicitamente;0.0;1;
52601;47307;Mico/Sagui/Soinho;2025-02-06T09:34:49;SC;Florianópolis;Obtido pelo GPS ou informado explicitamente;;1;
52598;47304;Mico/Sagui/Soinho;2025-02-01T10:23:00;MG;Montes Claros;Obtido pelo GPS ou informado explicitamente;0.0;2;
52597;47303;Mico/Sagui/Soinho;2025-02-05T16:15:00;SP;Campinas;Coordenadas obtidas a partir do endereço;;1;
52592;47298;Macaco/Guariba/Bugio/Prego/Guigó;2023-10-03T15:36:05;SP;São Paulo;Obtido pelo GPS ou informado explicitamente;;1;Normal
52586;47291;Macaco/Guariba/Bugio/Prego/Guigó;2025-01-22T10:07:36;SP;Ribeirão Preto;Obtido pelo GPS ou informado explicitamente;;1;
52583;47288;Mico/Sagui/Soinho;2025-02-05T11:32:12;SC;Florianópolis;Obtido pelo GPS ou informado explicitamente;;1;
52581;47286;Mico/Sagui/Soinho;2025-02-04T08:13:03;SP;Ribeirão Preto;Coordenadas obtidas a partir do endereço;;1;Estranho
52580;47285;Mico/Sagui/Soinho;2025-01-31T09:47:56;SP;Ribeirão Preto;Obtido pelo GPS ou informado explicitamente;;1;
52578;47283;Mico/Sagui/Soinho;2025-01-28T10:25:54;SP;Ribeirão Preto;Obtido pelo GPS ou informado explicitamente;;1;
52577;47282;Mico/Sagui/Soinho;2025-01-27T08:11:41;SP;Ribeirão Preto;Obtido pelo GPS ou informado explicitamente;;1;
52575;47280;Mico/Sagui/Soinho;2025-02-02T09:30:00;RN;Natal;Coordenadas obtidas a partir do endereço;;1;Doente
52574;47279;Mico/Sagui/Soinho;2025-02-05T09:38:23;SP;Ribeirão Preto;Obtido pelo GPS ou informado explicitamente;;1;
52572;47277;Mico/Sagui/Soinho;2025-01-13T16:18:34;SP;Ribeirão Preto;Obtido pelo GPS ou informado explicitamente;;1;
52571;47276;Mico/Sagui/Soinho;2025-01-12T15:37:13;SP;Ribeirão Preto;Obtido pelo GPS ou informado explicitamente;;1;
52569;47274;Macaco/Guariba/Bugio/Prego/Guigó;2025-02-04T16:13:00;MG;Piedade de Caratinga;Obtido pelo GPS ou informado explicitamente;1.8669999837875368;2;
52567;47272;Mico/Sagui/Soinho;2025-01-09T09:01:40;SP;Ribeirão Preto;Obtido pelo GPS ou informado explicitamente;;1;
52566;47271;Macaco/Guariba/Bugio/Prego/Guigó;2025-01-31T15:52:59;SC;Florianópolis;Coordenadas obtidas a partir do endereço;;1;
52565;47270;Mico/Sagui/Soinho;2025-02-03T15:25:00;MG;Coração de Jesus;Obtido pelo GPS ou informado explicitamente;0.0;1;
52561;47266;Mico/Sagui/Soinho;2025-02-04T13:11:19;SP;Altinópolis;Obtido pelo GPS ou informado explicitamente;4.583000183105469;1;
52560;47265;Mico/Sagui/Soinho;2025-01-31T08:49:46;SP;Ribeirão Preto;Obtido pelo GPS ou informado explicitamente;;1;
52559;47264;Mico/Sagui/Soinho;2025-01-29T10:07:03;SP;Ribeirão Preto;Obtido pelo GPS ou informado explicitamente;;1;
52558;47263;Mico/Sagui/Soinho;2025-01-27T09:19:31;SP;Ribeirão Preto;Obtido pelo GPS ou informado explicitamente;;1;
52557;47262;Mico/Sagui/Soinho;2025-01-23T14:45:26;SP;Ribeirão Preto;Coordenadas obtidas a partir do endereço;;1;
52556;47261;Mico/Sagui/Soinho;2025-01-23T12:34:26;SP;Ribeirão Preto;Obtido pelo GPS ou informado explicitamente;;1;
52553;47258;Mico/Sagui/Soinho;2025-01-23T15:58:12;SP;Ribeirão Preto;Obtido pelo GPS ou informado explicitamente;;1;
52552;47257;Mico/Sagui/Soinho;2025-01-20T13:44:45;SP;Ribeirão Preto;Obtido pelo GPS ou informado explicitamente;;1;
52551;47256;Mico/Sagui/Soinho;2025-01-20T17:59:59;SP;Ribeirão Preto;Obtido pelo GPS ou informado explicitamente;;1;
52550;47255;Macaco/Guariba/Bugio/Prego/Guigó;2025-01-20T11:02:30;SP;Sertãozinho;Coordenadas obtidas a partir do endereço;;1;
52549;47254;Mico/Sagui/Soinho;2025-01-15T09:34:07;SP;Ribeirão Preto;Obtido pelo GPS ou informado explicitamente;;1;
52548;47253;Mico/Sagui/Soinho;2025-01-14T07:44:21;SP;Ribeirão Preto;Obtido pelo GPS ou informado explicitamente;;1;
52547;47252;Mico/Sagui/Soinho;2025-01-11T08:55:12;SP;Ribeirão Preto;Obtido pelo GPS ou informado explicitamente;;1;
52545;47250;Mico/Sagui/Soinho;2025-01-10T13:51:11;SP;Ribeirão Preto;Obtido pelo GPS ou informado explicitamente;;1;
52543;47248;Mico/Sagui/Soinho;2025-01-09T15:23:19;SP;Ribeirão Preto;Obtido pelo GPS ou informado explicitamente;;1;
52537;47242;Mico/Sagui/Soinho;2025-02-03T19:54:00;SP;Campinas;Coordenadas obtidas a partir do endereço;;1;
52529;47234;Macaco/Guariba/Bugio/Prego/Guigó;2025-02-03T16:58:00;RS;Riozinho;Coordenadas obtidas a partir do endereço;;1;
52528;47233;Mico/Sagui/Soinho;2025-01-31T15:22:46;SP;Ribeirão Preto;Obtido pelo GPS ou informado explicitamente;;1;
52526;47231;Mico/Sagui/Soinho;2025-01-30T16:11:56;SP;Ribeirão Preto;Obtido pelo GPS ou informado explicitamente;;1;
52524;47229;Mico/Sagui/Soinho;2025-02-03T15:56:00;GO;Goiânia;Obtido pelo GPS ou informado explicitamente;0.0;1;
52523;47228;Mico/Sagui/Soinho;2025-01-30T14:00:44;SP;Ribeirão Preto;Obtido pelo GPS ou informado explicitamente;;1;
52520;47223;Macaco/Guariba/Bugio/Prego/Guigó;2025-02-03T11:33:00;PR;São José dos Pinhais;Obtido pelo GPS ou informado explicitamente;2.49;2;
52519;47222;Macaco/Guariba/Bugio/Prego/Guigó;2025-01-07T17:01:37;SP;Ribeirão Preto;Obtido pelo GPS ou informado explicitamente;;1;
52518;47221;Macaco/Guariba/Bugio/Prego/Guigó;2025-01-16T10:16:23;SP;Ribeirão Preto;Obtido pelo GPS ou informado explicitamente;;1;
52517;47220;Macaco/Guariba/Bugio/Prego/Guigó;2025-01-16T10:00:06;SP;Ribeirão Preto;Obtido pelo GPS ou informado explicitamente;;1;
52516;47219;Macaco/Guariba/Bugio/Prego/Guigó;2025-01-08T11:38:27;SP;Ribeirão Preto;Obtido pelo GPS ou informado explicitamente;;1;
52512;47215;Mico/Sagui/Soinho;2025-01-30T11:02:27;SP;Osasco;Obtido pelo GPS ou informado explicitamente;29.65;4;Normal
52511;47214;Mico/Sagui/Soinho;2025-01-31T09:34:00;MG;Santa Maria do Suaçuí;Coordenadas obtidas a partir do endereço;;1;
52509;47212;Mico/Sagui/Soinho;2025-02-01T20:30:00;MG;Itapagipe;Coordenadas obtidas a partir do endereço;;1;
52506;47209;Mico/Sagui/Soinho;2025-02-03T08:39:00;SP;Barrinha;Obtido pelo GPS ou informado explicitamente;3.54;1;Normal
52502;47205;Mico/Sagui/Soinho;2025-02-02T17:13:00;SP;Campinas;Coordenadas obtidas a partir do endereço;;1;
52500;47203;Mico/Sagui/Soinho;2025-02-02T10:36:34;SP;Campinas;Obtido pelo GPS ou informado explicitamente;32.0989990234375;1;
52497;47200;Mico/Sagui/Soinho;2025-01-31T17:56:00;SP;Campinas;Coordenadas obtidas a partir do endereço;;1;
52494;47197;Macaco/Guariba/Bugio/Prego/Guigó;2025-02-01T11:00:00;PR;Curitiba;Obtido pelo GPS ou informado explicitamente;0.0;1;
52490;47193;Mico/Sagui/Soinho;2025-01-29T15:28:53;RJ;Magé;Obtido pelo GPS ou informado explicitamente;;1;Normal
52488;47191;Mico/Sagui/Soinho;2025-01-28T11:11:29;RJ;Petrópolis;Obtido pelo GPS ou informado explicitamente;;2;Normal
52485;47188;Mico/Sagui/Soinho;2025-01-13T11:13:00;SP;Osasco;Coordenadas obtidas a partir do endereço;;7;Normal
52482;47185;Mico/Sagui/Soinho;2025-01-31T16:15:42;SP;Taiaçu;Coordenadas obtidas a partir do endereço;;1;
52480;47183;Mico/Sagui/Soinho;2025-01-31T13:04:00;RN;Extremoz;Obtido pelo GPS ou informado explicitamente;0.0;1;
52479;47182;Mico/Sagui/Soinho;2025-01-31T13:50:41;MG;Montes Claros;Obtido pelo GPS ou informado explicitamente;14.937000274658203;1;
52449;47152;Macaco/Guariba/Bugio/Prego/Guigó;2025-01-15T07:24:02;SP;Ribeirão Preto;Obtido pelo GPS ou informado explicitamente;;1;
52448;47151;Mico/Sagui/Soinho;2025-01-07T10:08:57;SP;Ribeirão Preto;Obtido pelo GPS ou informado explicitamente;;1;
52447;47150;Macaco/Guariba/Bugio/Prego/Guigó;2025-01-07T10:18:07;SP;Ribeirão Preto;Obtido pelo GPS ou informado explicitamente;;1;
52446;47149;Macaco/Guariba/Bugio/Prego/Guigó;2025-01-07T10:18:11;SP;Ribeirão Preto;Obtido pelo GPS ou informado explicitamente;;1;
52445;47148;Macaco/Guariba/Bugio/Prego/Guigó;2025-01-07T10:18:39;SP;Ribeirão Preto;Obtido pelo GPS ou informado explicitamente;;1;
52444;47147;Macaco/Guariba/Bugio/Prego/Guigó;2025-01-30T08:21:59;RO;Alvorada D'Oeste;Obtido pelo GPS ou informado explicitamente;;4;Normal
52441;47143;Macaco/Guariba/Bugio/Prego/Guigó;2024-12-25T17:04:30;SP;Ribeirão Preto;Obtido pelo GPS ou informado explicitamente;;1;
52440;47142;Mico/Sagui/Soinho;2025-01-30T15:00:00;MG;Matias Barbosa;Coordenadas obtidas a partir do endereço;;1;
52433;47135;Mico/Sagui/Soinho;2024-11-25T11:37:00;SP;Campinas;Coordenadas obtidas a partir do endereço;;1;
52431;47133;Mico/Sagui/Soinho;2025-01-14T10:43:00;SP;Campinas;Obtido pelo GPS ou informado explicitamente;20.0;1;
52430;47132;Mico/Sagui/Soinho;2025-01-14T10:30:00;SP;Campinas;Obtido pelo GPS ou informado explicitamente;0.0;1;
52429;47131;Mico/Sagui/Soinho;2025-01-15T10:23:00;SP;Campinas;Obtido pelo GPS ou informado explicitamente;0.0;1;
52428;47130;Mico/Sagui/Soinho;2025-01-13T10:19:00;SP;Campinas;Coordenadas obtidas a partir do endereço;;1;
52419;47119;Macaco/Guariba/Bugio/Prego/Guigó;2025-01-30T08:49:09;SP;Jaboticabal;Obtido pelo GPS ou informado explicitamente;3.54;1;Normal
52403;47103;Mico/Sagui/Soinho;2025-01-24T08:45:00;MG;Santa Maria do Suaçuí;Coordenadas obtidas a partir do endereço;;1;
52402;47102;Mico/Sagui/Soinho;2025-01-23T08:45:00;MG;Santa Maria do Suaçuí;Coordenadas obtidas a partir do endereço;;1;
52384;47082;Macaco/Guariba/Bugio/Prego/Guigó;2025-01-24T14:50:37;RS;São Borja;Obtido pelo GPS ou informado explicitamente;37.0;1;
52379;47077;Macaco/Guariba/Bugio/Prego/Guigó;2025-01-06T12:06:03;SP;Ribeirão Preto;Obtido pelo GPS ou informado explicitamente;;1;Doente
52378;47076;Macaco/Guariba/Bugio/Prego/Guigó;2024-12-31T08:02:58;SP;Ribeirão Preto;Obtido pelo GPS ou informado explicitamente;;1;Doente
52375;47073;Macaco/Guariba/Bugio/Prego/Guigó;2024-12-25T17:00:27;SP;Ribeirão Preto;Obtido pelo GPS ou informado explicitamente;;1;
52374;47072;Mico/Sagui/Soinho;2025-01-27T14:04:05;MG;Janaúba;Obtido pelo GPS ou informado explicitamente;3.7920000553131104;1;
52372;47070;Mico/Sagui/Soinho;2025-01-25T17:47:00;SP;Tuiuti;Obtido pelo GPS ou informado explicitamente;4.09;1;
52360;47057;Mico/Sagui/Soinho;2024-01-03T00:00:00;SP;Sertãozinho;Obtido pelo GPS ou informado explicitamente;0.0;1;
52359;47056;Mico/Sagui/Soinho;2025-01-27T11:58:00;SP;Ribeira;Obtido pelo GPS ou informado explicitamente;0.0;4;Normal
52358;47055;Mico/Sagui/Soinho;2025-01-03T18:00:00;SP;Sertãozinho;Obtido pelo GPS ou informado explicitamente;0.0;2;
52348;47045;Macaco/Guariba/Bugio/Prego/Guigó;2025-01-27T09:12:00;PI;Altos;Obtido pelo GPS ou informado explicitamente;2.865999937057495;2;
52343;47040;Mico/Sagui/Soinho;2025-01-24T08:45:00;MG;Santa Maria do Suaçuí;Obtido pelo GPS ou informado explicitamente;553.0;2;
52342;47039;Mico/Sagui/Soinho;2025-01-24T11:23:00;SP;Luís Antônio;Obtido pelo GPS ou informado explicitamente;9.71;5;Normal
52336;47033;Mico/Sagui/Soinho;2025-01-26T17:20:00;SP;Guatapará;Obtido pelo GPS ou informado explicitamente;0.0;4;Normal
52312;47009;Macaco/Guariba/Bugio/Prego/Guigó;2025-01-26T10:19:00;MG;Marliéria;Obtido pelo GPS ou informado explicitamente;0.0;25;Normal
52308;47003;Mico/Sagui/Soinho;2025-01-26T13:23:17;SP;Luís Antônio;Obtido pelo GPS ou informado explicitamente;16.2189998626709;1;Normal
52291;46986;Mico/Sagui/Soinho;2025-01-25T13:55:00;SP;Morungaba;Obtido pelo GPS ou informado explicitamente;4.776999950408936;1;
52282;46976;Mico/Sagui/Soinho;2025-01-24T19:08:14;SP;Sertãozinho;Obtido pelo GPS ou informado explicitamente;3.7899999618530273;1;
52281;46975;Macaco/Guariba/Bugio/Prego/Guigó;2025-01-24T15:32:00;CE;Ubajara;Obtido pelo GPS ou informado explicitamente;4.75;1;
52280;46974;Macaco/Guariba/Bugio/Prego/Guigó;2025-01-24T14:30:00;MG;Córrego do Bom Jesus;Obtido pelo GPS ou informado explicitamente;3.0;1;
52279;46973;Mico/Sagui/Soinho;2025-01-19T13:06:00;PE;Floresta;Coordenadas obtidas a partir do endereço;;1;Normal
52276;46970;Mico/Sagui/Soinho;2025-01-24T13:49:38;SP;Sertãozinho;Obtido pelo GPS ou informado explicitamente;3.0;1;
52274;46968;Mico/Sagui/Soinho;2025-01-24T12:41:02;SP;Ribeirão Preto;Obtido pelo GPS ou informado explicitamente;1.715999960899353;3;Normal
52272;46966;Mico/Sagui/Soinho;2025-01-22T13:12:14;RN;Natal;Coordenadas obtidas a partir do endereço;;1;Doente
52270;46964;Macaco/Guariba/Bugio/Prego/Guigó;2025-01-24T10:44:00;SP;Guatapará;Obtido pelo GPS ou informado explicitamente;3.5920000076293945;2;Normal
52269;46963;Macaco/Guariba/Bugio/Prego/Guigó;2025-01-24T10:36:00;PR;São José dos Pinhais;Coordenadas obtidas a partir do endereço;;1;Normal
52268;46962;Macaco/Guariba/Bugio/Prego/Guigó;2025-01-24T10:38:37;SP;Guatapará;Obtido pelo GPS ou informado explicitamente;4.015999794006348;2;Normal
52267;46961;Macaco/Guariba/Bugio/Prego/Guigó;2025-01-24T10:24:31;SP;Guatapará;Obtido pelo GPS ou informado explicitamente;3.7899999618530273;2;Normal
52266;46960;Mico/Sagui/Soinho;2024-12-02T09:23:00;MG;Lagoa Santa;Coordenadas obtidas a partir do endereço;;1;
52265;46959;Macaco/Guariba/Bugio/Prego/Guigó;2025-01-22T09:08:00;SP;Serra Negra;Obtido pelo GPS ou informado explicitamente;14.25;1;
52261;46955;Mico/Sagui/Soinho;2025-01-23T09:41:00;SP;Barrinha;Obtido pelo GPS ou informado explicitamente;4.87;2;Normal
52258;46952;Mico/Sagui/Soinho;2025-01-23T09:37:00;SP;Barrinha;Obtido pelo GPS ou informado explicitamente;4.81;2;Normal
52257;46951;Mico/Sagui/Soinho;2025-01-23T09:37:00;SP;Barrinha;Obtido pelo GPS ou informado explicitamente;4.81;2;Normal
52255;46949;Macaco/Guariba/Bugio/Prego/Guigó;2025-01-23T10:03:30;SP;Barrinha;Obtido pelo GPS ou informado explicitamente;15.41;4;Estranho
52254;46948;Macaco/Guariba/Bugio/Prego/Guigó;2025-01-23T13:34:35;SP;Barrinha;Obtido pelo GPS ou informado explicitamente;2.84;1;
52253;46947;Macaco/Guariba/Bugio/Prego/Guigó;2025-01-23T14:56:00;SP;Jaboticabal;Obtido pelo GPS ou informado explicitamente;6.57;3;Normal
52252;46946;Macaco/Guariba/Bugio/Prego/Guigó;2025-01-23T14:56:00;SP;Jaboticabal;Obtido pelo GPS ou informado explicitamente;6.57;3;Normal
52247;46941;Macaco/Guariba/Bugio/Prego/Guigó;2025-01-23T13:43:00;SP;Jaboticabal;Obtido pelo GPS ou informado explicitamente;3.0;1;Normal
52236;46928;Mico/Sagui/Soinho;2025-01-16T14:45:00;SP;Campinas;Coordenadas obtidas a partir do endereço;;1;
52235;46927;Mico/Sagui/Soinho;2025-01-22T14:13:00;MG;Janaúba;Obtido pelo GPS ou informado explicitamente;1.3270000219345093;1;
52234;46926;Macaco/Guariba/Bugio/Prego/Guigó;2025-01-21T12:40:00;CE;Ubajara;Obtido pelo GPS ou informado explicitamente;0.0;1;
52233;46925;Macaco/Guariba/Bugio/Prego/Guigó;2025-01-22T13:05:00;CE;Ubajara;Obtido pelo GPS ou informado explicitamente;4.75;1;Doente
52223;46915;Macaco/Guariba/Bugio/Prego/Guigó;2025-01-22T09:21:00;SC;Camboriú;Obtido pelo GPS ou informado explicitamente;3.891999959945679;1;
52221;46913;Mico/Sagui/Soinho;2025-01-22T10:16:00;MG;Janaúba;Obtido pelo GPS ou informado explicitamente;3.7899999618530273;1;Normal
52220;46912;Mico/Sagui/Soinho;2025-01-21T08:51:00;SP;Campinas;Coordenadas obtidas a partir do endereço;;1;
52212;46904;Macaco/Guariba/Bugio/Prego/Guigó;2025-01-20T16:13:00;MG;Paraisópolis;Obtido pelo GPS ou informado explicitamente;3.7899999618530273;1;
52199;46891;Mico/Sagui/Soinho;2025-01-21T16:24:00;SP;Ribeirão Preto;Obtido pelo GPS ou informado explicitamente;1.7829999923706057;1;Normal
52188;46880;Mico/Sagui/Soinho;2025-01-21T15:27:00;SP;Ribeirão Preto;Obtido pelo GPS ou informado explicitamente;2.6659998893737797;3;Normal
52047;46738;Macaco/Guariba/Bugio/Prego/Guigó;2025-01-20T11:20:00;MG;Gonçalves;Coordenadas obtidas a partir do endereço;;1;
52029;46719;Mico/Sagui/Soinho;2025-01-20T11:00:00;SP;Campinas;Obtido pelo GPS ou informado explicitamente;1.0;1;
52019;46709;Macaco/Guariba/Bugio/Prego/Guigó;2025-01-17T15:14:58;MG;Toledo;Obtido pelo GPS ou informado explicitamente;7.456999778747559;1;
52007;46697;Mico/Sagui/Soinho;2025-01-15T05:31:30;RN;Natal;Coordenadas obtidas a partir do endereço;;1;
52007;46696;Mico/Sagui/Soinho;2025-01-15T05:31:30;RN;Natal;Coordenadas obtidas a partir do endereço;;1;
52007;46695;Mico/Sagui/Soinho;2025-01-15T05:31:30;RN;Natal;Coordenadas obtidas a partir do endereço;;1;
52007;46694;Mico/Sagui/Soinho;2025-01-15T05:31:30;RN;Natal;Coordenadas obtidas a partir do endereço;;1;
52007;46693;Mico/Sagui/Soinho;2025-01-15T05:31:30;RN;Natal;Coordenadas obtidas a partir do endereço;;1;
51993;46679;Mico/Sagui/Soinho;2024-12-07T16:59:47;SP;Ribeirão Preto;Obtido pelo GPS ou informado explicitamente;;1;
51992;46678;Mico/Sagui/Soinho;2024-09-30T16:57:02;SP;Ribeirão Preto;Obtido pelo GPS ou informado explicitamente;;1;
51991;46677;Mico/Sagui/Soinho;2024-09-25T16:54:15;SP;Ribeirão Preto;Coordenadas obtidas a partir do endereço;;1;
51990;46676;Mico/Sagui/Soinho;2024-08-17T16:45:49;SP;Ribeirão Preto;Obtido pelo GPS ou informado explicitamente;;1;
51988;46674;Mico/Sagui/Soinho;2024-08-16T16:43:24;SP;Ribeirão Preto;Obtido pelo GPS ou informado explicitamente;;1;
51987;46673;Mico/Sagui/Soinho;2024-08-12T16:39:57;SP;Ribeirão Preto;Obtido pelo GPS ou informado explicitamente;;1;
51986;46672;Mico/Sagui/Soinho;2024-08-09T16:30:50;SP;Ribeirão Preto;Obtido pelo GPS ou informado explicitamente;;1;
51984;46670;Mico/Sagui/Soinho;2024-06-29T16:27:00;SP;Ribeirão Preto;Obtido pelo GPS ou informado explicitamente;;1;
51983;46669;Mico/Sagui/Soinho;2024-05-23T16:22:58;SP;Ribeirão Preto;Obtido pelo GPS ou informado explicitamente;;1;
51982;46668;Mico/Sagui/Soinho;2024-05-22T16:18:23;SP;São Paulo;Obtido pelo GPS ou informado explicitamente;;1;
51981;46667;Mico/Sagui/Soinho;2024-04-25T16:13:10;SP;Ribeirão Preto;Obtido pelo GPS ou informado explicitamente;;1;
51980;46666;Mico/Sagui/Soinho;2024-04-03T16:07:51;SP;Ribeirão Preto;Obtido pelo GPS ou informado explicitamente;;1;
51979;46665;Mico/Sagui/Soinho;2024-03-18T15:59:03;SP;Ribeirão Preto;Obtido pelo GPS ou informado explicitamente;;1;
51978;46664;Mico/Sagui/Soinho;2024-02-08T15:56:07;SP;Ribeirão Preto;Obtido pelo GPS ou informado explicitamente;;1;
51977;46663;Mico/Sagui/Soinho;2024-02-08T15:52:15;SP;Ribeirão Preto;Obtido pelo GPS ou informado explicitamente;;1;
51975;46661;Mico/Sagui/Soinho;2024-01-22T15:47:48;SP;Ribeirão Preto;Obtido pelo GPS ou informado explicitamente;;1;
51974;46660;Mico/Sagui/Soinho;2024-01-16T15:39:16;SP;Ribeirão Preto;Obtido pelo GPS ou informado explicitamente;;1;
51973;46659;Mico/Sagui/Soinho;2025-01-19T15:40:00;SP;Campinas;Obtido pelo GPS ou informado explicitamente;6.75;5;Normal
51972;46658;Mico/Sagui/Soinho;2024-12-08T15:34:42;SP;Ribeirão Preto;Obtido pelo GPS ou informado explicitamente;;1;
51971;46657;Mico/Sagui/Soinho;2024-12-08T15:29:40;SP;Ribeirão Preto;Obtido pelo GPS ou informado explicitamente;;1;
51970;46656;Mico/Sagui/Soinho;2024-11-07T15:24:25;SP;Ribeirão Preto;Coordenadas obtidas a partir do endereço;;1;
51969;46655;Mico/Sagui/Soinho;2024-11-07T15:20:39;SP;Ribeirão Preto;Coordenadas obtidas a partir do endereço;;1;
51968;46654;Mico/Sagui/Soinho;2024-10-20T15:14:29;SP;Ribeirão Preto;Obtido pelo GPS ou informado explicitamente;;1;
51967;46653;Mico/Sagui/Soinho;2024-10-01T15:09:58;SP;Ribeirão Preto;Obtido pelo GPS ou informado explicitamente;;1;
51966;46652;Mico/Sagui/Soinho;2024-09-29T15:06:14;SP;Ribeirão Preto;Obtido pelo GPS ou informado explicitamente;;1;
51965;46651;Mico/Sagui/Soinho;2024-09-21T15:00:59;SP;Ribeirão Preto;Coordenadas obtidas a partir do endereço;;1;
51964;46650;Mico/Sagui/Soinho;2024-09-21T14:59:42;SP;Ribeirão Preto;Coordenadas obtidas a partir do endereço;;1;
51963;46649;Mico/Sagui/Soinho;2024-09-21T14:55:54;SP;Ribeirão Preto;Coordenadas obtidas a partir do endereço;;1;
51962;46648;Mico/Sagui/Soinho;2024-09-04T14:52:21;SP;Ribeirão Preto;Obtido pelo GPS ou informado explicitamente;;1;
51961;46647;Mico/Sagui/Soinho;2024-08-30T14:48:50;SP;Ribeirão Preto;Obtido pelo GPS ou informado explicitamente;;1;
51960;46646;Mico/Sagui/Soinho;2024-08-29T14:44:43;SP;Ribeirão Preto;Obtido pelo GPS ou informado explicitamente;;1;
51959;46645;Mico/Sagui/Soinho;2024-08-13T14:37:57;SP;Ribeirão Preto;Obtido pelo GPS ou informado explicitamente;;1;
51958;46644;Mico/Sagui/Soinho;2024-08-19T14:33:44;SP;Ribeirão Preto;Obtido pelo GPS ou informado explicitamente;;1;
51957;46643;Mico/Sagui/Soinho;2024-08-18T14:28:42;SP;Ribeirão Preto;Coordenadas obtidas a partir do endereço;;1;
51956;46642;Mico/Sagui/Soinho;2024-08-13T14:24:17;SP;Ribeirão Preto;Obtido pelo GPS ou informado explicitamente;;1;
51955;46641;Mico/Sagui/Soinho;2024-08-12T14:21:04;SP;Ribeirão Preto;Obtido pelo GPS ou informado explicitamente;;1;
51954;46640;Mico/Sagui/Soinho;2024-08-10T14:16:11;SP;Ribeirão Preto;Coordenadas obtidas a partir do endereço;;1;
51952;46638;Mico/Sagui/Soinho;2024-08-10T13:28:48;SP;Ribeirão Preto;Coordenadas obtidas a partir do endereço;;1;
51951;46637;Mico/Sagui/Soinho;2024-08-10T13:24:32;SP;Ribeirão Preto;Coordenadas obtidas a partir do endereço;;1;
51950;46636;Mico/Sagui/Soinho;2024-08-10T13:13:06;SP;Ribeirão Preto;Coordenadas obtidas a partir do endereço;;1;
51949;46635;Macaco/Guariba/Bugio/Prego/Guigó;2024-08-03T13:08:03;SP;Ribeirão Preto;Obtido pelo GPS ou informado explicitamente;;1;
51948;46634;Mico/Sagui/Soinho;2024-07-23T12:59:18;SP;Ribeirão Preto;Obtido pelo GPS ou informado explicitamente;;1;
51947;46633;Mico/Sagui/Soinho;2024-07-23T12:53:16;SP;Ribeirão Preto;Obtido pelo GPS ou informado explicitamente;;1;
51946;46632;Mico/Sagui/Soinho;2024-07-16T12:43:35;SP;Ribeirão Preto;Obtido pelo GPS ou informado explicitamente;;1;
51940;46626;Mico/Sagui/Soinho;2025-01-16T09:50:00;SP;Ribeirão Preto;Obtido pelo GPS ou informado explicitamente;0.0;2;Normal
51933;46619;Mico/Sagui/Soinho;2025-01-18T12:58:00;RJ;Rio de Janeiro;Coordenadas obtidas a partir do endereço;;1;Normal
51922;46608;Mico/Sagui/Soinho;2025-01-16T09:50:00;SP;Ribeirão Preto;Obtido pelo GPS ou informado explicitamente;0.0;2;Normal
51920;46606;Mico/Sagui/Soinho;2024-07-16T18:53:16;SP;Ribeirão Preto;Obtido pelo GPS ou informado explicitamente;;1;
51918;46604;Mico/Sagui/Soinho;2024-07-14T18:33:16;SP;Ribeirão Preto;Obtido pelo GPS ou informado explicitamente;;1;
51917;46603;Mico/Sagui/Soinho;2024-07-03T18:13:05;SP;Ribeirão Preto;Obtido pelo GPS ou informado explicitamente;;1;
51916;46602;Mico/Sagui/Soinho;2024-07-02T18:19:14;SP;Ribeirão Preto;Obtido pelo GPS ou informado explicitamente;;1;
51913;46599;Mico/Sagui/Soinho;2024-07-02T18:12:00;SP;Ribeirão Preto;Coordenadas obtidas a partir do endereço;;1;
51910;46596;Mico/Sagui/Soinho;2025-01-15T15:20:00;MG;Janaúba;Obtido pelo GPS ou informado explicitamente;0.0;2;Normal
51905;46591;Mico/Sagui/Soinho;2024-07-01T17:58:43;SP;Ribeirão Preto;Coordenadas obtidas a partir do endereço;;1;
51904;46590;Mico/Sagui/Soinho;2024-06-29T17:52:42;SP;Ribeirão Preto;Obtido pelo GPS ou informado explicitamente;;1;
51903;46589;Mico/Sagui/Soinho;2024-06-28T17:46:58;SP;Ribeirão Preto;Coordenadas obtidas a partir do endereço;;1;
51902;46588;Mico/Sagui/Soinho;2024-06-07T17:36:52;SP;Ribeirão Preto;Coordenadas obtidas a partir do endereço;;1;
51901;46587;Mico/Sagui/Soinho;2024-05-24T17:32:25;SP;Ribeirão Preto;Obtido pelo GPS ou informado explicitamente;;1;
51900;46586;Mico/Sagui/Soinho;2024-05-15T16:56:01;SP;Ribeirão Preto;Obtido pelo GPS ou informado explicitamente;;1;
51899;46585;Macaco/Guariba/Bugio/Prego/Guigó;2024-05-08T16:51:18;SP;Ribeirão Preto;Obtido pelo GPS ou informado explicitamente;;1;
51897;46583;Mico/Sagui/Soinho;2024-05-06T16:43:48;SP;Ribeirão Preto;Obtido pelo GPS ou informado explicitamente;;1;
51896;46582;Mico/Sagui/Soinho;2024-05-02T16:39:26;SP;Ribeirão Preto;Coordenadas obtidas a partir do endereço;;1;
51895;46581;Mico/Sagui/Soinho;2024-04-30T16:33:23;SP;Ribeirão Preto;Obtido pelo GPS ou informado explicitamente;;1;
51894;46580;Mico/Sagui/Soinho;2024-03-26T16:29:11;SP;Ribeirão Preto;Obtido pelo GPS ou informado explicitamente;;1;
51893;46579;Mico/Sagui/Soinho;2024-04-26T16:22:34;SP;Ribeirão Preto;Obtido pelo GPS ou informado explicitamente;;1;
51892;46578;Mico/Sagui/Soinho;2024-04-15T16:18:32;SP;Ribeirão Preto;Obtido pelo GPS ou informado explicitamente;;1;
51891;46577;Mico/Sagui/Soinho;2024-04-15T16:15:02;SP;Ribeirão Preto;Obtido pelo GPS ou informado explicitamente;;1;
51890;46576;Mico/Sagui/Soinho;2024-04-01T16:11:34;SP;Ribeirão Preto;Obtido pelo GPS ou informado explicitamente;;1;
51889;46575;Mico/Sagui/Soinho;2024-03-19T16:07:04;SP;Ribeirão Preto;Obtido pelo GPS ou informado explicitamente;;1;
51888;46574;Mico/Sagui/Soinho;2024-03-19T16:04:18;SP;Ribeirão Preto;Obtido pelo GPS ou informado explicitamente;;1;
51887;46573;Mico/Sagui/Soinho;2024-03-18T16:00:31;SP;Ribeirão Preto;Coordenadas obtidas a partir do endereço;;1;
51886;46572;Mico/Sagui/Soinho;2024-03-18T15:56:09;SP;Ribeirão Preto;Obtido pelo GPS ou informado explicitamente;;1;
51885;46571;Mico/Sagui/Soinho;2024-02-21T15:51:27;SP;Ribeirão Preto;Obtido pelo GPS ou informado explicitamente;;1;
51884;46570;Mico/Sagui/Soinho;2025-01-17T15:45:08;SP;Ribeirão Preto;Coordenadas obtidas a partir do endereço;;1;
51883;46569;Mico/Sagui/Soinho;2024-02-02T15:39:18;SP;Ribeirão Preto;Obtido pelo GPS ou informado explicitamente;;1;
51882;46568;Mico/Sagui/Soinho;2025-01-16T09:29:00;MG;Itajubá;Obtido pelo GPS ou informado explicitamente;3.0220000743865967;1;
51881;46567;Mico/Sagui/Soinho;2025-01-15T15:36:09;SP;Ribeirão Preto;Obtido pelo GPS ou informado explicitamente;;1;
51880;46566;Mico/Sagui/Soinho;2025-01-14T15:33:39;SP;Ribeirão Preto;Obtido pelo GPS ou informado explicitamente;;1;
51879;46565;Mico/Sagui/Soinho;2025-01-11T15:30:06;SP;Ribeirão Preto;Obtido pelo GPS ou informado explicitamente;;1;
51878;46564;Mico/Sagui/Soinho;2025-01-10T15:24:36;SP;Ribeirão Preto;Obtido pelo GPS ou informado explicitamente;;1;
51877;46563;Mico/Sagui/Soinho;2025-01-09T15:16:28;SP;Ribeirão Preto;Obtido pelo GPS ou informado explicitamente;;1;
51876;46562;Mico/Sagui/Soinho;2025-01-17T09:30:00;MG;Riacho dos Machados;Obtido pelo GPS ou informado explicitamente;2.400000095367432;1;Normal
51874;46560;Mico/Sagui/Soinho;2025-01-16T10:30:00;MG;Belo Horizonte;Obtido pelo GPS ou informado explicitamente;0.0;2;Normal
51864;46550;Mico/Sagui/Soinho;2024-06-30T08:45:00;RJ;Saquarema;Coordenadas obtidas a partir do endereço;;7;Normal
51863;46549;Macaco/Guariba/Bugio/Prego/Guigó;2025-01-17T13:09:00;MG;Inconfidentes;Obtido pelo GPS ou informado explicitamente;10.343999862670898;1;
51861;46547;Macaco/Guariba/Bugio/Prego/Guigó;2024-12-31T13:03:03;SP;Ribeirão Preto;Obtido pelo GPS ou informado explicitamente;;1;Doente
51860;46546;Macaco/Guariba/Bugio/Prego/Guigó;2024-12-20T12:46:55;SP;Ribeirão Preto;Obtido pelo GPS ou informado explicitamente;;1;
51857;46543;Mico/Sagui/Soinho;2025-01-17T12:01:00;SP;Campinas;Obtido pelo GPS ou informado explicitamente;0.0;1;
51856;46542;Mico/Sagui/Soinho;2025-01-02T11:50:46;SP;Ribeirão Preto;Obtido pelo GPS ou informado explicitamente;;1;
51855;46541;Macaco/Guariba/Bugio/Prego/Guigó;2025-01-08T11:39:08;SP;Ribeirão Preto;Obtido pelo GPS ou informado explicitamente;;1;
51854;46540;Mico/Sagui/Soinho;2024-12-20T11:26:56;SP;Ribeirão Preto;Obtido pelo GPS ou informado explicitamente;;1;
51853;46539;Mico/Sagui/Soinho;2024-12-30T11:16:29;SP;Ribeirão Preto;Obtido pelo GPS ou informado explicitamente;;1;
51852;46538;Macaco/Guariba/Bugio/Prego/Guigó;2024-12-25T10:58:22;SP;Ribeirão Preto;Obtido pelo GPS ou informado explicitamente;;1;Doente
51850;46536;Macaco/Guariba/Bugio/Prego/Guigó;2024-12-25T10:44:20;SP;Ribeirão Preto;Obtido pelo GPS ou informado explicitamente;;1;
51849;46535;Macaco/Guariba/Bugio/Prego/Guigó;2024-12-25T09:55:40;SP;Ribeirão Preto;Obtido pelo GPS ou informado explicitamente;;1;
51848;46534;Macaco/Guariba/Bugio/Prego/Guigó;2025-01-17T09:59:00;PR;São José dos Pinhais;Coordenadas obtidas a partir do endereço;;1;
51831;46517;Mico/Sagui/Soinho;2024-12-25T17:09:35;SC;Florianópolis;Coordenadas obtidas a partir do endereço;;1;
51830;46516;Mico/Sagui/Soinho;2024-12-21T17:04:07;SC;Florianópolis;Coordenadas obtidas a partir do endereço;;1;
51829;46515;Mico/Sagui/Soinho;2024-12-10T16:54:45;SC;Florianópolis;Coordenadas obtidas a partir do endereço;;1;
51826;46512;Mico/Sagui/Soinho;2024-12-03T13:50:55;SC;Florianópolis;Coordenadas obtidas a partir do endereço;;1;
51819;46501;Mico/Sagui/Soinho;2025-01-11T09:10:31;SC;Florianópolis;Coordenadas obtidas a partir do endereço;;1;
51816;46498;Macaco/Guariba/Bugio/Prego/Guigó;2025-01-16T10:23:00;MG;Poços de Caldas;Coordenadas obtidas a partir do endereço;;1;
51814;46496;Mico/Sagui/Soinho;2025-01-16T10:13:12;MG;Belo Horizonte;Obtido pelo GPS ou informado explicitamente;3.5;3;Normal
51807;46487;Macaco/Guariba/Bugio/Prego/Guigó;2024-08-31T10:24:00;RJ;Rio de Janeiro;Obtido pelo GPS ou informado explicitamente;40.0;1;Normal
51784;46462;Mico/Sagui/Soinho;2025-01-15T19:05:00;PE;Floresta;Coordenadas obtidas a partir do endereço;;1;Doente
51777;46452;Macaco/Guariba/Bugio/Prego/Guigó;2025-01-15T16:10:00;SP;Ribeirão Preto;Obtido pelo GPS ou informado explicitamente;3.04;1;
51746;46417;Macaco/Guariba/Bugio/Prego/Guigó;2025-01-14T16:54:45;SP;Colina;Coordenadas obtidas a partir do endereço;;1;
51742;46413;Macaco/Guariba/Bugio/Prego/Guigó;2025-01-14T13:35:00;MG;Inconfidentes;Obtido pelo GPS ou informado explicitamente;3.0;1;
51741;46412;Mico/Sagui/Soinho;2025-01-14T13:51:00;MG;Presidente Juscelino;Obtido pelo GPS ou informado explicitamente;3.0;1;Normal
51740;46411;Mico/Sagui/Soinho;2025-01-04T10:30:00;RJ;Itatiaia;Coordenadas obtidas a partir do endereço;;1;Normal
51739;46410;Macaco/Guariba/Bugio/Prego/Guigó;2025-01-13T05:37:00;RS;Viamão;Coordenadas obtidas a partir do endereço;;1;
51717;46387;Mico/Sagui/Soinho;2024-12-30T11:45:00;MG;São João do Pacuí;Obtido pelo GPS ou informado explicitamente;2.0190000534057617;1;
51704;46374;Mico/Sagui/Soinho;2025-01-13T14:49:22;MG;Montes Claros;Obtido pelo GPS ou informado explicitamente;1.5;1;Estranho
51695;46365;Mico/Sagui/Soinho;2025-01-13T09:00:30;SC;Florianópolis;Obtido pelo GPS ou informado explicitamente;;1;
51668;46338;Macaco/Guariba/Bugio/Prego/Guigó;2025-01-10T17:13:37;MG;Estiva;Obtido pelo GPS ou informado explicitamente;3.0;1;
51658;46328;Macaco/Guariba/Bugio/Prego/Guigó;2025-01-09T15:02:47;MG;Munhoz;Obtido pelo GPS ou informado explicitamente;2.94;1;
51652;46322;Macaco/Guariba/Bugio/Prego/Guigó;2025-01-08T02:10:00;RS;Viamão;Coordenadas obtidas a partir do endereço;;1;
51651;46321;Macaco/Guariba/Bugio/Prego/Guigó;2025-01-08T02:09:00;RS;Viamão;Coordenadas obtidas a partir do endereço;;1;
51642;46312;Macaco/Guariba/Bugio/Prego/Guigó;2025-01-08T15:03:00;RS;Caxias do Sul;Obtido pelo GPS ou informado explicitamente;1.649999976158142;1;
51641;46311;Mico/Sagui/Soinho;2025-01-08T12:38:06;MG;Contagem;Obtido pelo GPS ou informado explicitamente;;1;
51640;46310;Mico/Sagui/Soinho;2025-01-08T10:23:00;MG;Belo Horizonte;Coordenadas obtidas a partir do endereço;;3;Normal
51634;46304;Mico/Sagui/Soinho;2025-01-08T10:00:00;PR;Maringá;Obtido pelo GPS ou informado explicitamente;4.330999851226807;1;
51631;46301;Macaco/Guariba/Bugio/Prego/Guigó;2025-01-07T09:24:00;PR;Curitiba;Obtido pelo GPS ou informado explicitamente;0.0;1;Doente
51607;46276;Macaco/Guariba/Bugio/Prego/Guigó;2025-01-06T02:11:00;RS;Viamão;Coordenadas obtidas a partir do endereço;;1;
51606;46275;Macaco/Guariba/Bugio/Prego/Guigó;2025-01-06T01:29:00;RS;Viamão;Coordenadas obtidas a partir do endereço;;1;
51604;46273;Macaco/Guariba/Bugio/Prego/Guigó;2024-12-28T11:35:14;RO;Ji-Paraná;Obtido pelo GPS ou informado explicitamente;;3;Normal
51603;46272;Macaco/Guariba/Bugio/Prego/Guigó;2024-12-28T10:20:50;RO;Ji-Paraná;Coordenadas obtidas a partir do endereço;;3;Normal
51588;46257;Mico/Sagui/Soinho;2025-01-06T10:06:06;SC;Florianópolis;Coordenadas obtidas a partir do endereço;;1;
51586;46255;Macaco/Guariba/Bugio/Prego/Guigó;2024-12-30T09:24:43;MG;Poço Fundo;Obtido pelo GPS ou informado explicitamente;50.87799835205078;1;
51585;46254;Macaco/Guariba/Bugio/Prego/Guigó;2025-01-03T14:09:51;RJ;Quissamã;Obtido pelo GPS ou informado explicitamente;;1;Normal
51566;46234;Macaco/Guariba/Bugio/Prego/Guigó;2025-01-04T17:23:00;PE;Recife;Obtido pelo GPS ou informado explicitamente;3.0;10;Normal
51548;46216;Macaco/Guariba/Bugio/Prego/Guigó;2025-01-03T14:42:17;RS;São Borja;Obtido pelo GPS ou informado explicitamente;40.0;1;
51544;46212;Macaco/Guariba/Bugio/Prego/Guigó;2025-01-03T10:46:21;RS;São Borja;Obtido pelo GPS ou informado explicitamente;20.0;1;
51543;46211;Macaco/Guariba/Bugio/Prego/Guigó;2024-11-05T10:36:00;RS;São Borja;Obtido pelo GPS ou informado explicitamente;84.0;1;
51520;46188;Mico/Sagui/Soinho;2024-11-18T00:00:00;RN;Nísia Floresta;Coordenadas obtidas a partir do endereço;;1;
51518;46186;Macaco/Guariba/Bugio/Prego/Guigó;2025-01-02T10:16:00;MG;Patos de Minas;Obtido pelo GPS ou informado explicitamente;1.649999976158142;2;Normal
51517;46185;Mico/Sagui/Soinho;2025-01-02T09:56:48;SC;Florianópolis;Obtido pelo GPS ou informado explicitamente;;1;
