Registro: Identificador;Registro: Data de observação (ISO);Registro: Estado;Registro: Município;Registro: Origem da localização;Registro: Precisão;Animal: Identificador;Animal: Tipo;Animal: Quantidade observada;Animal: Comportamento
51494;2024-12-31T11:05:00;RJ;Magé;Obtido pelo GPS ou informado explicitamente;0.0;46155;Mico/Sagui/Soinho;1;Normal
51490;2024-12-30T16:00:00;RJ;Magé;Obtido pelo GPS ou informado explicitamente;0.0;46150;Mico/Sagui/Soinho;3;Normal
51464;2024-12-31T13:48:00;PE;Tamandaré;Obtido pelo GPS ou informado explicitamente;5.668000221252441;46101;Mico/Sagui/Soinho;7;Normal
51320;2024-12-28T16:55:00;MG;Uberaba;Coordenadas obtidas a partir do endereço;;45957;Macaco/Guariba/Bugio/Prego/Guigó;1;
51319;2024-12-27T16:44:00;MG;Uberaba;Coordenadas obtidas a partir do endereço;;45956;Macaco/Guariba/Bugio/Prego/Guigó;1;
51299;2024-12-29T15:20:00;RJ;Rio de Janeiro;Coordenadas obtidas a partir do endereço;;45936;Mico/Sagui/Soinho;1;Estranho
51291;2024-12-17T10:55:00;MG;Coração de Jesus;Obtido pelo GPS ou informado explicitamente;7.0;45928;Mico/Sagui/Soinho;1;Normal
51276;2024-12-19T09:45:00;MG;São João do Pacuí;Obtido pelo GPS ou informado explicitamente;1.5;45913;Mico/Sagui/Soinho;1;
51241;2024-12-29T08:08:12;MG;Riacho dos Machados;Coordenadas obtidas a partir do endereço;;45878;Mico/Sagui/Soinho;1;Normal
51184;2024-12-26T10:55:02;MG;Bocaiúva;Obtido pelo GPS ou informado explicitamente;2.565999984741211;45821;Macaco/Guariba/Bugio/Prego/Guigó;1;
51170;2024-12-27T09:24:57;MG;Jaboticatubas;Obtido pelo GPS ou informado explicitamente;40.0;45807;Mico/Sagui/Soinho;1;
51165;2024-12-26T10:00:00;MG;São João do Pacuí;Obtido pelo GPS ou informado explicitamente;1.25;45802;Mico/Sagui/Soinho;1;
51100;2024-12-22T10:53:00;SP;Campinas;Obtido pelo GPS ou informado explicitamente;17.49;45737;Mico/Sagui/Soinho;1;Normal
51094;2024-12-21T16:20:00;RJ;Magé;Obtido pelo GPS ou informado explicitamente;0.0;45728;Mico/Sagui/Soinho;1;Normal
51064;2024-12-21T13:11:00;MG;São Gotardo;Obtido pelo GPS ou informado explicitamente;0.0;45683;Macaco/Guariba/Bugio/Prego/Guigó;1;Normal
51041;2024-12-19T17:03:00;SP;Pinhalzinho;Obtido pelo GPS ou informado explicitamente;2.25;45660;Macaco/Guariba/Bugio/Prego/Guigó;1;
51037;2024-12-20T12:46:00;SP;Campinas;Obtido pelo GPS ou informado explicitamente;3.53;45656;Mico/Sagui/Soinho;2;Normal
51028;2024-12-19T16:41:00;RJ;Niterói;Obtido pelo GPS ou informado explicitamente;5.320000171661377;45647;Mico/Sagui/Soinho;1;
51014;2024-12-18T09:30:00;RJ;Cantagalo;Obtido pelo GPS ou informado explicitamente;0.0;45633;Mico/Sagui/Soinho;2;Normal
51001;2024-12-19T09:06:00;MG;São João do Pacuí;Obtido pelo GPS ou informado explicitamente;1.5;45619;Mico/Sagui/Soinho;1;
50957;2024-12-17T11:27:00;MG;Coração de Jesus;Obtido pelo GPS ou informado explicitamente;2.382999897003174;45567;Mico/Sagui/Soinho;1;
50956;2024-12-10T01:48:00;MG;Coração de Jesus;Obtido pelo GPS ou informado explicitamente;0.0;45566;Mico/Sagui/Soinho;1;
50955;2024-12-10T13:32:00;MG;Coração de Jesus;Obtido pelo GPS ou informado explicitamente;0.0;45565;Mico/Sagui/Soinho;1;
50954;2024-12-17T11:24:00;MG;Coração de Jesus;Obtido pelo GPS ou informado explicitamente;2.240000009536743;45564;Mico/Sagui/Soinho;1;
50953;2024-12-17T11:36:00;MG;Coração de Jesus;Obtido pelo GPS ou informado explicitamente;5.099999904632568;45563;Mico/Sagui/Soinho;1;
50952;2024-12-17T11:40:00;MG;Coração de Jesus;Obtido pelo GPS ou informado explicitamente;5.38700008392334;45562;Mico/Sagui/Soinho;1;
50934;2024-12-18T12:30:18;RJ;Maricá;Obtido pelo GPS ou informado explicitamente;48.75;45540;Mico/Sagui/Soinho;1;
50932;2024-12-18T12:30:18;RJ;Maricá;Obtido pelo GPS ou informado explicitamente;48.75;45538;Mico/Sagui/Soinho;1;
50854;2024-12-17T15:03:00;RS;Rio Pardo;Obtido pelo GPS ou informado explicitamente;3.7899999618530273;45460;Macaco/Guariba/Bugio/Prego/Guigó;1;
50826;2024-12-13T11:48:00;RS;Viamão;Coordenadas obtidas a partir do endereço;;45431;Macaco/Guariba/Bugio/Prego/Guigó;1;
50782;2024-12-16T15:16:00;MG;Belo Horizonte;Obtido pelo GPS ou informado explicitamente;3.7899;45384;Mico/Sagui/Soinho;1;Normal
50707;2024-12-15T08:27:00;MG;Perdões;Obtido pelo GPS ou informado explicitamente;0.0;45283;Mico/Sagui/Soinho;1;
50706;2024-11-05T10:46:00;MG;São João do Pacuí;Obtido pelo GPS ou informado explicitamente;1.4500000476837158;45282;Mico/Sagui/Soinho;1;
50685;2024-07-05T11:01:00;RJ;Magé;Obtido pelo GPS ou informado explicitamente;0.0;45251;Macaco/Guariba/Bugio/Prego/Guigó;8;Normal
50602;2024-12-13T08:50:00;MG;Montes Claros;Obtido pelo GPS ou informado explicitamente;0.0;45157;Mico/Sagui/Soinho;1;
50600;2024-12-13T08:10:37;MG;Jaboticatubas;Obtido pelo GPS ou informado explicitamente;88.97;45155;Mico/Sagui/Soinho;1;
50599;2024-12-13T10:41:38;CE;Pacatuba;Obtido pelo GPS ou informado explicitamente;3.7899999618530273;45154;Macaco/Guariba/Bugio/Prego/Guigó;1;
50596;2024-12-13T10:18:00;GO;Aparecida de Goiânia;Coordenadas obtidas a partir do endereço;;45151;Mico/Sagui/Soinho;2;
50595;2024-12-13T10:12:00;GO;Aparecida de Goiânia;Coordenadas obtidas a partir do endereço;;45150;Mico/Sagui/Soinho;1;
50591;2024-12-06T16:50:00;RJ;Rio de Janeiro;Obtido pelo GPS ou informado explicitamente;0.0;45146;Mico/Sagui/Soinho;1;Normal
50591;2024-12-06T16:50:00;RJ;Rio de Janeiro;Obtido pelo GPS ou informado explicitamente;0.0;45145;Mico/Sagui/Soinho;1;Normal
50583;2024-12-12T14:29:00;MG;Caldas;Obtido pelo GPS ou informado explicitamente;2.782999992370605;45136;Macaco/Guariba/Bugio/Prego/Guigó;1;
50581;2024-12-12T12:08:00;MG;Brasilândia de Minas;Obtido pelo GPS ou informado explicitamente;3.0;45134;Mico/Sagui/Soinho;4;
50580;2024-12-12T12:16:00;MG;Brasilândia de Minas;Obtido pelo GPS ou informado explicitamente;1.527999997138977;45133;Mico/Sagui/Soinho;2;Doente
50579;2024-12-12T09:54:00;MG;Montes Claros;Obtido pelo GPS ou informado explicitamente;0.0;45132;Mico/Sagui/Soinho;1;
50577;2024-12-12T11:34:29;MG;Contagem;Obtido pelo GPS ou informado explicitamente;5.205999851226807;45130;Mico/Sagui/Soinho;1;Normal
50568;2024-12-11T10:40:00;RS;Viamão;Coordenadas obtidas a partir do endereço;;45121;Macaco/Guariba/Bugio/Prego/Guigó;1;
50555;2024-12-10T15:50:00;MG;Coração de Jesus;Obtido pelo GPS ou informado explicitamente;0.0;45108;Mico/Sagui/Soinho;2;
50554;2024-12-11T15:09:00;MG;Coração de Jesus;Obtido pelo GPS ou informado explicitamente;15.0;45107;Mico/Sagui/Soinho;3;
50553;2024-11-08T10:43:00;MG;São João do Pacuí;Obtido pelo GPS ou informado explicitamente;1.4329999685287476;45106;Mico/Sagui/Soinho;1;
50551;2024-11-08T10:36:00;MG;São João do Pacuí;Obtido pelo GPS ou informado explicitamente;1.5;45104;Mico/Sagui/Soinho;1;
50550;2024-11-23T10:32:00;MG;São João do Pacuí;Obtido pelo GPS ou informado explicitamente;1.350000023841858;45103;Mico/Sagui/Soinho;1;
50548;2024-11-16T10:08:00;RS;Rio Pardo;Obtido pelo GPS ou informado explicitamente;9.083000183105469;45101;Macaco/Guariba/Bugio/Prego/Guigó;3;
50547;2024-12-11T11:17:00;RS;Rio Pardo;Obtido pelo GPS ou informado explicitamente;4.0;45100;Macaco/Guariba/Bugio/Prego/Guigó;1;
50543;2024-12-11T10:43:00;MG;Uberaba;Obtido pelo GPS ou informado explicitamente;3.7899999618530273;45096;Macaco/Guariba/Bugio/Prego/Guigó;1;
50539;2024-12-10T10:19:00;MG;Araçuaí;Coordenadas obtidas a partir do endereço;;45092;Mico/Sagui/Soinho;4;
50535;2024-12-11T08:16:00;MG;Porteirinha;Obtido pelo GPS ou informado explicitamente;2.5199999809265137;45088;Mico/Sagui/Soinho;1;
50517;2024-12-10T15:49:24;MG;Montes Claros;Obtido pelo GPS ou informado explicitamente;3.970999956130981;45070;Mico/Sagui/Soinho;1;
50516;2024-12-10T12:00:00;MG;Itapeva;Obtido pelo GPS ou informado explicitamente;4.75;45069;Macaco/Guariba/Bugio/Prego/Guigó;1;
50490;2024-12-09T12:50:00;RS;Vera Cruz;Obtido pelo GPS ou informado explicitamente;5.0;45043;Macaco/Guariba/Bugio/Prego/Guigó;1;
50480;2024-12-05T10:30:00;RS;Dois Irmãos;Obtido pelo GPS ou informado explicitamente;0.0;45033;Macaco/Guariba/Bugio/Prego/Guigó;1;
50479;2024-12-09T08:29:12;SP;Campinas;Obtido pelo GPS ou informado explicitamente;1.8279999494552608;45032;Mico/Sagui/Soinho;1;
50463;2024-11-12T14:28:42;RN;Galinhos;Obtido pelo GPS ou informado explicitamente;9.434000015258787;45016;Mico/Sagui/Soinho;1;Normal
50417;2024-12-06T07:20:00;MG;Morada Nova de Minas;Obtido pelo GPS ou informado explicitamente;1.5160000324249268;44970;Macaco/Guariba/Bugio/Prego/Guigó;1;
50408;2024-12-05T11:33:00;AP;Macapá;Obtido pelo GPS ou informado explicitamente;0.0;44961;Macaco/Guariba/Bugio/Prego/Guigó;1;Normal
50398;2024-12-05T16:53:00;MG;Belo Horizonte;Obtido pelo GPS ou informado explicitamente;14.21;44951;Mico/Sagui/Soinho;2;Normal
50359;2024-12-05T07:36:00;MG;Porteirinha;Obtido pelo GPS ou informado explicitamente;3.4549999237060547;44910;Mico/Sagui/Soinho;2;Normal
50325;2024-12-04T13:41:00;RJ;Paracambi;Obtido pelo GPS ou informado explicitamente;6.61899995803833;44876;Macaco/Guariba/Bugio/Prego/Guigó;1;Normal
50297;2024-12-04T09:51:00;TO;Palmas;Obtido pelo GPS ou informado explicitamente;2.400000095367432;44848;Mico/Sagui/Soinho;1;
50269;2024-11-28T14:00:00;MG;Santa Luzia;Obtido pelo GPS ou informado explicitamente;0.0;44816;Mico/Sagui/Soinho;5;Normal
50267;2024-12-03T14:35:00;MG;Ibirité;Coordenadas obtidas a partir do endereço;;44814;Mico/Sagui/Soinho;1;
50254;2024-12-03T13:18:00;MG;Morada Nova de Minas;Obtido pelo GPS ou informado explicitamente;1.932999968528748;44801;Mico/Sagui/Soinho;1;Normal
50253;2024-12-03T13:16:00;MG;Morada Nova de Minas;Obtido pelo GPS ou informado explicitamente;2.6050000190734863;44800;Mico/Sagui/Soinho;1;Normal
50251;2024-12-03T10:57:29;MG;Montes Claros;Obtido pelo GPS ou informado explicitamente;23.600000381469727;44798;Mico/Sagui/Soinho;1;
50237;2024-12-02T14:39:00;TO;Palmas;Obtido pelo GPS ou informado explicitamente;6.228000164031982;44784;Mico/Sagui/Soinho;1;
50226;2024-11-29T11:45:00;MG;Mariana;Obtido pelo GPS ou informado explicitamente;0.0;44773;Mico/Sagui/Soinho;1;
50220;2024-12-02T10:15:23;SC;Florianópolis;Obtido pelo GPS ou informado explicitamente;;44767;Mico/Sagui/Soinho;1;
50211;2024-12-02T09:23:16;SC;Florianópolis;Coordenadas obtidas a partir do endereço;;44756;Mico/Sagui/Soinho;1;
50203;2024-12-01T14:38:00;RJ;Magé;Obtido pelo GPS ou informado explicitamente;11.732999801635742;44744;Mico/Sagui/Soinho;6;Normal
50172;2024-11-29T10:13:08;MG;São Francisco;Obtido pelo GPS ou informado explicitamente;1.5;44712;Mico/Sagui/Soinho;1;
50170;2024-11-29T08:41:54;MG;Bonfinópolis de Minas;Obtido pelo GPS ou informado explicitamente;3.857000112533569;44710;Mico/Sagui/Soinho;1;
50158;2024-11-26T12:42:00;RS;Rio Pardo;Obtido pelo GPS ou informado explicitamente;16.0;44688;Macaco/Guariba/Bugio/Prego/Guigó;4;Normal
50157;2024-11-26T12:42:00;RS;Rio Pardo;Obtido pelo GPS ou informado explicitamente;16.0;44687;Macaco/Guariba/Bugio/Prego/Guigó;4;Normal
50130;2024-11-27T15:46:00;RS;Venâncio Aires;Obtido pelo GPS ou informado explicitamente;1.399999976158142;44658;Macaco/Guariba/Bugio/Prego/Guigó;1;
50127;2024-11-27T15:07:00;MG;Nova Lima;Obtido pelo GPS ou informado explicitamente;4.105999946594238;44655;Mico/Sagui/Soinho;1;
50124;2024-11-27T13:55:00;MG;Nova Lima;Obtido pelo GPS ou informado explicitamente;0.0;44652;Macaco/Guariba/Bugio/Prego/Guigó;1;
50095;2024-09-21T15:52:00;PI;Coronel José Dias;Coordenadas obtidas a partir do endereço;;44623;Macaco/Guariba/Bugio/Prego/Guigó;1;
50086;2024-11-26T15:11:00;GO;Goiânia;Obtido pelo GPS ou informado explicitamente;0.0;44614;Macaco/Guariba/Bugio/Prego/Guigó;1;
50076;2024-11-26T11:28:00;MG;Salinas;Coordenadas obtidas a partir do endereço;;44604;Mico/Sagui/Soinho;1;
50061;2024-11-20T14:50:00;MG;Montes Claros;Obtido pelo GPS ou informado explicitamente;0.0;44585;Mico/Sagui/Soinho;1;
50038;2024-11-25T12:10:00;GO;Aparecida de Goiânia;Coordenadas obtidas a partir do endereço;;44562;Macaco/Guariba/Bugio/Prego/Guigó;1;
50036;2024-11-25T13:25:00;MG;Ubaí;Obtido pelo GPS ou informado explicitamente;1.2999999523162842;44560;Mico/Sagui/Soinho;1;Doente
50035;2024-11-25T13:29:00;MG;Ubaí;Obtido pelo GPS ou informado explicitamente;1.2000000476837158;44559;Mico/Sagui/Soinho;1;
50030;2024-11-23T15:00:00;MG;Felixlândia;Obtido pelo GPS ou informado explicitamente;3.572999954223633;44554;Mico/Sagui/Soinho;3;Normal
50027;2024-11-25T10:02:40;GO;Aparecida de Goiânia;Obtido pelo GPS ou informado explicitamente;3.200000047683716;44551;Macaco/Guariba/Bugio/Prego/Guigó;1;Doente
49999;2024-11-24T09:05:00;MG;Janaúba;Obtido pelo GPS ou informado explicitamente;3.7899999618530273;44515;Mico/Sagui/Soinho;3;Normal
49998;2024-11-24T08:24:00;RJ;Rio de Janeiro;Obtido pelo GPS ou informado explicitamente;2.4600000381469727;44514;Macaco/Guariba/Bugio/Prego/Guigó;8;Normal
49988;2024-11-20T07:51:00;RN;Nísia Floresta;Obtido pelo GPS ou informado explicitamente;3.7899999618530273;44504;Mico/Sagui/Soinho;1;Normal
49961;2024-11-22T11:51:00;MG;Porteirinha;Obtido pelo GPS ou informado explicitamente;0.0;44472;Mico/Sagui/Soinho;1;Normal
49945;2024-11-21T14:58:50;MG;Montes Claros;Obtido pelo GPS ou informado explicitamente;5.0329999923706055;44456;Mico/Sagui/Soinho;2;
49939;2024-11-20T09:55:00;PR;Curitiba;Obtido pelo GPS ou informado explicitamente;40.0;44450;Mico/Sagui/Soinho;1;
49938;2024-11-21T13:45:14;RS;Vespasiano Corrêa;Obtido pelo GPS ou informado explicitamente;3.7899999618530273;44449;Macaco/Guariba/Bugio/Prego/Guigó;1;
49931;2024-11-21T09:33:00;SP;Pedra Bela;Obtido pelo GPS ou informado explicitamente;3.7899999618530273;44442;Mico/Sagui/Soinho;1;
49926;2024-11-21T11:00:57;MG;Timóteo;Obtido pelo GPS ou informado explicitamente;0.0;44437;Macaco/Guariba/Bugio/Prego/Guigó;1;
49925;2024-11-21T10:41:00;RS;Rio Pardo;Coordenadas obtidas a partir do endereço;;44436;Macaco/Guariba/Bugio/Prego/Guigó;3;
49922;2024-11-21T08:14:30;MG;Montes Claros;Obtido pelo GPS ou informado explicitamente;1.616000056266785;44433;Mico/Sagui/Soinho;1;
49917;2024-11-19T06:30:00;SC;Florianópolis;Obtido pelo GPS ou informado explicitamente;0.0;44415;Mico/Sagui/Soinho;3;Normal
49910;2024-11-12T17:50:00;MG;Perdões;Obtido pelo GPS ou informado explicitamente;0.0;44390;Mico/Sagui/Soinho;1;
49899;2024-11-19T18:00:00;CE;Ubajara;Coordenadas obtidas a partir do endereço;;44379;Mico/Sagui/Soinho;1;Doente
49891;2024-11-19T14:25:42;MG;Montes Claros;Obtido pelo GPS ou informado explicitamente;1596.3050537109375;44371;Mico/Sagui/Soinho;1;Doente
49890;2024-11-19T13:54:46;MG;Montes Claros;Obtido pelo GPS ou informado explicitamente;10.899999618530272;44370;Mico/Sagui/Soinho;1;Doente
49863;2024-11-19T10:03:45;SC;Florianópolis;Obtido pelo GPS ou informado explicitamente;;44343;Mico/Sagui/Soinho;1;
49860;2024-11-19T08:48:00;RS;Passo do Sobrado;Obtido pelo GPS ou informado explicitamente;4.75;44340;Macaco/Guariba/Bugio/Prego/Guigó;1;
49856;2024-11-18T08:00:00;MG;Felixlândia;Obtido pelo GPS ou informado explicitamente;5.573999881744385;44335;Mico/Sagui/Soinho;1;Normal
49846;2024-11-18T14:33:00;MG;Cedro do Abaeté;Obtido pelo GPS ou informado explicitamente;3.0999999046325684;44324;Mico/Sagui/Soinho;7;Normal
49838;2024-11-18T10:53:00;TO;Filadélfia;Obtido pelo GPS ou informado explicitamente;4.83;44316;Macaco/Guariba/Bugio/Prego/Guigó;1;
49805;2024-11-15T08:52:00;MG;Dionísio;Obtido pelo GPS ou informado explicitamente;0.0;44277;Macaco/Guariba/Bugio/Prego/Guigó;30;Normal
49803;2024-11-15T13:40:00;BA;Salvador;Obtido pelo GPS ou informado explicitamente;2.0;44275;Mico/Sagui/Soinho;1;
49801;2024-11-15T14:50:00;SC;Caxambu do Sul;Obtido pelo GPS ou informado explicitamente;0.0;44273;Macaco/Guariba/Bugio/Prego/Guigó;1;
49800;2024-11-15T14:50:00;SC;Caxambu do Sul;Obtido pelo GPS ou informado explicitamente;3.687999963760376;44272;Macaco/Guariba/Bugio/Prego/Guigó;1;
49794;2024-11-15T12:33:24;MG;Riacho dos Machados;Obtido pelo GPS ou informado explicitamente;2.049999952316284;44266;Mico/Sagui/Soinho;1;Normal
49753;2024-11-14T11:28:11;CE;Pacatuba;Obtido pelo GPS ou informado explicitamente;9.9350004196167;44222;Macaco/Guariba/Bugio/Prego/Guigó;1;
49751;2024-11-14T09:42:52;CE;Pacatuba;Obtido pelo GPS ou informado explicitamente;10.161999702453612;44220;Macaco/Guariba/Bugio/Prego/Guigó;1;
49750;2024-11-14T09:25:34;CE;Pacatuba;Obtido pelo GPS ou informado explicitamente;9.9350004196167;44219;Macaco/Guariba/Bugio/Prego/Guigó;1;
49742;2024-11-14T08:42:00;MG;Bocaiúva;Obtido pelo GPS ou informado explicitamente;6.010000228881836;44211;Mico/Sagui/Soinho;1;Normal
49741;2024-11-13T07:00:00;MG;Felixlândia;Coordenadas obtidas a partir do endereço;;44210;Mico/Sagui/Soinho;1;Normal
49721;2024-11-12T14:38:00;SP;Campinas;Obtido pelo GPS ou informado explicitamente;4.57;44188;Mico/Sagui/Soinho;1;
49714;2024-11-13T09:14:44;MG;Ibirité;Obtido pelo GPS ou informado explicitamente;1.2999999523162842;44181;Mico/Sagui/Soinho;1;
49681;2024-11-12T10:23:00;RS;Viamão;Coordenadas obtidas a partir do endereço;;44146;Macaco/Guariba/Bugio/Prego/Guigó;1;
49672;2024-11-12T09:08:00;SP;Campinas;Obtido pelo GPS ou informado explicitamente;4.07;44137;Mico/Sagui/Soinho;2;Normal
49664;2024-11-06T09:29:25;MG;Jequitaí;Obtido pelo GPS ou informado explicitamente;4.216000080108643;44129;Mico/Sagui/Soinho;1;
49659;2024-11-06T09:37:33;MG;Jequitaí;Obtido pelo GPS ou informado explicitamente;2.888000011444092;44124;Mico/Sagui/Soinho;1;
49656;2024-11-11T15:49:07;SE;Aracaju;Obtido pelo GPS ou informado explicitamente;14.94;44121;Mico/Sagui/Soinho;5;Normal
49653;2024-11-11T14:38:00;MG;Nova Lima;Obtido pelo GPS ou informado explicitamente;6.949999809265137;44115;Macaco/Guariba/Bugio/Prego/Guigó;1;Estranho
49650;2024-11-10T14:56:00;MG;Januária;Obtido pelo GPS ou informado explicitamente;1.1059999465942385;44112;Mico/Sagui/Soinho;10;Normal
49638;2024-11-11T11:11:00;RS;Viamão;Obtido pelo GPS ou informado explicitamente;8.100000381469727;44100;Macaco/Guariba/Bugio/Prego/Guigó;1;Agressivo
49637;2024-10-22T00:00:00;RN;Nísia Floresta;Coordenadas obtidas a partir do endereço;;44099;Mico/Sagui/Soinho;1;
49635;2024-11-11T09:38:00;RJ;Rio de Janeiro;Obtido pelo GPS ou informado explicitamente;0.0;44097;Macaco/Guariba/Bugio/Prego/Guigó;1;
49627;2024-11-11T08:52:00;MG;Ibirité;Obtido pelo GPS ou informado explicitamente;2.0810000896453857;44089;Mico/Sagui/Soinho;1;
49623;2024-11-11T08:57:00;MG;Ilicínea;Coordenadas obtidas a partir do endereço;;44085;Mico/Sagui/Soinho;1;
49616;2024-11-10T14:56:00;MG;Januária;Obtido pelo GPS ou informado explicitamente;1.1059999465942385;44078;Mico/Sagui/Soinho;10;Normal
49609;2024-11-09T11:01:23;MG;Riacho dos Machados;Obtido pelo GPS ou informado explicitamente;2.3570001125335693;44071;Mico/Sagui/Soinho;1;Normal
49604;2024-11-08T15:49:50;RR;Normandia;Obtido pelo GPS ou informado explicitamente;3.7899999618530273;44066;Macaco/Guariba/Bugio/Prego/Guigó;1;Normal
49573;2024-11-07T02:15:00;RS;Viamão;Coordenadas obtidas a partir do endereço;;44032;Macaco/Guariba/Bugio/Prego/Guigó;1;
49569;2024-11-07T09:22:00;SP;Campinas;Coordenadas obtidas a partir do endereço;;44028;Mico/Sagui/Soinho;1;
49566;2024-11-08T09:16:00;MG;Cedro do Abaeté;Obtido pelo GPS ou informado explicitamente;1.4160000085830688;44025;Mico/Sagui/Soinho;2;Normal
49563;2024-11-08T07:41:23;PR;Campo Largo;Obtido pelo GPS ou informado explicitamente;;44022;Macaco/Guariba/Bugio/Prego/Guigó;1;
49552;2024-11-07T15:23:00;MG;Santa Vitória;Obtido pelo GPS ou informado explicitamente;6.099999904632568;44011;Mico/Sagui/Soinho;1;
49529;2024-11-06T08:30:00;MG;Salinas;Coordenadas obtidas a partir do endereço;;43988;Mico/Sagui/Soinho;1;
49482;2024-11-07T10:14:00;MG;Sete Lagoas;Obtido pelo GPS ou informado explicitamente;3.0;43941;Mico/Sagui/Soinho;1;
49453;2024-11-06T14:30:00;PR;Cascavel;Obtido pelo GPS ou informado explicitamente;0.0;43912;Macaco/Guariba/Bugio/Prego/Guigó;1;
49447;2024-11-06T09:50:00;PR;Curitiba;Obtido pelo GPS ou informado explicitamente;0.0;43906;Mico/Sagui/Soinho;1;
49439;2024-11-06T15:02:00;TO;Combinado;Obtido pelo GPS ou informado explicitamente;3.82699990272522;43898;Macaco/Guariba/Bugio/Prego/Guigó;1;Doente
49435;2024-11-06T14:17:00;MG;Capim Branco;Obtido pelo GPS ou informado explicitamente;6.794000148773193;43894;Mico/Sagui/Soinho;1;Normal
49428;2024-11-06T11:20:00;MG;Prados;Coordenadas obtidas a partir do endereço;;43887;Macaco/Guariba/Bugio/Prego/Guigó;1;Normal
49405;2024-11-05T15:56:00;RS;Nova Hartz;Obtido pelo GPS ou informado explicitamente;2.0;43864;Macaco/Guariba/Bugio/Prego/Guigó;1;
49375;2024-11-05T14:05:00;PR;Curitiba;Obtido pelo GPS ou informado explicitamente;0.0;43834;Mico/Sagui/Soinho;1;
49365;2024-10-29T16:30:34;RN;Natal;Coordenadas obtidas a partir do endereço;;43824;Mico/Sagui/Soinho;1;
49364;2024-11-05T13:25:00;MG;Ubaí;Obtido pelo GPS ou informado explicitamente;3.2160000801086426;43823;Mico/Sagui/Soinho;1;
49363;2024-11-01T15:01:32;RN;Natal;Coordenadas obtidas a partir do endereço;;43822;Mico/Sagui/Soinho;1;
49357;2024-11-05T09:50:00;MG;Arinos;Obtido pelo GPS ou informado explicitamente;1.2999999523162842;43816;Macaco/Guariba/Bugio/Prego/Guigó;1;
49347;2024-11-05T10:04:00;MG;Jaíba;Obtido pelo GPS ou informado explicitamente;4.699999809265137;43806;Mico/Sagui/Soinho;3;Normal
49346;2024-11-05T09:53:00;RS;Mariana Pimentel;Obtido pelo GPS ou informado explicitamente;3.7899999618530273;43805;Macaco/Guariba/Bugio/Prego/Guigó;1;
49296;2024-11-04T14:47:00;PR;Araucária;Coordenadas obtidas a partir do endereço;;43755;Macaco/Guariba/Bugio/Prego/Guigó;1;
49295;2024-11-04T10:30:00;PR;Curitiba;Obtido pelo GPS ou informado explicitamente;0.0;43754;Mico/Sagui/Soinho;1;
49294;2024-11-01T10:00:00;PR;Cascavel;Obtido pelo GPS ou informado explicitamente;0.0;43753;Macaco/Guariba/Bugio/Prego/Guigó;1;
49277;2024-11-02T16:00:00;SC;Joinville;Obtido pelo GPS ou informado explicitamente;0.0;43736;Mico/Sagui/Soinho;1;
49261;2024-11-03T10:45:42;RJ;Petrópolis;Obtido pelo GPS ou informado explicitamente;1.5499999523162842;43719;Mico/Sagui/Soinho;1;
49257;2024-11-02T21:56:00;MG;Montezuma;Coordenadas obtidas a partir do endereço;;43714;Mico/Sagui/Soinho;1;Normal
49248;2024-11-02T15:42:00;MG;Belo Horizonte;Obtido pelo GPS ou informado explicitamente;4.129000186920166;43705;Mico/Sagui/Soinho;2;Normal
49233;2024-11-02T07:35:00;MG;Espinosa;Obtido pelo GPS ou informado explicitamente;3.7899999618530273;43690;Mico/Sagui/Soinho;1;Normal
49231;2024-11-01T07:26:00;MG;Janaúba;Obtido pelo GPS ou informado explicitamente;0.0;43688;Mico/Sagui/Soinho;1;
49208;2024-11-01T09:32:00;RS;Barra do Ribeiro;Obtido pelo GPS ou informado explicitamente;3.7899999618530273;43665;Macaco/Guariba/Bugio/Prego/Guigó;1;
49164;2024-10-31T16:29:29;RR;Cantá;Obtido pelo GPS ou informado explicitamente;3827.74;43621;Macaco/Guariba/Bugio/Prego/Guigó;1;
49130;2024-10-31T11:53:00;MG;Riacho dos Machados;Obtido pelo GPS ou informado explicitamente;2.183000087738037;43587;Mico/Sagui/Soinho;2;Normal
49102;2024-10-30T05:33:00;MG;Itapagipe;Coordenadas obtidas a partir do endereço;;43560;Mico/Sagui/Soinho;1;
49098;2024-10-30T07:00:00;RJ;Campos dos Goytacazes;Obtido pelo GPS ou informado explicitamente;0.0;43556;Macaco/Guariba/Bugio/Prego/Guigó;3;Normal
49095;2024-10-30T17:17:00;MG;Serranópolis de Minas;Obtido pelo GPS ou informado explicitamente;1.600000023841858;43553;Mico/Sagui/Soinho;1;
48971;2024-10-30T09:27:35;PR;Maringá;Obtido pelo GPS ou informado explicitamente;9.5;43428;Mico/Sagui/Soinho;2;
48970;2024-10-30T09:22:19;RN;Extremoz;Obtido pelo GPS ou informado explicitamente;21.86400032043457;43427;Mico/Sagui/Soinho;1;
48926;2024-10-29T11:16:20;SP;Campinas;Coordenadas obtidas a partir do endereço;;43378;Mico/Sagui/Soinho;5;
48926;2024-10-29T11:16:20;SP;Campinas;Coordenadas obtidas a partir do endereço;;43377;Mico/Sagui/Soinho;5;
48926;2024-10-29T11:16:20;SP;Campinas;Coordenadas obtidas a partir do endereço;;43376;Mico/Sagui/Soinho;5;
48926;2024-10-29T11:16:20;SP;Campinas;Coordenadas obtidas a partir do endereço;;43375;Mico/Sagui/Soinho;5;
48926;2024-10-29T11:16:20;SP;Campinas;Coordenadas obtidas a partir do endereço;;43374;Mico/Sagui/Soinho;5;
48873;2024-10-26T12:45:00;RJ;Rio de Janeiro;Obtido pelo GPS ou informado explicitamente;0.0;43321;Macaco/Guariba/Bugio/Prego/Guigó;6;Normal
48871;2024-10-27T10:20:00;RJ;Rio de Janeiro;Obtido pelo GPS ou informado explicitamente;2.0;43319;Macaco/Guariba/Bugio/Prego/Guigó;4;Normal
48870;2024-10-27T10:12:00;RJ;Rio de Janeiro;Obtido pelo GPS ou informado explicitamente;1.899999976158142;43318;Macaco/Guariba/Bugio/Prego/Guigó;5;Normal
48833;2022-08-02T12:28:00;MG;Belo Horizonte;Obtido pelo GPS ou informado explicitamente;0.0;43281;Mico/Sagui/Soinho;1;Normal
48825;2024-10-24T11:30:00;RN;Natal;Coordenadas obtidas a partir do endereço;;43273;Mico/Sagui/Soinho;1;
48817;2024-10-25T14:28:00;MG;Montes Claros;Obtido pelo GPS ou informado explicitamente;1.5;43265;Mico/Sagui/Soinho;1;
48815;2024-10-25T15:15:00;SP;Campinas;Obtido pelo GPS ou informado explicitamente;4.7;43263;Mico/Sagui/Soinho;5;Normal
48812;2024-10-18T09:07:00;SP;Itatiba;Coordenadas obtidas a partir do endereço;;43260;Macaco/Guariba/Bugio/Prego/Guigó;1;Normal
48810;2024-10-25T14:22:00;MG;Porteirinha;Obtido pelo GPS ou informado explicitamente;14.255999565124512;43258;Mico/Sagui/Soinho;6;Normal
48769;2024-10-25T08:32:12;RS;Cerro Grande do Sul;Obtido pelo GPS ou informado explicitamente;1.5;43217;Macaco/Guariba/Bugio/Prego/Guigó;1;
48767;2024-10-23T13:29:00;MG;Marliéria;Obtido pelo GPS ou informado explicitamente;3.7899999618530273;43215;Macaco/Guariba/Bugio/Prego/Guigó;3;Normal
48760;2024-10-24T10:39:47;CE;Pacatuba;Obtido pelo GPS ou informado explicitamente;3.7899999618530273;43208;Macaco/Guariba/Bugio/Prego/Guigó;1;
48759;2024-10-24T10:25:04;CE;Pacatuba;Obtido pelo GPS ou informado explicitamente;4.214000225067139;43207;Macaco/Guariba/Bugio/Prego/Guigó;1;
48758;2024-10-24T10:00:35;CE;Pacatuba;Obtido pelo GPS ou informado explicitamente;4.8460001945495605;43206;Macaco/Guariba/Bugio/Prego/Guigó;1;
48757;2024-10-24T09:46:12;CE;Pacatuba;Obtido pelo GPS ou informado explicitamente;3.8329999446868896;43205;Macaco/Guariba/Bugio/Prego/Guigó;1;
48753;2024-10-24T11:01:45;SC;Florianópolis;Obtido pelo GPS ou informado explicitamente;;43201;Mico/Sagui/Soinho;1;
48744;2024-10-23T15:00:00;PR;Cascavel;Obtido pelo GPS ou informado explicitamente;0.0;43192;Macaco/Guariba/Bugio/Prego/Guigó;1;
48741;2024-10-23T10:30:00;RJ;Rio de Janeiro;Obtido pelo GPS ou informado explicitamente;7.599999904632568;43189;Mico/Sagui/Soinho;1;Normal
48740;2024-10-23T15:32:48;MG;Montes Claros;Obtido pelo GPS ou informado explicitamente;1.5499999523162842;43188;Mico/Sagui/Soinho;1;
48738;2024-10-23T13:39:00;MG;Toledo;Obtido pelo GPS ou informado explicitamente;10.128000259399414;43186;Macaco/Guariba/Bugio/Prego/Guigó;1;Normal
48731;2024-10-23T12:28:00;MG;Santa Vitória;Obtido pelo GPS ou informado explicitamente;0.0;43179;Mico/Sagui/Soinho;1;
48720;2024-10-21T08:24:00;SP;Campinas;Coordenadas obtidas a partir do endereço;;43167;Mico/Sagui/Soinho;1;
48718;2024-10-23T07:46:00;MG;Porteirinha;Obtido pelo GPS ou informado explicitamente;5.400000095367432;43165;Mico/Sagui/Soinho;1;Normal
48698;2024-10-22T14:31:00;MG;Marliéria;Obtido pelo GPS ou informado explicitamente;4.631999969482422;43146;Macaco/Guariba/Bugio/Prego/Guigó;6;Normal
48676;2024-10-21T16:47:00;SP;Campinas;Coordenadas obtidas a partir do endereço;;43124;Mico/Sagui/Soinho;1;
48672;2024-10-22T14:38:00;MG;Marliéria;Obtido pelo GPS ou informado explicitamente;4.084000110626221;43120;Mico/Sagui/Soinho;1;Normal
48667;2024-10-22T11:49:00;SP;Campinas;Obtido pelo GPS ou informado explicitamente;4.94;43111;Mico/Sagui/Soinho;1;
48631;2024-10-21T15:00:00;GO;Goiânia;Coordenadas obtidas a partir do endereço;;43070;Mico/Sagui/Soinho;1;
48624;2024-10-21T09:14:00;RJ;Rio de Janeiro;Obtido pelo GPS ou informado explicitamente;0.0;43061;Mico/Sagui/Soinho;2;Normal
48624;2024-10-21T09:14:00;RJ;Rio de Janeiro;Obtido pelo GPS ou informado explicitamente;0.0;43060;Mico/Sagui/Soinho;2;Normal
48619;2024-10-21T13:44:17;MG;Ipuiúna;Obtido pelo GPS ou informado explicitamente;10.800000190734863;43052;Macaco/Guariba/Bugio/Prego/Guigó;1;
48618;2024-10-21T13:55:58;MG;Ipuiúna;Obtido pelo GPS ou informado explicitamente;156.89999389648438;43051;Macaco/Guariba/Bugio/Prego/Guigó;1;
48614;2024-10-21T13:55:00;SP;Bragança Paulista;Obtido pelo GPS ou informado explicitamente;3.2160000801086426;43047;Macaco/Guariba/Bugio/Prego/Guigó;1;
48604;2024-10-08T09:03:00;PR;Sertaneja;Obtido pelo GPS ou informado explicitamente;5.0;43037;Macaco/Guariba/Bugio/Prego/Guigó;1;
48592;2024-10-20T11:22:00;SP;Jundiaí;Obtido pelo GPS ou informado explicitamente;5.135000228881836;43025;Mico/Sagui/Soinho;1;
48585;2024-10-16T11:35:00;SP;Serra Negra;Coordenadas obtidas a partir do endereço;;43018;Macaco/Guariba/Bugio/Prego/Guigó;5;Normal
48575;2024-10-14T15:47:00;RS;Barra do Ribeiro;Obtido pelo GPS ou informado explicitamente;2799.9990234375;43007;Macaco/Guariba/Bugio/Prego/Guigó;1;
48566;2024-10-19T11:10:00;MG;Senador Amaral;Obtido pelo GPS ou informado explicitamente;8.0;42998;Macaco/Guariba/Bugio/Prego/Guigó;2;Normal
48553;2024-10-18T14:56:00;TO;Palmas;Obtido pelo GPS ou informado explicitamente;19.996999740600582;42985;Mico/Sagui/Soinho;1;
48552;2024-10-14T17:15:00;MG;Juiz de Fora;Coordenadas obtidas a partir do endereço;;42984;Mico/Sagui/Soinho;1;
48529;2024-10-18T10:54:00;CE;Maranguape;Obtido pelo GPS ou informado explicitamente;2.372999906539917;42961;Macaco/Guariba/Bugio/Prego/Guigó;2;
48500;2024-10-17T14:01:00;MG;Santa Vitória;Obtido pelo GPS ou informado explicitamente;7.5;42932;Mico/Sagui/Soinho;1;
48497;2024-10-15T12:55:46;MG;Dionísio;Obtido pelo GPS ou informado explicitamente;0.0;42929;Macaco/Guariba/Bugio/Prego/Guigó;1;Doente
48490;2024-10-16T14:00:00;SC;Florianópolis;Coordenadas obtidas a partir do endereço;;42922;Macaco/Guariba/Bugio/Prego/Guigó;1;Normal
48489;2024-10-16T14:00:00;SC;Florianópolis;Coordenadas obtidas a partir do endereço;;42921;Macaco/Guariba/Bugio/Prego/Guigó;1;Normal
48488;2024-10-16T14:00:00;SC;Florianópolis;Coordenadas obtidas a partir do endereço;;42920;Macaco/Guariba/Bugio/Prego/Guigó;1;Normal
48487;2024-10-16T14:00:00;SC;Florianópolis;Coordenadas obtidas a partir do endereço;;42919;Macaco/Guariba/Bugio/Prego/Guigó;1;
48486;2024-10-16T14:00:00;SC;Florianópolis;Coordenadas obtidas a partir do endereço;;42918;Macaco/Guariba/Bugio/Prego/Guigó;1;Doente
48426;2024-10-16T11:55:00;SP;Monte Alegre do Sul;Obtido pelo GPS ou informado explicitamente;0.0;42856;Macaco/Guariba/Bugio/Prego/Guigó;3;Normal
48425;2024-09-17T15:27:00;SP;Pedra Bela;Obtido pelo GPS ou informado explicitamente;8.0;42855;Macaco/Guariba/Bugio/Prego/Guigó;1;
48418;2024-10-15T11:00:54;GO;Bela Vista de Goiás;Obtido pelo GPS ou informado explicitamente;;42848;Macaco/Guariba/Bugio/Prego/Guigó;1;
48411;2024-10-16T09:39:00;RJ;Rio de Janeiro;Obtido pelo GPS ou informado explicitamente;2.128000020980835;42841;Macaco/Guariba/Bugio/Prego/Guigó;6;Normal
48410;2024-10-16T09:12:00;RJ;Rio de Janeiro;Obtido pelo GPS ou informado explicitamente;2.039999961853028;42840;Macaco/Guariba/Bugio/Prego/Guigó;5;Normal
48408;2024-10-16T08:58:00;RJ;Rio de Janeiro;Obtido pelo GPS ou informado explicitamente;3.2309999465942383;42838;Macaco/Guariba/Bugio/Prego/Guigó;5;Normal
48406;2024-10-16T08:49:00;RJ;Rio de Janeiro;Obtido pelo GPS ou informado explicitamente;2.200000047683716;42836;Macaco/Guariba/Bugio/Prego/Guigó;1;Normal
48400;2022-11-05T10:15:38;PR;Foz do Iguaçu;Coordenadas obtidas a partir do endereço;;42830;Macaco/Guariba/Bugio/Prego/Guigó;1;Normal
48382;2024-10-15T09:06:48;MG;Montes Claros;Obtido pelo GPS ou informado explicitamente;20.899999618530277;42801;Mico/Sagui/Soinho;2;Doente
48376;2024-10-14T09:21:00;PR;Curitiba;Obtido pelo GPS ou informado explicitamente;0.0;42795;Mico/Sagui/Soinho;1;
48375;2024-10-14T14:30:00;PR;Cascavel;Coordenadas obtidas a partir do endereço;;42794;Mico/Sagui/Soinho;1;
48369;2024-10-14T16:16:51;PR;Piraquara;Obtido pelo GPS ou informado explicitamente;;42783;Mico/Sagui/Soinho;2;Normal
48366;2024-10-13T14:10:37;RN;Natal;Coordenadas obtidas a partir do endereço;;42780;Mico/Sagui/Soinho;1;
48328;2024-10-13T10:04:00;RJ;Rio de Janeiro;Obtido pelo GPS ou informado explicitamente;6.5;42742;Macaco/Guariba/Bugio/Prego/Guigó;2;Normal
48327;2024-10-13T09:48:00;RJ;Rio de Janeiro;Obtido pelo GPS ou informado explicitamente;5.23799991607666;42741;Macaco/Guariba/Bugio/Prego/Guigó;9;Normal
48324;2024-10-13T06:36:00;RJ;Rio de Janeiro;Obtido pelo GPS ou informado explicitamente;1.9700000286102293;42738;Macaco/Guariba/Bugio/Prego/Guigó;8;Normal
48321;2024-10-12T16:51:00;SP;Campinas;Obtido pelo GPS ou informado explicitamente;3.7899999618530273;42735;Mico/Sagui/Soinho;1;
48318;2024-10-12T14:37:00;RN;Natal;Obtido pelo GPS ou informado explicitamente;3.0;42732;Mico/Sagui/Soinho;2;Normal
48283;2024-10-11T13:45:00;MG;Berilo;Obtido pelo GPS ou informado explicitamente;0.0;42694;Mico/Sagui/Soinho;1;
48247;2024-09-19T21:49:00;RN;Parnamirim;Coordenadas obtidas a partir do endereço;;42654;Mico/Sagui/Soinho;3;
48240;2024-10-08T09:17:27;MG;Montes Claros;Obtido pelo GPS ou informado explicitamente;10.199999809265137;42647;Mico/Sagui/Soinho;1;
48231;2024-10-08T10:19:44;RJ;Quissamã;Obtido pelo GPS ou informado explicitamente;;42638;Macaco/Guariba/Bugio/Prego/Guigó;4;Normal
48226;2024-10-10T11:00:00;PB;Nova Floresta;Obtido pelo GPS ou informado explicitamente;0.0;42633;Mico/Sagui/Soinho;6;Normal
48209;2024-10-10T07:16:00;RJ;Rio de Janeiro;Obtido pelo GPS ou informado explicitamente;2.1659998893737797;42616;Macaco/Guariba/Bugio/Prego/Guigó;10;Normal
48205;2024-10-06T13:27:00;RJ;Petrópolis;Obtido pelo GPS ou informado explicitamente;0.0;42612;Mico/Sagui/Soinho;4;Normal
48073;2024-10-09T12:00:00;AP;Calçoene;Obtido pelo GPS ou informado explicitamente;0.0;42476;Macaco/Guariba/Bugio/Prego/Guigó;1;Normal
48004;2024-10-08T17:22:00;SP;Campinas;Obtido pelo GPS ou informado explicitamente;4.77;42405;Mico/Sagui/Soinho;1;Normal
48001;2024-10-08T16:51:00;GO;Goiânia;Obtido pelo GPS ou informado explicitamente;0.0;42402;Mico/Sagui/Soinho;1;
47993;2024-10-08T12:40:47;MG;São Francisco;Obtido pelo GPS ou informado explicitamente;18.913000106811523;42394;Mico/Sagui/Soinho;1;
47988;2024-10-08T09:05:17;SC;Florianópolis;Obtido pelo GPS ou informado explicitamente;;42389;Mico/Sagui/Soinho;1;
47977;2024-10-07T13:30:00;GO;Goiânia;Coordenadas obtidas a partir do endereço;;42378;Macaco/Guariba/Bugio/Prego/Guigó;1;
47961;2024-10-06T17:01:00;PB;Nova Floresta;Obtido pelo GPS ou informado explicitamente;35.0;42362;Mico/Sagui/Soinho;4;Normal
47946;2024-10-04T10:45:00;MG;Juramento;Obtido pelo GPS ou informado explicitamente;2.183000087738037;42347;Mico/Sagui/Soinho;1;Estranho
47937;2024-10-04T15:10:00;MG;Perdões;Obtido pelo GPS ou informado explicitamente;0.0;42338;Mico/Sagui/Soinho;1;
47912;2024-09-04T13:00:00;RS;São Borja;Obtido pelo GPS ou informado explicitamente;0.0;42313;Macaco/Guariba/Bugio/Prego/Guigó;1;
47911;2024-07-25T13:42:00;RS;São Borja;Obtido pelo GPS ou informado explicitamente;45.75;42312;Macaco/Guariba/Bugio/Prego/Guigó;1;
47909;2024-07-25T13:42:00;RS;São Borja;Obtido pelo GPS ou informado explicitamente;45.75;42310;Macaco/Guariba/Bugio/Prego/Guigó;1;
47907;2024-09-30T08:00:00;RS;São Borja;Obtido pelo GPS ou informado explicitamente;0.0;42308;Macaco/Guariba/Bugio/Prego/Guigó;1;
47904;2024-10-03T14:00:00;GO;Goiânia;Obtido pelo GPS ou informado explicitamente;0.0;42305;Mico/Sagui/Soinho;1;
47900;2024-10-03T10:41:00;GO;Goiânia;Obtido pelo GPS ou informado explicitamente;17.658000946044922;42301;Mico/Sagui/Soinho;3;Normal
47882;2024-10-02T14:49:00;MG;Montes Claros;Obtido pelo GPS ou informado explicitamente;12.380999565124512;42282;Mico/Sagui/Soinho;1;
47879;2024-10-02T14:16:00;MG;São Francisco;Coordenadas obtidas a partir do endereço;;42279;Mico/Sagui/Soinho;1;
47877;2024-09-10T02:16:00;GO;Cocalzinho de Goiás;Coordenadas obtidas a partir do endereço;;42277;Macaco/Guariba/Bugio/Prego/Guigó;1;
47875;2024-10-02T10:00:12;CE;Pacatuba;Obtido pelo GPS ou informado explicitamente;49.86800003051758;42275;Macaco/Guariba/Bugio/Prego/Guigó;1;
47874;2024-10-02T09:38:29;CE;Pacatuba;Obtido pelo GPS ou informado explicitamente;13.61299991607666;42274;Macaco/Guariba/Bugio/Prego/Guigó;1;
47855;2024-09-28T16:05:00;RS;Viamão;Coordenadas obtidas a partir do endereço;;42255;Macaco/Guariba/Bugio/Prego/Guigó;2;
47849;2024-09-26T08:02:00;MG;Divinópolis;Coordenadas obtidas a partir do endereço;;42249;Macaco/Guariba/Bugio/Prego/Guigó;1;
47848;2024-10-01T15:10:00;GO;Goiânia;Obtido pelo GPS ou informado explicitamente;0.0;42248;Macaco/Guariba/Bugio/Prego/Guigó;4;Normal
47840;2024-10-01T14:22:27;MG;Timóteo;Obtido pelo GPS ou informado explicitamente;3.54;42240;Mico/Sagui/Soinho;2;
47833;2024-10-01T09:34:00;RJ;Rio de Janeiro;Obtido pelo GPS ou informado explicitamente;2.4830000400543213;42233;Mico/Sagui/Soinho;2;Normal
47830;2024-10-01T09:22:00;RJ;Rio de Janeiro;Obtido pelo GPS ou informado explicitamente;2.115999937057495;42230;Macaco/Guariba/Bugio/Prego/Guigó;1;Normal
47819;2020-12-21T16:07:46;GO;Santa Cruz de Goiás;Obtido pelo GPS ou informado explicitamente;;42217;Macaco/Guariba/Bugio/Prego/Guigó;1;
47817;2020-12-08T15:50:48;GO;Luziânia;Obtido pelo GPS ou informado explicitamente;;42215;Macaco/Guariba/Bugio/Prego/Guigó;1;
47816;2020-11-06T00:00:00;GO;Goiânia;Obtido pelo GPS ou informado explicitamente;;42214;Mico/Sagui/Soinho;1;
47814;2020-10-31T14:54:26;GO;Goiânia;Obtido pelo GPS ou informado explicitamente;;42212;Macaco/Guariba/Bugio/Prego/Guigó;1;
47809;2020-10-27T14:10:01;GO;Aragoiânia;Obtido pelo GPS ou informado explicitamente;;42207;Macaco/Guariba/Bugio/Prego/Guigó;1;
47804;2024-09-30T11:51:12;RJ;Rio de Janeiro;Obtido pelo GPS ou informado explicitamente;16.125;42202;Mico/Sagui/Soinho;1;Normal
47802;2020-10-26T11:06:50;GO;Goiânia;Obtido pelo GPS ou informado explicitamente;;42200;Macaco/Guariba/Bugio/Prego/Guigó;1;
47800;2020-10-23T10:57:59;GO;Aparecida de Goiânia;Obtido pelo GPS ou informado explicitamente;;42198;Macaco/Guariba/Bugio/Prego/Guigó;1;
47798;2020-10-17T10:09:07;GO;Goiânia;Obtido pelo GPS ou informado explicitamente;;42196;Macaco/Guariba/Bugio/Prego/Guigó;1;
47797;2020-10-06T09:46:13;GO;Aragoiânia;Obtido pelo GPS ou informado explicitamente;;42195;Macaco/Guariba/Bugio/Prego/Guigó;1;
47796;2020-10-01T09:28:25;GO;Abadia de Goiás;Obtido pelo GPS ou informado explicitamente;;42194;Macaco/Guariba/Bugio/Prego/Guigó;1;
47791;2020-09-28T09:00:50;GO;Aparecida de Goiânia;Obtido pelo GPS ou informado explicitamente;;42189;Macaco/Guariba/Bugio/Prego/Guigó;1;
47779;2024-09-29T15:50:00;RJ;Paty do Alferes;Obtido pelo GPS ou informado explicitamente;4.208000183105469;42177;Mico/Sagui/Soinho;2;Normal
47772;2024-09-29T09:10:00;MG;Claro dos Poções;Obtido pelo GPS ou informado explicitamente;1.866000056266785;42170;Mico/Sagui/Soinho;1;Normal
47771;2024-09-29T09:17:00;MG;Claro dos Poções;Obtido pelo GPS ou informado explicitamente;156.89999389648438;42169;Mico/Sagui/Soinho;1;Normal
47757;2024-09-27T14:00:09;MG;Montes Claros;Obtido pelo GPS ou informado explicitamente;1.565999984741211;42155;Mico/Sagui/Soinho;1;Doente
47734;2024-09-06T17:10:00;RJ;São Sebastião do Alto;Obtido pelo GPS ou informado explicitamente;0.0;42130;Macaco/Guariba/Bugio/Prego/Guigó;1;Normal
47722;2024-09-26T10:39:00;MG;Porteirinha;Obtido pelo GPS ou informado explicitamente;3.2330000400543213;42118;Mico/Sagui/Soinho;2;Normal
47714;2024-09-23T10:05:00;MG;Olhos-d'Água;Obtido pelo GPS ou informado explicitamente;0.0;42110;Mico/Sagui/Soinho;1;
47688;2024-09-25T11:34:22;RJ;Rio de Janeiro;Obtido pelo GPS ou informado explicitamente;;42084;Mico/Sagui/Soinho;2;Normal
47688;2024-09-25T11:34:22;RJ;Rio de Janeiro;Obtido pelo GPS ou informado explicitamente;;42083;Mico/Sagui/Soinho;3;Normal
47681;2024-09-24T11:20:30;RJ;Rio de Janeiro;Obtido pelo GPS ou informado explicitamente;;42076;Mico/Sagui/Soinho;1;Estranho
47676;2024-09-23T11:00:00;MG;Lagoa Santa;Obtido pelo GPS ou informado explicitamente;100.0;42071;Mico/Sagui/Soinho;1;
47651;2024-09-24T15:22:00;RJ;Rio de Janeiro;Obtido pelo GPS ou informado explicitamente;0.0;42046;Mico/Sagui/Soinho;3;Normal
47644;2024-09-17T09:31:00;RS;Viamão;Coordenadas obtidas a partir do endereço;;42039;Macaco/Guariba/Bugio/Prego/Guigó;1;Doente
47637;2024-09-23T13:46:07;MG;Conceição do Rio Verde;Obtido pelo GPS ou informado explicitamente;52.400001525878906;42032;Macaco/Guariba/Bugio/Prego/Guigó;1;
47625;2024-09-23T15:02:00;PR;Curitiba;Obtido pelo GPS ou informado explicitamente;0.0;42020;Mico/Sagui/Soinho;1;
47615;2024-09-23T09:08:00;PR;Curitiba;Obtido pelo GPS ou informado explicitamente;0.0;42008;Mico/Sagui/Soinho;1;
47611;2024-09-18T10:29:00;RO;Porto Velho;Obtido pelo GPS ou informado explicitamente;0.0;42002;Macaco/Guariba/Bugio/Prego/Guigó;2;Normal
47604;2024-09-22T17:00:58;RJ;Quissamã;Obtido pelo GPS ou informado explicitamente;;41995;Macaco/Guariba/Bugio/Prego/Guigó;4;Normal
47567;2024-09-18T10:14:00;RJ;Rio de Janeiro;Obtido pelo GPS ou informado explicitamente;1.9429999589920044;41958;Mico/Sagui/Soinho;3;Normal
47565;2024-09-22T12:43:00;RJ;Rio de Janeiro;Obtido pelo GPS ou informado explicitamente;3.0;41956;Macaco/Guariba/Bugio/Prego/Guigó;2;Normal
47564;2024-09-22T12:29:00;MG;Andradas;Obtido pelo GPS ou informado explicitamente;1.6660000085830688;41955;Macaco/Guariba/Bugio/Prego/Guigó;1;
47562;2024-09-22T11:23:00;RJ;Rio de Janeiro;Obtido pelo GPS ou informado explicitamente;2.1600000858306885;41953;Macaco/Guariba/Bugio/Prego/Guigó;5;Normal
47552;2024-09-22T10:57:00;RJ;Rio de Janeiro;Obtido pelo GPS ou informado explicitamente;2.400000095367432;41943;Macaco/Guariba/Bugio/Prego/Guigó;3;Normal
47549;2024-09-22T08:52:00;RJ;Rio de Janeiro;Obtido pelo GPS ou informado explicitamente;11.56;41940;Macaco/Guariba/Bugio/Prego/Guigó;10;Normal
47536;2024-09-19T15:16:00;RO;Porto Velho;Coordenadas obtidas a partir do endereço;;41927;Macaco/Guariba/Bugio/Prego/Guigó;1;Normal
47534;2024-09-21T16:40:00;DF;Brasília;Obtido pelo GPS ou informado explicitamente;5.56;41925;Mico/Sagui/Soinho;2;Normal
47506;2024-09-20T07:56:00;MG;Unaí;Obtido pelo GPS ou informado explicitamente;0.0;41897;Macaco/Guariba/Bugio/Prego/Guigó;1;
47505;2024-09-18T07:45:00;MG;Caldas;Obtido pelo GPS ou informado explicitamente;0.0;41896;Mico/Sagui/Soinho;1;
47489;2024-09-20T08:18:50;RO;Porto Velho;Obtido pelo GPS ou informado explicitamente;8.59;41879;Macaco/Guariba/Bugio/Prego/Guigó;5;Normal
47480;2024-09-20T09:09:18;SC;Florianópolis;Obtido pelo GPS ou informado explicitamente;;41870;Mico/Sagui/Soinho;1;
47459;2024-09-19T09:23:00;MG;Ubaí;Obtido pelo GPS ou informado explicitamente;25.1560001373291;41849;Mico/Sagui/Soinho;1;Normal
47452;2024-09-19T07:54:00;MG;São Sebastião do Maranhão;Obtido pelo GPS ou informado explicitamente;49.02099990844727;41842;Mico/Sagui/Soinho;1;
47449;2024-09-18T11:24:00;RO;Porto Velho;Coordenadas obtidas a partir do endereço;;41839;Macaco/Guariba/Bugio/Prego/Guigó;3;Normal
47446;2020-09-26T15:27:49;GO;Goiânia;Obtido pelo GPS ou informado explicitamente;;41836;Macaco/Guariba/Bugio/Prego/Guigó;1;
47446;2020-09-26T15:27:49;GO;Goiânia;Obtido pelo GPS ou informado explicitamente;;41835;Macaco/Guariba/Bugio/Prego/Guigó;1;
47444;2024-09-18T10:52:00;RO;Porto Velho;Obtido pelo GPS ou informado explicitamente;11.5;41833;Macaco/Guariba/Bugio/Prego/Guigó;6;Normal
47442;2024-09-18T11:04:41;MG;Montes Claros;Obtido pelo GPS ou informado explicitamente;2400.0;41831;Mico/Sagui/Soinho;1;
47427;2023-10-15T15:23:00;SC;Campo Alegre;Obtido pelo GPS ou informado explicitamente;0.0;41816;Macaco/Guariba/Bugio/Prego/Guigó;1;Normal
47426;2024-09-17T17:30:00;RN;Parnamirim;Obtido pelo GPS ou informado explicitamente;9.31;41815;Mico/Sagui/Soinho;5;Normal
47420;2024-09-17T14:48:00;MG;Ubaí;Obtido pelo GPS ou informado explicitamente;21.381999969482425;41809;Mico/Sagui/Soinho;1;Normal
47411;2019-10-31T08:50:00;RO;Ji-Paraná;Obtido pelo GPS ou informado explicitamente;0.0;41800;Mico/Sagui/Soinho;1;Doente
47405;2019-12-28T08:50:00;RO;Ji-Paraná;Obtido pelo GPS ou informado explicitamente;0.0;41794;Macaco/Guariba/Bugio/Prego/Guigó;1;
47260;2024-09-10T09:14:00;RO;Machadinho D'Oeste;Coordenadas obtidas a partir do endereço;;41645;Mico/Sagui/Soinho;1;Normal
47223;2024-09-15T08:00:00;PR;Curitiba;Obtido pelo GPS ou informado explicitamente;0.0;41608;Mico/Sagui/Soinho;1;
47222;2024-09-12T13:05:00;RS;Alvorada;Obtido pelo GPS ou informado explicitamente;16.69;41607;Macaco/Guariba/Bugio/Prego/Guigó;1;
47218;2024-09-16T11:11:54;AC;Acrelândia;Obtido pelo GPS ou informado explicitamente;5.0;41603;Macaco/Guariba/Bugio/Prego/Guigó;1;
47213;2024-09-11T11:00:00;RN;Natal;Coordenadas obtidas a partir do endereço;;41598;Mico/Sagui/Soinho;1;
47185;2024-09-15T11:02:00;SP;Campinas;Obtido pelo GPS ou informado explicitamente;27.65699958801269;41570;Mico/Sagui/Soinho;1;Normal
47184;2024-09-15T09:56:00;SC;Seara;Obtido pelo GPS ou informado explicitamente;12.550000190734863;41569;Macaco/Guariba/Bugio/Prego/Guigó;1;
47140;2024-09-14T11:53:08;GO;Goiânia;Obtido pelo GPS ou informado explicitamente;35.0;41525;Mico/Sagui/Soinho;1;Normal
47139;2024-09-14T09:46:00;RJ;Rio de Janeiro;Obtido pelo GPS ou informado explicitamente;1.8799999952316284;41524;Macaco/Guariba/Bugio/Prego/Guigó;2;Normal
47138;2024-09-14T08:58:00;RJ;Rio de Janeiro;Obtido pelo GPS ou informado explicitamente;699.9990234375;41523;Macaco/Guariba/Bugio/Prego/Guigó;5;Normal
47118;2024-09-03T14:10:24;RJ;Rio de Janeiro;Obtido pelo GPS ou informado explicitamente;;41503;Mico/Sagui/Soinho;6;Normal
47096;2024-09-13T10:31:00;DF;Brasília;Obtido pelo GPS ou informado explicitamente;40.0;41481;Mico/Sagui/Soinho;1;
47092;2024-09-13T09:23:00;PR;Curitiba;Obtido pelo GPS ou informado explicitamente;34.99;41470;Mico/Sagui/Soinho;2;Normal
47076;2024-09-12T17:34:58;RJ;Rio de Janeiro;Obtido pelo GPS ou informado explicitamente;;41451;Mico/Sagui/Soinho;5;Normal
47067;2024-09-12T14:33:00;MG;Ubaí;Obtido pelo GPS ou informado explicitamente;7.504000186920166;41442;Macaco/Guariba/Bugio/Prego/Guigó;1;
47043;2024-09-11T18:52:00;MG;Ubaí;Obtido pelo GPS ou informado explicitamente;13.034000396728516;41418;Mico/Sagui/Soinho;1;
47036;2024-09-11T16:25:00;MG;Virgem da Lapa;Obtido pelo GPS ou informado explicitamente;2700.0;41411;Mico/Sagui/Soinho;4;Normal
47032;2024-09-11T14:41:35;MG;Montes Claros;Obtido pelo GPS ou informado explicitamente;16.100000381469727;41407;Mico/Sagui/Soinho;1;
46992;2024-09-10T10:30:00;PR;Cascavel;Obtido pelo GPS ou informado explicitamente;0.0;41367;Mico/Sagui/Soinho;1;
46975;2024-09-09T11:48:00;MA;Riachão;Obtido pelo GPS ou informado explicitamente;5.41;41350;Macaco/Guariba/Bugio/Prego/Guigó;1;Normal
46953;2024-09-06T14:30:00;MG;Varzelândia;Obtido pelo GPS ou informado explicitamente;0.0;41328;Macaco/Guariba/Bugio/Prego/Guigó;1;
46943;2024-09-09T08:28:21;PR;Piraquara;Coordenadas obtidas a partir do endereço;;41318;Macaco/Guariba/Bugio/Prego/Guigó;1;
46928;2024-09-06T17:59:00;SP;Monteiro Lobato;Obtido pelo GPS ou informado explicitamente;0.0;41302;Macaco/Guariba/Bugio/Prego/Guigó;1;Normal
46902;2024-09-06T15:20:00;MG;Unaí;Obtido pelo GPS ou informado explicitamente;0.0;41278;Mico/Sagui/Soinho;1;Doente
46892;2024-09-06T10:00:00;MG;Mário Campos;Coordenadas obtidas a partir do endereço;;41268;Mico/Sagui/Soinho;1;Estranho
46879;2024-09-05T20:35:00;SP;Campinas;Obtido pelo GPS ou informado explicitamente;68.4000015258789;41255;Mico/Sagui/Soinho;1;
46877;2024-09-05T17:04:00;MG;Jaíba;Obtido pelo GPS ou informado explicitamente;16.097000122070312;41253;Mico/Sagui/Soinho;3;Normal
46858;2024-09-04T15:11:00;RN;Natal;Obtido pelo GPS ou informado explicitamente;3.7899999618530273;41234;Mico/Sagui/Soinho;5;Normal
46849;2024-09-04T08:43:00;MG;Chácara;Coordenadas obtidas a partir do endereço;;41224;Mico/Sagui/Soinho;1;
46848;2024-09-04T09:57:00;MG;Ubaí;Obtido pelo GPS ou informado explicitamente;21.59499931335449;41223;Mico/Sagui/Soinho;1;
46833;2024-09-03T11:30:00;RJ;Macaé;Obtido pelo GPS ou informado explicitamente;10.0;41208;Macaco/Guariba/Bugio/Prego/Guigó;1;
46832;2024-09-03T14:23:56;TO;Palmas;Obtido pelo GPS ou informado explicitamente;4.0;41207;Macaco/Guariba/Bugio/Prego/Guigó;1;
46808;2023-03-23T08:15:00;PA;Salvaterra;Coordenadas obtidas a partir do endereço;;41183;Macaco/Guariba/Bugio/Prego/Guigó;1;
46630;2024-09-03T09:16:29;MG;Nova Lima;Obtido pelo GPS ou informado explicitamente;67.03700256347656;40988;Mico/Sagui/Soinho;2;
46615;2024-09-01T12:09:00;RS;Santo Antônio da Patrulha;Obtido pelo GPS ou informado explicitamente;0.0;40973;Macaco/Guariba/Bugio/Prego/Guigó;1;
46562;2024-09-02T11:14:00;GO;Anápolis;Obtido pelo GPS ou informado explicitamente;3.54;40912;Macaco/Guariba/Bugio/Prego/Guigó;2;Normal
46541;2024-08-31T11:01:00;SC;Joinville;Obtido pelo GPS ou informado explicitamente;0.0;40891;Mico/Sagui/Soinho;1;
46512;2024-08-30T13:00:00;MG;Perdões;Obtido pelo GPS ou informado explicitamente;0.0;40861;Mico/Sagui/Soinho;1;
46480;2024-08-27T10:16:00;RS;Cacequi;Obtido pelo GPS ou informado explicitamente;0.0;40829;Macaco/Guariba/Bugio/Prego/Guigó;1;
46471;2024-08-28T14:52:39;PR;Missal;Obtido pelo GPS ou informado explicitamente;;40820;Macaco/Guariba/Bugio/Prego/Guigó;1;
46453;2024-08-28T11:13:08;MG;Coronel Fabriciano;Obtido pelo GPS ou informado explicitamente;27.2189998626709;40800;Mico/Sagui/Soinho;1;
46436;2024-08-11T11:00:00;PE;Floresta;Coordenadas obtidas a partir do endereço;;40783;Mico/Sagui/Soinho;2;Normal
46402;2024-08-16T14:30:00;RR;Alto Alegre;Coordenadas obtidas a partir do endereço;;40749;Macaco/Guariba/Bugio/Prego/Guigó;5;
46393;2024-08-26T09:46:46;MG;Unaí;Obtido pelo GPS ou informado explicitamente;2.400000095367432;40740;Macaco/Guariba/Bugio/Prego/Guigó;1;
46368;2024-08-23T21:45:00;RJ;Rio de Janeiro;Obtido pelo GPS ou informado explicitamente;0.0;40705;Mico/Sagui/Soinho;1;
46356;2024-08-22T14:15:00;PE;Tabira;Obtido pelo GPS ou informado explicitamente;20.0;40671;Mico/Sagui/Soinho;1;
46354;2024-08-23T16:06:00;GO;Goiânia;Obtido pelo GPS ou informado explicitamente;0.0;40669;Macaco/Guariba/Bugio/Prego/Guigó;1;
46350;2024-08-22T17:25:00;RS;Viamão;Coordenadas obtidas a partir do endereço;;40666;Macaco/Guariba/Bugio/Prego/Guigó;1;
46262;2024-08-20T10:00:00;GO;Jataí;Coordenadas obtidas a partir do endereço;;40568;Macaco/Guariba/Bugio/Prego/Guigó;1;
46232;2024-08-18T11:21:00;MG;Planura;Obtido pelo GPS ou informado explicitamente;11.699999809265137;40538;Macaco/Guariba/Bugio/Prego/Guigó;1;
46159;2024-08-13T14:30:00;RS;Santa Maria;Obtido pelo GPS ou informado explicitamente;0.0;40465;Macaco/Guariba/Bugio/Prego/Guigó;1;
46116;2024-08-12T16:07:19;PR;Assis Chateaubriand;Obtido pelo GPS ou informado explicitamente;156.89999389648438;40422;Macaco/Guariba/Bugio/Prego/Guigó;1;
46112;2024-08-12T14:40:29;RN;Natal;Obtido pelo GPS ou informado explicitamente;;40418;Mico/Sagui/Soinho;1;
46109;2024-08-12T12:58:00;SP;Serra Negra;Obtido pelo GPS ou informado explicitamente;10.5;40415;Macaco/Guariba/Bugio/Prego/Guigó;1;
46108;2024-08-12T12:58:00;SP;Serra Negra;Obtido pelo GPS ou informado explicitamente;10.5;40414;Macaco/Guariba/Bugio/Prego/Guigó;1;
46106;2024-08-01T11:12:00;MG;Pirajuba;Obtido pelo GPS ou informado explicitamente;11.5;40412;Macaco/Guariba/Bugio/Prego/Guigó;1;
46046;2024-08-09T09:50:00;MG;Varginha;Coordenadas obtidas a partir do endereço;;40352;Mico/Sagui/Soinho;1;
46044;2024-08-07T18:30:00;MG;Pedras de Maria da Cruz;Coordenadas obtidas a partir do endereço;;40350;Macaco/Guariba/Bugio/Prego/Guigó;1;
45999;2024-08-07T14:19:00;MG;Pouso Alegre;Obtido pelo GPS ou informado explicitamente;110.0;40305;Macaco/Guariba/Bugio/Prego/Guigó;1;
45963;2024-08-05T15:19:00;RN;Parnamirim;Obtido pelo GPS ou informado explicitamente;3.7899999618530273;40267;Mico/Sagui/Soinho;1;
45940;2023-10-13T11:19:00;RJ;Niterói;Obtido pelo GPS ou informado explicitamente;0.0;40229;Macaco/Guariba/Bugio/Prego/Guigó;1;Normal
45939;2023-10-13T11:19:00;RJ;Niterói;Obtido pelo GPS ou informado explicitamente;0.0;40228;Macaco/Guariba/Bugio/Prego/Guigó;1;Normal
45899;2024-08-02T07:12:00;RJ;Rio de Janeiro;Obtido pelo GPS ou informado explicitamente;35.0;40188;Mico/Sagui/Soinho;3;Normal
45849;2024-07-31T12:26:00;BA;Água Fria;Coordenadas obtidas a partir do endereço;;40137;Mico/Sagui/Soinho;1;
45820;2024-07-30T11:58:21;BA;Ilhéus;Obtido pelo GPS ou informado explicitamente;500.0;40108;Mico/Sagui/Soinho;1;
45807;2024-07-26T09:37:40;RS;São Pedro do Sul;Obtido pelo GPS ou informado explicitamente;;40095;Macaco/Guariba/Bugio/Prego/Guigó;1;
45794;2024-07-30T08:07:00;MG;Ubaí;Obtido pelo GPS ou informado explicitamente;3.930000066757202;40080;Macaco/Guariba/Bugio/Prego/Guigó;1;
45770;2024-07-26T11:15:00;RN;Natal;Obtido pelo GPS ou informado explicitamente;;40056;Mico/Sagui/Soinho;1;Estranho
45768;2024-07-25T10:10:00;RN;Natal;Obtido pelo GPS ou informado explicitamente;;40054;Mico/Sagui/Soinho;1;Estranho
45735;2024-07-26T11:21:50;MG;Santa Rita de Caldas;Obtido pelo GPS ou informado explicitamente;2599.9990234375;40019;Macaco/Guariba/Bugio/Prego/Guigó;1;
45696;2024-07-24T14:06:09;RJ;Quissamã;Obtido pelo GPS ou informado explicitamente;;39978;Macaco/Guariba/Bugio/Prego/Guigó;5;Normal
45691;2024-06-18T14:56:00;RN;Parnamirim;Coordenadas obtidas a partir do endereço;;39973;Mico/Sagui/Soinho;1;
45641;2024-07-23T12:50:49;SC;Mafra;Obtido pelo GPS ou informado explicitamente;8.576000213623047;39918;Macaco/Guariba/Bugio/Prego/Guigó;1;
45634;2024-07-23T12:20:22;RN;Natal;Coordenadas obtidas a partir do endereço;;39911;Mico/Sagui/Soinho;1;Estranho
42643;2024-03-25T18:56:59;RN;Natal;Coordenadas obtidas a partir do endereço;;39902;Mico/Sagui/Soinho;1;
45615;2024-07-22T14:13:04;RJ;Quissamã;Obtido pelo GPS ou informado explicitamente;;39892;Macaco/Guariba/Bugio/Prego/Guigó;6;Normal
45601;2024-07-22T08:34:45;RJ;Quissamã;Obtido pelo GPS ou informado explicitamente;;39879;Macaco/Guariba/Bugio/Prego/Guigó;1;
45560;2024-07-19T15:48:00;CE;Crato;Coordenadas obtidas a partir do endereço;;39838;Mico/Sagui/Soinho;3;Normal
45557;2024-07-19T15:28:00;SP;Campinas;Obtido pelo GPS ou informado explicitamente;13.5;39835;Macaco/Guariba/Bugio/Prego/Guigó;1;
45537;2024-07-18T11:45:00;BA;Feira de Santana;Obtido pelo GPS ou informado explicitamente;0.0;39815;Mico/Sagui/Soinho;1;
45533;2024-07-18T10:47:00;MG;Ilicínea;Obtido pelo GPS ou informado explicitamente;81.21299743652344;39811;Mico/Sagui/Soinho;1;
45532;2024-07-18T10:08:00;GO;Bela Vista de Goiás;Obtido pelo GPS ou informado explicitamente;0.0;39810;Macaco/Guariba/Bugio/Prego/Guigó;1;
45525;2024-07-01T13:30:00;RJ;Campos dos Goytacazes;Obtido pelo GPS ou informado explicitamente;0.0;39803;Macaco/Guariba/Bugio/Prego/Guigó;1;
45454;2024-07-17T16:30:55;MG;Presidente Olegário;Obtido pelo GPS ou informado explicitamente;;39788;Macaco/Guariba/Bugio/Prego/Guigó;1;
45426;2024-07-16T17:51:29;RJ;Rio de Janeiro;Obtido pelo GPS ou informado explicitamente;12.769000053405762;39763;Mico/Sagui/Soinho;1;
45420;2024-07-15T04:43:00;MG;Andradas;Obtido pelo GPS ou informado explicitamente;1.5;39756;Macaco/Guariba/Bugio/Prego/Guigó;1;
45330;2024-07-11T12:28:49;SP;Campinas;Obtido pelo GPS ou informado explicitamente;10.199999809265137;39663;Macaco/Guariba/Bugio/Prego/Guigó;1;
45321;2024-06-18T00:00:00;RN;Parnamirim;Obtido pelo GPS ou informado explicitamente;;39654;Mico/Sagui/Soinho;1;
45307;2024-07-09T09:46:10;RN;Natal;Coordenadas obtidas a partir do endereço;;39640;Mico/Sagui/Soinho;1;
45304;2024-07-05T17:00:00;MG;Patos de Minas;Obtido pelo GPS ou informado explicitamente;0.0;39637;Macaco/Guariba/Bugio/Prego/Guigó;5;Normal
45287;2024-07-05T10:15:00;RJ;Magé;Obtido pelo GPS ou informado explicitamente;13.984999656677246;39620;Macaco/Guariba/Bugio/Prego/Guigó;12;Normal
45285;2024-07-08T11:07:00;RJ;Quissamã;Obtido pelo GPS ou informado explicitamente;0.0;39618;Macaco/Guariba/Bugio/Prego/Guigó;5;Normal
45284;2024-07-08T02:15:00;RS;Viamão;Coordenadas obtidas a partir do endereço;;39617;Macaco/Guariba/Bugio/Prego/Guigó;1;
45282;2024-07-05T13:40:00;PR;Assis Chateaubriand;Obtido pelo GPS ou informado explicitamente;25.65399932861328;39615;Macaco/Guariba/Bugio/Prego/Guigó;1;
45278;2024-07-05T10:33:00;RJ;Magé;Obtido pelo GPS ou informado explicitamente;14.531000137329102;39611;Macaco/Guariba/Bugio/Prego/Guigó;12;Normal
45232;2023-12-20T11:11:00;RS;Rolante;Obtido pelo GPS ou informado explicitamente;3.54;39564;Macaco/Guariba/Bugio/Prego/Guigó;1;
45210;2024-07-03T11:25:00;RJ;Quissamã;Obtido pelo GPS ou informado explicitamente;0.0;39542;Macaco/Guariba/Bugio/Prego/Guigó;5;Normal
45195;2024-07-03T14:30:00;PR;Curitiba;Obtido pelo GPS ou informado explicitamente;0.0;39527;Macaco/Guariba/Bugio/Prego/Guigó;1;
45177;2024-07-02T13:38:54;RN;Natal;Coordenadas obtidas a partir do endereço;;39509;Mico/Sagui/Soinho;1;
45171;2024-07-02T11:55:21;MG;Nova Lima;Obtido pelo GPS ou informado explicitamente;50.55699920654297;39503;Macaco/Guariba/Bugio/Prego/Guigó;1;Estranho
45166;2024-07-01T09:00:00;RJ;Campos dos Goytacazes;Obtido pelo GPS ou informado explicitamente;1.0;39498;Macaco/Guariba/Bugio/Prego/Guigó;1;
45140;2024-06-29T08:52:00;RJ;Rio de Janeiro;Obtido pelo GPS ou informado explicitamente;0.0;39472;Mico/Sagui/Soinho;1;Normal
45140;2024-06-29T08:52:00;RJ;Rio de Janeiro;Obtido pelo GPS ou informado explicitamente;0.0;39471;Mico/Sagui/Soinho;5;Normal
45071;2024-06-28T15:56:56;MG;Januária;Obtido pelo GPS ou informado explicitamente;0.0;39402;Macaco/Guariba/Bugio/Prego/Guigó;1;
45069;2024-06-28T09:36:00;RJ;Maricá;Coordenadas obtidas a partir do endereço;;39400;Mico/Sagui/Soinho;1;
45068;2024-06-28T09:36:00;RJ;Maricá;Coordenadas obtidas a partir do endereço;;39399;Mico/Sagui/Soinho;1;
45067;2024-06-28T14:55:00;TO;Palmas;Obtido pelo GPS ou informado explicitamente;47.08200073242188;39398;Mico/Sagui/Soinho;3;
45066;2024-06-27T13:35:00;MG;Varginha;Obtido pelo GPS ou informado explicitamente;12.918999671936035;39397;Mico/Sagui/Soinho;1;
45050;2024-06-27T16:00:00;RS;Riozinho;Obtido pelo GPS ou informado explicitamente;1.0;39381;Macaco/Guariba/Bugio/Prego/Guigó;1;
45039;2022-11-04T00:00:00;RN;Natal;Obtido pelo GPS ou informado explicitamente;;39370;Mico/Sagui/Soinho;1;Doente
44960;2024-06-24T14:23:00;RS;São Pedro do Sul;Obtido pelo GPS ou informado explicitamente;0.0;39291;Macaco/Guariba/Bugio/Prego/Guigó;1;
44956;2024-06-25T12:16:12;RJ;Niterói;Obtido pelo GPS ou informado explicitamente;7.099999904632568;39287;Mico/Sagui/Soinho;3;Normal
44954;2024-06-25T09:46:00;RJ;Niterói;Obtido pelo GPS ou informado explicitamente;4.288000106811523;39285;Mico/Sagui/Soinho;8;Normal
44952;2024-06-25T08:52:37;RN;Parnamirim;Obtido pelo GPS ou informado explicitamente;98.4000015258789;39283;Mico/Sagui/Soinho;1;
44927;2024-06-21T12:10:02;MG;Vazante;Coordenadas obtidas a partir do endereço;;39258;Macaco/Guariba/Bugio/Prego/Guigó;1;
44924;2024-06-15T15:49:00;MG;Extrema;Obtido pelo GPS ou informado explicitamente;1.965999960899353;39255;Macaco/Guariba/Bugio/Prego/Guigó;1;
44922;2024-06-24T14:53:00;MG;Extrema;Obtido pelo GPS ou informado explicitamente;1.0;39253;Macaco/Guariba/Bugio/Prego/Guigó;1;
44915;2024-06-24T10:55:23;TO;Palmas;Obtido pelo GPS ou informado explicitamente;35.0;39246;Mico/Sagui/Soinho;4;
44911;2024-06-23T14:00:00;AM;Presidente Figueiredo;Obtido pelo GPS ou informado explicitamente;0.0;39242;Macaco/Guariba/Bugio/Prego/Guigó;6;Normal
44898;2024-06-23T14:41:00;RJ;Quissamã;Obtido pelo GPS ou informado explicitamente;0.0;39228;Macaco/Guariba/Bugio/Prego/Guigó;4;Normal
44886;2024-06-23T09:38:00;GO;Goiânia;Obtido pelo GPS ou informado explicitamente;0.0;39216;Macaco/Guariba/Bugio/Prego/Guigó;1;
44854;2024-06-21T10:27:10;RR;Rorainópolis;Obtido pelo GPS ou informado explicitamente;159.60000610351562;39184;Macaco/Guariba/Bugio/Prego/Guigó;1;
44769;2023-02-06T00:00:00;RN;Natal;Obtido pelo GPS ou informado explicitamente;;39099;Mico/Sagui/Soinho;1;Doente
44756;2023-03-07T00:00:00;RN;Parnamirim;Coordenadas obtidas a partir do endereço;;39088;Mico/Sagui/Soinho;1;
44754;2023-05-11T00:00:00;RN;Espírito Santo;Coordenadas obtidas a partir do endereço;;39086;Mico/Sagui/Soinho;1;
44651;2024-06-14T15:30:00;RJ;Rio de Janeiro;Obtido pelo GPS ou informado explicitamente;0.0;38981;Mico/Sagui/Soinho;5;Normal
44505;2024-06-12T10:39:00;BA;Feira de Santana;Obtido pelo GPS ou informado explicitamente;6.002999782562256;38845;Mico/Sagui/Soinho;1;
44499;2024-06-12T08:00:00;RN;Natal;Obtido pelo GPS ou informado explicitamente;3.900000095367432;38839;Mico/Sagui/Soinho;1;
44470;2024-04-30T09:01:00;RJ;Rio de Janeiro;Obtido pelo GPS ou informado explicitamente;35.0;38809;Mico/Sagui/Soinho;6;Normal
44465;2024-06-10T12:51:00;MG;Toledo;Obtido pelo GPS ou informado explicitamente;3.900000095367432;38804;Macaco/Guariba/Bugio/Prego/Guigó;1;
44447;2024-05-13T13:37:00;MG;Santa Rita de Caldas;Obtido pelo GPS ou informado explicitamente;110.0;38788;Macaco/Guariba/Bugio/Prego/Guigó;1;
44441;2023-08-11T16:54:00;MG;Santa Rosa da Serra;Obtido pelo GPS ou informado explicitamente;32.0989990234375;38782;Mico/Sagui/Soinho;1;Normal
44415;2024-06-07T10:13:00;RJ;Quissamã;Obtido pelo GPS ou informado explicitamente;0.0;38756;Macaco/Guariba/Bugio/Prego/Guigó;4;Normal
44410;2024-06-07T15:13:00;MG;Ibitiúra de Minas;Obtido pelo GPS ou informado explicitamente;3.900000095367432;38751;Macaco/Guariba/Bugio/Prego/Guigó;1;
44397;2023-03-26T00:00:00;RN;Natal;Obtido pelo GPS ou informado explicitamente;;38738;Mico/Sagui/Soinho;3;Doente
44252;2024-06-03T16:40:00;RJ;Quissamã;Obtido pelo GPS ou informado explicitamente;0.0;38591;Macaco/Guariba/Bugio/Prego/Guigó;6;Normal
44251;2024-04-03T11:46:00;MG;Bueno Brandão;Obtido pelo GPS ou informado explicitamente;14.869999885559082;38590;Macaco/Guariba/Bugio/Prego/Guigó;3;
44055;2024-05-31T15:19:00;RN;Santana do Matos;Obtido pelo GPS ou informado explicitamente;0.0;38392;Macaco/Guariba/Bugio/Prego/Guigó;50;Normal
44024;2024-05-28T10:48:00;PI;Coronel José Dias;Obtido pelo GPS ou informado explicitamente;4.76;38361;Macaco/Guariba/Bugio/Prego/Guigó;1;
44023;2024-05-28T10:48:00;PI;Coronel José Dias;Obtido pelo GPS ou informado explicitamente;4.76;38360;Macaco/Guariba/Bugio/Prego/Guigó;1;
43940;2023-12-15T00:00:00;RN;Passa e Fica;Coordenadas obtidas a partir do endereço;;38276;Mico/Sagui/Soinho;1;
43937;2024-05-22T10:10:00;RJ;Quissamã;Obtido pelo GPS ou informado explicitamente;0.0;38273;Macaco/Guariba/Bugio/Prego/Guigó;6;Normal
43881;2024-05-24T07:35:00;MG;Varginha;Coordenadas obtidas a partir do endereço;;38217;Mico/Sagui/Soinho;1;
43857;2024-05-22T11:00:00;RJ;Quissamã;Obtido pelo GPS ou informado explicitamente;0.0;38193;Macaco/Guariba/Bugio/Prego/Guigó;1;Normal
43814;2024-05-19T18:00:45;RJ;Quissamã;Obtido pelo GPS ou informado explicitamente;0.0;38150;Macaco/Guariba/Bugio/Prego/Guigó;4;Normal
43797;2024-05-18T13:34:10;BA;Camaçari;Obtido pelo GPS ou informado explicitamente;4.099999904632568;38133;Mico/Sagui/Soinho;7;Normal
43792;2024-05-17T12:12:42;CE;Madalena;Obtido pelo GPS ou informado explicitamente;98.4000015258789;38128;Mico/Sagui/Soinho;1;Normal
43678;2024-05-12T17:34:09;BA;Feira de Santana;Obtido pelo GPS ou informado explicitamente;19.64299964904785;38014;Mico/Sagui/Soinho;1;
43672;2024-05-11T06:32:00;RJ;Cordeiro;Obtido pelo GPS ou informado explicitamente;0.0;38008;Mico/Sagui/Soinho;1;Normal
43671;2024-05-11T16:10:00;RJ;Cordeiro;Obtido pelo GPS ou informado explicitamente;0.0;38007;Mico/Sagui/Soinho;1;Normal
43624;2024-05-06T15:12:17;RN;Santo Antônio;Obtido pelo GPS ou informado explicitamente;92.9000015258789;37960;Mico/Sagui/Soinho;3;Normal
43584;2024-05-02T08:30:00;BA;Feira de Santana;Obtido pelo GPS ou informado explicitamente;0.0;37920;Mico/Sagui/Soinho;1;
43578;2024-04-27T11:37:39;SP;São Paulo;Coordenadas obtidas a partir do endereço;;37914;Macaco/Guariba/Bugio/Prego/Guigó;1;Normal
43507;2024-04-27T16:45:00;PE;Recife;Obtido pelo GPS ou informado explicitamente;3.900000095367432;37830;Macaco/Guariba/Bugio/Prego/Guigó;20;Normal
43497;2024-04-23T10:30:00;RJ;Quissamã;Obtido pelo GPS ou informado explicitamente;0.0;37820;Macaco/Guariba/Bugio/Prego/Guigó;5;Normal
43478;2024-04-26T16:40:00;RJ;Rio de Janeiro;Obtido pelo GPS ou informado explicitamente;12.590999603271484;37801;Mico/Sagui/Soinho;1;Normal
43448;2021-07-13T13:58:00;AM;Santa Isabel do Rio Negro;Coordenadas obtidas a partir do endereço;;37769;Macaco/Guariba/Bugio/Prego/Guigó;1;Normal
43357;2024-04-25T11:09:00;RR;Boa Vista;Obtido pelo GPS ou informado explicitamente;31.867000579833984;37672;Macaco/Guariba/Bugio/Prego/Guigó;1;Normal
43324;2022-08-12T17:00:00;CE;Aracati;Obtido pelo GPS ou informado explicitamente;0.0;37638;Mico/Sagui/Soinho;3;Normal
43288;2024-04-23T18:48:33;RJ;Rio de Janeiro;Obtido pelo GPS ou informado explicitamente;;37602;Macaco/Guariba/Bugio/Prego/Guigó;1;Normal
43216;2024-04-22T11:36:00;TO;Wanderlândia;Obtido pelo GPS ou informado explicitamente;3.9159998893737793;37530;Macaco/Guariba/Bugio/Prego/Guigó;1;
43202;2022-02-20T12:52:00;RJ;Quissamã;Obtido pelo GPS ou informado explicitamente;0.0;37516;Macaco/Guariba/Bugio/Prego/Guigó;1;Normal
43191;2024-04-19T16:25:00;RJ;Rio de Janeiro;Obtido pelo GPS ou informado explicitamente;42.5;37505;Macaco/Guariba/Bugio/Prego/Guigó;7;Normal
43167;2024-04-17T08:20:00;BA;Feira de Santana;Obtido pelo GPS ou informado explicitamente;0.0;37481;Mico/Sagui/Soinho;1;
43126;2024-04-15T14:14:00;RJ;Bom Jardim;Obtido pelo GPS ou informado explicitamente;0.0;37440;Mico/Sagui/Soinho;7;Normal
43091;2024-04-14T12:23:00;RJ;Rio de Janeiro;Obtido pelo GPS ou informado explicitamente;5.620999813079834;37405;Mico/Sagui/Soinho;1;Doente
42939;2023-06-25T11:08:00;RS;Vera Cruz;Obtido pelo GPS ou informado explicitamente;0.0;37252;Macaco/Guariba/Bugio/Prego/Guigó;5;
42877;2024-04-01T12:30:00;BA;Feira de Santana;Obtido pelo GPS ou informado explicitamente;0.0;37189;Mico/Sagui/Soinho;1;
42783;2023-11-08T16:23:00;PB;João Pessoa;Obtido pelo GPS ou informado explicitamente;0.0;37082;Mico/Sagui/Soinho;1;Normal
42774;2024-03-26T17:10:00;SP;São Paulo;Obtido pelo GPS ou informado explicitamente;0.0;37073;Mico/Sagui/Soinho;5;Normal
45456;2024-07-17T16:53:00;RN;Parnamirim;Obtido pelo GPS ou informado explicitamente;14.821999549865724;36919;Mico/Sagui/Soinho;1;
42626;2024-03-18T13:53:54;RN;Natal;Coordenadas obtidas a partir do endereço;;36902;Mico/Sagui/Soinho;1;
42599;2024-03-24T13:10:00;RO;Itapuã do Oeste;Obtido pelo GPS ou informado explicitamente;0.0;36875;Macaco/Guariba/Bugio/Prego/Guigó;1;Normal
42592;2024-03-23T09:40:00;RO;Itapuã do Oeste;Obtido pelo GPS ou informado explicitamente;0.0;36868;Macaco/Guariba/Bugio/Prego/Guigó;1;Normal
42575;2024-03-11T11:07:00;RJ;Cantagalo;Obtido pelo GPS ou informado explicitamente;0.0;36849;Mico/Sagui/Soinho;7;Normal
42532;2023-06-02T11:00:00;MG;Taparuba;Obtido pelo GPS ou informado explicitamente;0.0;36806;Macaco/Guariba/Bugio/Prego/Guigó;10;Normal
42515;2024-03-18T09:27:00;AC;Rio Branco;Obtido pelo GPS ou informado explicitamente;0.0;36789;Mico/Sagui/Soinho;1;
42373;2024-03-13T13:45:52;RN;Natal;Coordenadas obtidas a partir do endereço;;36640;Mico/Sagui/Soinho;1;
42372;2024-03-13T14:10:00;PI;Altos;Obtido pelo GPS ou informado explicitamente;5.635000228881836;36639;Macaco/Guariba/Bugio/Prego/Guigó;2;Normal
42255;2023-03-12T09:49:00;AM;Presidente Figueiredo;Coordenadas obtidas a partir do endereço;0.0;36519;Macaco/Guariba/Bugio/Prego/Guigó;1;Doente
42254;2023-03-12T09:49:00;AM;Presidente Figueiredo;Coordenadas obtidas a partir do endereço;0.0;36518;Macaco/Guariba/Bugio/Prego/Guigó;1;Doente
42147;2024-02-06T07:51:00;CE;Maranguape;Obtido pelo GPS ou informado explicitamente;1297.60302734375;36406;Macaco/Guariba/Bugio/Prego/Guigó;1;Doente
42102;2024-02-05T00:00:00;RN;Arês;Coordenadas obtidas a partir do endereço;;36360;Mico/Sagui/Soinho;1;
42078;2023-09-17T08:20:00;RJ;Cantagalo;Obtido pelo GPS ou informado explicitamente;0.0;36336;Macaco/Guariba/Bugio/Prego/Guigó;3;Normal
42070;2024-03-01T09:35:00;RJ;Cantagalo;Obtido pelo GPS ou informado explicitamente;0.0;36328;Mico/Sagui/Soinho;9;Normal
42049;2024-02-23T18:40:00;RN;Parnamirim;Obtido pelo GPS ou informado explicitamente;0.0;36307;Mico/Sagui/Soinho;1;Doente
42046;2024-02-24T11:39:00;RJ;Rio de Janeiro;Obtido pelo GPS ou informado explicitamente;0.0;36300;Macaco/Guariba/Bugio/Prego/Guigó;5;Normal
42026;2024-02-23T18:00:00;RN;Parnamirim;Coordenadas obtidas a partir do endereço;;36270;Mico/Sagui/Soinho;1;
41983;2024-02-26T15:45:00;RS;Camaquã;Obtido pelo GPS ou informado explicitamente;20.0;36223;Macaco/Guariba/Bugio/Prego/Guigó;1;
41953;2024-02-23T14:17:00;RS;Chuvisca;Obtido pelo GPS ou informado explicitamente;41.39899826049805;36192;Macaco/Guariba/Bugio/Prego/Guigó;1;
41947;2024-02-11T15:00:00;RJ;Cachoeiras de Macacu;Coordenadas obtidas a partir do endereço;;36186;Mico/Sagui/Soinho;1;
41929;2024-02-22T10:50:00;RN;Natal;Obtido pelo GPS ou informado explicitamente;8.0;36164;Mico/Sagui/Soinho;1;
41912;2024-02-20T08:50:00;RJ;Cordeiro;Obtido pelo GPS ou informado explicitamente;0.0;36143;Mico/Sagui/Soinho;2;Normal
41895;2024-02-04T07:44:00;RJ;Cordeiro;Obtido pelo GPS ou informado explicitamente;0.0;36126;Mico/Sagui/Soinho;6;Normal
41894;2024-02-19T13:30:00;RJ;Bom Jardim;Obtido pelo GPS ou informado explicitamente;0.0;36125;Mico/Sagui/Soinho;7;Normal
41891;2024-02-19T16:32:00;GO;Goiânia;Obtido pelo GPS ou informado explicitamente;0.0;36122;Mico/Sagui/Soinho;1;
41827;2024-02-07T13:58:00;TO;Palmas;Obtido pelo GPS ou informado explicitamente;1930.1700439453125;36058;Mico/Sagui/Soinho;2;Normal
41822;2024-02-09T12:34:00;PI;Milton Brandão;Obtido pelo GPS ou informado explicitamente;20.61199951171875;36053;Macaco/Guariba/Bugio/Prego/Guigó;1;Normal
41819;2024-02-08T16:58:41;SP;Itaoca;Obtido pelo GPS ou informado explicitamente;4.7210001945495605;36050;Macaco/Guariba/Bugio/Prego/Guigó;1;
41811;2024-01-29T13:50:00;RS;São Borja;Obtido pelo GPS ou informado explicitamente;45.75;36042;Macaco/Guariba/Bugio/Prego/Guigó;1;
41803;2024-01-19T11:20:00;PR;Mandaguaçu;Obtido pelo GPS ou informado explicitamente;3.54;36034;Mico/Sagui/Soinho;1;
41792;2024-02-05T15:59:16;PI;Cocal dos Alves;Obtido pelo GPS ou informado explicitamente;3.8948802947998047;36023;Mico/Sagui/Soinho;8;Normal
41791;2024-02-05T15:52:12;PI;Cocal dos Alves;Obtido pelo GPS ou informado explicitamente;3.790092468261719;36022;Macaco/Guariba/Bugio/Prego/Guigó;1;Normal
41782;2024-01-29T08:22:00;MT;Gaúcha do Norte;Obtido pelo GPS ou informado explicitamente;5.49;36013;Macaco/Guariba/Bugio/Prego/Guigó;1;Estranho
41762;2024-01-30T11:19:00;MG;Pirapora;Coordenadas obtidas a partir do endereço;-1.0;35992;Macaco/Guariba/Bugio/Prego/Guigó;1;Normal
41748;2024-01-31T11:30:00;PR;Toledo;Obtido pelo GPS ou informado explicitamente;3.9070000648498535;35978;Macaco/Guariba/Bugio/Prego/Guigó;1;
41746;2024-02-02T09:30:00;RN;São José de Mipibu;Coordenadas obtidas a partir do endereço;;35976;Mico/Sagui/Soinho;1;Doente
41676;2024-01-20T13:00:00;RJ;Guapimirim;Obtido pelo GPS ou informado explicitamente;0.0;35897;Macaco/Guariba/Bugio/Prego/Guigó;1;Normal
41673;2024-01-23T17:00:20;PE;Olinda;Obtido pelo GPS ou informado explicitamente;13.92;35894;Mico/Sagui/Soinho;5;Normal
41668;2024-01-25T10:13:03;CE;Maranguape;Obtido pelo GPS ou informado explicitamente;3899.111083984375;35889;Macaco/Guariba/Bugio/Prego/Guigó;1;
41667;2024-01-25T08:08:49;CE;Maranguape;Obtido pelo GPS ou informado explicitamente;3299.9990234375;35888;Macaco/Guariba/Bugio/Prego/Guigó;1;
41662;2024-01-23T12:00:31;CE;Maranguape;Obtido pelo GPS ou informado explicitamente;5.900000095367432;35883;Macaco/Guariba/Bugio/Prego/Guigó;1;
41656;2024-01-24T11:46:57;CE;Maranguape;Obtido pelo GPS ou informado explicitamente;1966.8819580078125;35877;Macaco/Guariba/Bugio/Prego/Guigó;1;
41628;2024-01-29T11:19:19;TO;Caseara;Obtido pelo GPS ou informado explicitamente;3.878000020980835;35849;Macaco/Guariba/Bugio/Prego/Guigó;1;
41598;2024-01-24T10:00:00;GO;Goiânia;Obtido pelo GPS ou informado explicitamente;0.0;35819;Macaco/Guariba/Bugio/Prego/Guigó;1;
41596;2023-10-03T10:57:05;MG;Uberaba;Obtido pelo GPS ou informado explicitamente;54.0099983215332;35817;Mico/Sagui/Soinho;1;
41595;2024-01-25T13:15:00;MG;Uberaba;Obtido pelo GPS ou informado explicitamente;45.24100112915039;35816;Mico/Sagui/Soinho;1;
41587;2024-01-24T15:00:00;MG;Itapagipe;Coordenadas obtidas a partir do endereço;;35808;Mico/Sagui/Soinho;1;
41577;2024-01-23T18:24:00;RS;Feliz;Obtido pelo GPS ou informado explicitamente;64.0999984741211;35798;Macaco/Guariba/Bugio/Prego/Guigó;1;
41576;2024-01-23T14:59:00;MG;Montes Claros;Obtido pelo GPS ou informado explicitamente;0.0;35797;Mico/Sagui/Soinho;1;
41572;2024-01-23T08:44:00;MG;Montes Claros;Obtido pelo GPS ou informado explicitamente;3.900000095367432;35793;Mico/Sagui/Soinho;1;
41568;2024-01-23T10:50:46;MG;Montes Claros;Obtido pelo GPS ou informado explicitamente;3.5;35789;Mico/Sagui/Soinho;1;
41557;2024-01-22T16:30:22;MG;Montes Claros;Obtido pelo GPS ou informado explicitamente;125.0999984741211;35778;Mico/Sagui/Soinho;1;
41551;2024-01-22T14:19:00;GO;Goiânia;Obtido pelo GPS ou informado explicitamente;0.0;35772;Macaco/Guariba/Bugio/Prego/Guigó;1;
41544;2024-01-19T11:08:00;MG;São João do Pacuí;Obtido pelo GPS ou informado explicitamente;3.7899999618530273;35765;Mico/Sagui/Soinho;1;
41535;2024-01-19T16:03:59;RS;Taquara;Obtido pelo GPS ou informado explicitamente;3.87;35756;Macaco/Guariba/Bugio/Prego/Guigó;1;
41524;2024-01-19T09:58:42;MG;Urucuia;Obtido pelo GPS ou informado explicitamente;22.5;35745;Mico/Sagui/Soinho;1;
41522;2024-01-18T16:56:00;MG;Recreio;Obtido pelo GPS ou informado explicitamente;4.386000156402588;35743;Mico/Sagui/Soinho;1;Normal
41520;2024-01-17T16:30:00;MG;Urucuia;Obtido pelo GPS ou informado explicitamente;19.097;35741;Mico/Sagui/Soinho;1;
41511;2024-01-15T11:24:55;RN;Natal;Coordenadas obtidas a partir do endereço;;35732;Mico/Sagui/Soinho;1;
41498;2024-01-12T08:26:00;RJ;Rio de Janeiro;Obtido pelo GPS ou informado explicitamente;16.0;35719;Mico/Sagui/Soinho;7;Normal
41490;2024-01-12T09:00:00;RS;São Sepé;Obtido pelo GPS ou informado explicitamente;3.0;35711;Macaco/Guariba/Bugio/Prego/Guigó;1;
41489;2024-01-15T16:07:00;GO;Goiânia;Obtido pelo GPS ou informado explicitamente;0.0;35710;Macaco/Guariba/Bugio/Prego/Guigó;1;
41486;2024-01-14T10:32:00;SP;Mairiporã;Obtido pelo GPS ou informado explicitamente;0.0;35707;Mico/Sagui/Soinho;1;
41483;2024-01-09T12:10:00;SC;São Bento do Sul;Obtido pelo GPS ou informado explicitamente;3.0;35704;Macaco/Guariba/Bugio/Prego/Guigó;1;Doente
41482;2024-01-15T15:57:00;MG;Monte Santo de Minas;Coordenadas obtidas a partir do endereço;;35703;Mico/Sagui/Soinho;1;
41480;2024-01-12T12:40:00;MG;Ubaí;Obtido pelo GPS ou informado explicitamente;7.504000186920166;35701;Mico/Sagui/Soinho;1;
41474;2024-01-14T08:04:00;SP;Campinas;Obtido pelo GPS ou informado explicitamente;4.78;35695;Mico/Sagui/Soinho;5;Estranho
41457;2023-12-30T09:29:30;RJ;Rio de Janeiro;Obtido pelo GPS ou informado explicitamente;12.4399995803833;35678;Macaco/Guariba/Bugio/Prego/Guigó;1;Doente
41451;2024-01-12T11:40:00;MG;Recreio;Obtido pelo GPS ou informado explicitamente;7.686999797821045;35672;Mico/Sagui/Soinho;1;
41446;2024-01-12T09:17:00;MG;Santa Vitória;Obtido pelo GPS ou informado explicitamente;23.60700035095215;35667;Mico/Sagui/Soinho;1;
41439;2024-01-10T16:00:00;SC;Campos Novos;Obtido pelo GPS ou informado explicitamente;300.0;35660;Macaco/Guariba/Bugio/Prego/Guigó;1;
41438;2024-01-10T14:30:00;PR;Fazenda Rio Grande;Coordenadas obtidas a partir do endereço;;35659;Macaco/Guariba/Bugio/Prego/Guigó;1;
41422;2023-12-22T08:29:08;RS;São Borja;Obtido pelo GPS ou informado explicitamente;36.0;35643;Macaco/Guariba/Bugio/Prego/Guigó;1;
41418;2024-01-09T10:47:00;MG;Perdões;Obtido pelo GPS ou informado explicitamente;767.0;35639;Mico/Sagui/Soinho;1;
41416;2024-01-09T15:23:51;MG;Montes Claros;Obtido pelo GPS ou informado explicitamente;122.4000015258789;35636;Mico/Sagui/Soinho;1;Doente
41411;2024-01-06T16:40:00;RS;Picada Café;Obtido pelo GPS ou informado explicitamente;0.0;35631;Macaco/Guariba/Bugio/Prego/Guigó;8;Normal
41409;2023-12-31T09:30:00;PB;Santa Rita;Obtido pelo GPS ou informado explicitamente;0.0;35629;Macaco/Guariba/Bugio/Prego/Guigó;1;
41390;2024-01-06T13:31:25;GO;Goiânia;Obtido pelo GPS ou informado explicitamente;0.0;35610;Macaco/Guariba/Bugio/Prego/Guigó;1;
41387;2024-01-08T09:29:24;MG;Montes Claros;Obtido pelo GPS ou informado explicitamente;140.5;35607;Mico/Sagui/Soinho;1;
41380;2024-01-06T20:37:00;MG;Salinas;Obtido pelo GPS ou informado explicitamente;5.0;35600;Macaco/Guariba/Bugio/Prego/Guigó;1;
41379;2023-07-28T11:20:30;MG;Araçuaí;Obtido pelo GPS ou informado explicitamente;3.900000095367432;35599;Mico/Sagui/Soinho;1;
41375;2024-01-06T13:49:08;RJ;Rio de Janeiro;Obtido pelo GPS ou informado explicitamente;177.8000030517578;35595;Macaco/Guariba/Bugio/Prego/Guigó;20;Normal
41370;2024-01-06T08:10:00;MG;Montes Claros;Obtido pelo GPS ou informado explicitamente;11.54800033569336;35590;Mico/Sagui/Soinho;1;Normal
41325;2023-12-30T12:23:00;MG;Inhapim;Obtido pelo GPS ou informado explicitamente;17.226999282836914;35545;Macaco/Guariba/Bugio/Prego/Guigó;1;
41257;2023-12-29T17:03:00;RJ;Magé;Obtido pelo GPS ou informado explicitamente;373.9840087890625;35477;Mico/Sagui/Soinho;1;Normal
41244;2023-12-24T09:32:00;RS;Viamão;Obtido pelo GPS ou informado explicitamente;0.0;35464;Macaco/Guariba/Bugio/Prego/Guigó;5;Normal
41241;2023-12-29T10:22:00;MG;Ubaí;Obtido pelo GPS ou informado explicitamente;6.432000160217285;35461;Macaco/Guariba/Bugio/Prego/Guigó;1;
41239;2023-12-29T09:56:01;MG;Montes Claros;Obtido pelo GPS ou informado explicitamente;122.28099822998048;35459;Mico/Sagui/Soinho;1;Estranho
41237;2023-12-28T17:24:00;MG;Joanésia;Coordenadas obtidas a partir do endereço;;35457;Mico/Sagui/Soinho;1;
41234;2023-12-28T07:41:00;RJ;Magé;Obtido pelo GPS ou informado explicitamente;9.9350004196167;35451;Mico/Sagui/Soinho;1;Normal
41210;2023-12-27T16:15:00;SP;Águas da Prata;Obtido pelo GPS ou informado explicitamente;3.900000095367432;35427;Macaco/Guariba/Bugio/Prego/Guigó;1;
41209;2023-12-26T15:15:00;RS;Igrejinha;Obtido pelo GPS ou informado explicitamente;0.0;35426;Macaco/Guariba/Bugio/Prego/Guigó;1;
41201;2023-12-24T14:43:59;GO;Anápolis;Coordenadas obtidas a partir do endereço;;35418;Mico/Sagui/Soinho;2;
41199;2023-12-24T14:42:55;GO;Anápolis;Coordenadas obtidas a partir do endereço;;35416;Mico/Sagui/Soinho;2;
41176;2023-12-26T09:15:00;RS;Camaquã;Obtido pelo GPS ou informado explicitamente;54.742000579833984;35391;Macaco/Guariba/Bugio/Prego/Guigó;1;Normal
41176;2023-12-26T09:15:00;RS;Camaquã;Obtido pelo GPS ou informado explicitamente;54.742000579833984;35390;Macaco/Guariba/Bugio/Prego/Guigó;1;
41171;2022-09-21T11:54:00;RJ;Magé;Coordenadas obtidas a partir do endereço;;35385;Mico/Sagui/Soinho;2;Normal
41169;2023-10-12T11:48:00;RJ;Magé;Coordenadas obtidas a partir do endereço;;35383;Mico/Sagui/Soinho;3;Normal
41108;2023-07-04T16:57:00;RJ;Magé;Obtido pelo GPS ou informado explicitamente;0.0;35315;Macaco/Guariba/Bugio/Prego/Guigó;12;Normal
41071;2023-12-24T10:36:00;RJ;Magé;Obtido pelo GPS ou informado explicitamente;0.0;35278;Macaco/Guariba/Bugio/Prego/Guigó;1;Estranho
40966;2023-12-05T15:25:00;MG;São João do Pacuí;Obtido pelo GPS ou informado explicitamente;0.0;35173;Mico/Sagui/Soinho;1;
40955;2023-12-22T09:20:00;MG;Guaraciama;Obtido pelo GPS ou informado explicitamente;0.0;35162;Mico/Sagui/Soinho;1;
40954;2023-12-21T15:04:00;MG;São João do Pacuí;Obtido pelo GPS ou informado explicitamente;8.800000190734863;35161;Mico/Sagui/Soinho;1;
40953;2023-12-22T08:10:59;MG;Montes Claros;Obtido pelo GPS ou informado explicitamente;3.4600000381469727;35160;Mico/Sagui/Soinho;2;
40944;2023-12-21T16:38:00;MG;Pocrane;Coordenadas obtidas a partir do endereço;;35151;Mico/Sagui/Soinho;8;Normal
40931;2023-12-20T15:40:00;MG;São João do Pacuí;Obtido pelo GPS ou informado explicitamente;7.5;35138;Mico/Sagui/Soinho;2;Normal
40930;2023-12-21T11:42:00;MG;Coração de Jesus;Obtido pelo GPS ou informado explicitamente;10.600000381469728;35137;Mico/Sagui/Soinho;1;
40926;2023-12-18T10:30:00;RJ;São Sebastião do Alto;Coordenadas obtidas a partir do endereço;;35133;Mico/Sagui/Soinho;1;
40909;2023-12-20T13:52:03;MG;São João do Pacuí;Obtido pelo GPS ou informado explicitamente;10.399999618530272;35116;Mico/Sagui/Soinho;1;
40908;2023-12-20T13:43:56;MG;São João do Pacuí;Obtido pelo GPS ou informado explicitamente;8.300000190734863;35115;Mico/Sagui/Soinho;1;
40879;2023-12-19T15:52:00;MG;Montes Claros;Obtido pelo GPS ou informado explicitamente;33.055;35086;Macaco/Guariba/Bugio/Prego/Guigó;1;
40874;2023-12-15T16:30:00;RS;Rolante;Obtido pelo GPS ou informado explicitamente;0.0;35081;Macaco/Guariba/Bugio/Prego/Guigó;1;
40873;2023-12-19T18:00:00;MG;Unaí;Obtido pelo GPS ou informado explicitamente;9.0;35080;Macaco/Guariba/Bugio/Prego/Guigó;1;
40870;2023-12-18T11:00:00;MG;Joanésia;Coordenadas obtidas a partir do endereço;;35077;Mico/Sagui/Soinho;1;
40847;2023-12-18T08:42:00;MG;Montes Claros;Obtido pelo GPS ou informado explicitamente;116.0999984741211;35053;Mico/Sagui/Soinho;1;
40833;2023-12-17T12:02:20;MA;Araioses;Obtido pelo GPS ou informado explicitamente;50.0;35039;Macaco/Guariba/Bugio/Prego/Guigó;3;Normal
40751;2023-12-16T09:26:00;SC;Mondaí;Coordenadas obtidas a partir do endereço;;34952;Macaco/Guariba/Bugio/Prego/Guigó;1;
40745;2023-12-15T10:12:00;GO;Goiânia;Obtido pelo GPS ou informado explicitamente;0.0;34946;Mico/Sagui/Soinho;1;
40742;2023-12-15T12:16:00;SP;São Paulo;Obtido pelo GPS ou informado explicitamente;4.447999954223633;34943;Mico/Sagui/Soinho;6;Normal
40741;2023-12-15T09:53:00;TO;Palmas;Obtido pelo GPS ou informado explicitamente;0.0;34942;Mico/Sagui/Soinho;1;
40740;2023-12-15T09:05:06;MG;Montes Claros;Obtido pelo GPS ou informado explicitamente;48.900001525878906;34941;Mico/Sagui/Soinho;2;
40731;2023-12-13T10:56:00;MG;Juiz de Fora;Coordenadas obtidas a partir do endereço;;34932;Mico/Sagui/Soinho;1;
40730;2023-12-13T10:37:00;MG;Juiz de Fora;Coordenadas obtidas a partir do endereço;;34931;Macaco/Guariba/Bugio/Prego/Guigó;1;
40712;2023-12-12T15:00:00;PR;Mandirituba;Obtido pelo GPS ou informado explicitamente;0.0;34913;Macaco/Guariba/Bugio/Prego/Guigó;1;
40710;2023-12-08T08:00:00;MG;Salinas;Obtido pelo GPS ou informado explicitamente;29.0;34911;Mico/Sagui/Soinho;1;
40700;2023-12-12T09:42:00;MG;São João do Pacuí;Obtido pelo GPS ou informado explicitamente;2000.0;34901;Mico/Sagui/Soinho;1;
40699;2023-12-07T15:03:23;RN;Natal;Coordenadas obtidas a partir do endereço;;34900;Mico/Sagui/Soinho;1;Doente
40688;2023-12-11T19:56:00;SC;Florianópolis;Obtido pelo GPS ou informado explicitamente;0.0;34889;Mico/Sagui/Soinho;1;
40686;2023-12-11T11:07:00;MG;Coração de Jesus;Obtido pelo GPS ou informado explicitamente;77.5999984741211;34887;Mico/Sagui/Soinho;1;
40685;2023-12-11T12:02:00;MG;São João do Pacuí;Obtido pelo GPS ou informado explicitamente;104.0999984741211;34886;Mico/Sagui/Soinho;1;
40684;2023-12-05T18:02:00;MG;São João do Pacuí;Obtido pelo GPS ou informado explicitamente;2400.0;34885;Mico/Sagui/Soinho;1;
40683;2023-12-11T15:07:00;MG;Coração de Jesus;Obtido pelo GPS ou informado explicitamente;0.0;34884;Mico/Sagui/Soinho;1;
40682;2023-12-06T15:17:33;RN;Natal;Coordenadas obtidas a partir do endereço;;34883;Mico/Sagui/Soinho;1;Doente
40678;2023-11-04T10:41:00;MG;Arinos;Obtido pelo GPS ou informado explicitamente;0.0;34879;Mico/Sagui/Soinho;1;
40673;2023-12-04T09:17:00;RS;Santa Maria;Obtido pelo GPS ou informado explicitamente;3.0;34874;Macaco/Guariba/Bugio/Prego/Guigó;2;
40663;2023-12-10T08:23:00;SP;Campinas;Obtido pelo GPS ou informado explicitamente;4.57;34864;Mico/Sagui/Soinho;3;Normal
40657;2023-12-08T11:30:00;SC;Florianópolis;Obtido pelo GPS ou informado explicitamente;0.0;34858;Mico/Sagui/Soinho;4;Normal
40648;2023-12-08T06:42:00;MG;Brasília de Minas;Obtido pelo GPS ou informado explicitamente;0.0;34849;Mico/Sagui/Soinho;1;
40647;2023-12-07T06:35:00;MG;Brasília de Minas;Obtido pelo GPS ou informado explicitamente;0.0;34848;Mico/Sagui/Soinho;1;
40644;2023-12-07T20:44:00;RJ;Magé;Coordenadas obtidas a partir do endereço;;34845;Macaco/Guariba/Bugio/Prego/Guigó;1;Normal
40640;2023-12-07T14:33:00;PR;Piraí do Sul;Obtido pelo GPS ou informado explicitamente;3.183000087738037;34841;Macaco/Guariba/Bugio/Prego/Guigó;1;
40612;2023-12-07T08:02:00;MG;Olhos-d'Água;Obtido pelo GPS ou informado explicitamente;0.0;34813;Mico/Sagui/Soinho;1;
40598;2023-12-05T04:03:00;RS;Gramado;Obtido pelo GPS ou informado explicitamente;1.0;34798;Macaco/Guariba/Bugio/Prego/Guigó;1;
40596;2023-12-05T09:55:00;MG;Montes Claros;Obtido pelo GPS ou informado explicitamente;0.0;34796;Mico/Sagui/Soinho;1;
40590;2023-07-21T14:00:00;SC;Florianópolis;Obtido pelo GPS ou informado explicitamente;12.29699993133545;34790;Mico/Sagui/Soinho;3;Normal
40586;2023-12-05T09:29:58;MG;Montes Claros;Obtido pelo GPS ou informado explicitamente;14.100000381469728;34786;Mico/Sagui/Soinho;1;
40582;2023-12-04T18:10:00;MG;São Romão;Obtido pelo GPS ou informado explicitamente;52.400001525878906;34782;Macaco/Guariba/Bugio/Prego/Guigó;1;
40581;2023-12-04T09:30:00;MG;Montes Claros;Obtido pelo GPS ou informado explicitamente;0.0;34781;Mico/Sagui/Soinho;1;
40580;2023-12-04T14:22:00;GO;Goiânia;Obtido pelo GPS ou informado explicitamente;12.0;34780;Macaco/Guariba/Bugio/Prego/Guigó;1;
40573;2023-12-04T12:16:00;MG;São João do Pacuí;Obtido pelo GPS ou informado explicitamente;4.400000095367432;34774;Mico/Sagui/Soinho;1;
40572;2023-12-04T11:50:00;MG;São João do Pacuí;Obtido pelo GPS ou informado explicitamente;148.11199951171875;34773;Mico/Sagui/Soinho;1;
40570;2023-11-19T08:11:00;PR;Palotina;Coordenadas obtidas a partir do endereço;;34771;Macaco/Guariba/Bugio/Prego/Guigó;1;
40567;2023-12-04T14:44:33;MG;Montes Claros;Obtido pelo GPS ou informado explicitamente;82.5;34768;Mico/Sagui/Soinho;2;Doente
40562;2023-11-29T16:40:00;MG;Brasília de Minas;Obtido pelo GPS ou informado explicitamente;0.0;34763;Mico/Sagui/Soinho;1;
40534;2023-12-01T14:45:00;RS;São Valentim do Sul;Obtido pelo GPS ou informado explicitamente;6.0;34735;Macaco/Guariba/Bugio/Prego/Guigó;1;
40534;2023-12-01T14:45:00;RS;São Valentim do Sul;Obtido pelo GPS ou informado explicitamente;6.0;34734;Macaco/Guariba/Bugio/Prego/Guigó;1;
40519;2023-12-01T07:32:00;RN;Natal;Obtido pelo GPS ou informado explicitamente;0.0;34718;Mico/Sagui/Soinho;1;Estranho
40474;2023-11-23T08:21:00;AC;Rio Branco;Obtido pelo GPS ou informado explicitamente;12.84;34673;Macaco/Guariba/Bugio/Prego/Guigó;2;Normal
40468;2023-11-29T12:48:00;MG;Luislândia;Coordenadas obtidas a partir do endereço;;34667;Mico/Sagui/Soinho;1;
40466;2023-11-29T14:55:00;MG;Montes Claros;Obtido pelo GPS ou informado explicitamente;0.0;34665;Mico/Sagui/Soinho;1;Doente
40457;2023-11-29T08:05:00;MG;Montes Claros;Obtido pelo GPS ou informado explicitamente;8.357999801635742;34655;Mico/Sagui/Soinho;1;
40450;2023-11-08T10:25:19;RN;Natal;Coordenadas obtidas a partir do endereço;;34649;Mico/Sagui/Soinho;2;
40449;2023-11-20T09:54:19;RN;Natal;Coordenadas obtidas a partir do endereço;;34648;Mico/Sagui/Soinho;1;Doente
40443;2017-12-14T15:28:00;RJ;Duque de Caxias;Obtido pelo GPS ou informado explicitamente;0.0;34642;Mico/Sagui/Soinho;4;Normal
40438;2023-11-28T16:44:20;SP;São Paulo;Obtido pelo GPS ou informado explicitamente;500.0;34637;Mico/Sagui/Soinho;5;Normal
40420;2023-11-27T14:37:00;MG;Montes Claros;Obtido pelo GPS ou informado explicitamente;1690.0;34618;Mico/Sagui/Soinho;1;
40414;2023-11-27T15:30:00;RS;Mariana Pimentel;Obtido pelo GPS ou informado explicitamente;0.0;34612;Macaco/Guariba/Bugio/Prego/Guigó;2;
40412;2023-11-27T10:10:47;MG;Montes Claros;Obtido pelo GPS ou informado explicitamente;3.9;34610;Mico/Sagui/Soinho;3;
40404;2023-11-27T14:14:00;RJ;Resende;Obtido pelo GPS ou informado explicitamente;20.0;34602;Macaco/Guariba/Bugio/Prego/Guigó;2;Normal
40393;2023-11-23T09:35:00;MG;São João do Pacuí;Obtido pelo GPS ou informado explicitamente;2530.97998046875;34590;Mico/Sagui/Soinho;1;
40392;2023-11-22T18:14:00;MG;Coração de Jesus;Obtido pelo GPS ou informado explicitamente;3.7899999618530273;34589;Mico/Sagui/Soinho;1;
40389;2023-11-26T07:38:00;PR;Japira;Obtido pelo GPS ou informado explicitamente;13.946999549865724;34586;Macaco/Guariba/Bugio/Prego/Guigó;1;Normal
40385;2023-11-26T17:45:27;SC;Braço do Trombudo;Obtido pelo GPS ou informado explicitamente;4.14;34582;Macaco/Guariba/Bugio/Prego/Guigó;1;
40384;2023-11-26T16:38:58;PR;Maringá;Obtido pelo GPS ou informado explicitamente;38.02000045776367;34581;Macaco/Guariba/Bugio/Prego/Guigó;1;
40382;2022-07-26T16:34:00;RJ;Duque de Caxias;Obtido pelo GPS ou informado explicitamente;0.0;34579;Mico/Sagui/Soinho;1;
40371;2023-11-25T14:49:57;MG;Coração de Jesus;Obtido pelo GPS ou informado explicitamente;11.319348335266112;34568;Mico/Sagui/Soinho;1;
40368;2023-11-22T06:50:00;SP;Campinas;Obtido pelo GPS ou informado explicitamente;4.57;34565;Macaco/Guariba/Bugio/Prego/Guigó;5;Normal
40364;2023-08-28T11:53:00;SP;Cotia;Obtido pelo GPS ou informado explicitamente;14.32;34561;Mico/Sagui/Soinho;2;Normal
40344;2023-11-13T13:01:00;MG;Brasília de Minas;Obtido pelo GPS ou informado explicitamente;0.0;34541;Mico/Sagui/Soinho;1;
40343;2023-11-07T11:36:00;MG;Guaraciama;Obtido pelo GPS ou informado explicitamente;0.0;34540;Mico/Sagui/Soinho;1;
40342;2023-11-11T07:25:00;MG;Guaraciama;Obtido pelo GPS ou informado explicitamente;0.0;34539;Mico/Sagui/Soinho;1;
40341;2023-11-23T09:18:00;MG;Jaíba;Obtido pelo GPS ou informado explicitamente;0.0;34538;Mico/Sagui/Soinho;1;
40340;2023-11-24T11:15:00;MG;Guaraciama;Obtido pelo GPS ou informado explicitamente;0.0;34537;Mico/Sagui/Soinho;1;
40339;2023-11-24T11:09:00;MG;Guaraciama;Obtido pelo GPS ou informado explicitamente;0.0;34536;Mico/Sagui/Soinho;1;
40337;2023-11-23T11:15:00;RN;Parnamirim;Coordenadas obtidas a partir do endereço;;34534;Mico/Sagui/Soinho;1;Doente
40336;2023-11-23T17:30:00;MG;Janaúba;Obtido pelo GPS ou informado explicitamente;0.0;34533;Macaco/Guariba/Bugio/Prego/Guigó;1;Estranho
40334;2023-11-22T07:06:00;MG;São João do Pacuí;Obtido pelo GPS ou informado explicitamente;3.900000095367432;34531;Mico/Sagui/Soinho;1;
40330;2023-11-23T11:15:00;MG;Montes Claros;Coordenadas obtidas a partir do endereço;;34527;Mico/Sagui/Soinho;1;Estranho
40327;2023-11-23T15:06:00;MG;Engenheiro Navarro;Obtido pelo GPS ou informado explicitamente;0.0;34524;Mico/Sagui/Soinho;1;
40320;2023-11-23T07:00:00;SP;Campinas;Obtido pelo GPS ou informado explicitamente;0.0;34517;Mico/Sagui/Soinho;3;Normal
40312;2023-09-30T08:58:00;RJ;Paraty;Obtido pelo GPS ou informado explicitamente;28.100000381469727;34509;Mico/Sagui/Soinho;7;Normal
40310;2023-09-30T08:53:00;RJ;Paraty;Obtido pelo GPS ou informado explicitamente;20.0;34507;Mico/Sagui/Soinho;3;Normal
40305;2023-11-09T16:00:02;SC;Florianópolis;Coordenadas obtidas a partir do endereço;;34502;Macaco/Guariba/Bugio/Prego/Guigó;1;
40288;2023-11-22T13:36:35;MG;Janaúba;Obtido pelo GPS ou informado explicitamente;10.899999618530272;34485;Macaco/Guariba/Bugio/Prego/Guigó;1;
40278;2023-11-21T11:49:00;SP;Campinas;Coordenadas obtidas a partir do endereço;;34475;Mico/Sagui/Soinho;1;
40268;2023-11-21T14:10:55;MG;Montes Claros;Obtido pelo GPS ou informado explicitamente;4.800000190734863;34465;Mico/Sagui/Soinho;1;
40267;2023-11-21T13:54:44;MG;Montes Claros;Obtido pelo GPS ou informado explicitamente;390.0;34464;Mico/Sagui/Soinho;1;Doente
40264;2023-11-21T10:20:57;MG;Montes Claros;Obtido pelo GPS ou informado explicitamente;9.0;34461;Mico/Sagui/Soinho;1;
40262;2023-11-15T10:50:00;RS;Santo Antônio das Missões;Obtido pelo GPS ou informado explicitamente;31.25;34459;Macaco/Guariba/Bugio/Prego/Guigó;1;
40261;2023-11-21T08:37:08;RS;São Borja;Obtido pelo GPS ou informado explicitamente;35.0;34458;Macaco/Guariba/Bugio/Prego/Guigó;1;
40240;2023-11-20T10:07:21;TO;Peixe;Obtido pelo GPS ou informado explicitamente;4.78;34437;Macaco/Guariba/Bugio/Prego/Guigó;1;
40218;2023-11-19T17:54:00;PI;Altos;Obtido pelo GPS ou informado explicitamente;20.0;34415;Macaco/Guariba/Bugio/Prego/Guigó;1;
40214;2023-11-19T10:10:00;PI;Coronel José Dias;Obtido pelo GPS ou informado explicitamente;3.900000095367432;34411;Macaco/Guariba/Bugio/Prego/Guigó;1;
40207;2023-11-18T16:38:00;PR;Umuarama;Obtido pelo GPS ou informado explicitamente;16.0;34404;Macaco/Guariba/Bugio/Prego/Guigó;4;Normal
40197;2023-11-15T15:30:00;RS;São Francisco de Paula;Coordenadas obtidas a partir do endereço;;34394;Macaco/Guariba/Bugio/Prego/Guigó;1;
40194;2023-11-17T14:30:00;RS;Chuvisca;Obtido pelo GPS ou informado explicitamente;13.5;34391;Macaco/Guariba/Bugio/Prego/Guigó;1;
40191;2023-11-17T13:43:09;MG;Montes Claros;Obtido pelo GPS ou informado explicitamente;77.5999984741211;34388;Mico/Sagui/Soinho;1;
40183;2023-11-17T09:22:46;TO;Palmas;Obtido pelo GPS ou informado explicitamente;98.4000015258789;34380;Mico/Sagui/Soinho;4;
40160;2023-11-15T08:52:00;MG;Leopoldina;Obtido pelo GPS ou informado explicitamente;3.900000095367432;34357;Mico/Sagui/Soinho;3;Normal
40155;2023-11-14T17:00:00;GO;Hidrolândia;Obtido pelo GPS ou informado explicitamente;0.0;34352;Mico/Sagui/Soinho;1;
40143;2023-11-13T15:29:00;GO;Goiânia;Obtido pelo GPS ou informado explicitamente;0.0;34340;Macaco/Guariba/Bugio/Prego/Guigó;1;
40141;2023-10-19T15:37:00;SP;Campinas;Coordenadas obtidas a partir do endereço;;34338;Mico/Sagui/Soinho;1;
40140;2023-11-13T13:51:00;SP;Campinas;Coordenadas obtidas a partir do endereço;;34337;Mico/Sagui/Soinho;1;
40127;2023-11-08T08:10:00;RJ;Rio de Janeiro;Obtido pelo GPS ou informado explicitamente;0.0;34324;Mico/Sagui/Soinho;10;Normal
40126;2023-11-11T12:19:00;SP;Campinas;Obtido pelo GPS ou informado explicitamente;4.84;34323;Mico/Sagui/Soinho;1;Normal
40124;2023-11-11T10:06:49;RJ;Rio de Janeiro;Coordenadas obtidas a partir do endereço;;34321;Mico/Sagui/Soinho;1;Normal
40121;2023-11-09T13:41:53;MG;Jaboticatubas;Obtido pelo GPS ou informado explicitamente;37.74;34318;Mico/Sagui/Soinho;1;
40109;2023-11-09T11:20:00;GO;Aparecida de Goiânia;Obtido pelo GPS ou informado explicitamente;7.125;34306;Macaco/Guariba/Bugio/Prego/Guigó;1;
40106;2023-10-10T08:26:00;MG;Montes Claros;Coordenadas obtidas a partir do endereço;;34303;Mico/Sagui/Soinho;1;
40087;2023-10-10T08:26:00;MG;Montes Claros;Coordenadas obtidas a partir do endereço;;34284;Mico/Sagui/Soinho;1;
40085;2023-10-10T08:26:00;MG;Montes Claros;Coordenadas obtidas a partir do endereço;;34282;Mico/Sagui/Soinho;1;
40084;2023-10-26T13:30:00;MA;Carolina;Obtido pelo GPS ou informado explicitamente;0.0;34281;Macaco/Guariba/Bugio/Prego/Guigó;1;
40072;2023-10-10T08:26:00;MG;Montes Claros;Coordenadas obtidas a partir do endereço;;34269;Mico/Sagui/Soinho;1;
40071;2023-10-10T08:26:00;MG;Montes Claros;Coordenadas obtidas a partir do endereço;;34268;Mico/Sagui/Soinho;1;
40070;2023-10-10T08:26:00;MG;Montes Claros;Coordenadas obtidas a partir do endereço;;34267;Mico/Sagui/Soinho;1;
40069;2023-10-10T08:26:00;MG;Montes Claros;Coordenadas obtidas a partir do endereço;;34266;Mico/Sagui/Soinho;1;
40068;2023-11-09T09:26:00;MG;Montes Claros;Obtido pelo GPS ou informado explicitamente;24.95800018310547;34265;Mico/Sagui/Soinho;1;
40061;2023-11-01T15:30:42;GO;Anápolis;Coordenadas obtidas a partir do endereço;;34258;Macaco/Guariba/Bugio/Prego/Guigó;1;
40042;2023-11-08T09:39:18;MG;Montes Claros;Obtido pelo GPS ou informado explicitamente;224.68800354003903;34239;Mico/Sagui/Soinho;1;Doente
40039;2022-09-16T16:14:00;RS;São Borja;Obtido pelo GPS ou informado explicitamente;9.23;34236;Macaco/Guariba/Bugio/Prego/Guigó;1;
40038;2023-02-28T11:26:16;RS;São Borja;Obtido pelo GPS ou informado explicitamente;40.0;34235;Macaco/Guariba/Bugio/Prego/Guigó;1;
40037;2023-03-14T14:01:13;RS;São Borja;Obtido pelo GPS ou informado explicitamente;14.11;34234;Macaco/Guariba/Bugio/Prego/Guigó;1;
40036;2023-09-18T14:29:36;RS;São Borja;Obtido pelo GPS ou informado explicitamente;9.39;34233;Macaco/Guariba/Bugio/Prego/Guigó;1;
40035;2023-10-14T11:00:00;RS;São Borja;Obtido pelo GPS ou informado explicitamente;35.0;34232;Macaco/Guariba/Bugio/Prego/Guigó;1;
40026;2023-11-06T17:00:00;SP;São João da Boa Vista;Obtido pelo GPS ou informado explicitamente;0.0;34223;Mico/Sagui/Soinho;1;
40025;2023-11-06T17:00:00;SP;São João da Boa Vista;Obtido pelo GPS ou informado explicitamente;0.0;34222;Mico/Sagui/Soinho;1;
40024;2023-11-07T13:59:00;MG;Luislândia;Coordenadas obtidas a partir do endereço;;34221;Mico/Sagui/Soinho;1;
40023;2023-11-07T09:10:00;PR;Araucária;Obtido pelo GPS ou informado explicitamente;6.0;34220;Macaco/Guariba/Bugio/Prego/Guigó;1;
40022;2023-10-31T16:40:00;GO;Anápolis;Obtido pelo GPS ou informado explicitamente;4.85099983215332;34219;Macaco/Guariba/Bugio/Prego/Guigó;1;
40001;2023-11-06T11:47:04;PB;João Pessoa;Obtido pelo GPS ou informado explicitamente;28.93;34198;Mico/Sagui/Soinho;5;Normal
39998;2023-10-06T13:00:00;RS;Santo Antônio das Missões;Obtido pelo GPS ou informado explicitamente;0.0;34195;Macaco/Guariba/Bugio/Prego/Guigó;1;
39994;2023-11-01T16:58:00;MG;São João do Pacuí;Obtido pelo GPS ou informado explicitamente;3.7899999618530273;34191;Mico/Sagui/Soinho;1;
39993;2023-11-01T11:00:00;MG;São João do Pacuí;Obtido pelo GPS ou informado explicitamente;3.7899999618530273;34190;Mico/Sagui/Soinho;1;
39992;2023-11-01T16:55:00;MG;São João do Pacuí;Obtido pelo GPS ou informado explicitamente;3.7899999618530273;34189;Mico/Sagui/Soinho;1;
38402;2023-09-26T16:06:00;MG;Salinas;Obtido pelo GPS ou informado explicitamente;51.0;34176;Mico/Sagui/Soinho;1;
38389;2023-09-27T11:05:08;PB;Sumé;Obtido pelo GPS ou informado explicitamente;116.0999984741211;34163;Mico/Sagui/Soinho;2;Normal
38388;2023-09-20T08:30:15;GO;Anápolis;Coordenadas obtidas a partir do endereço;;34162;Mico/Sagui/Soinho;1;
38386;2023-09-27T09:55:19;MG;Montes Claros;Obtido pelo GPS ou informado explicitamente;110.0;34160;Mico/Sagui/Soinho;1;
39977;2022-09-21T11:54:00;RJ;Magé;Coordenadas obtidas a partir do endereço;;34151;Mico/Sagui/Soinho;2;Normal
39976;2023-10-12T11:48:00;RJ;Magé;Coordenadas obtidas a partir do endereço;;34150;Mico/Sagui/Soinho;3;Normal
39972;2023-11-04T11:30:00;SP;Jundiaí;Obtido pelo GPS ou informado explicitamente;6.0;34146;Mico/Sagui/Soinho;1;Normal
39970;2023-11-04T15:54:00;SP;Jundiaí;Obtido pelo GPS ou informado explicitamente;3.8550000190734863;34144;Mico/Sagui/Soinho;5;Normal
39961;2023-11-04T11:32:25;SP;Jundiaí;Obtido pelo GPS ou informado explicitamente;4.0;34135;Mico/Sagui/Soinho;2;Normal
39949;2023-11-02T10:00:00;RS;Três Coroas;Obtido pelo GPS ou informado explicitamente;1.0;34122;Macaco/Guariba/Bugio/Prego/Guigó;1;
39935;2023-11-01T13:12:00;SP;Campinas;Obtido pelo GPS ou informado explicitamente;4.75;34108;Mico/Sagui/Soinho;5;Normal
39929;2023-10-31T11:41:45;RN;Natal;Coordenadas obtidas a partir do endereço;;34102;Mico/Sagui/Soinho;1;Doente
39927;2023-10-31T11:15:12;RN;Natal;Coordenadas obtidas a partir do endereço;;34100;Mico/Sagui/Soinho;1;
39909;2023-10-10T08:26:00;MG;Montes Claros;Coordenadas obtidas a partir do endereço;;34082;Mico/Sagui/Soinho;1;
39908;2023-10-10T08:26:00;MG;Montes Claros;Coordenadas obtidas a partir do endereço;;34081;Mico/Sagui/Soinho;1;
39907;2023-10-10T08:26:00;MG;Montes Claros;Coordenadas obtidas a partir do endereço;;34080;Mico/Sagui/Soinho;1;
39906;2023-10-10T08:26:00;MG;Montes Claros;Coordenadas obtidas a partir do endereço;;34079;Mico/Sagui/Soinho;1;
39904;2023-10-04T13:50:00;MG;Montes Claros;Obtido pelo GPS ou informado explicitamente;22.0;34077;Mico/Sagui/Soinho;1;
39903;2023-10-04T13:50:00;MG;Montes Claros;Obtido pelo GPS ou informado explicitamente;22.0;34076;Mico/Sagui/Soinho;1;
39902;2023-10-03T14:53:31;MG;Montes Claros;Obtido pelo GPS ou informado explicitamente;25.0;34075;Mico/Sagui/Soinho;1;Doente
39900;2023-10-31T11:48:00;MG;São Francisco;Obtido pelo GPS ou informado explicitamente;3500.0;34073;Mico/Sagui/Soinho;1;
39898;2023-10-25T14:30:00;RS;Riozinho;Obtido pelo GPS ou informado explicitamente;0.0;34071;Macaco/Guariba/Bugio/Prego/Guigó;1;
39860;2023-10-31T10:51:00;CE;Limoeiro do Norte;Obtido pelo GPS ou informado explicitamente;3.88;34033;Macaco/Guariba/Bugio/Prego/Guigó;1;Normal
39834;2023-10-30T14:25:00;GO;Goiânia;Obtido pelo GPS ou informado explicitamente;0.0;34007;Mico/Sagui/Soinho;1;
39833;2023-10-30T13:59:23;SC;Florianópolis;Obtido pelo GPS ou informado explicitamente;;34006;Mico/Sagui/Soinho;1;
39828;2021-02-19T07:08:00;SP;São Paulo;Obtido pelo GPS ou informado explicitamente;20.0;34001;Macaco/Guariba/Bugio/Prego/Guigó;4;Normal
39824;2023-10-27T08:28:00;MG;Leopoldina;Obtido pelo GPS ou informado explicitamente;3.900000095367432;33997;Mico/Sagui/Soinho;3;Normal
39824;2023-10-27T08:28:00;MG;Leopoldina;Obtido pelo GPS ou informado explicitamente;3.900000095367432;33996;Mico/Sagui/Soinho;3;Normal
39797;2023-10-28T11:00:00;PR;São José dos Pinhais;Obtido pelo GPS ou informado explicitamente;1700.0;33969;Macaco/Guariba/Bugio/Prego/Guigó;2;Normal
39787;2023-10-21T09:35:00;MG;São João do Pacuí;Obtido pelo GPS ou informado explicitamente;122.4000015258789;33959;Mico/Sagui/Soinho;1;
39759;2023-10-27T06:44:00;BA;Ilhéus;Obtido pelo GPS ou informado explicitamente;0.0;33930;Macaco/Guariba/Bugio/Prego/Guigó;6;Normal
39739;2023-08-08T10:35:00;MG;Recreio;Obtido pelo GPS ou informado explicitamente;24.961000442504883;33910;Mico/Sagui/Soinho;1;
39733;2023-02-27T15:30:00;MG;Cataguases;Obtido pelo GPS ou informado explicitamente;0.0;33904;Mico/Sagui/Soinho;1;
39702;2023-10-19T08:45:00;RJ;Itatiaia;Obtido pelo GPS ou informado explicitamente;13.706000328063965;33870;Mico/Sagui/Soinho;7;Normal
39700;2023-10-24T08:13:00;SP;Presidente Bernardes;Obtido pelo GPS ou informado explicitamente;3000.0;33868;Mico/Sagui/Soinho;7;Normal
39679;2023-09-27T09:16:00;MG;Montes Claros;Obtido pelo GPS ou informado explicitamente;0.0;33847;Mico/Sagui/Soinho;1;
39678;2023-10-24T07:46:56;SP;Jundiaí;Coordenadas obtidas a partir do endereço;;33846;Mico/Sagui/Soinho;5;Normal
39676;2023-10-24T06:13:00;SP;Campinas;Obtido pelo GPS ou informado explicitamente;4.74;33844;Mico/Sagui/Soinho;3;Normal
39662;2023-10-09T16:45:00;RJ;Laje do Muriaé;Obtido pelo GPS ou informado explicitamente;0.0;33830;Mico/Sagui/Soinho;8;Normal
39660;2023-10-23T08:00:00;MG;Jaboticatubas;Obtido pelo GPS ou informado explicitamente;0.0;33828;Mico/Sagui/Soinho;1;
39656;2023-10-23T11:11:09;MG;Juiz de Fora;Obtido pelo GPS ou informado explicitamente;12.600000381469728;33824;Mico/Sagui/Soinho;1;
39605;2023-07-19T08:50:00;SP;Guararema;Coordenadas obtidas a partir do endereço;;33773;Mico/Sagui/Soinho;2;Normal
39603;2023-07-19T08:50:00;SP;Guararema;Coordenadas obtidas a partir do endereço;;33771;Mico/Sagui/Soinho;2;Normal
39579;2022-09-21T11:54:00;RJ;Magé;Coordenadas obtidas a partir do endereço;;33747;Mico/Sagui/Soinho;2;Normal
39578;2022-09-21T11:54:00;RJ;Magé;Coordenadas obtidas a partir do endereço;;33746;Mico/Sagui/Soinho;2;Normal
39577;2023-10-12T11:48:00;RJ;Magé;Coordenadas obtidas a partir do endereço;;33745;Mico/Sagui/Soinho;3;Normal
39576;2023-10-12T11:48:00;RJ;Magé;Coordenadas obtidas a partir do endereço;;33744;Mico/Sagui/Soinho;3;Normal
39569;2023-10-19T15:37:00;SP;Campinas;Coordenadas obtidas a partir do endereço;;33737;Mico/Sagui/Soinho;1;
39568;2023-10-19T15:37:00;SP;Campinas;Coordenadas obtidas a partir do endereço;;33736;Mico/Sagui/Soinho;1;
39567;2023-10-19T15:37:00;SP;Campinas;Coordenadas obtidas a partir do endereço;;33735;Mico/Sagui/Soinho;1;
39566;2023-10-19T15:37:00;SP;Campinas;Coordenadas obtidas a partir do endereço;;33734;Mico/Sagui/Soinho;1;
39565;2023-10-19T15:37:00;SP;Campinas;Coordenadas obtidas a partir do endereço;;33733;Mico/Sagui/Soinho;1;
39564;2023-10-19T15:37:00;SP;Campinas;Coordenadas obtidas a partir do endereço;;33732;Mico/Sagui/Soinho;1;
39560;2023-10-19T15:04:00;PR;Japira;Obtido pelo GPS ou informado explicitamente;20.0;33728;Macaco/Guariba/Bugio/Prego/Guigó;1;Normal
39558;2023-10-05T13:56:00;RJ;Saquarema;Obtido pelo GPS ou informado explicitamente;3.878000020980835;33726;Mico/Sagui/Soinho;1;Normal
39548;2023-10-19T14:36:00;MG;Gameleiras;Obtido pelo GPS ou informado explicitamente;2400.0;33716;Mico/Sagui/Soinho;1;Normal
39536;2023-10-18T15:30:00;GO;Jaraguá;Coordenadas obtidas a partir do endereço;;33704;Macaco/Guariba/Bugio/Prego/Guigó;1;
39535;2023-10-18T15:00:00;GO;Goianira;Coordenadas obtidas a partir do endereço;;33703;Macaco/Guariba/Bugio/Prego/Guigó;1;
39532;2023-10-18T16:40:26;SC;Florianópolis;Obtido pelo GPS ou informado explicitamente;;33700;Mico/Sagui/Soinho;1;
39527;2023-10-18T10:46:46;MG;São João do Pacuí;Obtido pelo GPS ou informado explicitamente;26.135;33695;Mico/Sagui/Soinho;1;
39516;2023-10-18T09:23:43;MG;Montes Claros;Obtido pelo GPS ou informado explicitamente;2.065999984741211;33684;Mico/Sagui/Soinho;1;
39512;2023-09-27T11:23:00;MG;Montes Claros;Obtido pelo GPS ou informado explicitamente;4400.0;33680;Mico/Sagui/Soinho;1;
39511;2023-09-29T08:38:17;MG;Montes Claros;Obtido pelo GPS ou informado explicitamente;2.532999992370605;33679;Mico/Sagui/Soinho;1;
39498;2023-10-17T14:35:00;GO;Bom Jesus de Goiás;Obtido pelo GPS ou informado explicitamente;0.0;33665;Macaco/Guariba/Bugio/Prego/Guigó;1;
39497;2023-10-17T16:30:00;GO;Goiânia;Obtido pelo GPS ou informado explicitamente;0.0;33664;Macaco/Guariba/Bugio/Prego/Guigó;1;
39493;2023-10-17T15:42:54;GO;Novo Gama;Obtido pelo GPS ou informado explicitamente;48.900001525878906;33660;Macaco/Guariba/Bugio/Prego/Guigó;1;
39481;2023-10-17T11:09:40;MG;Januária;Coordenadas obtidas a partir do endereço;;33648;Macaco/Guariba/Bugio/Prego/Guigó;1;
39472;2023-10-16T14:32:00;MG;Montes Claros;Obtido pelo GPS ou informado explicitamente;0.0;33639;Mico/Sagui/Soinho;1;
39471;2023-09-28T16:10:00;MG;Montes Claros;Obtido pelo GPS ou informado explicitamente;0.0;33638;Mico/Sagui/Soinho;5;
39470;2023-10-05T08:33:00;MG;Montes Claros;Obtido pelo GPS ou informado explicitamente;30.67200088500977;33637;Mico/Sagui/Soinho;1;
39465;2023-10-16T16:08:03;RJ;Rio de Janeiro;Obtido pelo GPS ou informado explicitamente;1500.0;33632;Mico/Sagui/Soinho;5;Normal
39462;2023-10-16T15:23:00;GO;Planaltina;Obtido pelo GPS ou informado explicitamente;0.0;33629;Mico/Sagui/Soinho;1;
39461;2023-10-16T15:16:00;GO;Goiânia;Obtido pelo GPS ou informado explicitamente;0.0;33628;Mico/Sagui/Soinho;1;
39460;2023-10-16T15:13:00;GO;Goiânia;Obtido pelo GPS ou informado explicitamente;0.0;33627;Mico/Sagui/Soinho;1;
39458;2023-10-16T13:15:00;MG;Jaboticatubas;Obtido pelo GPS ou informado explicitamente;0.0;33625;Mico/Sagui/Soinho;1;
39456;2023-10-10T15:43:20;MG;Jaboticatubas;Obtido pelo GPS ou informado explicitamente;56.34;33623;Mico/Sagui/Soinho;1;
39446;2023-09-19T09:21:00;SP;São Paulo;Obtido pelo GPS ou informado explicitamente;157.02099609375;33612;Mico/Sagui/Soinho;10;Normal
39442;2023-10-11T14:23:00;GO;Aragoiânia;Obtido pelo GPS ou informado explicitamente;0.0;33608;Macaco/Guariba/Bugio/Prego/Guigó;1;
39438;2023-10-05T07:30:00;RJ;Rio de Janeiro;Obtido pelo GPS ou informado explicitamente;4.73;33604;Mico/Sagui/Soinho;5;Normal
39437;2023-10-16T07:15:00;RJ;Rio de Janeiro;Obtido pelo GPS ou informado explicitamente;0.0;33603;Mico/Sagui/Soinho;2;Normal
39411;2023-10-15T11:25:28;SP;São Paulo;Obtido pelo GPS ou informado explicitamente;13.789999961853027;33577;Mico/Sagui/Soinho;3;Normal
39388;2023-10-08T12:05:00;MG;Santo Hipólito;Obtido pelo GPS ou informado explicitamente;416.0469970703125;33554;Macaco/Guariba/Bugio/Prego/Guigó;1;Normal
39336;2023-10-08T12:00:00;MG;Santo Hipólito;Obtido pelo GPS ou informado explicitamente;1972.0570068359373;33502;Macaco/Guariba/Bugio/Prego/Guigó;1;Normal
39301;2023-03-26T09:00:00;SP;Bragança Paulista;Obtido pelo GPS ou informado explicitamente;0.0;33467;Mico/Sagui/Soinho;10;Normal
39284;2023-10-14T00:55:14;MG;Montes Claros;Obtido pelo GPS ou informado explicitamente;;33450;Mico/Sagui/Soinho;1;Normal
39269;2023-07-19T08:50:00;SP;Guararema;Coordenadas obtidas a partir do endereço;;33431;Mico/Sagui/Soinho;2;Normal
39265;2023-09-30T07:29:00;RJ;Barra do Piraí;Coordenadas obtidas a partir do endereço;;33427;Macaco/Guariba/Bugio/Prego/Guigó;5;Normal
39263;2023-09-30T07:29:00;RJ;Barra do Piraí;Coordenadas obtidas a partir do endereço;;33425;Macaco/Guariba/Bugio/Prego/Guigó;5;Normal
39244;2023-09-08T08:30:00;RJ;Rio de Janeiro;Obtido pelo GPS ou informado explicitamente;20.0;33406;Macaco/Guariba/Bugio/Prego/Guigó;2;Normal
39232;2023-07-19T08:50:00;SP;Guararema;Coordenadas obtidas a partir do endereço;;33394;Mico/Sagui/Soinho;2;Normal
39184;2023-08-15T10:00:00;GO;Goiânia;Coordenadas obtidas a partir do endereço;;33345;Macaco/Guariba/Bugio/Prego/Guigó;1;
39182;2023-10-04T16:32:00;GO;Goiânia;Coordenadas obtidas a partir do endereço;;33343;Mico/Sagui/Soinho;1;
39178;2023-09-24T11:10:00;GO;Pirenópolis;Coordenadas obtidas a partir do endereço;;33339;Mico/Sagui/Soinho;1;
39177;2023-09-14T13:30:00;GO;Goiânia;Coordenadas obtidas a partir do endereço;;33338;Mico/Sagui/Soinho;1;
39176;2023-10-03T09:20:00;GO;Vianópolis;Coordenadas obtidas a partir do endereço;;33337;Mico/Sagui/Soinho;1;
39172;2023-09-24T11:10:00;GO;Pirenópolis;Coordenadas obtidas a partir do endereço;;33333;Mico/Sagui/Soinho;1;
39170;2023-09-14T13:30:00;GO;Goiânia;Coordenadas obtidas a partir do endereço;;33331;Mico/Sagui/Soinho;1;
39168;2023-10-03T09:20:00;GO;Vianópolis;Coordenadas obtidas a partir do endereço;;33329;Mico/Sagui/Soinho;1;
39160;2023-09-24T11:10:00;GO;Pirenópolis;Coordenadas obtidas a partir do endereço;;33321;Mico/Sagui/Soinho;1;
39158;2023-10-10T13:24:00;GO;Goiânia;Obtido pelo GPS ou informado explicitamente;0.0;33319;Mico/Sagui/Soinho;1;
39154;2023-10-10T08:15:00;PR;Curitiba;Obtido pelo GPS ou informado explicitamente;0.0;33315;Mico/Sagui/Soinho;1;
39144;2023-10-10T08:26:00;MG;Montes Claros;Coordenadas obtidas a partir do endereço;;33305;Mico/Sagui/Soinho;1;
39143;2023-10-10T09:01:00;MG;São João do Pacuí;Obtido pelo GPS ou informado explicitamente;7.889999866485596;33304;Mico/Sagui/Soinho;1;
39142;2023-10-10T09:05:00;MG;São João do Pacuí;Obtido pelo GPS ou informado explicitamente;505.8789978027344;33303;Mico/Sagui/Soinho;1;
39141;2023-10-04T14:35:00;MG;Extrema;Obtido pelo GPS ou informado explicitamente;7.811999797821045;33302;Macaco/Guariba/Bugio/Prego/Guigó;1;
39140;2023-09-29T14:10:00;MG;Andradas;Obtido pelo GPS ou informado explicitamente;3.900000095367432;33301;Macaco/Guariba/Bugio/Prego/Guigó;1;
39136;2023-10-09T14:47:02;SC;Florianópolis;Obtido pelo GPS ou informado explicitamente;;33297;Mico/Sagui/Soinho;1;
39132;2023-10-09T09:07:00;PR;Curitiba;Obtido pelo GPS ou informado explicitamente;0.0;33293;Mico/Sagui/Soinho;1;
39117;2023-09-30T15:45:58;PR;Curitiba;Obtido pelo GPS ou informado explicitamente;0.0;33278;Macaco/Guariba/Bugio/Prego/Guigó;1;
39104;2023-10-03T19:17:00;MG;Carandaí;Coordenadas obtidas a partir do endereço;;33264;Macaco/Guariba/Bugio/Prego/Guigó;1;Normal
39084;2023-10-07T11:13:00;RJ;Rio de Janeiro;Obtido pelo GPS ou informado explicitamente;16.0;33241;Mico/Sagui/Soinho;2;Normal
39070;2023-09-15T12:48:00;MG;São João do Pacuí;Obtido pelo GPS ou informado explicitamente;3200.0;33227;Mico/Sagui/Soinho;1;
39069;2023-09-15T13:08:00;MG;Coração de Jesus;Obtido pelo GPS ou informado explicitamente;2400.0;33226;Mico/Sagui/Soinho;1;
39068;2023-10-06T09:37:00;MG;Janaúba;Obtido pelo GPS ou informado explicitamente;3200.0;33225;Mico/Sagui/Soinho;1;
39065;2023-10-03T14:30:00;MG;Campo Azul;Obtido pelo GPS ou informado explicitamente;35.0;33222;Mico/Sagui/Soinho;1;
39064;2023-10-04T09:15:53;MG;Campo Azul;Obtido pelo GPS ou informado explicitamente;35.0;33221;Mico/Sagui/Soinho;1;
39057;2023-10-04T15:41:21;MG;Jaboticatubas;Obtido pelo GPS ou informado explicitamente;35.0;33214;Mico/Sagui/Soinho;1;
39046;2023-10-02T09:00:00;RN;Natal;Obtido pelo GPS ou informado explicitamente;6.816999912261963;33203;Mico/Sagui/Soinho;1;Doente
39027;2023-09-27T14:49:00;SP;Ilhabela;Obtido pelo GPS ou informado explicitamente;4.0;33184;Macaco/Guariba/Bugio/Prego/Guigó;5;Normal
39026;2023-09-28T14:39:00;RN;Natal;Coordenadas obtidas a partir do endereço;;33183;Mico/Sagui/Soinho;1;Doente
39025;2023-10-06T08:27:00;RJ;Saquarema;Obtido pelo GPS ou informado explicitamente;3.900000095367432;33182;Mico/Sagui/Soinho;1;Normal
39024;2023-10-03T11:00:00;MG;Perdões;Obtido pelo GPS ou informado explicitamente;767.0;33181;Macaco/Guariba/Bugio/Prego/Guigó;1;
39019;2023-10-05T14:16:00;RN;Natal;Obtido pelo GPS ou informado explicitamente;8.11;33176;Mico/Sagui/Soinho;1;
38379;2023-09-22T10:37:00;RN;Natal;Obtido pelo GPS ou informado explicitamente;3.900000095367432;33150;Mico/Sagui/Soinho;1;Normal
38377;2023-09-26T11:40:00;GO;Goiânia;Obtido pelo GPS ou informado explicitamente;0.0;33148;Macaco/Guariba/Bugio/Prego/Guigó;1;
38374;2023-09-25T07:40:00;MG;Guaraciaba;Coordenadas obtidas a partir do endereço;;33145;Macaco/Guariba/Bugio/Prego/Guigó;1;
38373;2023-09-26T10:53:49;MG;Montes Claros;Obtido pelo GPS ou informado explicitamente;1899.9990234375;33144;Mico/Sagui/Soinho;1;
38349;2023-09-15T16:00:00;RS;São Vicente do Sul;Obtido pelo GPS ou informado explicitamente;3.0;33116;Macaco/Guariba/Bugio/Prego/Guigó;1;
38348;2023-09-25T07:44:21;MG;Jaboticatubas;Obtido pelo GPS ou informado explicitamente;35.0;33115;Mico/Sagui/Soinho;2;
38347;2023-09-25T08:35:00;MG;Jaboticatubas;Obtido pelo GPS ou informado explicitamente;35.0;33114;Mico/Sagui/Soinho;1;
38338;2023-08-23T16:00:00;SC;Indaial;Coordenadas obtidas a partir do endereço;;33105;Macaco/Guariba/Bugio/Prego/Guigó;1;
38337;2023-09-24T14:00:00;SC;Indaial;Coordenadas obtidas a partir do endereço;;33104;Macaco/Guariba/Bugio/Prego/Guigó;1;
38336;2023-09-23T18:00:00;SC;Indaial;Coordenadas obtidas a partir do endereço;;33103;Macaco/Guariba/Bugio/Prego/Guigó;1;
38335;2023-09-20T17:30:00;SC;Indaial;Coordenadas obtidas a partir do endereço;;33102;Macaco/Guariba/Bugio/Prego/Guigó;1;
38333;2023-09-25T09:45:35;MG;Contagem;Coordenadas obtidas a partir do endereço;;33100;Mico/Sagui/Soinho;1;
38332;2023-09-25T08:44:48;RN;Natal;Obtido pelo GPS ou informado explicitamente;8.0;33099;Mico/Sagui/Soinho;1;Doente
38331;2023-09-24T16:15:00;SC;Indaial;Coordenadas obtidas a partir do endereço;;33098;Macaco/Guariba/Bugio/Prego/Guigó;1;
38330;2023-09-24T16:14:00;SC;Indaial;Coordenadas obtidas a partir do endereço;;33097;Macaco/Guariba/Bugio/Prego/Guigó;2;
38318;2023-09-21T08:31:00;AC;Mâncio Lima;Obtido pelo GPS ou informado explicitamente;10.0;33084;Macaco/Guariba/Bugio/Prego/Guigó;1;Normal
38294;2023-09-22T07:29:00;MG;Ubaí;Obtido pelo GPS ou informado explicitamente;10.720000267028809;33060;Mico/Sagui/Soinho;1;
38293;2023-09-22T06:53:00;MG;Ubaí;Obtido pelo GPS ou informado explicitamente;4.288000106811523;33059;Mico/Sagui/Soinho;1;
38292;2023-09-22T07:22:00;MG;Ubaí;Obtido pelo GPS ou informado explicitamente;18.224000930786133;33058;Mico/Sagui/Soinho;1;
38291;2023-09-22T08:50:28;MG;Francisco Dumont;Obtido pelo GPS ou informado explicitamente;11.116000175476074;33057;Mico/Sagui/Soinho;1;
38284;2023-09-21T15:53:04;SC;Florianópolis;Obtido pelo GPS ou informado explicitamente;;33050;Mico/Sagui/Soinho;1;
38277;2023-09-21T10:17:34;MG;Jaboticatubas;Obtido pelo GPS ou informado explicitamente;9.46;33043;Mico/Sagui/Soinho;1;
38247;2023-09-21T10:36:49;MG;Ijaci;Coordenadas obtidas a partir do endereço;;33006;Mico/Sagui/Soinho;1;
38246;2023-09-21T10:17:34;MG;Jaboticatubas;Obtido pelo GPS ou informado explicitamente;9.46;33005;Mico/Sagui/Soinho;1;
38242;2023-09-20T17:57:00;MG;Bandeira do Sul;Obtido pelo GPS ou informado explicitamente;950.0;33001;Macaco/Guariba/Bugio/Prego/Guigó;1;
38238;2023-08-16T17:15:00;MG;Verdelândia;Obtido pelo GPS ou informado explicitamente;13.800000190734863;32996;Mico/Sagui/Soinho;1;
38237;2023-09-16T08:14:00;PB;Sumé;Coordenadas obtidas a partir do endereço;;32995;Mico/Sagui/Soinho;6;Estranho
38235;2023-09-18T16:25:00;MG;Nova Porteirinha;Obtido pelo GPS ou informado explicitamente;4.400000095367432;32993;Mico/Sagui/Soinho;1;
38232;2023-09-20T08:53:00;MG;Ubaí;Obtido pelo GPS ou informado explicitamente;18.224000930786133;32990;Mico/Sagui/Soinho;1;
38231;2023-09-20T09:11:00;MG;Ubaí;Obtido pelo GPS ou informado explicitamente;18.224000930786133;32989;Mico/Sagui/Soinho;1;Doente
38230;2023-09-05T13:59:00;MG;Ubaí;Obtido pelo GPS ou informado explicitamente;6.432000160217285;32988;Macaco/Guariba/Bugio/Prego/Guigó;1;
38228;2023-09-20T08:20:00;RN;Macaíba;Obtido pelo GPS ou informado explicitamente;0.0;32986;Mico/Sagui/Soinho;1;Estranho
38224;2023-09-20T08:07:39;MG;Montes Claros;Obtido pelo GPS ou informado explicitamente;30.827999114990234;32982;Mico/Sagui/Soinho;1;
38221;2023-09-19T22:28:49;AC;Acrelândia;Coordenadas obtidas a partir do endereço;;32979;Macaco/Guariba/Bugio/Prego/Guigó;1;
38215;2023-09-19T09:03:00;MG;Montes Claros;Obtido pelo GPS ou informado explicitamente;30.690000534057617;32973;Mico/Sagui/Soinho;1;
38213;2023-09-19T08:17:00;MG;Mantena;Coordenadas obtidas a partir do endereço;;32971;Mico/Sagui/Soinho;3;Normal
38210;2023-09-19T15:19:35;MG;Montes Claros;Obtido pelo GPS ou informado explicitamente;3299.9990234375;32968;Mico/Sagui/Soinho;3;
38183;2023-09-18T13:35:00;MG;Montes Claros;Coordenadas obtidas a partir do endereço;;32940;Mico/Sagui/Soinho;1;Doente
38182;2023-09-18T15:30:32;RS;Camaquã;Obtido pelo GPS ou informado explicitamente;899.9990234375;32939;Macaco/Guariba/Bugio/Prego/Guigó;1;
38181;2023-08-23T15:00:00;RS;Santo Antônio das Missões;Obtido pelo GPS ou informado explicitamente;0.0;32938;Macaco/Guariba/Bugio/Prego/Guigó;1;
38180;2023-06-01T13:30:00;RS;Santo Antônio das Missões;Obtido pelo GPS ou informado explicitamente;0.0;32937;Macaco/Guariba/Bugio/Prego/Guigó;1;
38175;2022-02-01T13:18:52;RN;Natal;Obtido pelo GPS ou informado explicitamente;;32932;Mico/Sagui/Soinho;1;
38174;2022-04-20T12:55:05;RN;Natal;Obtido pelo GPS ou informado explicitamente;;32931;Mico/Sagui/Soinho;1;
38173;2022-04-18T12:33:28;RN;Natal;Obtido pelo GPS ou informado explicitamente;;32930;Mico/Sagui/Soinho;1;
38168;2022-05-03T12:07:16;RN;Parnamirim;Coordenadas obtidas a partir do endereço;;32925;Mico/Sagui/Soinho;1;
38163;2023-09-17T11:39:00;BA;Camaçari;Obtido pelo GPS ou informado explicitamente;0.0;32920;Mico/Sagui/Soinho;1;
38162;2022-01-10T11:52:51;RN;Natal;Obtido pelo GPS ou informado explicitamente;;32919;Mico/Sagui/Soinho;1;
38160;2023-09-18T11:47:59;BA;Camaçari;Obtido pelo GPS ou informado explicitamente;6.478000164031982;32917;Mico/Sagui/Soinho;2;
38159;2022-01-10T11:32:58;RN;Natal;Obtido pelo GPS ou informado explicitamente;;32916;Mico/Sagui/Soinho;1;
38158;2022-01-05T11:03:17;RN;Natal;Obtido pelo GPS ou informado explicitamente;;32915;Mico/Sagui/Soinho;1;
38156;2023-09-18T08:40:59;PB;João Pessoa;Obtido pelo GPS ou informado explicitamente;19.46;32913;Macaco/Guariba/Bugio/Prego/Guigó;1;Normal
38155;2023-09-18T08:38:03;PB;João Pessoa;Obtido pelo GPS ou informado explicitamente;19.46;32912;Mico/Sagui/Soinho;4;Normal
38143;2023-09-17T10:58:10;MG;Juiz de Fora;Obtido pelo GPS ou informado explicitamente;4.573448657989502;32900;Mico/Sagui/Soinho;1;
38135;2023-09-16T15:45:00;PI;Altos;Obtido pelo GPS ou informado explicitamente;20.50200080871582;32892;Macaco/Guariba/Bugio/Prego/Guigó;2;Normal
38126;2023-09-16T10:22:00;SP;Morungaba;Obtido pelo GPS ou informado explicitamente;4.74;32883;Mico/Sagui/Soinho;2;Normal
38124;2023-09-15T10:54:00;PR;Curitiba;Obtido pelo GPS ou informado explicitamente;0.0;32881;Mico/Sagui/Soinho;1;
38123;2023-09-15T10:20:57;MG;Montes Claros;Obtido pelo GPS ou informado explicitamente;14.0;32880;Mico/Sagui/Soinho;1;
38121;2023-08-14T08:49:18;PR;Londrina;Coordenadas obtidas a partir do endereço;;32878;Macaco/Guariba/Bugio/Prego/Guigó;1;
38120;2023-08-14T08:36:41;PR;Londrina;Coordenadas obtidas a partir do endereço;;32877;Macaco/Guariba/Bugio/Prego/Guigó;3;
38116;2023-09-14T14:30:00;MG;Campo Azul;Coordenadas obtidas a partir do endereço;;32873;Mico/Sagui/Soinho;1;
38111;2023-09-06T12:59:00;MG;Coração de Jesus;Obtido pelo GPS ou informado explicitamente;81.877;32868;Mico/Sagui/Soinho;1;
38110;2023-09-14T16:09:00;MG;São Francisco;Obtido pelo GPS ou informado explicitamente;6.432000160217285;32867;Mico/Sagui/Soinho;1;
38109;2023-09-14T15:34:06;MG;São Francisco;Obtido pelo GPS ou informado explicitamente;3299.9990234375;32866;Mico/Sagui/Soinho;1;
38102;2023-09-14T14:46:32;MG;Montes Claros;Obtido pelo GPS ou informado explicitamente;183.3000030517578;32859;Mico/Sagui/Soinho;1;Doente
38101;2023-09-13T14:17:00;GO;Goiânia;Obtido pelo GPS ou informado explicitamente;0.0;32858;Mico/Sagui/Soinho;1;
38097;2023-09-14T09:42:03;MG;São Francisco;Obtido pelo GPS ou informado explicitamente;13.93600082397461;32853;Mico/Sagui/Soinho;1;
38096;2023-09-14T08:35:58;TO;Piraquê;Obtido pelo GPS ou informado explicitamente;3.900000095367432;32852;Macaco/Guariba/Bugio/Prego/Guigó;1;
38095;2023-09-14T08:57:00;RJ;Rio de Janeiro;Obtido pelo GPS ou informado explicitamente;8.0;32851;Mico/Sagui/Soinho;7;Normal
38073;2023-09-12T08:43:25;MG;Montes Claros;Obtido pelo GPS ou informado explicitamente;37.0;32829;Mico/Sagui/Soinho;2;
38069;2023-09-12T12:47:00;MG;Uberaba;Obtido pelo GPS ou informado explicitamente;12.63599967956543;32825;Mico/Sagui/Soinho;1;
38065;2023-09-12T11:02:00;TO;Piraquê;Obtido pelo GPS ou informado explicitamente;34.400001525878906;32821;Macaco/Guariba/Bugio/Prego/Guigó;1;
38064;2023-09-12T09:28:33;RN;Natal;Coordenadas obtidas a partir do endereço;;32820;Mico/Sagui/Soinho;1;
38062;2023-09-12T09:16:21;RN;Natal;Coordenadas obtidas a partir do endereço;;32818;Mico/Sagui/Soinho;1;
38050;2023-09-09T10:30:00;MG;Santa Helena de Minas;Obtido pelo GPS ou informado explicitamente;1.75;32806;Mico/Sagui/Soinho;1;
38049;2023-09-06T04:00:00;MG;Varginha;Obtido pelo GPS ou informado explicitamente;5.142000198364258;32805;Mico/Sagui/Soinho;1;
38025;2023-09-09T14:16:00;RN;Natal;Obtido pelo GPS ou informado explicitamente;14.640999794006348;32781;Mico/Sagui/Soinho;1;Doente
38011;2023-09-06T15:20:00;SC;Planalto Alegre;Obtido pelo GPS ou informado explicitamente;478.9779968261719;32767;Macaco/Guariba/Bugio/Prego/Guigó;1;
38010;2023-08-31T14:51:00;RS;Agudo;Obtido pelo GPS ou informado explicitamente;0.0;32766;Macaco/Guariba/Bugio/Prego/Guigó;1;
38009;2023-09-06T14:32:00;RS;Restinga Seca;Obtido pelo GPS ou informado explicitamente;0.0;32765;Macaco/Guariba/Bugio/Prego/Guigó;1;
38002;2023-09-05T17:15:00;MG;Cataguases;Obtido pelo GPS ou informado explicitamente;0.0;32758;Mico/Sagui/Soinho;1;Estranho
37993;2023-09-04T17:10:00;MG;Montes Claros;Obtido pelo GPS ou informado explicitamente;0.0;32749;Mico/Sagui/Soinho;1;
37989;2023-09-05T11:51:00;MG;São João do Pacuí;Obtido pelo GPS ou informado explicitamente;8.67199993133545;32745;Mico/Sagui/Soinho;1;
37987;2023-08-31T10:53:00;RN;Parnamirim;Coordenadas obtidas a partir do endereço;;32743;Mico/Sagui/Soinho;1;Doente
37986;2023-09-05T09:46:00;MG;São Francisco;Obtido pelo GPS ou informado explicitamente;7.504000186920166;32742;Mico/Sagui/Soinho;1;
37979;2023-09-03T15:57:00;RJ;Guapimirim;Obtido pelo GPS ou informado explicitamente;0.0;32735;Macaco/Guariba/Bugio/Prego/Guigó;1;Estranho
37978;2023-09-04T13:47:03;PR;Tijucas do Sul;Obtido pelo GPS ou informado explicitamente;4.35;32734;Macaco/Guariba/Bugio/Prego/Guigó;1;
37976;2023-08-29T14:35:00;SP;Campinas;Coordenadas obtidas a partir do endereço;;32732;Macaco/Guariba/Bugio/Prego/Guigó;1;
37974;2023-09-04T10:47:00;RN;Natal;Coordenadas obtidas a partir do endereço;;32730;Mico/Sagui/Soinho;1;Doente
37972;2023-09-04T10:39:48;MG;Montes Claros;Obtido pelo GPS ou informado explicitamente;110.0;32728;Mico/Sagui/Soinho;2;
37970;2023-09-04T09:51:05;MG;Montes Claros;Obtido pelo GPS ou informado explicitamente;28.21999931335449;32726;Mico/Sagui/Soinho;2;
37969;2023-09-01T09:41:00;MG;Teófilo Otoni;Obtido pelo GPS ou informado explicitamente;72.9000015258789;32725;Mico/Sagui/Soinho;1;
37957;2023-08-22T12:43:00;MG;São João do Pacuí;Obtido pelo GPS ou informado explicitamente;1225.4;32713;Mico/Sagui/Soinho;1;
37949;2023-09-01T15:19:33;SC;Florianópolis;Obtido pelo GPS ou informado explicitamente;;32705;Mico/Sagui/Soinho;1;
37948;2023-09-01T15:08:06;SP;Iporanga;Obtido pelo GPS ou informado explicitamente;;32704;Mico/Sagui/Soinho;1;
37940;2023-09-01T14:43:19;TO;Pium;Coordenadas obtidas a partir do endereço;;32696;Macaco/Guariba/Bugio/Prego/Guigó;1;Doente
37889;2023-09-01T11:20:10;MG;Francisco Sá;Obtido pelo GPS ou informado explicitamente;4000.0;32634;Mico/Sagui/Soinho;1;
37886;2023-09-01T07:16:02;MT;Cuiabá;Obtido pelo GPS ou informado explicitamente;35.0;32631;Mico/Sagui/Soinho;4;Normal
37882;2023-08-31T15:12:29;RN;Natal;Coordenadas obtidas a partir do endereço;;32627;Mico/Sagui/Soinho;1;Doente
37881;2023-08-31T14:16:00;GO;Goiânia;Obtido pelo GPS ou informado explicitamente;24.23900032043457;32626;Macaco/Guariba/Bugio/Prego/Guigó;1;
37880;2023-08-31T14:17:40;MT;Santa Cruz do Xingu;Obtido pelo GPS ou informado explicitamente;;32625;Macaco/Guariba/Bugio/Prego/Guigó;1;Doente
37878;2023-08-30T13:45:00;SC;Florianópolis;Obtido pelo GPS ou informado explicitamente;0.0;32623;Mico/Sagui/Soinho;1;
37820;2023-08-21T16:01:52;MG;Montes Claros;Obtido pelo GPS ou informado explicitamente;23.0;32550;Mico/Sagui/Soinho;1;
37818;2023-08-31T07:51:39;MG;Montes Claros;Obtido pelo GPS ou informado explicitamente;18.0;32548;Mico/Sagui/Soinho;1;
37815;2023-08-30T13:39:00;MG;Montes Claros;Obtido pelo GPS ou informado explicitamente;0.0;32545;Mico/Sagui/Soinho;1;
37812;2023-08-30T14:20:57;TO;Conceição do Tocantins;Coordenadas obtidas a partir do endereço;;32542;Macaco/Guariba/Bugio/Prego/Guigó;1;
37811;2023-08-30T08:50:52;MG;Montes Claros;Obtido pelo GPS ou informado explicitamente;4.099999904632568;32541;Mico/Sagui/Soinho;1;
37768;2023-08-30T09:50:28;MG;Joanésia;Coordenadas obtidas a partir do endereço;;32488;Mico/Sagui/Soinho;1;
37744;2023-08-28T09:29:09;PR;Maringá;Coordenadas obtidas a partir do endereço;;32463;Macaco/Guariba/Bugio/Prego/Guigó;1;
37742;2023-08-28T08:47:24;RN;Natal;Obtido pelo GPS ou informado explicitamente;56.09999847412109;32461;Mico/Sagui/Soinho;1;
37739;2023-08-26T11:00:00;RN;Natal;Obtido pelo GPS ou informado explicitamente;0.0;32458;Mico/Sagui/Soinho;1;Doente
37738;2023-08-25T09:50:00;MG;Montes Claros;Obtido pelo GPS ou informado explicitamente;0.0;32457;Mico/Sagui/Soinho;1;
37733;2023-08-26T16:21:00;CE;Caucaia;Obtido pelo GPS ou informado explicitamente;3.970999956130981;32452;Mico/Sagui/Soinho;2;Normal
37731;2023-08-25T14:06:12;MG;Montes Claros;Obtido pelo GPS ou informado explicitamente;3000.0;32450;Mico/Sagui/Soinho;1;Doente
37730;2023-08-26T10:07:00;MG;Malacacheta;Coordenadas obtidas a partir do endereço;;32449;Mico/Sagui/Soinho;1;
37728;2023-08-25T22:20:00;SP;Campinas;Coordenadas obtidas a partir do endereço;;32447;Mico/Sagui/Soinho;1;
37722;2023-08-25T13:42:17;SC;Florianópolis;Obtido pelo GPS ou informado explicitamente;;32441;Macaco/Guariba/Bugio/Prego/Guigó;1;
37720;2023-08-25T10:52:09;MG;Montes Claros;Obtido pelo GPS ou informado explicitamente;3.683000087738037;32439;Mico/Sagui/Soinho;1;Estranho
37713;2023-08-24T07:00:00;PR;Cascavel;Obtido pelo GPS ou informado explicitamente;0.0;32432;Macaco/Guariba/Bugio/Prego/Guigó;1;
37711;2023-08-24T09:38:00;MG;Montes Claros;Obtido pelo GPS ou informado explicitamente;3.200000047683716;32430;Mico/Sagui/Soinho;1;
37710;2023-08-20T12:50:00;PR;Siqueira Campos;Obtido pelo GPS ou informado explicitamente;;32429;Macaco/Guariba/Bugio/Prego/Guigó;1;
37709;2023-08-23T09:57:52;SP;Bom Sucesso de Itararé;Obtido pelo GPS ou informado explicitamente;1100.0;32428;Macaco/Guariba/Bugio/Prego/Guigó;1;
37706;2023-08-23T14:30:00;PR;Laranjal;Obtido pelo GPS ou informado explicitamente;43.2016487121582;32425;Macaco/Guariba/Bugio/Prego/Guigó;1;
37704;2023-08-23T10:41:00;RS;Mata;Obtido pelo GPS ou informado explicitamente;0.0;32423;Macaco/Guariba/Bugio/Prego/Guigó;1;
37689;2023-08-23T08:58:53;MG;Montes Claros;Obtido pelo GPS ou informado explicitamente;21.85400009155273;32408;Mico/Sagui/Soinho;1;Doente
37684;2023-08-22T15:42:49;SC;Florianópolis;Obtido pelo GPS ou informado explicitamente;;32403;Mico/Sagui/Soinho;1;
37683;2023-08-22T15:05:00;GO;Goiânia;Obtido pelo GPS ou informado explicitamente;0.0;32402;Mico/Sagui/Soinho;1;
37682;2023-08-22T15:00:00;GO;Goiânia;Obtido pelo GPS ou informado explicitamente;0.0;32401;Mico/Sagui/Soinho;1;
37681;2023-08-21T14:48:00;GO;Goiânia;Obtido pelo GPS ou informado explicitamente;0.0;32400;Macaco/Guariba/Bugio/Prego/Guigó;1;
37679;2023-08-21T00:12:00;RJ;Maricá;Obtido pelo GPS ou informado explicitamente;26.399999618530277;32398;Mico/Sagui/Soinho;1;Normal
37674;2023-08-22T08:27:12;MG;Montes Claros;Obtido pelo GPS ou informado explicitamente;3.900000095367432;32393;Mico/Sagui/Soinho;1;Doente
37659;2023-08-19T14:00:00;PR;Fernandes Pinheiro;Obtido pelo GPS ou informado explicitamente;2400.0;32377;Macaco/Guariba/Bugio/Prego/Guigó;1;
37657;2023-08-21T15:00:00;MG;Uberaba;Obtido pelo GPS ou informado explicitamente;281.0400085449219;32375;Mico/Sagui/Soinho;1;
37656;2023-08-21T14:58:34;MG;Montes Claros;Obtido pelo GPS ou informado explicitamente;17.04599952697754;32374;Mico/Sagui/Soinho;1;Doente
37654;2023-08-21T14:25:12;SC;Florianópolis;Coordenadas obtidas a partir do endereço;;32372;Mico/Sagui/Soinho;1;
37648;2023-08-18T11:14:00;PR;Curitiba;Obtido pelo GPS ou informado explicitamente;0.0;32366;Mico/Sagui/Soinho;1;
37647;2023-08-18T10:59:00;PR;Curitiba;Obtido pelo GPS ou informado explicitamente;0.0;32365;Mico/Sagui/Soinho;1;
37646;2023-08-21T07:54:15;MG;Montes Claros;Obtido pelo GPS ou informado explicitamente;3.4;32364;Mico/Sagui/Soinho;1;Estranho
37627;2023-08-19T02:00:00;SC;Garuva;Obtido pelo GPS ou informado explicitamente;0.0;32343;Macaco/Guariba/Bugio/Prego/Guigó;1;
37616;2023-08-18T15:38:00;MG;Montes Claros;Obtido pelo GPS ou informado explicitamente;0.0;32331;Mico/Sagui/Soinho;2;
37609;2023-08-18T10:34:36;MG;Montes Claros;Obtido pelo GPS ou informado explicitamente;25.91399955749512;32324;Mico/Sagui/Soinho;1;
37608;2023-08-15T09:45:59;MG;Janaúba;Obtido pelo GPS ou informado explicitamente;10.199999809265137;32323;Mico/Sagui/Soinho;1;
37592;2023-08-14T10:10:00;PI;Altos;Obtido pelo GPS ou informado explicitamente;3000.0;32306;Macaco/Guariba/Bugio/Prego/Guigó;2;Normal
37591;2023-08-17T15:00:00;GO;Goiânia;Coordenadas obtidas a partir do endereço;;32305;Mico/Sagui/Soinho;1;
37590;2023-08-17T13:43:01;MG;Riachinho;Obtido pelo GPS ou informado explicitamente;3799.9990234375;32304;Macaco/Guariba/Bugio/Prego/Guigó;1;
37587;2023-08-16T16:49:00;GO;Goiânia;Obtido pelo GPS ou informado explicitamente;0.0;32301;Mico/Sagui/Soinho;1;
37585;2023-08-16T08:28:30;MG;Braúnas;Coordenadas obtidas a partir do endereço;;32299;Mico/Sagui/Soinho;1;
37583;2023-08-16T14:18:43;MG;Montes Claros;Obtido pelo GPS ou informado explicitamente;31.70400047302246;32297;Mico/Sagui/Soinho;3;Doente
37581;2023-08-16T13:47:44;RN;Natal;Coordenadas obtidas a partir do endereço;;32295;Mico/Sagui/Soinho;1;
37580;2023-08-16T13:37:00;RN;Natal;Coordenadas obtidas a partir do endereço;;32294;Mico/Sagui/Soinho;1;
37572;2023-08-16T10:54:00;PR;Cascavel;Obtido pelo GPS ou informado explicitamente;0.0;32286;Macaco/Guariba/Bugio/Prego/Guigó;1;
37571;2023-08-09T12:11:00;MG;Jaboticatubas;Obtido pelo GPS ou informado explicitamente;4.76;32285;Mico/Sagui/Soinho;1;
37570;2023-08-16T08:21:00;MG;Riachinho;Obtido pelo GPS ou informado explicitamente;2799.9990234375;32284;Macaco/Guariba/Bugio/Prego/Guigó;1;
37569;2023-08-15T10:00:00;PR;Cascavel;Obtido pelo GPS ou informado explicitamente;0.0;32283;Mico/Sagui/Soinho;1;
37565;2023-08-11T15:30:00;MG;Montes Claros;Obtido pelo GPS ou informado explicitamente;0.0;32279;Mico/Sagui/Soinho;2;
37564;2023-08-15T07:59:00;MG;Nova Porteirinha;Obtido pelo GPS ou informado explicitamente;3400.0;32278;Mico/Sagui/Soinho;1;
37562;2023-08-12T17:21:00;MG;Montes Claros;Obtido pelo GPS ou informado explicitamente;0.0;32276;Mico/Sagui/Soinho;1;
37561;2023-08-14T15:24:28;MG;Montes Claros;Obtido pelo GPS ou informado explicitamente;27.0;32275;Mico/Sagui/Soinho;1;
37560;2023-08-14T14:10:35;MG;Juramento;Obtido pelo GPS ou informado explicitamente;1700.0;32274;Mico/Sagui/Soinho;1;
37558;2023-08-10T17:21:08;MG;Lagoa dos Patos;Obtido pelo GPS ou informado explicitamente;64.64700317382812;32272;Mico/Sagui/Soinho;1;
37553;2023-08-14T15:55:11;MG;Montes Claros;Obtido pelo GPS ou informado explicitamente;3099.9990234375;32267;Mico/Sagui/Soinho;1;
37552;2023-08-14T15:24:28;MG;Montes Claros;Obtido pelo GPS ou informado explicitamente;27.0;32266;Mico/Sagui/Soinho;1;
37551;2023-08-14T14:59:17;MG;Montes Claros;Obtido pelo GPS ou informado explicitamente;14.678999900817873;32265;Mico/Sagui/Soinho;1;
37549;2023-08-13T11:15:00;RN;Natal;Obtido pelo GPS ou informado explicitamente;0.0;32263;Mico/Sagui/Soinho;1;Doente
37547;2023-08-13T17:20:00;PR;Londrina;Obtido pelo GPS ou informado explicitamente;0.0;32261;Macaco/Guariba/Bugio/Prego/Guigó;3;
37544;2023-02-21T13:44:00;MG;São João da Lagoa;Obtido pelo GPS ou informado explicitamente;0.0;32257;Mico/Sagui/Soinho;1;
37536;2023-08-11T08:38:00;MG;Teófilo Otoni;Obtido pelo GPS ou informado explicitamente;28.714000701904297;32249;Mico/Sagui/Soinho;1;Doente
37535;2023-08-11T14:16:00;RN;São Miguel;Obtido pelo GPS ou informado explicitamente;61.72800064086914;32248;Mico/Sagui/Soinho;1;
37534;2023-08-11T14:09:00;MG;Montes Claros;Obtido pelo GPS ou informado explicitamente;25.27400016784668;32247;Mico/Sagui/Soinho;1;
37531;2023-05-21T14:34:00;SP;Santo André;Obtido pelo GPS ou informado explicitamente;3.900000095367432;32244;Mico/Sagui/Soinho;8;Normal
37526;2023-08-10T16:13:00;MG;São Francisco;Obtido pelo GPS ou informado explicitamente;3.2160000801086426;32238;Mico/Sagui/Soinho;1;
37508;2023-08-10T09:46:55;MG;Montes Claros;Obtido pelo GPS ou informado explicitamente;45.59999847412109;32220;Mico/Sagui/Soinho;1;Doente
37507;2023-08-10T09:20:22;RN;Natal;Obtido pelo GPS ou informado explicitamente;4.9079999923706055;32219;Mico/Sagui/Soinho;1;Doente
37499;2023-08-08T16:40:00;BA;Ilhéus;Coordenadas obtidas a partir do endereço;;32211;Mico/Sagui/Soinho;1;
37498;2023-08-08T15:26:57;MG;Jaboticatubas;Obtido pelo GPS ou informado explicitamente;4.89;32210;Mico/Sagui/Soinho;1;
37497;2023-08-08T14:30:00;RS;Itaara;Obtido pelo GPS ou informado explicitamente;0.0;32209;Macaco/Guariba/Bugio/Prego/Guigó;2;
37496;2023-08-08T15:04:33;MG;Montes Claros;Obtido pelo GPS ou informado explicitamente;22.051000595092773;32208;Mico/Sagui/Soinho;1;
37494;2023-08-07T09:03:00;SC;Ituporanga;Obtido pelo GPS ou informado explicitamente;0.0;32206;Macaco/Guariba/Bugio/Prego/Guigó;1;
37490;2023-08-07T13:03:00;PR;Curitiba;Obtido pelo GPS ou informado explicitamente;24.11;32202;Mico/Sagui/Soinho;1;
37489;2023-08-07T14:48:21;RN;Natal;Coordenadas obtidas a partir do endereço;;32201;Mico/Sagui/Soinho;1;
37481;2023-08-06T11:00:00;SP;Águas da Prata;Coordenadas obtidas a partir do endereço;;32193;Macaco/Guariba/Bugio/Prego/Guigó;10;Normal
37467;2023-08-05T13:55:00;SC;Mondaí;Obtido pelo GPS ou informado explicitamente;36.84999847412109;32179;Macaco/Guariba/Bugio/Prego/Guigó;1;
37461;2023-07-29T11:35:51;PI;São Braz do Piauí;Obtido pelo GPS ou informado explicitamente;13.17199993133545;32173;Macaco/Guariba/Bugio/Prego/Guigó;20;
37458;2023-08-04T16:00:29;MG;Montes Claros;Obtido pelo GPS ou informado explicitamente;128.8990020751953;32169;Mico/Sagui/Soinho;1;Doente
37452;2023-08-04T14:06:11;MG;Montes Claros;Obtido pelo GPS ou informado explicitamente;31.190000534057617;32163;Mico/Sagui/Soinho;1;
37450;2023-08-01T11:31:08;SP;;Obtido pelo GPS ou informado explicitamente;4.78;32161;Mico/Sagui/Soinho;1;
37448;2023-08-04T10:39:51;MG;Contagem;Coordenadas obtidas a partir do endereço;;32158;Mico/Sagui/Soinho;1;
37442;2023-08-03T15:16:35;MG;Montes Claros;Obtido pelo GPS ou informado explicitamente;1.9160000085830688;32152;Mico/Sagui/Soinho;2;
37439;2023-08-01T15:30:00;SP;Morungaba;Obtido pelo GPS ou informado explicitamente;792.0;32149;Mico/Sagui/Soinho;1;
37438;2023-08-03T11:14:04;TO;Peixe;Obtido pelo GPS ou informado explicitamente;50.0;32148;Macaco/Guariba/Bugio/Prego/Guigó;1;Doente
37436;2023-07-28T14:33:00;BA;Amélia Rodrigues;Coordenadas obtidas a partir do endereço;;32146;Mico/Sagui/Soinho;1;
37435;2023-08-03T08:19:00;MG;Monte Formoso;Obtido pelo GPS ou informado explicitamente;4500.0;32145;Macaco/Guariba/Bugio/Prego/Guigó;1;
37434;2023-08-02T16:10:00;SP;Campinas;Coordenadas obtidas a partir do endereço;;32144;Mico/Sagui/Soinho;1;
37432;2023-08-02T14:49:10;BA;Ilhéus;Obtido pelo GPS ou informado explicitamente;59.33100128173828;32142;Mico/Sagui/Soinho;1;
37431;2023-08-02T15:10:59;MG;Montes Claros;Obtido pelo GPS ou informado explicitamente;44.68899917602539;32141;Mico/Sagui/Soinho;1;
37430;2023-08-02T14:21:40;MG;Montes Claros;Obtido pelo GPS ou informado explicitamente;1799.9990234375;32140;Mico/Sagui/Soinho;1;Doente
37421;2023-08-01T16:07:00;MG;Montes Claros;Obtido pelo GPS ou informado explicitamente;0.0;32131;Mico/Sagui/Soinho;1;
37420;2023-08-02T06:59:07;MT;;Obtido pelo GPS ou informado explicitamente;35.0;32130;Macaco/Guariba/Bugio/Prego/Guigó;8;Normal
37413;2023-08-01T16:16:00;MG;São Francisco;Coordenadas obtidas a partir do endereço;;32123;Mico/Sagui/Soinho;1;
37411;2023-08-01T15:41:59;MG;São Francisco;Obtido pelo GPS ou informado explicitamente;48.900001525878906;32121;Mico/Sagui/Soinho;1;
37410;2023-07-31T15:29:14;MG;Montes Claros;Obtido pelo GPS ou informado explicitamente;29.0;32120;Mico/Sagui/Soinho;1;Doente
37409;2023-07-31T14:07:39;MG;Montes Claros;Obtido pelo GPS ou informado explicitamente;56.09999847412109;32119;Mico/Sagui/Soinho;1;
37401;2023-08-01T14:44:00;MG;Montes Claros;Coordenadas obtidas a partir do endereço;;32111;Mico/Sagui/Soinho;1;
37389;2023-08-01T10:31:00;SP;Atibaia;Obtido pelo GPS ou informado explicitamente;6.495999813079834;32099;Mico/Sagui/Soinho;1;Estranho
37388;2023-07-31T15:35:00;MG;Montes Claros;Obtido pelo GPS ou informado explicitamente;7.7129998207092285;32098;Mico/Sagui/Soinho;1;
37380;2023-07-31T15:03:03;RJ;Rio de Janeiro;Obtido pelo GPS ou informado explicitamente;3.8450000286102295;32089;Mico/Sagui/Soinho;1;Normal
37378;2023-07-31T14:07:39;MG;Montes Claros;Obtido pelo GPS ou informado explicitamente;56.09999847412109;32087;Mico/Sagui/Soinho;1;
37372;2023-07-31T07:36:00;MG;Montes Claros;Obtido pelo GPS ou informado explicitamente;0.0;32081;Mico/Sagui/Soinho;1;Doente
37371;2023-07-28T07:11:00;MG;Luislândia;Coordenadas obtidas a partir do endereço;;32080;Mico/Sagui/Soinho;1;
37361;2023-07-30T11:54:00;RJ;Petrópolis;Obtido pelo GPS ou informado explicitamente;92.9000015258789;32070;Mico/Sagui/Soinho;2;Normal
37355;2023-07-29T16:31:00;CE;Caucaia;Obtido pelo GPS ou informado explicitamente;4.048999786376953;32064;Mico/Sagui/Soinho;1;Normal
37354;2023-07-29T11:50:00;MG;Montes Claros;Obtido pelo GPS ou informado explicitamente;19.715999603271484;32063;Mico/Sagui/Soinho;1;Normal
37351;2023-07-02T14:03:00;RJ;Santa Maria Madalena;Obtido pelo GPS ou informado explicitamente;0.0;32060;Mico/Sagui/Soinho;1;
37349;2023-07-28T10:41:00;PR;Curitiba;Obtido pelo GPS ou informado explicitamente;0.0;32058;Macaco/Guariba/Bugio/Prego/Guigó;1;
37348;2023-07-28T14:55:00;SP;Campinas;Coordenadas obtidas a partir do endereço;;32057;Macaco/Guariba/Bugio/Prego/Guigó;1;
37346;2023-02-09T15:45:00;GO;Aragoiânia;Obtido pelo GPS ou informado explicitamente;0.0;32055;Macaco/Guariba/Bugio/Prego/Guigó;1;
37345;2023-02-13T15:40:00;GO;Ceres;Obtido pelo GPS ou informado explicitamente;0.0;32054;Mico/Sagui/Soinho;1;
37344;2023-04-20T15:30:00;GO;Goiás;Obtido pelo GPS ou informado explicitamente;0.0;32053;Mico/Sagui/Soinho;2;
37343;2023-06-15T15:23:00;GO;Rio Verde;Obtido pelo GPS ou informado explicitamente;0.0;32052;Mico/Sagui/Soinho;1;
37342;2023-06-20T15:19:00;GO;São Luís de Montes Belos;Obtido pelo GPS ou informado explicitamente;0.0;32051;Macaco/Guariba/Bugio/Prego/Guigó;1;
37341;2023-05-31T15:00:00;GO;Goiânia;Obtido pelo GPS ou informado explicitamente;0.0;32050;Mico/Sagui/Soinho;1;
37340;2023-06-12T14:56:00;GO;Goiânia;Obtido pelo GPS ou informado explicitamente;0.0;32049;Mico/Sagui/Soinho;1;
37339;2023-06-12T14:49:00;GO;Goiânia;Obtido pelo GPS ou informado explicitamente;0.0;32048;Mico/Sagui/Soinho;1;
37338;2023-06-13T14:44:00;GO;Goiânia;Obtido pelo GPS ou informado explicitamente;0.0;32047;Mico/Sagui/Soinho;1;
37337;2023-06-13T14:23:00;GO;Goiânia;Obtido pelo GPS ou informado explicitamente;0.0;32046;Mico/Sagui/Soinho;1;
37336;2023-06-20T14:18:00;GO;Goiânia;Obtido pelo GPS ou informado explicitamente;0.0;32045;Macaco/Guariba/Bugio/Prego/Guigó;1;
37335;2023-06-22T14:14:00;GO;Goiânia;Obtido pelo GPS ou informado explicitamente;0.0;32044;Mico/Sagui/Soinho;1;
37334;2023-06-26T14:11:00;GO;Goiânia;Obtido pelo GPS ou informado explicitamente;0.0;32043;Mico/Sagui/Soinho;1;
37333;2023-06-27T14:08:00;GO;Goiânia;Obtido pelo GPS ou informado explicitamente;0.0;32042;Mico/Sagui/Soinho;1;
37332;2023-07-10T14:05:00;GO;Goiânia;Obtido pelo GPS ou informado explicitamente;0.0;32041;Mico/Sagui/Soinho;1;
37331;2023-07-13T13:58:00;GO;Goiânia;Obtido pelo GPS ou informado explicitamente;0.0;32040;Macaco/Guariba/Bugio/Prego/Guigó;1;
37330;2023-07-19T13:55:00;GO;Goiânia;Obtido pelo GPS ou informado explicitamente;0.0;32039;Mico/Sagui/Soinho;1;
37329;2023-07-20T13:52:00;GO;Goiânia;Obtido pelo GPS ou informado explicitamente;0.0;32038;Macaco/Guariba/Bugio/Prego/Guigó;1;
37328;2023-07-19T13:47:00;GO;Goiânia;Obtido pelo GPS ou informado explicitamente;0.0;32037;Mico/Sagui/Soinho;1;
37327;2023-07-28T09:21:00;MG;Icaraí de Minas;Obtido pelo GPS ou informado explicitamente;21.176;32036;Mico/Sagui/Soinho;1;
37325;2023-07-17T11:24:22;RN;Natal;Coordenadas obtidas a partir do endereço;;32034;Mico/Sagui/Soinho;1;
37324;2023-07-20T11:18:00;RN;Natal;Coordenadas obtidas a partir do endereço;;32033;Mico/Sagui/Soinho;1;
37322;2023-07-28T09:31:04;MG;Viçosa;Obtido pelo GPS ou informado explicitamente;24.326000213623047;32029;Mico/Sagui/Soinho;7;Normal
37320;2023-07-28T08:46:33;MG;Montes Claros;Obtido pelo GPS ou informado explicitamente;22.14800071716309;32027;Mico/Sagui/Soinho;1;Doente
37302;2023-07-27T09:15:06;MG;Montes Claros;Obtido pelo GPS ou informado explicitamente;19.0;32009;Mico/Sagui/Soinho;1;
37301;2023-07-27T09:15:06;MG;Montes Claros;Obtido pelo GPS ou informado explicitamente;19.0;32008;Mico/Sagui/Soinho;1;
37300;2023-07-26T11:05:00;MG;Montes Claros;Obtido pelo GPS ou informado explicitamente;0.0;32007;Mico/Sagui/Soinho;1;
37299;2023-07-26T10:58:00;MG;Montes Claros;Obtido pelo GPS ou informado explicitamente;0.0;32006;Mico/Sagui/Soinho;1;
37289;2023-07-21T15:55:00;GO;Goiânia;Obtido pelo GPS ou informado explicitamente;0.0;31994;Mico/Sagui/Soinho;2;
37288;2023-07-21T09:00:00;GO;Goiânia;Obtido pelo GPS ou informado explicitamente;0.0;31993;Mico/Sagui/Soinho;1;
37284;2023-07-26T15:27:51;MG;Montes Claros;Obtido pelo GPS ou informado explicitamente;40.0;31989;Mico/Sagui/Soinho;1;Doente
37281;2023-07-26T09:25:00;MS;Bonito;Obtido pelo GPS ou informado explicitamente;3.900000095367432;31984;Macaco/Guariba/Bugio/Prego/Guigó;1;Normal
37280;2023-07-26T14:46:41;MG;Montes Claros;Obtido pelo GPS ou informado explicitamente;142.5;31983;Mico/Sagui/Soinho;1;
37268;2023-07-25T08:59:00;SC;Paial;Obtido pelo GPS ou informado explicitamente;3.900000095367432;31971;Macaco/Guariba/Bugio/Prego/Guigó;1;
37267;2023-07-25T10:55:00;RN;Natal;Coordenadas obtidas a partir do endereço;;31970;Mico/Sagui/Soinho;1;
37266;2023-07-24T09:07:32;RN;Natal;Coordenadas obtidas a partir do endereço;;31969;Mico/Sagui/Soinho;1;
37265;2023-07-26T09:00:00;MG;Ladainha;Coordenadas obtidas a partir do endereço;;31968;Mico/Sagui/Soinho;3;Normal
37258;2023-07-21T11:25:00;MG;São João do Pacuí;Obtido pelo GPS ou informado explicitamente;1.6829999685287476;31961;Mico/Sagui/Soinho;1;
37257;2023-07-25T17:19:00;MT;;Obtido pelo GPS ou informado explicitamente;4.41;31960;Macaco/Guariba/Bugio/Prego/Guigó;2;Normal
37239;2023-07-25T16:06:00;GO;Goiânia;Obtido pelo GPS ou informado explicitamente;0.0;31942;Mico/Sagui/Soinho;1;
37229;2023-07-25T10:49:00;MG;Montes Claros;Obtido pelo GPS ou informado explicitamente;0.0;31932;Mico/Sagui/Soinho;1;
37226;2023-07-25T10:39:00;MG;Unaí;Obtido pelo GPS ou informado explicitamente;0.0;31929;Macaco/Guariba/Bugio/Prego/Guigó;2;Normal
37222;2023-07-25T09:54:56;MG;Unaí;Obtido pelo GPS ou informado explicitamente;45.59999847412109;31925;Macaco/Guariba/Bugio/Prego/Guigó;1;
37221;2023-07-24T16:24:00;SP;Campinas;Coordenadas obtidas a partir do endereço;;31924;Mico/Sagui/Soinho;1;
37216;2023-07-10T13:41:24;RN;Natal;Coordenadas obtidas a partir do endereço;;31919;Mico/Sagui/Soinho;1;Doente
37208;2023-07-23T14:30:00;RJ;Petrópolis;Obtido pelo GPS ou informado explicitamente;1.4509999752044678;31911;Mico/Sagui/Soinho;5;Normal
37198;2023-07-19T13:51:00;RJ;Rio de Janeiro;Obtido pelo GPS ou informado explicitamente;0.0;31901;Mico/Sagui/Soinho;1;Normal
37175;2023-07-21T09:11:00;SP;Campinas;Coordenadas obtidas a partir do endereço;;31877;Mico/Sagui/Soinho;1;
37172;2023-07-21T07:23:00;MG;Luislândia;Obtido pelo GPS ou informado explicitamente;20.0;31874;Mico/Sagui/Soinho;1;
37171;2023-07-18T13:42:00;RS;Porto Alegre;Coordenadas obtidas a partir do endereço;;31873;Macaco/Guariba/Bugio/Prego/Guigó;15;Normal
37169;2023-07-19T13:52:09;MG;Contagem;Coordenadas obtidas a partir do endereço;;31871;Mico/Sagui/Soinho;1;
37168;2023-07-18T14:40:00;MG;Bias Fortes;Coordenadas obtidas a partir do endereço;;31870;Mico/Sagui/Soinho;2;Normal
37163;2023-07-18T14:40:00;MG;Bias Fortes;Obtido pelo GPS ou informado explicitamente;15.067999839782717;31865;Mico/Sagui/Soinho;2;Normal
37161;2023-07-16T23:09:40;DF;Brasília;Obtido pelo GPS ou informado explicitamente;;31863;Mico/Sagui/Soinho;7;Normal
37160;2023-07-19T10:56:49;MG;Montes Claros;Obtido pelo GPS ou informado explicitamente;5.050000190734863;31862;Mico/Sagui/Soinho;2;
37157;2023-07-19T15:15:14;MG;Montes Claros;Obtido pelo GPS ou informado explicitamente;2299.9990234375;31858;Mico/Sagui/Soinho;1;
37156;2023-07-19T16:06:27;MG;Montes Claros;Obtido pelo GPS ou informado explicitamente;22.9060001373291;31857;Mico/Sagui/Soinho;1;
37148;2023-07-19T13:26:47;MG;Montes Claros;Obtido pelo GPS ou informado explicitamente;22.54400062561035;31846;Mico/Sagui/Soinho;1;Doente
37147;2023-07-19T09:30:00;PR;Curitiba;Obtido pelo GPS ou informado explicitamente;4.79;31845;Macaco/Guariba/Bugio/Prego/Guigó;1;
37145;2023-07-16T14:09:00;RJ;Rio de Janeiro;Obtido pelo GPS ou informado explicitamente;12.0;31843;Mico/Sagui/Soinho;10;Normal
37143;2023-07-15T13:21:56;MG;Mirabela;Obtido pelo GPS ou informado explicitamente;135.60000610351562;31841;Mico/Sagui/Soinho;1;
37140;2023-07-18T15:19:00;SP;Campinas;Coordenadas obtidas a partir do endereço;;31838;Mico/Sagui/Soinho;1;
37139;2023-07-18T15:01:00;SP;Campinas;Obtido pelo GPS ou informado explicitamente;45.72;31837;Mico/Sagui/Soinho;6;Normal
37136;2023-07-18T14:52:37;MG;Montes Claros;Obtido pelo GPS ou informado explicitamente;614.833984375;31834;Mico/Sagui/Soinho;1;Doente
37135;2023-07-17T15:00:00;RN;Extremoz;Coordenadas obtidas a partir do endereço;;31833;Mico/Sagui/Soinho;1;
37131;2023-07-18T11:01:25;MG;Montes Claros;Obtido pelo GPS ou informado explicitamente;6.599999904632568;31829;Mico/Sagui/Soinho;1;
37130;2023-07-18T09:39:43;MG;Montes Claros;Obtido pelo GPS ou informado explicitamente;23.089000701904297;31828;Mico/Sagui/Soinho;1;
37129;2023-07-18T10:28:35;PR;Assis Chateaubriand;Obtido pelo GPS ou informado explicitamente;8.399999618530273;31827;Macaco/Guariba/Bugio/Prego/Guigó;1;
37127;2023-07-18T10:16:00;MG;Luislândia;Obtido pelo GPS ou informado explicitamente;28.100000381469727;31825;Mico/Sagui/Soinho;1;
37126;2023-07-18T09:39:43;MG;Montes Claros;Obtido pelo GPS ou informado explicitamente;23.089000701904297;31824;Mico/Sagui/Soinho;1;
37124;2023-07-18T10:03:00;MG;Montes Claros;Obtido pelo GPS ou informado explicitamente;1899.9990234375;31822;Mico/Sagui/Soinho;2;
37123;2023-07-18T09:39:43;MG;Montes Claros;Obtido pelo GPS ou informado explicitamente;23.089000701904297;31821;Mico/Sagui/Soinho;1;
37114;2023-07-14T16:10:00;MG;Montes Claros;Obtido pelo GPS ou informado explicitamente;0.0;31812;Mico/Sagui/Soinho;1;
37113;2023-07-17T08:45:00;SP;Araçoiaba da Serra;Obtido pelo GPS ou informado explicitamente;5.300000190734863;31811;Mico/Sagui/Soinho;1;Normal
37100;2023-07-15T09:20:00;CE;Viçosa do Ceará;Obtido pelo GPS ou informado explicitamente;3.830617666244507;31797;Macaco/Guariba/Bugio/Prego/Guigó;1;
37096;2023-07-14T16:35:00;PR;Morretes;Obtido pelo GPS ou informado explicitamente;35.0;31793;Macaco/Guariba/Bugio/Prego/Guigó;1;
37091;2023-07-14T11:44:44;SC;Florianópolis;Obtido pelo GPS ou informado explicitamente;;31788;Mico/Sagui/Soinho;1;
37085;2023-07-11T09:03:05;RN;Natal;Coordenadas obtidas a partir do endereço;;31782;Mico/Sagui/Soinho;2;
37083;2023-07-13T15:07:00;MG;Montes Claros;Obtido pelo GPS ou informado explicitamente;149.60000610351562;31780;Mico/Sagui/Soinho;1;Estranho
37082;2023-07-13T14:55:35;MG;Uberaba;Obtido pelo GPS ou informado explicitamente;68.8030014038086;31779;Mico/Sagui/Soinho;1;
37080;2023-07-13T13:37:17;SP;Campinas;Obtido pelo GPS ou informado explicitamente;4.497000217437744;31777;Mico/Sagui/Soinho;1;
37079;2023-07-13T10:42:00;SP;Serra Negra;Obtido pelo GPS ou informado explicitamente;536.6810302734375;31776;Macaco/Guariba/Bugio/Prego/Guigó;1;
37076;2023-07-12T15:09:00;BA;Porto Seguro;Coordenadas obtidas a partir do endereço;;31773;Mico/Sagui/Soinho;2;Normal
37069;2023-07-12T14:46:45;RN;Natal;Obtido pelo GPS ou informado explicitamente;;31766;Mico/Sagui/Soinho;1;
37064;2023-07-11T12:25:00;SP;Itanhaém;Obtido pelo GPS ou informado explicitamente;0.0;31760;Mico/Sagui/Soinho;4;Normal
37063;2023-07-11T12:15:00;SP;Itanhaém;Obtido pelo GPS ou informado explicitamente;0.0;31759;Mico/Sagui/Soinho;6;Normal
37062;2023-06-30T15:30:00;MG;Salinas;Coordenadas obtidas a partir do endereço;;31758;Mico/Sagui/Soinho;1;
37059;2023-07-10T14:25:10;RS;Caxias do Sul;Obtido pelo GPS ou informado explicitamente;10.717000007629396;31755;Macaco/Guariba/Bugio/Prego/Guigó;1;
37058;2023-07-10T16:00:00;SP;Itanhaém;Obtido pelo GPS ou informado explicitamente;0.0;31754;Mico/Sagui/Soinho;5;Normal
37053;2023-07-10T08:45:53;MG;Montes Claros;Coordenadas obtidas a partir do endereço;;31749;Mico/Sagui/Soinho;1;
37046;2023-07-10T10:29:41;SP;Bom Sucesso de Itararé;Coordenadas obtidas a partir do endereço;;31742;Macaco/Guariba/Bugio/Prego/Guigó;1;
37042;2022-02-06T09:30:00;CE;Fortaleza;Obtido pelo GPS ou informado explicitamente;1.0;31738;Mico/Sagui/Soinho;1;Normal
37038;2022-05-07T15:45:00;SP;Itanhaém;Obtido pelo GPS ou informado explicitamente;0.0;31734;Mico/Sagui/Soinho;3;Normal
37032;2023-07-09T15:01:00;RN;Ceará-Mirim;Obtido pelo GPS ou informado explicitamente;20.0;31728;Mico/Sagui/Soinho;7;Normal
37029;2023-07-09T08:20:00;RJ;Rio de Janeiro;Obtido pelo GPS ou informado explicitamente;15.821000099182127;31725;Mico/Sagui/Soinho;4;Normal
37022;2023-07-08T09:18:00;MG;São João do Pacuí;Obtido pelo GPS ou informado explicitamente;1.940000057220459;31717;Mico/Sagui/Soinho;5;Normal
37014;2023-07-07T10:42:00;SP;Campinas;Coordenadas obtidas a partir do endereço;;31709;Mico/Sagui/Soinho;1;
37013;2023-07-07T13:50:31;SP;São João da Boa Vista;Obtido pelo GPS ou informado explicitamente;3.900000095367432;31708;Mico/Sagui/Soinho;1;
37009;2023-07-07T09:53:00;SC;Itapiranga;Obtido pelo GPS ou informado explicitamente;0.0;31704;Macaco/Guariba/Bugio/Prego/Guigó;1;
37006;2023-07-06T08:44:19;MG;Montes Claros;Obtido pelo GPS ou informado explicitamente;10.5;31701;Macaco/Guariba/Bugio/Prego/Guigó;1;
37006;2023-07-06T08:44:19;MG;Montes Claros;Obtido pelo GPS ou informado explicitamente;10.5;31700;Mico/Sagui/Soinho;1;
37006;2023-07-06T08:44:19;MG;Montes Claros;Obtido pelo GPS ou informado explicitamente;10.5;31699;Macaco/Guariba/Bugio/Prego/Guigó;1;
37004;2023-07-06T10:10:00;SP;Campinas;Coordenadas obtidas a partir do endereço;;31697;Mico/Sagui/Soinho;2;
37003;2023-07-05T14:16:00;MG;Montes Claros;Obtido pelo GPS ou informado explicitamente;11.300000190734863;31696;Mico/Sagui/Soinho;1;
36999;2023-06-07T10:56:45;RN;Natal;Coordenadas obtidas a partir do endereço;;31692;Mico/Sagui/Soinho;1;
36998;2023-06-30T10:30:10;RN;Natal;Coordenadas obtidas a partir do endereço;;31691;Mico/Sagui/Soinho;1;
36997;2023-06-27T10:17:17;RN;Natal;Coordenadas obtidas a partir do endereço;;31690;Mico/Sagui/Soinho;1;
36995;2023-02-27T10:02:29;RN;Natal;Coordenadas obtidas a partir do endereço;;31688;Mico/Sagui/Soinho;1;
36994;2023-02-27T09:59:00;RN;Natal;Coordenadas obtidas a partir do endereço;;31687;Mico/Sagui/Soinho;1;
36991;2023-05-16T09:05:22;MG;Contagem;Coordenadas obtidas a partir do endereço;;31684;Mico/Sagui/Soinho;1;
36985;2023-07-04T16:14:05;SC;Florianópolis;Obtido pelo GPS ou informado explicitamente;;31678;Macaco/Guariba/Bugio/Prego/Guigó;8;Normal
36984;2023-07-04T10:00:00;GO;Goiânia;Obtido pelo GPS ou informado explicitamente;0.0;31677;Mico/Sagui/Soinho;1;
36977;2023-06-30T08:52:00;SC;Florianópolis;Obtido pelo GPS ou informado explicitamente;;31670;Macaco/Guariba/Bugio/Prego/Guigó;3;Normal
36975;2023-07-04T08:48:53;PR;Cascavel;Obtido pelo GPS ou informado explicitamente;;31668;Macaco/Guariba/Bugio/Prego/Guigó;1;
36974;2023-07-03T08:41:31;SC;Florianópolis;Obtido pelo GPS ou informado explicitamente;;31667;Mico/Sagui/Soinho;1;
36973;2023-06-23T17:00:00;MG;Juiz de Fora;Coordenadas obtidas a partir do endereço;-1.0;31666;Mico/Sagui/Soinho;4;
36951;2023-06-30T12:24:53;MG;Juramento;Coordenadas obtidas a partir do endereço;;31644;Mico/Sagui/Soinho;1;
36950;2023-06-30T12:50:00;MG;Juramento;Obtido pelo GPS ou informado explicitamente;8.5;31643;Mico/Sagui/Soinho;2;
36948;2023-07-03T15:48:10;TO;Esperantina;Obtido pelo GPS ou informado explicitamente;10670.619140625;31641;Macaco/Guariba/Bugio/Prego/Guigó;1;
36945;2023-06-30T10:24:00;MG;Teófilo Otoni;Coordenadas obtidas a partir do endereço;;31638;Mico/Sagui/Soinho;1;
36933;2023-07-02T12:26:26;SC;Florianópolis;Obtido pelo GPS ou informado explicitamente;;31626;Mico/Sagui/Soinho;1;
36931;2023-07-01T17:15:44;TO;Combinado;Obtido pelo GPS ou informado explicitamente;3.7899999618530273;31624;Macaco/Guariba/Bugio/Prego/Guigó;1;Doente
36924;2023-06-30T10:06:00;GO;Goiânia;Obtido pelo GPS ou informado explicitamente;37.0;31616;Mico/Sagui/Soinho;1;Normal
36923;2023-06-20T07:56:00;MG;Coração de Jesus;Obtido pelo GPS ou informado explicitamente;20.275999069213867;31615;Mico/Sagui/Soinho;1;
36921;2023-06-29T16:05:00;RN;Parnamirim;Obtido pelo GPS ou informado explicitamente;198.3000030517578;31613;Mico/Sagui/Soinho;1;Estranho
36918;2023-06-29T14:16:00;GO;Goiânia;Obtido pelo GPS ou informado explicitamente;0.0;31610;Mico/Sagui/Soinho;1;
36913;2023-06-28T15:01:00;RJ;Rio de Janeiro;Obtido pelo GPS ou informado explicitamente;35.0;31604;Mico/Sagui/Soinho;9;Normal
36908;2023-06-28T09:51:00;RJ;Teresópolis;Obtido pelo GPS ou informado explicitamente;98.4000015258789;31599;Mico/Sagui/Soinho;2;Normal
36903;2023-06-27T14:36:05;RS;Caxias do Sul;Obtido pelo GPS ou informado explicitamente;9106.63;31594;Macaco/Guariba/Bugio/Prego/Guigó;1;
36899;2023-06-27T10:34:00;RJ;Silva Jardim;Obtido pelo GPS ou informado explicitamente;3299.9990234375;31590;Mico/Sagui/Soinho;8;Normal
36896;2023-06-27T10:40:33;SC;Canoinhas;Obtido pelo GPS ou informado explicitamente;1.2999999523162842;31587;Macaco/Guariba/Bugio/Prego/Guigó;8;
36895;2023-06-22T16:50:00;MG;Barbacena;Obtido pelo GPS ou informado explicitamente;0.0;31586;Mico/Sagui/Soinho;1;
36894;2023-06-27T11:35:00;RN;Espírito Santo;Coordenadas obtidas a partir do endereço;;31585;Mico/Sagui/Soinho;1;
36888;2023-06-27T07:04:00;RJ;Seropédica;Obtido pelo GPS ou informado explicitamente;4.5;31579;Mico/Sagui/Soinho;1;
36886;2023-06-22T16:28:00;SP;Caconde;Obtido pelo GPS ou informado explicitamente;5.0;31577;Mico/Sagui/Soinho;1;Doente
36883;2023-06-26T14:32:00;MG;Teófilo Otoni;Coordenadas obtidas a partir do endereço;;31574;Mico/Sagui/Soinho;1;
36880;2023-06-22T11:40:47;SC;Florianópolis;Obtido pelo GPS ou informado explicitamente;;31571;Mico/Sagui/Soinho;1;
36871;2023-06-24T11:05:00;MG;Perdões;Obtido pelo GPS ou informado explicitamente;0.0;31562;Mico/Sagui/Soinho;1;
36853;2023-06-24T10:01:00;PR;São José dos Pinhais;Obtido pelo GPS ou informado explicitamente;2299.9990234375;31544;Macaco/Guariba/Bugio/Prego/Guigó;3;Normal
36852;2023-06-24T07:02:06;MG;Laranjal;Obtido pelo GPS ou informado explicitamente;35.60599899291992;31543;Mico/Sagui/Soinho;1;Normal
36846;2023-05-09T14:37:00;MG;Montes Claros;Obtido pelo GPS ou informado explicitamente;0.0;31537;Mico/Sagui/Soinho;1;
36845;2023-06-22T16:22:00;GO;Goiânia;Obtido pelo GPS ou informado explicitamente;0.0;31536;Mico/Sagui/Soinho;1;
36842;2023-06-12T16:55:00;RS;São Francisco de Paula;Obtido pelo GPS ou informado explicitamente;61.0;31533;Macaco/Guariba/Bugio/Prego/Guigó;1;
36836;2023-04-28T14:16:00;MG;Montes Claros;Obtido pelo GPS ou informado explicitamente;0.0;31527;Mico/Sagui/Soinho;1;
36835;2023-04-19T10:05:00;MG;Montes Claros;Obtido pelo GPS ou informado explicitamente;0.0;31526;Mico/Sagui/Soinho;1;
36833;2023-06-21T16:31:44;MG;São João do Pacuí;Obtido pelo GPS ou informado explicitamente;2299.9990234375;31524;Mico/Sagui/Soinho;1;
36822;2023-06-21T10:51:00;MT;Cáceres;Obtido pelo GPS ou informado explicitamente;35.0;31512;Macaco/Guariba/Bugio/Prego/Guigó;10;Normal
36815;2023-06-21T09:28:00;RJ;Nova Friburgo;Obtido pelo GPS ou informado explicitamente;2.0;31505;Mico/Sagui/Soinho;1;
36808;2023-06-19T15:55:00;MG;Montes Claros;Obtido pelo GPS ou informado explicitamente;0.0;31498;Mico/Sagui/Soinho;1;
36797;2023-06-16T12:13:00;MG;Ibiaí;Obtido pelo GPS ou informado explicitamente;3.884000062942505;31487;Mico/Sagui/Soinho;1;
36795;2023-06-20T09:44:05;MG;Montes Claros;Obtido pelo GPS ou informado explicitamente;27.184999465942383;31485;Mico/Sagui/Soinho;1;Estranho
36788;2023-06-19T16:53:36;SC;Florianópolis;Obtido pelo GPS ou informado explicitamente;;31478;Mico/Sagui/Soinho;1;
36772;2023-06-19T09:10:47;RN;Natal;Obtido pelo GPS ou informado explicitamente;34.400001525878906;31461;Mico/Sagui/Soinho;1;
36771;2023-06-19T08:24:29;MG;Montes Claros;Obtido pelo GPS ou informado explicitamente;48.45500183105469;31460;Mico/Sagui/Soinho;1;Normal
36753;2023-06-17T12:03:00;MG;Teófilo Otoni;Coordenadas obtidas a partir do endereço;;31441;Mico/Sagui/Soinho;1;
36746;2023-06-15T15:01:00;GO;Goiânia;Obtido pelo GPS ou informado explicitamente;0.0;31433;Mico/Sagui/Soinho;1;
36745;2023-06-15T15:11:00;GO;Goiânia;Obtido pelo GPS ou informado explicitamente;0.0;31432;Mico/Sagui/Soinho;1;
36744;2023-06-15T15:06:00;GO;Goiânia;Obtido pelo GPS ou informado explicitamente;0.0;31431;Mico/Sagui/Soinho;1;
36742;2023-06-16T11:20:35;GO;Aparecida de Goiânia;Obtido pelo GPS ou informado explicitamente;2.5829999446868896;31429;Mico/Sagui/Soinho;1;
36737;2023-06-10T16:00:00;PR;Foz do Iguaçu;Obtido pelo GPS ou informado explicitamente;0.0;31424;Macaco/Guariba/Bugio/Prego/Guigó;1;
36734;2023-06-10T16:00:00;PR;Foz do Iguaçu;Obtido pelo GPS ou informado explicitamente;0.0;31421;Macaco/Guariba/Bugio/Prego/Guigó;1;
36732;2023-06-14T17:08:47;MG;Montes Claros;Obtido pelo GPS ou informado explicitamente;28.100000381469727;31419;Mico/Sagui/Soinho;1;
36726;2023-06-14T11:00:00;GO;Goiânia;Obtido pelo GPS ou informado explicitamente;0.0;31413;Mico/Sagui/Soinho;4;
36722;2023-06-13T14:49:00;RS;Passo do Sobrado;Obtido pelo GPS ou informado explicitamente;3.42;31409;Macaco/Guariba/Bugio/Prego/Guigó;1;
36709;2023-06-09T15:34:44;MG;Coração de Jesus;Obtido pelo GPS ou informado explicitamente;2.0160000324249268;31396;Mico/Sagui/Soinho;1;
36708;2023-06-09T08:04:00;MG;São João do Pacuí;Obtido pelo GPS ou informado explicitamente;3.900000095367432;31395;Mico/Sagui/Soinho;1;
36707;2023-06-12T16:19:00;MG;São João do Pacuí;Obtido pelo GPS ou informado explicitamente;1799.9990234375;31394;Mico/Sagui/Soinho;1;
36705;2023-05-06T11:22:00;PI;Coronel José Dias;Obtido pelo GPS ou informado explicitamente;4.78;31392;Macaco/Guariba/Bugio/Prego/Guigó;1;
36701;2023-06-12T13:30:00;RJ;Pinheiral;Obtido pelo GPS ou informado explicitamente;4.19;31388;Mico/Sagui/Soinho;4;Normal
36700;2023-05-20T10:34:00;SP;Mococa;Obtido pelo GPS ou informado explicitamente;0.0;31387;Mico/Sagui/Soinho;2;
36671;2023-05-21T12:58:17;SP;São Paulo;Obtido pelo GPS ou informado explicitamente;48.67;31357;Mico/Sagui/Soinho;4;Normal
36669;2023-06-10T07:07:00;PI;Teresina;Coordenadas obtidas a partir do endereço;;31355;Mico/Sagui/Soinho;3;Normal
36656;2023-06-08T11:30:00;PR;São José dos Pinhais;Coordenadas obtidas a partir do endereço;;31342;Macaco/Guariba/Bugio/Prego/Guigó;6;Normal
36651;2023-06-06T10:54:00;MG;Rubelita;Coordenadas obtidas a partir do endereço;;31337;Mico/Sagui/Soinho;1;
36639;2023-06-07T15:12:45;CE;Fortaleza;Obtido pelo GPS ou informado explicitamente;0.0;31325;Mico/Sagui/Soinho;1;
36638;2023-06-07T12:15:00;PR;Curitiba;Obtido pelo GPS ou informado explicitamente;0.0;31324;Macaco/Guariba/Bugio/Prego/Guigó;1;
36636;2023-06-07T13:05:00;GO;Goiânia;Obtido pelo GPS ou informado explicitamente;0.0;31322;Mico/Sagui/Soinho;1;
36632;2023-06-07T11:14:01;SC;Florianópolis;Obtido pelo GPS ou informado explicitamente;;31318;Mico/Sagui/Soinho;1;
36629;2023-06-06T08:14:00;MG;Coração de Jesus;Obtido pelo GPS ou informado explicitamente;3.799999952316284;31315;Mico/Sagui/Soinho;1;
36625;2023-06-05T15:37:58;GO;Goiânia;Obtido pelo GPS ou informado explicitamente;0.0;31311;Macaco/Guariba/Bugio/Prego/Guigó;1;
36624;2023-06-05T10:30:00;GO;Goiânia;Obtido pelo GPS ou informado explicitamente;0.0;31310;Macaco/Guariba/Bugio/Prego/Guigó;1;
36623;2023-06-06T15:26:00;GO;Goiânia;Obtido pelo GPS ou informado explicitamente;0.0;31309;Mico/Sagui/Soinho;1;
36619;2023-06-06T09:01:00;MG;Montes Claros;Obtido pelo GPS ou informado explicitamente;29.753999710083008;31305;Mico/Sagui/Soinho;1;
36616;2023-06-06T07:22:00;MT;Cuiabá;Obtido pelo GPS ou informado explicitamente;0.0;31302;Mico/Sagui/Soinho;10;Normal
36595;2023-05-29T10:51:00;MG;Montes Claros;Obtido pelo GPS ou informado explicitamente;0.0;31281;Mico/Sagui/Soinho;1;
36591;2023-06-05T13:45:34;MG;Uberaba;Obtido pelo GPS ou informado explicitamente;25.00200080871582;31277;Macaco/Guariba/Bugio/Prego/Guigó;1;
36588;2023-05-03T10:00:00;RN;Natal;Coordenadas obtidas a partir do endereço;;31274;Mico/Sagui/Soinho;1;
36584;2023-06-05T08:26:51;SC;Florianópolis;Obtido pelo GPS ou informado explicitamente;;31270;Mico/Sagui/Soinho;1;
36581;2023-06-05T07:42:49;MG;Montes Claros;Obtido pelo GPS ou informado explicitamente;80.4260025024414;31266;Mico/Sagui/Soinho;1;Normal
36563;2023-06-03T14:32:00;SP;Campinas;Obtido pelo GPS ou informado explicitamente;4.88;31248;Mico/Sagui/Soinho;2;Normal
36559;2023-06-02T19:32:00;RN;Espírito Santo;Obtido pelo GPS ou informado explicitamente;12.91100025177002;31244;Mico/Sagui/Soinho;1;
36554;2023-06-01T14:58:15;MG;Montes Claros;Obtido pelo GPS ou informado explicitamente;40.8390007019043;31239;Mico/Sagui/Soinho;1;
36541;2023-06-01T08:00:00;SP;Campinas;Obtido pelo GPS ou informado explicitamente;0.0;31225;Mico/Sagui/Soinho;2;Normal
36526;2023-05-25T09:41:45;MG;Salinas;Obtido pelo GPS ou informado explicitamente;23.9;31210;Mico/Sagui/Soinho;1;
36516;2023-06-01T14:58:15;MG;Montes Claros;Obtido pelo GPS ou informado explicitamente;40.8390007019043;31200;Mico/Sagui/Soinho;1;
36510;2023-06-01T09:00:00;GO;Goiânia;Obtido pelo GPS ou informado explicitamente;0.0;31194;Mico/Sagui/Soinho;1;
36501;2023-06-01T10:00:00;MG;Almenara;Coordenadas obtidas a partir do endereço;;31185;Macaco/Guariba/Bugio/Prego/Guigó;4;Normal
36500;2023-05-31T10:50:41;SC;Florianópolis;Coordenadas obtidas a partir do endereço;;31184;Mico/Sagui/Soinho;1;
36489;2023-06-01T09:09:43;RS;Rio Pardo;Obtido pelo GPS ou informado explicitamente;3.555000066757202;31173;Macaco/Guariba/Bugio/Prego/Guigó;1;
36475;2023-05-31T16:15:00;MG;Ubaí;Obtido pelo GPS ou informado explicitamente;3.2160000801086426;31159;Mico/Sagui/Soinho;1;
36474;2023-05-31T15:18:00;SP;São João da Boa Vista;Obtido pelo GPS ou informado explicitamente;3.878;31158;Macaco/Guariba/Bugio/Prego/Guigó;1;
36443;2023-05-31T09:00:00;TO;Palmas;Obtido pelo GPS ou informado explicitamente;3299.9990234375;31127;Mico/Sagui/Soinho;2;
36434;2023-05-30T14:34:00;MG;Montes Claros;Obtido pelo GPS ou informado explicitamente;3602.340087890625;31118;Mico/Sagui/Soinho;1;
36359;2023-05-30T14:43:27;MG;Montes Claros;Obtido pelo GPS ou informado explicitamente;19.0;31039;Mico/Sagui/Soinho;1;
36300;2023-05-30T13:57:00;RN;Parnamirim;Coordenadas obtidas a partir do endereço;;30977;Mico/Sagui/Soinho;1;Normal
36266;2023-05-27T09:14:00;RS;Camaquã;Obtido pelo GPS ou informado explicitamente;10.965999603271484;30941;Macaco/Guariba/Bugio/Prego/Guigó;1;
36265;2023-05-26T08:22:13;MG;Dom Bosco;Obtido pelo GPS ou informado explicitamente;6.58;30940;Macaco/Guariba/Bugio/Prego/Guigó;1;
36264;2023-05-23T09:00:00;RN;Macaíba;Obtido pelo GPS ou informado explicitamente;13.33899974822998;30939;Mico/Sagui/Soinho;1;
36263;2023-05-23T08:30:00;RN;Macaíba;Obtido pelo GPS ou informado explicitamente;13.175000190734863;30938;Mico/Sagui/Soinho;1;
36262;2023-04-24T08:30:00;RN;Macaíba;Obtido pelo GPS ou informado explicitamente;13.368000030517578;30937;Mico/Sagui/Soinho;1;
36261;2023-05-28T15:00:00;MG;Itapagipe;Coordenadas obtidas a partir do endereço;;30936;Mico/Sagui/Soinho;1;
36252;2023-05-28T18:02:00;RN;Natal;Obtido pelo GPS ou informado explicitamente;0.0;30927;Mico/Sagui/Soinho;1;
36234;2023-05-28T09:51:00;SP;Campinas;Obtido pelo GPS ou informado explicitamente;4.85;30909;Mico/Sagui/Soinho;3;Normal
36218;2023-05-26T16:13:50;PR;Santa Tereza do Oeste;Obtido pelo GPS ou informado explicitamente;;30892;Macaco/Guariba/Bugio/Prego/Guigó;1;
36217;2023-05-26T15:51:00;SP;Campinas;Coordenadas obtidas a partir do endereço;;30891;Macaco/Guariba/Bugio/Prego/Guigó;1;
36210;2023-05-25T13:58:34;SC;Florianópolis;Coordenadas obtidas a partir do endereço;;30884;Mico/Sagui/Soinho;1;
36199;2023-05-26T10:31:48;RS;Eldorado do Sul;Obtido pelo GPS ou informado explicitamente;8.882;30873;Macaco/Guariba/Bugio/Prego/Guigó;1;
36175;2023-05-25T14:19:38;MG;Montes Claros;Obtido pelo GPS ou informado explicitamente;23.65800094604492;30849;Mico/Sagui/Soinho;1;
36170;2023-05-25T09:40:30;MG;Santa Vitória;Obtido pelo GPS ou informado explicitamente;3.9;30844;Mico/Sagui/Soinho;1;
36134;2023-05-23T02:49:00;RS;Porto Alegre;Obtido pelo GPS ou informado explicitamente;1100.0;30808;Macaco/Guariba/Bugio/Prego/Guigó;1;
36133;2023-05-23T17:08:00;RS;Caxias do Sul;Coordenadas obtidas a partir do endereço;;30807;Macaco/Guariba/Bugio/Prego/Guigó;1;
36132;2023-05-24T07:51:25;RJ;Rio de Janeiro;Obtido pelo GPS ou informado explicitamente;16.715;30806;Mico/Sagui/Soinho;1;
36131;2023-05-23T14:45:00;RS;Porto Alegre;Coordenadas obtidas a partir do endereço;;30805;Macaco/Guariba/Bugio/Prego/Guigó;1;
36105;2023-05-22T12:25:00;MG;São João do Pacuí;Obtido pelo GPS ou informado explicitamente;1.7330000400543213;30779;Mico/Sagui/Soinho;2;Normal
36103;2023-05-23T10:19:00;MG;Ubaí;Obtido pelo GPS ou informado explicitamente;9.503999710083008;30777;Mico/Sagui/Soinho;1;
36102;2023-05-22T17:10:00;MG;Montes Claros;Obtido pelo GPS ou informado explicitamente;0.0;30776;Mico/Sagui/Soinho;1;
36101;2023-05-23T06:49:09;MG;São Joaquim de Bicas;Obtido pelo GPS ou informado explicitamente;17.5;30775;Mico/Sagui/Soinho;1;
36070;2023-05-21T08:59:43;RJ;Rio de Janeiro;Obtido pelo GPS ou informado explicitamente;40.0;30744;Macaco/Guariba/Bugio/Prego/Guigó;4;Normal
36069;2023-05-21T09:17:44;RJ;Rio de Janeiro;Obtido pelo GPS ou informado explicitamente;2000.0;30743;Mico/Sagui/Soinho;6;Normal
36067;2023-05-18T10:20:00;MG;Frutal;Obtido pelo GPS ou informado explicitamente;0.0;30741;Macaco/Guariba/Bugio/Prego/Guigó;1;
36066;2023-05-21T10:24:00;SP;Campinas;Obtido pelo GPS ou informado explicitamente;40.0;30740;Mico/Sagui/Soinho;2;Normal
36057;2023-05-20T08:50:00;SP;Campinas;Obtido pelo GPS ou informado explicitamente;4.94;30731;Mico/Sagui/Soinho;1;Normal
36056;2023-05-20T08:28:24;PI;Altos;Obtido pelo GPS ou informado explicitamente;2799.9990234375;30730;Macaco/Guariba/Bugio/Prego/Guigó;1;
36050;2023-05-18T07:50:00;PI;Altos;Obtido pelo GPS ou informado explicitamente;21.600000381469727;30724;Macaco/Guariba/Bugio/Prego/Guigó;1;
36049;2023-05-18T08:38:00;PI;Altos;Obtido pelo GPS ou informado explicitamente;28.100000381469727;30723;Macaco/Guariba/Bugio/Prego/Guigó;10;
36045;2023-05-18T11:58:00;MG;São João do Pacuí;Obtido pelo GPS ou informado explicitamente;3.805000066757202;30719;Mico/Sagui/Soinho;1;
36037;2023-05-19T15:20:00;GO;Goiânia;Obtido pelo GPS ou informado explicitamente;0.0;30711;Macaco/Guariba/Bugio/Prego/Guigó;1;
36035;2023-05-18T12:09:00;MG;São João do Pacuí;Obtido pelo GPS ou informado explicitamente;3.900000095367432;30709;Mico/Sagui/Soinho;1;Normal
36032;2023-05-19T09:45:00;SP;Espírito Santo do Pinhal;Obtido pelo GPS ou informado explicitamente;0.0;30706;Mico/Sagui/Soinho;1;
36031;2023-05-19T12:12:00;CE;Fortaleza;Obtido pelo GPS ou informado explicitamente;0.0;30705;Mico/Sagui/Soinho;6;Normal
36018;2023-05-19T10:56:00;CE;Fortaleza;Obtido pelo GPS ou informado explicitamente;3.88100004196167;30692;Mico/Sagui/Soinho;1;Normal
36015;2023-05-18T09:45:30;MG;Montes Claros;Coordenadas obtidas a partir do endereço;;30689;Mico/Sagui/Soinho;2;
36010;2023-05-19T10:27:00;CE;Fortaleza;Obtido pelo GPS ou informado explicitamente;87.5999984741211;30682;Mico/Sagui/Soinho;3;Normal
36006;2023-05-19T09:55:49;CE;Fortaleza;Obtido pelo GPS ou informado explicitamente;3.54;30678;Mico/Sagui/Soinho;3;Normal
35998;2023-05-18T08:40:00;SP;Campinas;Coordenadas obtidas a partir do endereço;;30670;Mico/Sagui/Soinho;1;
35976;2023-05-17T02:36:00;SC;Florianópolis;Obtido pelo GPS ou informado explicitamente;1.0;30647;Mico/Sagui/Soinho;1;
35961;2023-05-14T12:30:00;PB;Nova Floresta;Coordenadas obtidas a partir do endereço;;30632;Mico/Sagui/Soinho;4;Normal
35958;2023-05-17T11:07:00;CE;Fortaleza;Obtido pelo GPS ou informado explicitamente;6.0;30629;Mico/Sagui/Soinho;1;Normal
35948;2023-05-10T09:37:52;RN;Natal;Coordenadas obtidas a partir do endereço;;30619;Mico/Sagui/Soinho;1;Estranho
35947;2023-05-10T09:08:20;RN;Natal;Coordenadas obtidas a partir do endereço;;30618;Mico/Sagui/Soinho;1;Doente
35946;2023-05-16T08:45:00;SP;Campinas;Coordenadas obtidas a partir do endereço;;30617;Mico/Sagui/Soinho;1;
35940;2023-05-15T15:36:00;AC;Rio Branco;Obtido pelo GPS ou informado explicitamente;3.492000102996826;30611;Macaco/Guariba/Bugio/Prego/Guigó;1;Normal
35797;2023-05-15T16:15:00;AC;Rio Branco;Obtido pelo GPS ou informado explicitamente;32.97200012207031;30445;Macaco/Guariba/Bugio/Prego/Guigó;1;Normal
35784;2023-05-15T16:01:00;AC;Rio Branco;Obtido pelo GPS ou informado explicitamente;40.0;30431;Macaco/Guariba/Bugio/Prego/Guigó;5;Normal
35778;2023-05-15T15:25:59;AC;Rio Branco;Obtido pelo GPS ou informado explicitamente;26.399999618530277;30425;Mico/Sagui/Soinho;1;Normal
35775;2023-05-15T15:27:00;AC;Rio Branco;Obtido pelo GPS ou informado explicitamente;4.93;30422;Macaco/Guariba/Bugio/Prego/Guigó;6;Normal
35774;2023-05-15T15:22:26;AC;Rio Branco;Obtido pelo GPS ou informado explicitamente;3.1480000019073486;30421;Macaco/Guariba/Bugio/Prego/Guigó;7;Normal
35768;2023-05-15T11:41:00;SP;Campinas;Coordenadas obtidas a partir do endereço;;30413;Mico/Sagui/Soinho;1;
35767;2023-05-15T12:15:00;AC;Rio Branco;Coordenadas obtidas a partir do endereço;;30412;Macaco/Guariba/Bugio/Prego/Guigó;1;
35761;2023-05-12T14:18:00;SP;Campinas;Coordenadas obtidas a partir do endereço;;30404;Mico/Sagui/Soinho;1;
35754;2023-05-15T07:33:00;RN;Natal;Obtido pelo GPS ou informado explicitamente;4.357999801635742;30394;Mico/Sagui/Soinho;1;
35753;2023-05-12T15:15:00;SC;Florianópolis;Obtido pelo GPS ou informado explicitamente;1.0;30393;Mico/Sagui/Soinho;1;
35751;2023-05-12T16:09:00;SC;Água Doce;Obtido pelo GPS ou informado explicitamente;0.0;30391;Macaco/Guariba/Bugio/Prego/Guigó;1;
35741;2023-05-14T12:30:00;RN;Natal;Obtido pelo GPS ou informado explicitamente;16.0;30381;Mico/Sagui/Soinho;1;Normal
35740;2023-05-11T10:39:00;RS;Caxias do Sul;Obtido pelo GPS ou informado explicitamente;7.54;30380;Macaco/Guariba/Bugio/Prego/Guigó;1;
35736;2023-05-12T16:51:00;PR;Palmas;Obtido pelo GPS ou informado explicitamente;0.0;30376;Macaco/Guariba/Bugio/Prego/Guigó;1;
35735;2023-05-11T15:35:00;PR;São José dos Pinhais;Coordenadas obtidas a partir do endereço;;30375;Macaco/Guariba/Bugio/Prego/Guigó;1;Doente
35731;2023-04-26T10:10:00;SP;Angatuba;Coordenadas obtidas a partir do endereço;;30371;Macaco/Guariba/Bugio/Prego/Guigó;1;Doente
35729;2023-05-12T10:43:21;CE;Crato;Obtido pelo GPS ou informado explicitamente;10.437000274658203;30369;Mico/Sagui/Soinho;1;Normal
35728;2023-05-12T09:44:00;MG;Uberaba;Obtido pelo GPS ou informado explicitamente;1.2999999523162842;30368;Mico/Sagui/Soinho;1;
35727;2023-05-12T08:48:19;MG;Uberaba;Obtido pelo GPS ou informado explicitamente;2500.0;30367;Mico/Sagui/Soinho;1;
35726;2023-05-12T08:53:00;MG;Coronel Fabriciano;Coordenadas obtidas a partir do endereço;;30366;Mico/Sagui/Soinho;1;
35723;2023-03-28T10:10:00;MG;São Joaquim de Bicas;Coordenadas obtidas a partir do endereço;;30363;Mico/Sagui/Soinho;1;
35717;2023-05-11T16:24:25;RN;Espírito Santo;Obtido pelo GPS ou informado explicitamente;20.0;30357;Mico/Sagui/Soinho;1;
35716;2023-05-11T16:11:00;SC;Florianópolis;Obtido pelo GPS ou informado explicitamente;0.0;30356;Mico/Sagui/Soinho;1;
35710;2023-05-11T09:52:29;TO;Palmas;Obtido pelo GPS ou informado explicitamente;40.0;30350;Mico/Sagui/Soinho;2;
35707;2023-03-23T15:42:00;SP;Campinas;Coordenadas obtidas a partir do endereço;-1.0;30347;Mico/Sagui/Soinho;1;
35706;2023-03-23T15:40:00;SP;Campinas;Coordenadas obtidas a partir do endereço;-1.0;30346;Mico/Sagui/Soinho;1;
35701;2023-05-11T09:27:30;PR;Cascavel;Obtido pelo GPS ou informado explicitamente;;30341;Macaco/Guariba/Bugio/Prego/Guigó;1;
35679;2023-05-05T09:48:00;PR;Foz do Iguaçu;Obtido pelo GPS ou informado explicitamente;0.0;30319;Macaco/Guariba/Bugio/Prego/Guigó;1;
35677;2023-05-04T09:48:00;PR;Foz do Iguaçu;Obtido pelo GPS ou informado explicitamente;0.0;30317;Macaco/Guariba/Bugio/Prego/Guigó;1;
35676;2023-05-02T04:00:00;SP;Teodoro Sampaio;Obtido pelo GPS ou informado explicitamente;45.59999847412109;30316;Macaco/Guariba/Bugio/Prego/Guigó;1;
35671;2023-05-09T16:40:00;SP;Campinas;Coordenadas obtidas a partir do endereço;-1.0;30311;Mico/Sagui/Soinho;1;
35663;2023-05-09T13:42:00;SC;Florianópolis;Obtido pelo GPS ou informado explicitamente;-1.0;30303;Mico/Sagui/Soinho;1;
35661;2023-05-09T13:35:00;SC;Florianópolis;Obtido pelo GPS ou informado explicitamente;-1.0;30301;Mico/Sagui/Soinho;1;
35658;2023-05-09T12:03:00;MG;Santos Dumont;Obtido pelo GPS ou informado explicitamente;4.5;30298;Mico/Sagui/Soinho;1;Estranho
35657;2023-05-09T11:49:00;PR;Araucária;Obtido pelo GPS ou informado explicitamente;0.0;30297;Mico/Sagui/Soinho;1;
35656;2023-05-09T10:55:35;MG;Contagem;Obtido pelo GPS ou informado explicitamente;20.0;30296;Mico/Sagui/Soinho;1;
35627;2023-05-09T07:47:00;GO;Goiânia;Obtido pelo GPS ou informado explicitamente;35.0;30265;Mico/Sagui/Soinho;2;Normal
35623;2023-05-08T14:04:48;MG;Montes Claros;Obtido pelo GPS ou informado explicitamente;17.0;30261;Mico/Sagui/Soinho;1;
35622;2023-05-07T14:30:00;RJ;Petrópolis;Coordenadas obtidas a partir do endereço;;30260;Mico/Sagui/Soinho;2;Normal
35620;2023-05-08T09:10:00;RS;Barra do Ribeiro;Obtido pelo GPS ou informado explicitamente;16.0;30258;Macaco/Guariba/Bugio/Prego/Guigó;1;
35600;2023-05-05T14:35:00;GO;Goiânia;Obtido pelo GPS ou informado explicitamente;0.0;30236;Macaco/Guariba/Bugio/Prego/Guigó;1;
35591;2023-05-05T08:58:37;RS;Santa Cruz do Sul;Obtido pelo GPS ou informado explicitamente;3200.0;30227;Macaco/Guariba/Bugio/Prego/Guigó;1;
35589;2023-05-02T10:18:00;MG;Montes Claros;Obtido pelo GPS ou informado explicitamente;0.0;30225;Mico/Sagui/Soinho;1;
35576;2023-05-03T16:30:00;PR;Cascavel;Obtido pelo GPS ou informado explicitamente;0.0;30212;Mico/Sagui/Soinho;1;
35575;2023-05-02T09:58:00;RN;Parnamirim;Obtido pelo GPS ou informado explicitamente;52.4;30211;Mico/Sagui/Soinho;2;Normal
35573;2023-02-23T09:42:10;MG;Contagem;Coordenadas obtidas a partir do endereço;;30209;Mico/Sagui/Soinho;1;
35561;2023-05-03T11:50:00;PR;Curitiba;Obtido pelo GPS ou informado explicitamente;0.0;30197;Mico/Sagui/Soinho;1;
35560;2023-05-03T11:14:46;MG;Montes Claros;Obtido pelo GPS ou informado explicitamente;3799.999;30196;Mico/Sagui/Soinho;1;Doente
35558;2023-05-03T07:00:00;RN;Natal;Obtido pelo GPS ou informado explicitamente;4.538762;30194;Mico/Sagui/Soinho;1;Doente
35557;2023-05-03T10:53:00;GO;Goiânia;Obtido pelo GPS ou informado explicitamente;0.0;30193;Mico/Sagui/Soinho;1;
35555;2023-04-11T09:47:28;MS;Corumbá;Obtido pelo GPS ou informado explicitamente;0.0;30191;Macaco/Guariba/Bugio/Prego/Guigó;3;
35555;2023-04-11T09:47:28;MS;Corumbá;Obtido pelo GPS ou informado explicitamente;0.0;30190;Macaco/Guariba/Bugio/Prego/Guigó;1;
35554;2023-05-02T15:15:00;RN;Natal;Obtido pelo GPS ou informado explicitamente;0.0;30189;Mico/Sagui/Soinho;1;
35549;2023-05-02T09:34:00;PI;Coronel José Dias;Obtido pelo GPS ou informado explicitamente;4.74;30184;Mico/Sagui/Soinho;3;Normal
35539;2023-05-02T09:29:00;SP;Campinas;Coordenadas obtidas a partir do endereço;-1.0;30174;Mico/Sagui/Soinho;1;
35527;2023-04-24T17:08:19;MG;Coração de Jesus;Obtido pelo GPS ou informado explicitamente;3599.999;30162;Mico/Sagui/Soinho;1;
35519;2023-04-27T16:45:00;MG;Montes Claros;Obtido pelo GPS ou informado explicitamente;0.0;30154;Mico/Sagui/Soinho;1;
35515;2023-02-15T09:32:08;MG;Contagem;Coordenadas obtidas a partir do endereço;;30150;Mico/Sagui/Soinho;1;
35514;2023-02-15T09:28:09;MG;Contagem;Coordenadas obtidas a partir do endereço;;30149;Mico/Sagui/Soinho;1;
35512;2023-03-07T09:26:01;MG;Contagem;Coordenadas obtidas a partir do endereço;;30147;Mico/Sagui/Soinho;1;
35511;2023-03-07T09:21:12;MG;Contagem;Coordenadas obtidas a partir do endereço;;30146;Mico/Sagui/Soinho;1;Doente
35506;2023-04-28T10:25:00;MG;Montes Claros;Obtido pelo GPS ou informado explicitamente;0.0;30141;Mico/Sagui/Soinho;1;
35473;2023-05-01T12:45:00;MT;Poconé;Obtido pelo GPS ou informado explicitamente;4.56;30108;Macaco/Guariba/Bugio/Prego/Guigó;3;Normal
35450;2023-04-30T14:01:05;SP;Casa Branca;Obtido pelo GPS ou informado explicitamente;4.132;30085;Mico/Sagui/Soinho;3;Normal
35396;2023-04-28T14:50:29;MG;Montes Claros;Obtido pelo GPS ou informado explicitamente;20.381;30031;Mico/Sagui/Soinho;1;
35393;2023-04-24T08:59:00;MG;Mantena;Coordenadas obtidas a partir do endereço;-1.0;30028;Mico/Sagui/Soinho;1;Normal
35382;2023-04-27T12:31:00;RJ;Rio de Janeiro;Obtido pelo GPS ou informado explicitamente;8.0;30017;Mico/Sagui/Soinho;11;Normal
35338;2023-04-26T09:30:08;RS;Porto Alegre;Obtido pelo GPS ou informado explicitamente;;29970;Macaco/Guariba/Bugio/Prego/Guigó;2;Normal
35337;2023-04-20T14:05:00;RN;Natal;Coordenadas obtidas a partir do endereço;-1.0;29969;Mico/Sagui/Soinho;1;
35336;2023-04-25T16:59:00;TO;Arraias;Coordenadas obtidas a partir do endereço;-1.0;29968;Macaco/Guariba/Bugio/Prego/Guigó;1;
35334;2023-02-18T10:05:00;PE;Jatobá;Coordenadas obtidas a partir do endereço;-1.0;29966;Mico/Sagui/Soinho;1;
35332;2023-04-21T17:37:00;RS;Morro Reuter;Obtido pelo GPS ou informado explicitamente;0.0;29964;Macaco/Guariba/Bugio/Prego/Guigó;1;Normal
35330;2023-04-25T10:02:00;SP;Campinas;Coordenadas obtidas a partir do endereço;-1.0;29962;Mico/Sagui/Soinho;1;
35328;2023-04-25T14:21:00;MG;Marliéria;Obtido pelo GPS ou informado explicitamente;6.111;29960;Macaco/Guariba/Bugio/Prego/Guigó;2;
35302;2023-04-24T10:29:00;GO;Goiânia;Obtido pelo GPS ou informado explicitamente;0.0;29934;Macaco/Guariba/Bugio/Prego/Guigó;1;
35301;2023-04-18T10:00:00;MG;São Sebastião do Paraíso;Coordenadas obtidas a partir do endereço;-1.0;29933;Mico/Sagui/Soinho;1;
35277;2023-02-23T09:00:00;MG;Salinas;Obtido pelo GPS ou informado explicitamente;0.0;29907;Mico/Sagui/Soinho;1;
35251;2022-11-16T17:47:53;MS;Corumbá;Obtido pelo GPS ou informado explicitamente;;29881;Macaco/Guariba/Bugio/Prego/Guigó;2;
35250;2023-03-27T16:55:46;RS;Porto Alegre;Obtido pelo GPS ou informado explicitamente;11.506;29880;Macaco/Guariba/Bugio/Prego/Guigó;1;
35248;2023-04-20T14:49:00;RS;Alegrete;Obtido pelo GPS ou informado explicitamente;32.82;29878;Macaco/Guariba/Bugio/Prego/Guigó;1;
35247;2023-04-19T17:30:00;RN;Natal;Coordenadas obtidas a partir do endereço;-1.0;29877;Mico/Sagui/Soinho;1;
35246;2023-04-19T15:21:00;MG;Montes Claros;Obtido pelo GPS ou informado explicitamente;0.0;29876;Mico/Sagui/Soinho;1;
35245;2023-04-18T13:50:00;MG;Juiz de Fora;Obtido pelo GPS ou informado explicitamente;0.0;29875;Mico/Sagui/Soinho;1;
35241;2023-04-20T11:06:02;MG;Uberaba;Obtido pelo GPS ou informado explicitamente;30.383;29871;Mico/Sagui/Soinho;1;
35239;2023-03-18T10:50:04;MG;Contagem;Coordenadas obtidas a partir do endereço;;29869;Mico/Sagui/Soinho;1;
35230;2023-04-20T10:07:52;MG;Uberaba;Obtido pelo GPS ou informado explicitamente;19.056;29860;Mico/Sagui/Soinho;1;
35217;2023-04-18T08:00:00;RJ;Rio de Janeiro;Coordenadas obtidas a partir do endereço;-1.0;29847;Macaco/Guariba/Bugio/Prego/Guigó;1;Normal
35215;2023-04-19T15:29:40;RS;Mariana Pimentel;Obtido pelo GPS ou informado explicitamente;16.0;29845;Macaco/Guariba/Bugio/Prego/Guigó;1;
35212;2023-04-18T07:00:00;GO;Goiás;Coordenadas obtidas a partir do endereço;-1.0;29842;Mico/Sagui/Soinho;2;
35203;2023-02-08T15:53:00;GO;Goiânia;Obtido pelo GPS ou informado explicitamente;0.0;29833;Mico/Sagui/Soinho;1;
35202;2023-02-06T07:53:00;GO;Goiânia;Obtido pelo GPS ou informado explicitamente;5.0;29832;Mico/Sagui/Soinho;1;
35201;2023-04-18T14:06:00;GO;Goiânia;Obtido pelo GPS ou informado explicitamente;10.0;29831;Macaco/Guariba/Bugio/Prego/Guigó;1;
35196;2023-04-14T08:30:00;RN;Parnamirim;Coordenadas obtidas a partir do endereço;-1.0;29826;Macaco/Guariba/Bugio/Prego/Guigó;1;
35195;2023-04-17T09:25:00;RN;São Gonçalo do Amarante;Coordenadas obtidas a partir do endereço;-1.0;29825;Mico/Sagui/Soinho;1;
35190;2023-04-17T12:42:00;BA;Feira de Santana;Obtido pelo GPS ou informado explicitamente;0.0;29820;Mico/Sagui/Soinho;1;Normal
35184;2023-04-17T10:39:00;MG;Montes Claros;Obtido pelo GPS ou informado explicitamente;0.0;29813;Mico/Sagui/Soinho;1;
35182;2023-04-14T18:25:00;MG;São João do Pacuí;Obtido pelo GPS ou informado explicitamente;104.1;29811;Mico/Sagui/Soinho;1;
35174;2023-04-17T08:41:03;MG;São João do Pacuí;Obtido pelo GPS ou informado explicitamente;2.083;29803;Mico/Sagui/Soinho;1;
35173;2023-04-14T10:37:00;MG;São João do Pacuí;Obtido pelo GPS ou informado explicitamente;34.4;29802;Mico/Sagui/Soinho;1;Estranho
35172;2023-04-08T14:54:00;MG;São João do Pacuí;Obtido pelo GPS ou informado explicitamente;1.8;29801;Mico/Sagui/Soinho;1;
35171;2023-04-15T07:44:00;SC;Doutor Pedrinho;Obtido pelo GPS ou informado explicitamente;0.0;29800;Macaco/Guariba/Bugio/Prego/Guigó;5;Normal
35168;2023-04-16T10:39:00;AM;Maraã;Obtido pelo GPS ou informado explicitamente;11.991;29797;Macaco/Guariba/Bugio/Prego/Guigó;1;Doente
35165;2023-04-16T10:47:27;MG;Lagoa dos Patos;Obtido pelo GPS ou informado explicitamente;37.743;29794;Mico/Sagui/Soinho;1;
35164;2023-04-16T10:42:14;MG;Lagoa dos Patos;Obtido pelo GPS ou informado explicitamente;43.719;29793;Mico/Sagui/Soinho;1;
35163;2023-04-16T10:33:48;MG;Lagoa dos Patos;Obtido pelo GPS ou informado explicitamente;37.839;29792;Mico/Sagui/Soinho;1;
35162;2023-04-16T10:26:51;MG;Lagoa dos Patos;Obtido pelo GPS ou informado explicitamente;30.772;29791;Mico/Sagui/Soinho;1;
35148;2023-04-15T12:39:00;SP;Campinas;Coordenadas obtidas a partir do endereço;-1.0;29777;Macaco/Guariba/Bugio/Prego/Guigó;1;
35132;2023-04-15T07:00:00;RJ;Magé;Obtido pelo GPS ou informado explicitamente;20.819;29761;Mico/Sagui/Soinho;1;Normal
35124;2023-04-14T10:23:00;SC;Florianópolis;Obtido pelo GPS ou informado explicitamente;-1.0;29753;Mico/Sagui/Soinho;1;
34943;2023-04-11T16:44:00;SP;São José da Bela Vista;Obtido pelo GPS ou informado explicitamente;0.0;29539;Macaco/Guariba/Bugio/Prego/Guigó;4;Normal
34942;2023-04-11T16:22:00;SP;São José da Bela Vista;Coordenadas obtidas a partir do endereço;;29538;Macaco/Guariba/Bugio/Prego/Guigó;6;Normal
34941;2023-04-11T15:39:00;SP;São José da Bela Vista;Coordenadas obtidas a partir do endereço;;29537;Macaco/Guariba/Bugio/Prego/Guigó;3;Normal
34939;2023-04-11T16:42:00;SP;São José da Bela Vista;Obtido pelo GPS ou informado explicitamente;91.67;29535;Macaco/Guariba/Bugio/Prego/Guigó;2;Normal
34936;2023-04-12T15:22:00;RN;Natal;Obtido pelo GPS ou informado explicitamente;0.0;29532;Mico/Sagui/Soinho;1;
34934;2023-04-12T12:39:08;GO;Aparecida de Goiânia;Obtido pelo GPS ou informado explicitamente;3.833;29530;Macaco/Guariba/Bugio/Prego/Guigó;1;
34933;2023-04-12T08:46:00;RN;Natal;Obtido pelo GPS ou informado explicitamente;1200.0;29529;Macaco/Guariba/Bugio/Prego/Guigó;1;Normal
34932;2023-04-03T09:00:00;RN;Canguaretama;Coordenadas obtidas a partir do endereço;-1.0;29528;Macaco/Guariba/Bugio/Prego/Guigó;1;Normal
34925;2023-04-11T16:38:00;SP;Águas da Prata;Obtido pelo GPS ou informado explicitamente;4.21;29521;Macaco/Guariba/Bugio/Prego/Guigó;1;Normal
34908;2023-04-11T13:15:45;SP;Águas da Prata;Obtido pelo GPS ou informado explicitamente;35.0;29501;Macaco/Guariba/Bugio/Prego/Guigó;1;Normal
34808;2023-04-10T13:09:00;RS;Guaíba;Obtido pelo GPS ou informado explicitamente;6.0;29383;Macaco/Guariba/Bugio/Prego/Guigó;1;
34805;2023-04-09T15:31:00;SP;Campinas;Obtido pelo GPS ou informado explicitamente;4.98;29380;Mico/Sagui/Soinho;3;Normal
34803;2023-04-09T08:55:19;RJ;Angra dos Reis;Obtido pelo GPS ou informado explicitamente;17.807;29378;Mico/Sagui/Soinho;7;Normal
34792;2023-04-06T13:30:00;MG;Viçosa;Obtido pelo GPS ou informado explicitamente;13.5;29367;Macaco/Guariba/Bugio/Prego/Guigó;3;Normal
34788;2023-04-06T09:30:00;MG;Santana do Paraíso;Obtido pelo GPS ou informado explicitamente;0.0;29363;Mico/Sagui/Soinho;1;
34782;2023-04-05T15:47:00;RS;Camaquã;Obtido pelo GPS ou informado explicitamente;0.0;29357;Macaco/Guariba/Bugio/Prego/Guigó;1;
34778;2023-04-05T10:13:00;RN;Natal;Obtido pelo GPS ou informado explicitamente;53.849;29353;Mico/Sagui/Soinho;1;Estranho
34772;2023-04-04T17:18:00;SP;Campinas;Obtido pelo GPS ou informado explicitamente;29.46;29347;Mico/Sagui/Soinho;1;
34771;2023-04-04T12:00:00;SP;São João da Boa Vista;Obtido pelo GPS ou informado explicitamente;-1.0;29346;Macaco/Guariba/Bugio/Prego/Guigó;3;
34759;2023-04-04T11:32:00;RN;Natal;Obtido pelo GPS ou informado explicitamente;3.54;29331;Mico/Sagui/Soinho;1;
34758;2023-04-03T08:00:00;SC;Iporã do Oeste;Obtido pelo GPS ou informado explicitamente;-1.0;29330;Macaco/Guariba/Bugio/Prego/Guigó;1;
34756;2023-04-03T08:10:00;SC;Iporã do Oeste;Obtido pelo GPS ou informado explicitamente;-1.0;29326;Macaco/Guariba/Bugio/Prego/Guigó;1;
34752;2023-04-03T02:10:00;SC;Iporã do Oeste;Obtido pelo GPS ou informado explicitamente;82.5;29322;Macaco/Guariba/Bugio/Prego/Guigó;1;
34751;2023-04-03T01:30:00;SC;Iporã do Oeste;Obtido pelo GPS ou informado explicitamente;20.0;29321;Macaco/Guariba/Bugio/Prego/Guigó;1;
34749;2019-05-03T23:53:27;BA;Feira de Santana;Obtido pelo GPS ou informado explicitamente;0.0;29318;Mico/Sagui/Soinho;1;Normal
34747;2023-04-03T19:20:00;SP;Campinas;Coordenadas obtidas a partir do endereço;-1.0;29315;Mico/Sagui/Soinho;1;
34746;2023-03-31T10:15:00;MG;Montes Claros;Obtido pelo GPS ou informado explicitamente;0.0;29314;Mico/Sagui/Soinho;1;
34745;2023-04-03T15:28:00;MG;Montes Claros;Obtido pelo GPS ou informado explicitamente;0.0;29313;Mico/Sagui/Soinho;2;
34742;2023-04-02T13:27:00;SC;Florianópolis;Obtido pelo GPS ou informado explicitamente;-1.0;29310;Mico/Sagui/Soinho;1;
34741;2023-03-31T10:22:00;SC;Florianópolis;Obtido pelo GPS ou informado explicitamente;-1.0;29309;Mico/Sagui/Soinho;1;
34740;2023-03-30T10:07:00;SC;Florianópolis;Obtido pelo GPS ou informado explicitamente;-1.0;29308;Mico/Sagui/Soinho;1;
34739;2023-03-29T11:20:00;MG;Pirapora;Coordenadas obtidas a partir do endereço;-1.0;29307;Mico/Sagui/Soinho;1;
34738;2023-04-03T12:34:00;MG;Ubaí;Obtido pelo GPS ou informado explicitamente;63.508;29306;Mico/Sagui/Soinho;1;
34726;2023-04-01T08:33:00;RN;Natal;Obtido pelo GPS ou informado explicitamente;29.335;29294;Mico/Sagui/Soinho;3;Normal
34724;2023-03-31T20:28:00;RN;Natal;Obtido pelo GPS ou informado explicitamente;38.005;29292;Mico/Sagui/Soinho;1;
34722;2023-03-31T15:06:00;PR;Curitiba;Obtido pelo GPS ou informado explicitamente;0.0;29290;Mico/Sagui/Soinho;1;
34721;2023-03-31T10:05:00;MG;Santana do Paraíso;Obtido pelo GPS ou informado explicitamente;-1.0;29289;Mico/Sagui/Soinho;1;
34720;2023-03-29T11:09:00;MG;Pirapora;Coordenadas obtidas a partir do endereço;-1.0;29288;Mico/Sagui/Soinho;1;
34715;2023-03-31T09:31:00;BA;Ilhéus;Obtido pelo GPS ou informado explicitamente;0.0;29282;Mico/Sagui/Soinho;1;
34709;2023-03-30T14:02:54;BA;Feira de Santana;Obtido pelo GPS ou informado explicitamente;4.63;29276;Mico/Sagui/Soinho;1;Normal
34708;2023-03-28T14:22:33;MG;Coração de Jesus;Obtido pelo GPS ou informado explicitamente;1700.0;29275;Mico/Sagui/Soinho;1;
34707;2023-03-28T16:01:00;MG;São João do Pacuí;Obtido pelo GPS ou informado explicitamente;12.8;29274;Mico/Sagui/Soinho;4;Normal
34697;2023-03-29T12:54:00;MG;Brasilândia de Minas;Obtido pelo GPS ou informado explicitamente;7.7;29264;Macaco/Guariba/Bugio/Prego/Guigó;1;Normal
34696;2023-03-29T12:09:00;MG;Brasilândia de Minas;Obtido pelo GPS ou informado explicitamente;10.5;29263;Macaco/Guariba/Bugio/Prego/Guigó;1;
34694;2023-03-29T10:00:00;SC;Indaial;Obtido pelo GPS ou informado explicitamente;27.42;29261;Macaco/Guariba/Bugio/Prego/Guigó;1;
34691;2023-03-29T11:36:00;MG;Brasília de Minas;Obtido pelo GPS ou informado explicitamente;33.272;29257;Mico/Sagui/Soinho;1;
34687;2023-03-28T17:32:00;MG;Uberaba;Coordenadas obtidas a partir do endereço;-1.0;29253;Mico/Sagui/Soinho;1;
34676;2023-03-28T16:00:00;MG;Arceburgo;Coordenadas obtidas a partir do endereço;-1.0;29242;Mico/Sagui/Soinho;3;Normal
34673;2023-03-28T15:02:43;PR;Pato Bragado;Obtido pelo GPS ou informado explicitamente;-1.0;29239;Macaco/Guariba/Bugio/Prego/Guigó;1;
34672;2023-03-28T15:01:00;RN;Natal;Obtido pelo GPS ou informado explicitamente;22.462;29238;Mico/Sagui/Soinho;4;Normal
34667;2023-03-28T10:26:00;SP;Jaguariúna;Coordenadas obtidas a partir do endereço;-1.0;29233;Mico/Sagui/Soinho;1;
34661;2023-03-28T10:04:38;MG;Montes Claros;Obtido pelo GPS ou informado explicitamente;1700.0;29227;Mico/Sagui/Soinho;1;
34654;2023-03-27T10:09:00;MG;São Sebastião do Maranhão;Obtido pelo GPS ou informado explicitamente;2400.0;29220;Mico/Sagui/Soinho;1;
34653;2023-03-27T16:54:00;MG;Uberaba;Coordenadas obtidas a partir do endereço;-1.0;29219;Mico/Sagui/Soinho;1;
34647;2023-03-25T16:19:00;MG;Cristália;Obtido pelo GPS ou informado explicitamente;3.612;29213;Mico/Sagui/Soinho;1;
34639;2023-03-24T14:00:00;PR;São José dos Pinhais;Obtido pelo GPS ou informado explicitamente;-1.0;29205;Macaco/Guariba/Bugio/Prego/Guigó;1;Doente
34637;2023-03-22T16:16:00;MG;Brasília de Minas;Obtido pelo GPS ou informado explicitamente;5.4;29203;Mico/Sagui/Soinho;1;
34624;2023-03-23T11:40:47;PR;São José dos Pinhais;Coordenadas obtidas a partir do endereço;;29187;Macaco/Guariba/Bugio/Prego/Guigó;1;
34623;2023-03-10T18:28:00;MG;São João do Pacuí;Obtido pelo GPS ou informado explicitamente;0.0;29186;Mico/Sagui/Soinho;1;
34620;2023-03-24T09:31:52;MG;Grão Mogol;Obtido pelo GPS ou informado explicitamente;8.663;29183;Mico/Sagui/Soinho;1;
34619;2023-03-15T13:56:57;MG;Grão Mogol;Obtido pelo GPS ou informado explicitamente;12.228;29182;Mico/Sagui/Soinho;1;
34615;2023-03-23T09:05:00;MG;Montes Claros;Coordenadas obtidas a partir do endereço;-1.0;29176;Mico/Sagui/Soinho;1;
34615;2023-03-23T09:05:00;MG;Montes Claros;Coordenadas obtidas a partir do endereço;-1.0;29175;Mico/Sagui/Soinho;1;
34610;2023-03-23T10:10:00;MG;Montes Claros;Obtido pelo GPS ou informado explicitamente;0.0;29170;Mico/Sagui/Soinho;1;
34608;2023-03-23T16:46:55;SP;Campinas;Coordenadas obtidas a partir do endereço;;29168;Mico/Sagui/Soinho;1;
34535;2023-03-23T12:46:00;MG;São João do Pacuí;Obtido pelo GPS ou informado explicitamente;2700.0;29076;Mico/Sagui/Soinho;1;
34534;2023-03-23T10:26:00;MG;Luislândia;Coordenadas obtidas a partir do endereço;-1.0;29075;Mico/Sagui/Soinho;2;
34533;2023-03-23T10:41:57;MG;Bocaiúva;Obtido pelo GPS ou informado explicitamente;14.78;29074;Mico/Sagui/Soinho;1;
34526;2023-03-22T17:21:00;RJ;Rio de Janeiro;Obtido pelo GPS ou informado explicitamente;3.86;29065;Mico/Sagui/Soinho;4;Normal
34524;2023-03-21T19:25:00;MG;São João do Pacuí;Obtido pelo GPS ou informado explicitamente;82.5;29063;Mico/Sagui/Soinho;1;
34522;2023-02-21T17:45:00;SC;Mondaí;Obtido pelo GPS ou informado explicitamente;0.0;29061;Macaco/Guariba/Bugio/Prego/Guigó;1;
34509;2019-09-07T14:00:00;SC;Florianópolis;Coordenadas obtidas a partir do endereço;-1.0;29048;Macaco/Guariba/Bugio/Prego/Guigó;2;Normal
34496;2023-03-18T09:51:50;PR;Cascavel;Obtido pelo GPS ou informado explicitamente;;29035;Mico/Sagui/Soinho;1;
34493;2023-03-18T08:17:00;GO;Alto Paraíso de Goiás;Obtido pelo GPS ou informado explicitamente;6.04;29032;Mico/Sagui/Soinho;2;Normal
34492;2023-03-17T16:36:46;RS;Caxias do Sul;Obtido pelo GPS ou informado explicitamente;6.0;29031;Macaco/Guariba/Bugio/Prego/Guigó;1;
34487;2023-03-16T17:03:00;MG;;Obtido pelo GPS ou informado explicitamente;16.179;29026;Mico/Sagui/Soinho;1;
34484;2023-03-15T12:00:00;SP;Caconde;Obtido pelo GPS ou informado explicitamente;-1.0;29023;Mico/Sagui/Soinho;1;
34481;2023-03-16T10:17:00;RS;Passo do Sobrado;Obtido pelo GPS ou informado explicitamente;535.774;29020;Macaco/Guariba/Bugio/Prego/Guigó;1;
34479;2023-03-16T08:19:45;MG;Montes Claros;Obtido pelo GPS ou informado explicitamente;16.0;29018;Mico/Sagui/Soinho;1;
34478;2023-03-16T08:31:00;MG;Montes Claros;Obtido pelo GPS ou informado explicitamente;5.0;29017;Mico/Sagui/Soinho;1;
34475;2023-03-15T15:09:34;MG;Urucuia;Obtido pelo GPS ou informado explicitamente;14.5;29014;Macaco/Guariba/Bugio/Prego/Guigó;1;
34470;2023-03-15T16:49:00;MG;Rochedo de Minas;Obtido pelo GPS ou informado explicitamente;23.179;29009;Mico/Sagui/Soinho;1;Normal
34455;2023-03-14T20:41:00;MG;Bias Fortes;Obtido pelo GPS ou informado explicitamente;3.9;28994;Macaco/Guariba/Bugio/Prego/Guigó;1;Normal
34440;2023-03-14T15:03:12;MG;Montes Claros;Obtido pelo GPS ou informado explicitamente;16.0;28979;Mico/Sagui/Soinho;1;
34438;2023-03-10T14:25:00;MG;Montes Claros;Obtido pelo GPS ou informado explicitamente;0.0;28977;Mico/Sagui/Soinho;1;
34437;2023-03-09T15:32:00;MG;Montes Claros;Obtido pelo GPS ou informado explicitamente;0.0;28976;Mico/Sagui/Soinho;1;Doente
34436;2023-03-13T15:25:00;MG;Montes Claros;Obtido pelo GPS ou informado explicitamente;0.0;28975;Mico/Sagui/Soinho;1;Doente
34433;2023-03-13T15:28:17;MG;Cristália;Obtido pelo GPS ou informado explicitamente;3.71;28972;Mico/Sagui/Soinho;1;
34433;2023-03-13T15:28:17;MG;Cristália;Obtido pelo GPS ou informado explicitamente;3.71;28971;Mico/Sagui/Soinho;1;
34432;2023-03-13T14:27:00;RN;Natal;Obtido pelo GPS ou informado explicitamente;28.837;28970;Mico/Sagui/Soinho;1;Doente
34430;2023-03-09T09:00:00;GO;Goiânia;Obtido pelo GPS ou informado explicitamente;0.0;28968;Macaco/Guariba/Bugio/Prego/Guigó;1;
34422;2023-03-13T08:23:00;MG;Montes Claros;Obtido pelo GPS ou informado explicitamente;41.462;28959;Mico/Sagui/Soinho;1;
34417;2023-03-11T17:33:00;RN;São Pedro;Obtido pelo GPS ou informado explicitamente;12.0;28954;Mico/Sagui/Soinho;1;
34416;2023-03-11T14:43:34;RJ;Rio de Janeiro;Obtido pelo GPS ou informado explicitamente;40.0;28953;Mico/Sagui/Soinho;1;
34395;2023-02-27T07:09:07;MT;Poconé;Obtido pelo GPS ou informado explicitamente;3.79;28931;Macaco/Guariba/Bugio/Prego/Guigó;7;Normal
34368;2023-03-08T15:59:55;RS;Dilermando de Aguiar;Obtido pelo GPS ou informado explicitamente;;28904;Macaco/Guariba/Bugio/Prego/Guigó;1;
34367;2023-03-08T15:40:00;MG;Montes Claros;Obtido pelo GPS ou informado explicitamente;0.0;28903;Mico/Sagui/Soinho;1;
34365;2023-03-09T12:04:00;RN;Natal;Obtido pelo GPS ou informado explicitamente;20.0;28901;Macaco/Guariba/Bugio/Prego/Guigó;1;Normal
34364;2023-03-09T11:45:00;RN;Natal;Obtido pelo GPS ou informado explicitamente;20.9;28900;Macaco/Guariba/Bugio/Prego/Guigó;1;Normal
34363;2023-03-09T11:34:00;RN;Natal;Obtido pelo GPS ou informado explicitamente;20.0;28899;Macaco/Guariba/Bugio/Prego/Guigó;1;Normal
34362;2023-03-09T11:21:00;RN;Natal;Obtido pelo GPS ou informado explicitamente;20.0;28898;Macaco/Guariba/Bugio/Prego/Guigó;1;Normal
34361;2023-03-09T11:09:00;RN;Natal;Obtido pelo GPS ou informado explicitamente;20.0;28897;Macaco/Guariba/Bugio/Prego/Guigó;1;Normal
34360;2023-03-09T10:59:00;RN;Natal;Obtido pelo GPS ou informado explicitamente;20.0;28896;Macaco/Guariba/Bugio/Prego/Guigó;1;Normal
34357;2023-03-09T10:41:00;RN;Natal;Obtido pelo GPS ou informado explicitamente;20.0;28893;Macaco/Guariba/Bugio/Prego/Guigó;1;Normal
34356;2023-03-09T10:28:00;RN;Natal;Obtido pelo GPS ou informado explicitamente;20.0;28892;Macaco/Guariba/Bugio/Prego/Guigó;1;Normal
34355;2023-03-09T10:06:00;RN;Natal;Obtido pelo GPS ou informado explicitamente;20.0;28891;Macaco/Guariba/Bugio/Prego/Guigó;1;Normal
34354;2023-03-09T09:56:00;RN;Natal;Obtido pelo GPS ou informado explicitamente;20.0;28890;Macaco/Guariba/Bugio/Prego/Guigó;1;Normal
34353;2023-03-09T09:42:00;RN;Natal;Obtido pelo GPS ou informado explicitamente;20.0;28889;Macaco/Guariba/Bugio/Prego/Guigó;1;Normal
34349;2023-03-08T13:16:00;MG;Ubaí;Obtido pelo GPS ou informado explicitamente;23.734;28885;Mico/Sagui/Soinho;1;
34344;2023-03-08T14:02:00;RN;Natal;Obtido pelo GPS ou informado explicitamente;0.0;28880;Macaco/Guariba/Bugio/Prego/Guigó;1;Normal
34342;2023-03-08T13:27:00;RN;Espírito Santo;Obtido pelo GPS ou informado explicitamente;7.535;28878;Mico/Sagui/Soinho;1;Normal
34339;2023-03-08T12:35:00;RN;Espírito Santo;Obtido pelo GPS ou informado explicitamente;5.583;28875;Mico/Sagui/Soinho;6;Normal
34338;2023-03-08T12:33:00;RN;Natal;Obtido pelo GPS ou informado explicitamente;20.0;28874;Macaco/Guariba/Bugio/Prego/Guigó;1;Normal
34337;2023-03-08T12:17:00;RN;Natal;Obtido pelo GPS ou informado explicitamente;20.0;28873;Macaco/Guariba/Bugio/Prego/Guigó;1;Normal
34336;2023-03-08T11:53:00;RN;Natal;Obtido pelo GPS ou informado explicitamente;20.0;28872;Macaco/Guariba/Bugio/Prego/Guigó;1;Normal
34335;2023-03-08T11:36:00;RN;Natal;Obtido pelo GPS ou informado explicitamente;20.9;28871;Macaco/Guariba/Bugio/Prego/Guigó;1;Normal
34334;2023-03-08T11:24:00;RN;Natal;Obtido pelo GPS ou informado explicitamente;20.0;28870;Macaco/Guariba/Bugio/Prego/Guigó;1;Normal
34333;2023-03-08T11:13:00;RN;Natal;Obtido pelo GPS ou informado explicitamente;20.0;28869;Macaco/Guariba/Bugio/Prego/Guigó;1;Normal
34332;2023-03-08T10:57:00;RN;Natal;Obtido pelo GPS ou informado explicitamente;20.0;28868;Macaco/Guariba/Bugio/Prego/Guigó;1;Normal
34330;2023-03-08T10:30:00;RN;Natal;Obtido pelo GPS ou informado explicitamente;20.0;28866;Macaco/Guariba/Bugio/Prego/Guigó;1;Normal
34329;2023-03-08T10:13:00;RN;Natal;Obtido pelo GPS ou informado explicitamente;20.0;28865;Macaco/Guariba/Bugio/Prego/Guigó;1;Normal
34328;2023-03-08T09:44:00;RN;Natal;Obtido pelo GPS ou informado explicitamente;20.0;28864;Mico/Sagui/Soinho;1;Normal
34327;2023-02-23T10:00:00;GO;Gameleira de Goiás;Obtido pelo GPS ou informado explicitamente;0.0;28863;Macaco/Guariba/Bugio/Prego/Guigó;1;
34319;2023-03-04T17:13:00;SC;Mondaí;Obtido pelo GPS ou informado explicitamente;0.0;28855;Macaco/Guariba/Bugio/Prego/Guigó;1;
34318;2022-05-28T08:00:00;SC;Florianópolis;Coordenadas obtidas a partir do endereço;-1.0;28854;Macaco/Guariba/Bugio/Prego/Guigó;1;
34317;2022-06-07T14:50:00;SC;Florianópolis;Coordenadas obtidas a partir do endereço;-1.0;28853;Macaco/Guariba/Bugio/Prego/Guigó;1;
34315;2021-06-15T10:09:00;SC;Florianópolis;Obtido pelo GPS ou informado explicitamente;0.0;28851;Mico/Sagui/Soinho;1;
34312;2023-03-06T09:43:00;PR;Curitiba;Obtido pelo GPS ou informado explicitamente;0.0;28848;Mico/Sagui/Soinho;1;
34309;2023-03-07T09:22:00;RN;Natal;Obtido pelo GPS ou informado explicitamente;135.6;28845;Mico/Sagui/Soinho;1;
34294;2023-03-06T12:13:00;RN;Natal;Obtido pelo GPS ou informado explicitamente;4.25;28828;Mico/Sagui/Soinho;3;Normal
34293;2023-03-06T12:08:00;RN;Natal;Obtido pelo GPS ou informado explicitamente;20.0;28827;Mico/Sagui/Soinho;1;Normal
34292;2023-03-06T11:53:00;RN;Natal;Obtido pelo GPS ou informado explicitamente;20.0;28826;Mico/Sagui/Soinho;1;Normal
34291;2023-03-06T11:29:36;RN;Natal;Obtido pelo GPS ou informado explicitamente;20.0;28825;Mico/Sagui/Soinho;1;Normal
34290;2023-03-06T11:25:00;RN;Natal;Obtido pelo GPS ou informado explicitamente;20.0;28824;Mico/Sagui/Soinho;1;Normal
34289;2023-03-06T11:13:00;RN;Tibau do Sul;Obtido pelo GPS ou informado explicitamente;9.047;28823;Mico/Sagui/Soinho;3;Estranho
34288;2023-03-05T14:26:40;TO;Palmas;Obtido pelo GPS ou informado explicitamente;5.13;28822;Mico/Sagui/Soinho;1;
34287;2023-03-06T09:28:00;RN;Natal;Obtido pelo GPS ou informado explicitamente;24.9;28821;Mico/Sagui/Soinho;1;Doente
34286;2023-03-05T16:25:00;RN;Nísia Floresta;Obtido pelo GPS ou informado explicitamente;3.9;28820;Mico/Sagui/Soinho;7;Normal
34284;2023-03-05T10:19:00;MG;Planura;Obtido pelo GPS ou informado explicitamente;52.005;28818;Mico/Sagui/Soinho;1;
34254;2023-03-03T14:55:25;MT;Cáceres;Obtido pelo GPS ou informado explicitamente;11.06;28788;Macaco/Guariba/Bugio/Prego/Guigó;2;Normal
34208;2023-03-03T10:54:00;RN;Natal;Obtido pelo GPS ou informado explicitamente;3.54;28740;Mico/Sagui/Soinho;1;Normal
34175;2023-03-02T14:04:00;RN;Natal;Obtido pelo GPS ou informado explicitamente;3.79;28707;Mico/Sagui/Soinho;1;Normal
34174;2023-03-02T13:55:03;RN;Natal;Obtido pelo GPS ou informado explicitamente;1100.0;28706;Mico/Sagui/Soinho;1;Normal
34169;2023-02-26T10:35:38;MT;Barão de Melgaço;Obtido pelo GPS ou informado explicitamente;6.96;28701;Macaco/Guariba/Bugio/Prego/Guigó;12;Normal
34162;2023-02-27T07:08:03;MT;Poconé;Obtido pelo GPS ou informado explicitamente;6.73;28693;Macaco/Guariba/Bugio/Prego/Guigó;5;Normal
34157;2023-02-26T16:35:00;MT;Poconé;Obtido pelo GPS ou informado explicitamente;4.52;28687;Macaco/Guariba/Bugio/Prego/Guigó;6;Normal
34142;2023-02-25T08:45:00;MT;Poconé;Obtido pelo GPS ou informado explicitamente;4.64;28671;Macaco/Guariba/Bugio/Prego/Guigó;3;Normal
34125;2023-02-17T14:23:00;RN;Natal;Coordenadas obtidas a partir do endereço;-1.0;28651;Mico/Sagui/Soinho;1;
34124;2023-03-01T15:11:23;RN;Natal;Obtido pelo GPS ou informado explicitamente;4.61;28650;Mico/Sagui/Soinho;1;Normal
34123;2023-03-01T14:59:06;RN;Natal;Obtido pelo GPS ou informado explicitamente;4.24;28649;Mico/Sagui/Soinho;1;Normal
34122;2023-03-01T14:53:47;RN;Natal;Obtido pelo GPS ou informado explicitamente;4.61;28648;Mico/Sagui/Soinho;1;Normal
34121;2023-03-01T11:49:06;RN;Natal;Obtido pelo GPS ou informado explicitamente;3.79;28647;Mico/Sagui/Soinho;3;Normal
34119;2023-03-01T09:00:00;RN;Natal;Obtido pelo GPS ou informado explicitamente;0.0;28645;Mico/Sagui/Soinho;2;Normal
34116;2023-02-26T10:36:10;MT;Barão de Melgaço;Obtido pelo GPS ou informado explicitamente;4.6;28642;Macaco/Guariba/Bugio/Prego/Guigó;11;Normal
34108;2023-02-28T16:22:00;RN;Natal;Obtido pelo GPS ou informado explicitamente;156.9;28634;Mico/Sagui/Soinho;4;Normal
34095;2023-02-25T16:30:00;TO;Palmas;Obtido pelo GPS ou informado explicitamente;0.0;28620;Mico/Sagui/Soinho;1;
34034;2023-02-27T14:15:00;MG;Montes Claros;Obtido pelo GPS ou informado explicitamente;0.0;28554;Mico/Sagui/Soinho;1;
34011;2023-02-24T16:00:00;SP;São João da Boa Vista;Obtido pelo GPS ou informado explicitamente;-1.0;28531;Mico/Sagui/Soinho;1;
34009;2023-02-27T10:08:39;RS;Protásio Alves;Coordenadas obtidas a partir do endereço;;28529;Macaco/Guariba/Bugio/Prego/Guigó;1;
34008;2023-02-07T12:00:00;SP;São Sebastião da Grama;Obtido pelo GPS ou informado explicitamente;-1.0;28528;Macaco/Guariba/Bugio/Prego/Guigó;1;
33978;2023-02-24T09:00:00;SP;Águas da Prata;Obtido pelo GPS ou informado explicitamente;-1.0;28498;Macaco/Guariba/Bugio/Prego/Guigó;1;
33977;2023-02-24T09:20:00;TO;Palmas;Obtido pelo GPS ou informado explicitamente;0.0;28497;Mico/Sagui/Soinho;5;
33961;2023-02-22T09:31:00;PI;Altos;Obtido pelo GPS ou informado explicitamente;61.566;28481;Macaco/Guariba/Bugio/Prego/Guigó;2;Normal
33959;2023-02-21T12:39:00;PI;Altos;Obtido pelo GPS ou informado explicitamente;46.756;28479;Macaco/Guariba/Bugio/Prego/Guigó;3;Normal
33957;2023-02-23T12:03:10;RN;Lagoa de Pedras;Obtido pelo GPS ou informado explicitamente;60.0;28477;Mico/Sagui/Soinho;1;Doente
33956;2023-02-23T11:42:21;GO;Padre Bernardo;Obtido pelo GPS ou informado explicitamente;3.9;28476;Mico/Sagui/Soinho;3;Normal
33955;2023-02-23T10:50:19;RN;Natal;Obtido pelo GPS ou informado explicitamente;12.295;28475;Mico/Sagui/Soinho;3;Doente
33951;2023-02-22T14:00:00;RN;Baía Formosa;Obtido pelo GPS ou informado explicitamente;0.0;28471;Macaco/Guariba/Bugio/Prego/Guigó;1;
33950;2023-02-09T12:00:00;SP;Caconde;Obtido pelo GPS ou informado explicitamente;-1.0;28470;Mico/Sagui/Soinho;1;
33929;2023-02-21T08:57:00;TO;Pium;Obtido pelo GPS ou informado explicitamente;3.54;28449;Macaco/Guariba/Bugio/Prego/Guigó;1;
33918;2023-02-17T11:30:48;PI;Coronel José Dias;Obtido pelo GPS ou informado explicitamente;6.742;28438;Macaco/Guariba/Bugio/Prego/Guigó;1;
33916;2023-02-17T10:59:08;PI;Coronel José Dias;Obtido pelo GPS ou informado explicitamente;6.679;28436;Macaco/Guariba/Bugio/Prego/Guigó;1;Normal
33873;2023-02-15T09:36:40;PI;Coronel José Dias;Obtido pelo GPS ou informado explicitamente;10.333;28393;Macaco/Guariba/Bugio/Prego/Guigó;1;Normal
33865;2023-02-14T09:28:00;MG;Montes Claros;Obtido pelo GPS ou informado explicitamente;0.0;28385;Mico/Sagui/Soinho;1;
33780;2023-02-13T16:44:00;MG;Santa Vitória;Obtido pelo GPS ou informado explicitamente;0.0;28300;Mico/Sagui/Soinho;2;
33779;2022-10-23T10:03:40;MG;Santa Vitória;Obtido pelo GPS ou informado explicitamente;3.9;28299;Macaco/Guariba/Bugio/Prego/Guigó;3;
33774;2023-02-12T09:59:00;RJ;Santa Maria Madalena;Obtido pelo GPS ou informado explicitamente;;28294;Macaco/Guariba/Bugio/Prego/Guigó;1;
33773;2023-02-12T08:33:00;SC;Guabiruba;Obtido pelo GPS ou informado explicitamente;6.0;28293;Macaco/Guariba/Bugio/Prego/Guigó;1;
33763;2023-02-10T08:59:00;MG;Montes Claros;Obtido pelo GPS ou informado explicitamente;72.9;28283;Mico/Sagui/Soinho;1;
33762;2023-02-10T07:38:00;PR;Curitiba;Obtido pelo GPS ou informado explicitamente;0.0;28282;Macaco/Guariba/Bugio/Prego/Guigó;1;
33723;2023-02-08T08:16:09;MG;Três Pontas;Obtido pelo GPS ou informado explicitamente;;28241;Mico/Sagui/Soinho;1;
33719;2023-02-03T14:40:00;PR;Foz do Iguaçu;Obtido pelo GPS ou informado explicitamente;0.0;28236;Macaco/Guariba/Bugio/Prego/Guigó;1;
33716;2023-02-06T16:31:00;RS;Riozinho;Obtido pelo GPS ou informado explicitamente;0.0;28233;Macaco/Guariba/Bugio/Prego/Guigó;1;
33715;2023-02-05T13:23:00;SP;Campinas;Coordenadas obtidas a partir do endereço;-1.0;28232;Mico/Sagui/Soinho;1;
33714;2023-02-06T13:30:00;RS;São Vicente do Sul;Obtido pelo GPS ou informado explicitamente;0.0;28231;Macaco/Guariba/Bugio/Prego/Guigó;1;Normal
33711;2023-01-09T09:43:00;GO;Goiânia;Obtido pelo GPS ou informado explicitamente;0.0;28228;Macaco/Guariba/Bugio/Prego/Guigó;1;
33710;2023-02-02T10:30:00;MG;Ribeirão Vermelho;Obtido pelo GPS ou informado explicitamente;0.0;28227;Mico/Sagui/Soinho;1;
33688;2023-02-02T12:37:57;BA;Feira da Mata;Obtido pelo GPS ou informado explicitamente;9.43;28205;Macaco/Guariba/Bugio/Prego/Guigó;1;
33669;2023-02-02T15:48:08;MG;Montes Claros;Obtido pelo GPS ou informado explicitamente;26.169;28186;Mico/Sagui/Soinho;1;
33645;2023-02-01T16:35:00;RN;Natal;Obtido pelo GPS ou informado explicitamente;10.932;28161;Mico/Sagui/Soinho;1;
33644;2022-12-23T09:54:00;RN;Parnamirim;Obtido pelo GPS ou informado explicitamente;8.5;28160;Mico/Sagui/Soinho;2;
33643;2023-02-01T10:07:00;RN;Espírito Santo;Obtido pelo GPS ou informado explicitamente;3.79;28159;Mico/Sagui/Soinho;6;
33640;2023-01-31T14:28:00;SP;Campinas;Coordenadas obtidas a partir do endereço;-1.0;28156;Mico/Sagui/Soinho;1;
33639;2023-01-27T16:00:00;RS;Camaquã;Obtido pelo GPS ou informado explicitamente;0.0;28155;Macaco/Guariba/Bugio/Prego/Guigó;1;
33618;2023-01-31T16:36:00;BA;Malhada;Obtido pelo GPS ou informado explicitamente;3.9;28134;Mico/Sagui/Soinho;9;
33617;2023-01-31T13:28:00;BA;Carinhanha;Obtido pelo GPS ou informado explicitamente;0.0;28133;Macaco/Guariba/Bugio/Prego/Guigó;1;
33603;2023-01-30T11:57:00;RS;Guaíba;Coordenadas obtidas a partir do endereço;-1.0;28119;Macaco/Guariba/Bugio/Prego/Guigó;1;
33592;2023-01-25T14:45:00;RJ;Rio de Janeiro;Obtido pelo GPS ou informado explicitamente;0.0;28108;Mico/Sagui/Soinho;2;Normal
33553;2023-01-27T09:30:00;MG;Itapagipe;Coordenadas obtidas a partir do endereço;-1.0;28069;Mico/Sagui/Soinho;1;
33552;2023-01-27T09:23:00;RS;Guaíba;Coordenadas obtidas a partir do endereço;-1.0;28068;Macaco/Guariba/Bugio/Prego/Guigó;1;
33544;2023-01-26T14:00:00;MG;Matias Barbosa;Coordenadas obtidas a partir do endereço;-1.0;28060;Mico/Sagui/Soinho;1;
33534;2023-01-25T15:26:00;SP;Campinas;Obtido pelo GPS ou informado explicitamente;0.0;28050;Macaco/Guariba/Bugio/Prego/Guigó;1;
33526;2023-01-24T10:30:00;MG;Montes Claros;Obtido pelo GPS ou informado explicitamente;0.0;28042;Mico/Sagui/Soinho;1;
33524;2023-01-24T17:50:00;MG;Itapagipe;Coordenadas obtidas a partir do endereço;-1.0;28040;Mico/Sagui/Soinho;1;
33523;2023-01-24T10:17:00;SP;Ribeirão Pires;Obtido pelo GPS ou informado explicitamente;0.0;28039;Mico/Sagui/Soinho;1;
33522;2023-01-21T15:28:00;PR;Curitiba;Obtido pelo GPS ou informado explicitamente;0.0;28038;Mico/Sagui/Soinho;1;
33505;2023-01-23T14:29:14;MG;Montes Claros;Obtido pelo GPS ou informado explicitamente;2.316;28021;Mico/Sagui/Soinho;2;
33505;2023-01-23T14:29:14;MG;Montes Claros;Obtido pelo GPS ou informado explicitamente;2.316;28020;Mico/Sagui/Soinho;2;
33504;2023-01-23T10:30:00;MG;Barão de Cocais;Coordenadas obtidas a partir do endereço;-1.0;28019;Mico/Sagui/Soinho;2;
33483;2023-01-20T18:06:00;RS;Flores da Cunha;Obtido pelo GPS ou informado explicitamente;2.5;27995;Macaco/Guariba/Bugio/Prego/Guigó;1;
33481;2023-01-19T14:48:14;RJ;Angra dos Reis;Obtido pelo GPS ou informado explicitamente;6.386;27993;Mico/Sagui/Soinho;10;
33480;2023-01-19T14:48:14;RJ;Angra dos Reis;Obtido pelo GPS ou informado explicitamente;6.386;27992;Mico/Sagui/Soinho;10;
33400;2023-01-01T17:05:05;RJ;Rio de Janeiro;Obtido pelo GPS ou informado explicitamente;50.0;27911;Macaco/Guariba/Bugio/Prego/Guigó;1;Normal
33390;2023-01-16T11:51:00;MG;Perdões;Obtido pelo GPS ou informado explicitamente;-1.0;27901;Mico/Sagui/Soinho;1;
33387;2023-01-13T13:07:00;MG;São José do Jacuri;Coordenadas obtidas a partir do endereço;-1.0;27898;Mico/Sagui/Soinho;1;
33387;2023-01-13T13:07:00;MG;São José do Jacuri;Coordenadas obtidas a partir do endereço;-1.0;27897;Macaco/Guariba/Bugio/Prego/Guigó;1;
33346;2023-01-12T19:41:23;RJ;Teresópolis;Obtido pelo GPS ou informado explicitamente;;27856;Macaco/Guariba/Bugio/Prego/Guigó;1;Normal
33345;2023-01-12T10:15:50;PI;Coronel José Dias;Obtido pelo GPS ou informado explicitamente;7.25;27855;Macaco/Guariba/Bugio/Prego/Guigó;1;
33325;2023-01-11T14:33:00;GO;Goiânia;Obtido pelo GPS ou informado explicitamente;0.0;27835;Macaco/Guariba/Bugio/Prego/Guigó;1;
33324;2023-01-11T14:00:00;PR;Tijucas do Sul;Obtido pelo GPS ou informado explicitamente;0.0;27834;Macaco/Guariba/Bugio/Prego/Guigó;1;
33322;2023-01-11T16:21:00;MG;São João Evangelista;Obtido pelo GPS ou informado explicitamente;7.17;27832;Macaco/Guariba/Bugio/Prego/Guigó;1;
33298;2023-01-11T11:47:00;PR;São José dos Pinhais;Obtido pelo GPS ou informado explicitamente;12.0;27808;Macaco/Guariba/Bugio/Prego/Guigó;1;
33293;2023-01-11T08:37:44;DF;Brasília;Obtido pelo GPS ou informado explicitamente;12.02;27803;Mico/Sagui/Soinho;1;Estranho
33278;2023-01-10T11:40:00;SP;Campinas;Obtido pelo GPS ou informado explicitamente;0.0;27788;Mico/Sagui/Soinho;1;
33277;2023-01-09T10:22:00;PR;Foz do Iguaçu;Obtido pelo GPS ou informado explicitamente;0.0;27787;Macaco/Guariba/Bugio/Prego/Guigó;1;
33273;2023-01-07T10:02:00;PI;São Raimundo Nonato;Obtido pelo GPS ou informado explicitamente;0.0;27783;Macaco/Guariba/Bugio/Prego/Guigó;19;
33253;2023-01-09T08:27:00;MG;Taiobeiras;Obtido pelo GPS ou informado explicitamente;36.968;27762;Mico/Sagui/Soinho;1;
33249;2023-01-08T12:07:00;SP;Campinas;Obtido pelo GPS ou informado explicitamente;4.92;27758;Mico/Sagui/Soinho;4;Estranho
33242;2023-01-06T15:05:00;MG;Montes Claros;Obtido pelo GPS ou informado explicitamente;0.0;27751;Mico/Sagui/Soinho;1;
33218;2023-01-06T16:43:00;MG;São Pedro do Suaçuí;Coordenadas obtidas a partir do endereço;-1.0;27727;Mico/Sagui/Soinho;1;
33217;2022-10-26T13:10:00;GO;Goiânia;Obtido pelo GPS ou informado explicitamente;0.0;27726;Mico/Sagui/Soinho;1;
33216;2022-12-27T13:00:00;GO;Goiânia;Obtido pelo GPS ou informado explicitamente;0.0;27725;Mico/Sagui/Soinho;1;
33215;2022-12-29T13:52:00;GO;Goiânia;Obtido pelo GPS ou informado explicitamente;0.0;27724;Mico/Sagui/Soinho;1;
33194;2023-01-05T18:04:00;RN;Macaíba;Obtido pelo GPS ou informado explicitamente;65.893;27703;Macaco/Guariba/Bugio/Prego/Guigó;1;
33192;2023-01-05T14:37:00;GO;Goiânia;Obtido pelo GPS ou informado explicitamente;0.0;27701;Macaco/Guariba/Bugio/Prego/Guigó;1;
33171;2023-01-04T15:00:00;MG;Montes Claros;Obtido pelo GPS ou informado explicitamente;0.0;27680;Mico/Sagui/Soinho;1;
33170;2023-01-04T14:00:00;MG;Montes Claros;Obtido pelo GPS ou informado explicitamente;0.0;27679;Mico/Sagui/Soinho;1;
33166;2022-01-14T13:48:28;SP;Santo André;Coordenadas obtidas a partir do endereço;;27675;Macaco/Guariba/Bugio/Prego/Guigó;2;Normal
33162;2023-01-04T10:09:00;MG;Ribeirão das Neves;Obtido pelo GPS ou informado explicitamente;20.0;27671;Mico/Sagui/Soinho;2;
33160;2023-01-04T08:35:00;MG;Uberaba;Coordenadas obtidas a partir do endereço;-1.0;27669;Mico/Sagui/Soinho;1;
33141;2023-01-03T08:00:00;MG;Angelândia;Obtido pelo GPS ou informado explicitamente;0.0;27650;Macaco/Guariba/Bugio/Prego/Guigó;1;
33131;2022-12-18T09:29:21;MG;Cataguases;Obtido pelo GPS ou informado explicitamente;3.9;27640;Mico/Sagui/Soinho;2;
33125;2023-01-01T12:05:59;PR;São José dos Pinhais;Obtido pelo GPS ou informado explicitamente;17.152;27634;Macaco/Guariba/Bugio/Prego/Guigó;1;
33009;2022-12-28T11:07:04;RJ;Magé;Obtido pelo GPS ou informado explicitamente;15.008;27518;Mico/Sagui/Soinho;2;
32946;2022-12-27T10:00:00;RS;Tupanciretã;Obtido pelo GPS ou informado explicitamente;3.0;27455;Macaco/Guariba/Bugio/Prego/Guigó;2;
32945;2022-12-29T07:42:00;MG;Taiobeiras;Obtido pelo GPS ou informado explicitamente;3.903;27454;Mico/Sagui/Soinho;1;
32905;2022-12-27T15:21:00;MG;Montes Claros;Obtido pelo GPS ou informado explicitamente;104.1;27414;Mico/Sagui/Soinho;1;
32867;2022-12-23T12:29:20;PI;Coronel José Dias;Obtido pelo GPS ou informado explicitamente;2400.0;27376;Macaco/Guariba/Bugio/Prego/Guigó;1;
32839;2022-12-21T13:44:37;PI;São Raimundo Nonato;Obtido pelo GPS ou informado explicitamente;2799.999;27348;Macaco/Guariba/Bugio/Prego/Guigó;1;
32805;2022-12-20T09:59:41;BA;São Desidério;Obtido pelo GPS ou informado explicitamente;3.7900925;27314;Mico/Sagui/Soinho;1;
32805;2022-12-20T09:59:41;BA;São Desidério;Obtido pelo GPS ou informado explicitamente;3.7900925;27313;Mico/Sagui/Soinho;1;
32803;2022-12-19T15:34:00;PR;Cascavel;Obtido pelo GPS ou informado explicitamente;0.0;27311;Macaco/Guariba/Bugio/Prego/Guigó;1;
32788;2022-12-19T16:33:00;RS;Barra do Ribeiro;Obtido pelo GPS ou informado explicitamente;0.0;27296;Macaco/Guariba/Bugio/Prego/Guigó;1;
32786;2022-12-19T12:32:00;BA;Água Fria;Obtido pelo GPS ou informado explicitamente;0.0;27294;Macaco/Guariba/Bugio/Prego/Guigó;1;
32781;2022-12-09T10:15:00;SC;Indaial;Obtido pelo GPS ou informado explicitamente;0.0;27289;Macaco/Guariba/Bugio/Prego/Guigó;1;
32757;2022-12-16T10:55:12;MG;Montes Claros;Obtido pelo GPS ou informado explicitamente;5.5;27264;Mico/Sagui/Soinho;1;
32755;2022-12-16T09:30:00;PR;Porto Amazonas;Obtido pelo GPS ou informado explicitamente;0.0;27262;Macaco/Guariba/Bugio/Prego/Guigó;1;
32753;2022-12-15T10:46:00;SP;Santo André;Obtido pelo GPS ou informado explicitamente;0.0;27260;Macaco/Guariba/Bugio/Prego/Guigó;1;
32738;2022-11-25T12:11:28;MG;Coração de Jesus;Obtido pelo GPS ou informado explicitamente;1299.999;27245;Mico/Sagui/Soinho;1;
32706;2022-12-11T21:40:00;MG;Uberaba;Coordenadas obtidas a partir do endereço;-1.0;27213;Macaco/Guariba/Bugio/Prego/Guigó;1;
32683;2022-12-12T11:19:10;MG;Montes Claros;Obtido pelo GPS ou informado explicitamente;13.5;27190;Mico/Sagui/Soinho;1;
32681;2022-12-12T15:08:58;MG;Montes Claros;Obtido pelo GPS ou informado explicitamente;45.6;27188;Mico/Sagui/Soinho;1;
32673;2022-12-11T15:00:00;SC;Florianópolis;Coordenadas obtidas a partir do endereço;-1.0;27180;Mico/Sagui/Soinho;1;
32672;2022-12-11T12:41:00;RS;Santiago;Obtido pelo GPS ou informado explicitamente;0.0;27179;Macaco/Guariba/Bugio/Prego/Guigó;1;Normal
32671;2022-12-11T17:41:31;RJ;Guapimirim;Obtido pelo GPS ou informado explicitamente;16.561;27178;Mico/Sagui/Soinho;8;
32667;2022-12-10T10:36:36;MG;Cataguases;Obtido pelo GPS ou informado explicitamente;2.78;27174;Mico/Sagui/Soinho;6;
32664;2022-12-09T10:18:25;PI;Coronel José Dias;Obtido pelo GPS ou informado explicitamente;37.0;27171;Macaco/Guariba/Bugio/Prego/Guigó;1;
32655;2022-12-09T17:44:00;MG;Ubaí;Obtido pelo GPS ou informado explicitamente;17.676;27162;Mico/Sagui/Soinho;1;
32654;2022-12-09T17:55:00;MG;Ubaí;Obtido pelo GPS ou informado explicitamente;1700.0;27161;Mico/Sagui/Soinho;1;
32653;2022-12-09T17:53:00;MG;Ubaí;Obtido pelo GPS ou informado explicitamente;1700.0;27160;Mico/Sagui/Soinho;1;
32652;2022-12-09T17:49:00;MG;Ubaí;Obtido pelo GPS ou informado explicitamente;1700.0;27159;Mico/Sagui/Soinho;1;
32648;2022-12-08T13:29:00;MG;Montes Claros;Obtido pelo GPS ou informado explicitamente;0.0;27155;Mico/Sagui/Soinho;1;
32643;2022-12-08T20:03:32;RJ;Rio de Janeiro;Coordenadas obtidas a partir do endereço;;27150;Macaco/Guariba/Bugio/Prego/Guigó;4;Normal
32624;2022-12-08T14:28:00;PR;Carambeí;Obtido pelo GPS ou informado explicitamente;3.6;27130;Macaco/Guariba/Bugio/Prego/Guigó;1;
32619;2022-12-08T09:00:00;PR;Cascavel;Obtido pelo GPS ou informado explicitamente;0.0;27125;Mico/Sagui/Soinho;1;
32596;2022-11-25T15:31:00;RS;São Pedro do Sul;Obtido pelo GPS ou informado explicitamente;43.535;27102;Macaco/Guariba/Bugio/Prego/Guigó;1;
32593;2022-12-07T13:58:34;RS;Chuvisca;Obtido pelo GPS ou informado explicitamente;2.0;27099;Macaco/Guariba/Bugio/Prego/Guigó;1;
32592;2022-12-06T09:31:00;PE;Ibimirim;Coordenadas obtidas a partir do endereço;-1.0;27098;Mico/Sagui/Soinho;4;
32589;2022-12-06T17:41:00;MG;Coração de Jesus;Obtido pelo GPS ou informado explicitamente;2.033;27095;Mico/Sagui/Soinho;1;
32573;2022-12-06T14:35:00;MG;Montes Claros;Obtido pelo GPS ou informado explicitamente;166.8;27079;Mico/Sagui/Soinho;1;
32572;2022-12-06T15:51:00;MG;Itabirito;Coordenadas obtidas a partir do endereço;-1.0;27078;Mico/Sagui/Soinho;1;
32570;2022-12-06T10:36:10;PR;Maringá;Obtido pelo GPS ou informado explicitamente;24.844;27076;Mico/Sagui/Soinho;1;
32568;2022-12-06T10:00:49;PR;Cascavel;Obtido pelo GPS ou informado explicitamente;;27074;Mico/Sagui/Soinho;1;
32559;2022-12-05T14:54:00;PI;Altos;Obtido pelo GPS ou informado explicitamente;30.0;27065;Mico/Sagui/Soinho;1;
32557;2022-12-03T17:28:00;PR;Antônio Olinto;Obtido pelo GPS ou informado explicitamente;1.5;27063;Macaco/Guariba/Bugio/Prego/Guigó;1;
32555;2022-12-03T11:00:00;PE;Ibimirim;Coordenadas obtidas a partir do endereço;-1.0;27061;Mico/Sagui/Soinho;1;
32552;2022-12-05T10:24:00;RN;Natal;Obtido pelo GPS ou informado explicitamente;48.0;27058;Mico/Sagui/Soinho;1;Estranho
32551;2022-12-02T19:10:00;SC;Joinville;Obtido pelo GPS ou informado explicitamente;0.0;27057;Mico/Sagui/Soinho;1;
32547;2022-12-02T16:00:00;SP;Santo André;Obtido pelo GPS ou informado explicitamente;0.0;27053;Mico/Sagui/Soinho;1;
32546;2022-09-24T12:23:00;SP;Mogi das Cruzes;Obtido pelo GPS ou informado explicitamente;0.0;27052;Macaco/Guariba/Bugio/Prego/Guigó;1;
32536;2022-12-03T10:40:00;SP;Campinas;Obtido pelo GPS ou informado explicitamente;7.53;27042;Mico/Sagui/Soinho;1;Normal
32526;2022-12-02T08:46:45;PI;Coronel José Dias;Obtido pelo GPS ou informado explicitamente;8.5;27032;Macaco/Guariba/Bugio/Prego/Guigó;1;
32516;2022-11-30T11:40:00;PR;Foz do Iguaçu;Coordenadas obtidas a partir do endereço;;27022;Macaco/Guariba/Bugio/Prego/Guigó;1;
32515;2022-11-25T10:01:00;MG;São João do Pacuí;Obtido pelo GPS ou informado explicitamente;3400.0;27021;Mico/Sagui/Soinho;1;
32514;2022-12-02T09:01:00;SP;Campinas;Obtido pelo GPS ou informado explicitamente;4.82;27020;Mico/Sagui/Soinho;5;Normal
32496;2022-12-01T14:20:24;MG;Sacramento;Obtido pelo GPS ou informado explicitamente;36.9;27002;Macaco/Guariba/Bugio/Prego/Guigó;1;
32493;2022-11-24T09:46:00;PR;Apucarana;Coordenadas obtidas a partir do endereço;-1.0;26999;Macaco/Guariba/Bugio/Prego/Guigó;1;
32466;2022-10-14T09:00:00;MG;Salinas;Obtido pelo GPS ou informado explicitamente;0.0;26972;Macaco/Guariba/Bugio/Prego/Guigó;1;
32464;2022-11-17T16:00:00;RJ;Teresópolis;Obtido pelo GPS ou informado explicitamente;40.84;26970;Macaco/Guariba/Bugio/Prego/Guigó;6;Normal
32417;2022-11-23T11:13:44;RJ;Magé;Obtido pelo GPS ou informado explicitamente;11.792;26923;Mico/Sagui/Soinho;2;
32344;2022-11-07T10:35:00;RS;Jaguari;Obtido pelo GPS ou informado explicitamente;51.387;26850;Macaco/Guariba/Bugio/Prego/Guigó;1;
32337;2022-11-24T08:08:44;BA;Feira de Santana;Coordenadas obtidas a partir do endereço;-1.0;26843;Mico/Sagui/Soinho;1;
32333;2022-11-25T17:07:00;PR;Piraquara;Obtido pelo GPS ou informado explicitamente;1.03;26839;Macaco/Guariba/Bugio/Prego/Guigó;1;
32331;2022-11-18T10:01:00;MG;Barbacena;Obtido pelo GPS ou informado explicitamente;-1.0;26837;Mico/Sagui/Soinho;1;
32324;2022-11-26T15:17:02;RS;Guaíba;Coordenadas obtidas a partir do endereço;;26830;Macaco/Guariba/Bugio/Prego/Guigó;1;
32322;2022-11-26T11:33:00;SP;Campinas;Obtido pelo GPS ou informado explicitamente;5.85;26828;Mico/Sagui/Soinho;6;Normal
32303;2022-11-22T11:14:00;MG;Montes Claros;Obtido pelo GPS ou informado explicitamente;0.0;26809;Mico/Sagui/Soinho;1;
32302;2022-11-25T14:11:08;MG;Montes Claros;Obtido pelo GPS ou informado explicitamente;2500.0;26808;Mico/Sagui/Soinho;1;
32300;2022-09-08T09:04:01;RJ;Magé;Obtido pelo GPS ou informado explicitamente;38.579;26806;Mico/Sagui/Soinho;1;
32299;2022-08-22T08:34:57;RJ;Rio de Janeiro;Obtido pelo GPS ou informado explicitamente;23.184;26805;Mico/Sagui/Soinho;1;
32292;2022-11-25T12:36:00;MG;Ubaí;Obtido pelo GPS ou informado explicitamente;24.799;26798;Mico/Sagui/Soinho;1;
32291;2022-11-25T10:43:00;SP;São Paulo;Obtido pelo GPS ou informado explicitamente;26.219;26797;Mico/Sagui/Soinho;6;
32254;2022-11-23T13:11:04;MG;Rio Casca;Obtido pelo GPS ou informado explicitamente;1.4;26760;Mico/Sagui/Soinho;1;
32254;2022-11-23T13:11:04;MG;Rio Casca;Obtido pelo GPS ou informado explicitamente;1.4;26759;Macaco/Guariba/Bugio/Prego/Guigó;1;
32253;2022-11-22T10:15:00;RN;Natal;Obtido pelo GPS ou informado explicitamente;7.5;26758;Mico/Sagui/Soinho;1;
32252;2022-11-23T09:15:00;MG;Lagoa Santa;Obtido pelo GPS ou informado explicitamente;-1.0;26757;Mico/Sagui/Soinho;1;
32250;2022-11-22T10:28:00;SP;Campinas;Obtido pelo GPS ou informado explicitamente;-1.0;26755;Mico/Sagui/Soinho;1;
32226;2022-11-17T09:45:33;RJ;Magé;Obtido pelo GPS ou informado explicitamente;17.152;26731;Mico/Sagui/Soinho;1;
32183;2022-11-11T10:10:00;RJ;Magé;Obtido pelo GPS ou informado explicitamente;0.0;26688;Mico/Sagui/Soinho;1;
32045;2022-11-21T15:14:00;MG;Montes Claros;Obtido pelo GPS ou informado explicitamente;-1.0;26550;Mico/Sagui/Soinho;1;
32023;2022-11-22T15:44:00;RS;Gramado;Obtido pelo GPS ou informado explicitamente;0.0;26527;Macaco/Guariba/Bugio/Prego/Guigó;1;
32021;2022-10-07T14:11:00;GO;Goiânia;Obtido pelo GPS ou informado explicitamente;0.0;26525;Macaco/Guariba/Bugio/Prego/Guigó;1;
32020;2022-11-22T10:39:18;PR;Mandirituba;Coordenadas obtidas a partir do endereço;;26524;Macaco/Guariba/Bugio/Prego/Guigó;1;
32003;2022-11-18T09:49:49;MG;Montes Claros;Obtido pelo GPS ou informado explicitamente;16.0;26506;Mico/Sagui/Soinho;1;
32001;2022-11-14T15:00:00;RJ;Guapimirim;Obtido pelo GPS ou informado explicitamente;-1.0;26504;Mico/Sagui/Soinho;4;
31998;2022-11-18T14:42:22;MG;Montes Claros;Obtido pelo GPS ou informado explicitamente;107.6;26501;Mico/Sagui/Soinho;1;
31991;2021-11-24T14:00:21;CE;Ubajara;Coordenadas obtidas a partir do endereço;;26494;Macaco/Guariba/Bugio/Prego/Guigó;1;
31990;2022-05-20T15:53:51;CE;Ubajara;Coordenadas obtidas a partir do endereço;;26493;Macaco/Guariba/Bugio/Prego/Guigó;1;
31989;2022-11-15T16:28:02;CE;Ubajara;Coordenadas obtidas a partir do endereço;;26492;Mico/Sagui/Soinho;1;
31988;2022-11-17T09:24:46;MG;Montes Claros;Obtido pelo GPS ou informado explicitamente;21.5;26491;Mico/Sagui/Soinho;1;
31987;2022-11-17T10:53:00;SP;Atibaia;Obtido pelo GPS ou informado explicitamente;3.879;26490;Macaco/Guariba/Bugio/Prego/Guigó;1;
31984;2022-11-16T15:43:00;MG;Montes Claros;Obtido pelo GPS ou informado explicitamente;31.977;26487;Mico/Sagui/Soinho;1;
31983;2022-11-16T15:23:36;RS;Bom Retiro do Sul;Obtido pelo GPS ou informado explicitamente;0.0;26486;Macaco/Guariba/Bugio/Prego/Guigó;1;
31936;2022-10-06T14:49:37;MG;Jequitaí;Obtido pelo GPS ou informado explicitamente;30.415;26439;Mico/Sagui/Soinho;1;
31935;2022-10-06T14:47:47;MG;Jequitaí;Obtido pelo GPS ou informado explicitamente;29.436;26438;Mico/Sagui/Soinho;1;
31933;2022-10-05T09:47:00;MG;Jequitaí;Obtido pelo GPS ou informado explicitamente;1.5;26436;Mico/Sagui/Soinho;1;
31930;2022-11-10T11:44:00;RS;Guaíba;Obtido pelo GPS ou informado explicitamente;-1.0;26433;Macaco/Guariba/Bugio/Prego/Guigó;1;
31929;2022-10-27T10:09:00;MG;Montes Claros;Obtido pelo GPS ou informado explicitamente;0.0;26432;Mico/Sagui/Soinho;1;
31919;2022-11-09T12:38:00;RJ;Magé;Obtido pelo GPS ou informado explicitamente;1600.0;26422;Macaco/Guariba/Bugio/Prego/Guigó;1;
31891;2022-10-31T10:00:12;MG;São João do Pacuí;Obtido pelo GPS ou informado explicitamente;;26384;Mico/Sagui/Soinho;1;
31886;2022-11-04T09:51:00;MG;Santana do Paraíso;Obtido pelo GPS ou informado explicitamente;5.99;26379;Macaco/Guariba/Bugio/Prego/Guigó;1;
31879;2022-10-29T16:16:16;RJ;Magé;Obtido pelo GPS ou informado explicitamente;7.504;26371;Mico/Sagui/Soinho;1;
31730;2022-11-04T17:05:00;SP;Campinas;Coordenadas obtidas a partir do endereço;-1.0;26220;Mico/Sagui/Soinho;1;
31729;2022-10-30T13:08:18;MG;São João do Pacuí;Obtido pelo GPS ou informado explicitamente;4172.718;26219;Mico/Sagui/Soinho;1;
31728;2022-10-30T13:08:18;MG;São João do Pacuí;Obtido pelo GPS ou informado explicitamente;4172.718;26218;Mico/Sagui/Soinho;1;
31727;2022-10-29T12:31:45;MG;São João do Pacuí;Obtido pelo GPS ou informado explicitamente;3000.0;26217;Mico/Sagui/Soinho;1;
31724;2022-11-07T14:49:00;RS;Chuvisca;Obtido pelo GPS ou informado explicitamente;3.8;26214;Macaco/Guariba/Bugio/Prego/Guigó;1;
31723;2022-11-07T14:32:00;RS;Chuvisca;Obtido pelo GPS ou informado explicitamente;128.899;26213;Macaco/Guariba/Bugio/Prego/Guigó;1;
31721;2022-11-03T08:46:29;SP;Campinas;Coordenadas obtidas a partir do endereço;;26211;Mico/Sagui/Soinho;1;
31720;2022-11-07T08:39:11;MG;Jaboticatubas;Obtido pelo GPS ou informado explicitamente;5.42;26210;Mico/Sagui/Soinho;1;
31708;2022-11-04T14:22:00;GO;Goiânia;Obtido pelo GPS ou informado explicitamente;0.0;26198;Macaco/Guariba/Bugio/Prego/Guigó;1;
31633;2022-10-31T16:34:00;SC;Florianópolis;Obtido pelo GPS ou informado explicitamente;-1.0;26123;Mico/Sagui/Soinho;1;
31629;2022-10-31T14:36:25;PI;Teresina;Obtido pelo GPS ou informado explicitamente;21.371;26119;Mico/Sagui/Soinho;2;
31626;2022-10-27T08:56:00;MG;Ubaí;Obtido pelo GPS ou informado explicitamente;7.504;26116;Macaco/Guariba/Bugio/Prego/Guigó;1;
31599;2022-10-28T10:01:29;PI;Coronel José Dias;Obtido pelo GPS ou informado explicitamente;13.0;26089;Macaco/Guariba/Bugio/Prego/Guigó;1;
31588;2022-10-19T16:22:22;MG;Januária;Obtido pelo GPS ou informado explicitamente;;26077;Macaco/Guariba/Bugio/Prego/Guigó;1;
31587;2022-10-28T11:07:23;MG;Montes Claros;Obtido pelo GPS ou informado explicitamente;3.9;26076;Mico/Sagui/Soinho;1;
31562;2022-10-27T14:20:22;MG;Montes Claros;Obtido pelo GPS ou informado explicitamente;21.675;26051;Mico/Sagui/Soinho;1;
31532;2022-10-24T15:30:00;MG;Barão de Cocais;Coordenadas obtidas a partir do endereço;-1.0;26021;Mico/Sagui/Soinho;1;
31448;2022-10-22T16:24:00;RN;Cerro Corá;Coordenadas obtidas a partir do endereço;-1.0;25925;Mico/Sagui/Soinho;1;
31439;2022-10-19T16:24:00;PI;Altos;Obtido pelo GPS ou informado explicitamente;14.139;25916;Macaco/Guariba/Bugio/Prego/Guigó;2;
31422;2022-10-21T07:42:00;SP;Barretos;Obtido pelo GPS ou informado explicitamente;4.97;25897;Macaco/Guariba/Bugio/Prego/Guigó;5;Normal
31403;2022-10-20T10:30:05;MG;Montes Claros;Obtido pelo GPS ou informado explicitamente;32.753;25878;Mico/Sagui/Soinho;2;
31402;2022-10-18T09:00:00;SP;Atibaia;Obtido pelo GPS ou informado explicitamente;;25877;Mico/Sagui/Soinho;1;
31401;2022-10-19T09:18:38;MG;Montes Claros;Obtido pelo GPS ou informado explicitamente;110.0;25876;Mico/Sagui/Soinho;1;
31400;2022-10-19T09:54:00;MG;Montes Claros;Obtido pelo GPS ou informado explicitamente;134.1;25875;Mico/Sagui/Soinho;1;
31400;2022-10-19T09:54:00;MG;Montes Claros;Obtido pelo GPS ou informado explicitamente;134.1;25874;Mico/Sagui/Soinho;1;
31398;2022-10-19T15:51:56;MG;Montes Claros;Obtido pelo GPS ou informado explicitamente;6.0;25872;Mico/Sagui/Soinho;1;
31387;2022-10-12T09:00:00;TO;Abreulândia;Obtido pelo GPS ou informado explicitamente;0.0;25861;Macaco/Guariba/Bugio/Prego/Guigó;2;
31368;2022-10-19T09:02:42;MG;Natalândia;Obtido pelo GPS ou informado explicitamente;3.9;25842;Mico/Sagui/Soinho;1;
31354;2022-10-17T18:26:00;SP;Guaraci;Obtido pelo GPS ou informado explicitamente;4.77;25817;Macaco/Guariba/Bugio/Prego/Guigó;5;Normal
31326;2022-08-22T15:00:00;PR;Fernandes Pinheiro;Obtido pelo GPS ou informado explicitamente;-1.0;25786;Macaco/Guariba/Bugio/Prego/Guigó;1;
31325;2022-10-18T09:10:29;MG;Mantena;Obtido pelo GPS ou informado explicitamente;7.039;25785;Mico/Sagui/Soinho;8;
31308;2022-10-14T10:31:00;SP;Bofete;Obtido pelo GPS ou informado explicitamente;0.0;25768;Macaco/Guariba/Bugio/Prego/Guigó;1;
31304;2022-10-11T11:33:22;MG;Montes Claros;Obtido pelo GPS ou informado explicitamente;0.0;25764;Mico/Sagui/Soinho;3;
31123;2022-10-08T07:16:49;RJ;Magé;Obtido pelo GPS ou informado explicitamente;4.29;25563;Mico/Sagui/Soinho;2;
31101;2022-10-06T12:19:50;RJ;Magé;Obtido pelo GPS ou informado explicitamente;9.648001;25541;Mico/Sagui/Soinho;1;
31088;2022-10-14T11:27:48;PI;São Raimundo Nonato;Coordenadas obtidas a partir do endereço;-1.0;25528;Macaco/Guariba/Bugio/Prego/Guigó;1;
31074;2022-10-14T16:36:00;SP;Campinas;Coordenadas obtidas a partir do endereço;-1.0;25514;Mico/Sagui/Soinho;1;
31050;2022-10-13T16:31:00;SP;Campinas;Coordenadas obtidas a partir do endereço;-1.0;25489;Macaco/Guariba/Bugio/Prego/Guigó;1;
31048;2022-10-13T09:47:46;MG;São Francisco;Obtido pelo GPS ou informado explicitamente;13.9;25487;Mico/Sagui/Soinho;1;
31047;2022-10-13T14:45:54;MG;Três Pontas;Coordenadas obtidas a partir do endereço;-1.0;25486;Mico/Sagui/Soinho;1;
31046;2022-10-13T09:38:28;MG;São Francisco;Obtido pelo GPS ou informado explicitamente;4199.999;25485;Mico/Sagui/Soinho;1;
31044;2022-10-13T09:52:40;MG;Francisco Dumont;Obtido pelo GPS ou informado explicitamente;3.29;25483;Mico/Sagui/Soinho;1;
31043;2022-03-24T10:22:27;MG;Francisco Dumont;Obtido pelo GPS ou informado explicitamente;9.0;25482;Mico/Sagui/Soinho;1;
31040;2022-10-13T08:51:29;MG;Governador Valadares;Obtido pelo GPS ou informado explicitamente;;25479;Mico/Sagui/Soinho;1;
31036;2022-10-12T09:00:00;SP;Pedreira;Obtido pelo GPS ou informado explicitamente;5.02;25475;Mico/Sagui/Soinho;2;Normal
31002;2022-10-06T11:00:00;PR;Paranavaí;Coordenadas obtidas a partir do endereço;-1.0;25441;Macaco/Guariba/Bugio/Prego/Guigó;1;
30994;2022-09-18T19:44:00;RJ;Itatiaia;Obtido pelo GPS ou informado explicitamente;26.8;25433;Macaco/Guariba/Bugio/Prego/Guigó;2;
30987;2022-09-13T10:10:00;PR;Foz do Iguaçu;Coordenadas obtidas a partir do endereço;;25426;Macaco/Guariba/Bugio/Prego/Guigó;1;
30970;2022-10-03T09:34:00;PR;Boa Esperança;Obtido pelo GPS ou informado explicitamente;17.35;25409;Macaco/Guariba/Bugio/Prego/Guigó;1;
30966;2022-10-10T11:41:00;MG;Jacinto;Obtido pelo GPS ou informado explicitamente;17.612;25405;Macaco/Guariba/Bugio/Prego/Guigó;1;
30965;2022-10-08T17:00:00;SC;Itapoá;Obtido pelo GPS ou informado explicitamente;0.0;25404;Macaco/Guariba/Bugio/Prego/Guigó;2;
30932;2022-10-08T18:07:14;SP;Campinas;Obtido pelo GPS ou informado explicitamente;20.469;25350;Macaco/Guariba/Bugio/Prego/Guigó;1;
30909;2022-10-07T07:20:00;MG;Montes Claros;Obtido pelo GPS ou informado explicitamente;26.523;25326;Mico/Sagui/Soinho;1;
30908;2022-10-07T14:13:27;SC;Alto Bela Vista;Obtido pelo GPS ou informado explicitamente;35.0;25325;Macaco/Guariba/Bugio/Prego/Guigó;1;
30905;2022-10-07T14:33:00;SP;Campinas;Coordenadas obtidas a partir do endereço;-1.0;25321;Mico/Sagui/Soinho;1;
30904;2022-10-07T13:53:20;CE;Guaramiranga;Obtido pelo GPS ou informado explicitamente;3.794;25320;Mico/Sagui/Soinho;4;
30903;2022-10-07T09:30:00;RS;Candelária;Obtido pelo GPS ou informado explicitamente;-1.0;25319;Macaco/Guariba/Bugio/Prego/Guigó;1;
30873;2022-09-09T14:05:00;RS;Vera Cruz;Obtido pelo GPS ou informado explicitamente;0.0;25289;Macaco/Guariba/Bugio/Prego/Guigó;1;
30862;2022-09-09T14:05:00;RS;Vera Cruz;Coordenadas obtidas a partir do endereço;-1.0;25278;Macaco/Guariba/Bugio/Prego/Guigó;1;
30859;2022-10-06T11:57:51;TO;Palmas;Obtido pelo GPS ou informado explicitamente;600.0;25275;Mico/Sagui/Soinho;1;
30858;2022-10-06T11:51:00;SP;Campinas;Obtido pelo GPS ou informado explicitamente;14.849;25274;Mico/Sagui/Soinho;1;
30852;2022-10-06T10:27:49;MG;Teófilo Otoni;Obtido pelo GPS ou informado explicitamente;2400.0;25268;Mico/Sagui/Soinho;1;
30850;2022-10-06T08:47:34;MG;Itabirito;Obtido pelo GPS ou informado explicitamente;74.271;25266;Mico/Sagui/Soinho;1;
30849;2022-10-05T10:39:00;MG;Bom Repouso;Obtido pelo GPS ou informado explicitamente;16.42;25265;Mico/Sagui/Soinho;1;
30847;2022-10-05T09:40:00;MG;Francisco Dumont;Coordenadas obtidas a partir do endereço;-1.0;25263;Macaco/Guariba/Bugio/Prego/Guigó;1;
30828;2022-10-05T11:51:00;SP;Campinas;Obtido pelo GPS ou informado explicitamente;64.538;25244;Mico/Sagui/Soinho;1;
30800;2022-10-04T09:50:23;MG;Montes Claros;Obtido pelo GPS ou informado explicitamente;20.245;25216;Mico/Sagui/Soinho;1;
30798;2022-10-04T09:47:23;SP;Campinas;Coordenadas obtidas a partir do endereço;;25214;Macaco/Guariba/Bugio/Prego/Guigó;1;
30797;2022-10-04T09:47:24;MG;Montes Claros;Obtido pelo GPS ou informado explicitamente;24.103;25213;Mico/Sagui/Soinho;1;
30795;2022-10-04T09:34:28;SP;Campinas;Coordenadas obtidas a partir do endereço;;25211;Mico/Sagui/Soinho;1;
30794;2022-10-01T09:30:00;MG;São Pedro do Suaçuí;Coordenadas obtidas a partir do endereço;-1.0;25210;Mico/Sagui/Soinho;1;
30767;2022-10-02T13:00:13;SC;Indaial;Coordenadas obtidas a partir do endereço;;25183;Macaco/Guariba/Bugio/Prego/Guigó;1;
30766;2022-09-30T20:08:00;GO;Goiânia;Obtido pelo GPS ou informado explicitamente;0.0;25182;Mico/Sagui/Soinho;1;
30762;2022-10-02T09:55:11;BA;Porto Seguro;Obtido pelo GPS ou informado explicitamente;14.974;25178;Mico/Sagui/Soinho;1;
30727;2022-09-30T07:05:00;TO;Palmas;Obtido pelo GPS ou informado explicitamente;0.0;25143;Mico/Sagui/Soinho;1;
30722;2022-09-29T10:50:49;PI;São Raimundo Nonato;Obtido pelo GPS ou informado explicitamente;2000.0;25138;Macaco/Guariba/Bugio/Prego/Guigó;1;
30706;2022-09-07T14:02:00;RS;São José dos Ausentes;Obtido pelo GPS ou informado explicitamente;0.0;25122;Macaco/Guariba/Bugio/Prego/Guigó;1;
30703;2022-09-28T15:10:00;MG;Montes Claros;Obtido pelo GPS ou informado explicitamente;31.628;25119;Mico/Sagui/Soinho;1;
30702;2022-09-29T10:46:55;SP;Campinas;Coordenadas obtidas a partir do endereço;;25118;Mico/Sagui/Soinho;1;
30699;2022-09-28T15:27:00;SP;Campinas;Coordenadas obtidas a partir do endereço;-1.0;25115;Mico/Sagui/Soinho;1;
30696;2022-09-28T11:36:21;PI;Coronel José Dias;Obtido pelo GPS ou informado explicitamente;3900.0;25112;Macaco/Guariba/Bugio/Prego/Guigó;1;
30678;2022-09-26T16:00:00;MG;Montes Claros;Obtido pelo GPS ou informado explicitamente;3.83;25094;Mico/Sagui/Soinho;1;
30662;2022-07-14T15:43:00;MG;Pirapora;Coordenadas obtidas a partir do endereço;;25078;Mico/Sagui/Soinho;1;Normal
30656;2022-09-28T06:49:00;TO;Palmas;Obtido pelo GPS ou informado explicitamente;6.653;25071;Mico/Sagui/Soinho;1;
30654;2022-09-27T15:15:00;PI;Teresina;Obtido pelo GPS ou informado explicitamente;11.086;25069;Macaco/Guariba/Bugio/Prego/Guigó;8;
30634;2022-09-23T14:00:00;MG;São Pedro do Suaçuí;Coordenadas obtidas a partir do endereço;-1.0;25049;Mico/Sagui/Soinho;2;
30615;2022-09-26T07:30:00;MG;Santana do Paraíso;Obtido pelo GPS ou informado explicitamente;0.0;25029;Mico/Sagui/Soinho;1;Estranho
30609;2022-09-25T16:59:00;MS;Campo Grande;Obtido pelo GPS ou informado explicitamente;7.65;25023;Macaco/Guariba/Bugio/Prego/Guigó;1;
30608;2022-09-25T16:43:47;MS;Campo Grande;Obtido pelo GPS ou informado explicitamente;59.773;25022;Macaco/Guariba/Bugio/Prego/Guigó;2;
30607;2022-09-25T11:04:52;SC;Jaraguá do Sul;Obtido pelo GPS ou informado explicitamente;6.78;25021;Macaco/Guariba/Bugio/Prego/Guigó;1;
30602;2022-09-24T10:38:00;TO;Palmas;Obtido pelo GPS ou informado explicitamente;0.0;25016;Macaco/Guariba/Bugio/Prego/Guigó;3;
30602;2022-09-24T10:38:00;TO;Palmas;Obtido pelo GPS ou informado explicitamente;0.0;25015;Macaco/Guariba/Bugio/Prego/Guigó;6;
30591;2022-09-23T09:04:43;PI;Coronel José Dias;Obtido pelo GPS ou informado explicitamente;100.648;25004;Macaco/Guariba/Bugio/Prego/Guigó;1;
30588;2022-09-23T13:58:22;PI;Coronel José Dias;Obtido pelo GPS ou informado explicitamente;20.5;25001;Macaco/Guariba/Bugio/Prego/Guigó;1;
30582;2022-09-23T12:53:53;PI;Coronel José Dias;Obtido pelo GPS ou informado explicitamente;21.5;24995;Macaco/Guariba/Bugio/Prego/Guigó;1;
30573;2022-09-22T16:25:00;PI;Altos;Obtido pelo GPS ou informado explicitamente;45.6;24986;Macaco/Guariba/Bugio/Prego/Guigó;1;
30554;2022-09-22T16:43:00;MG;São João do Pacuí;Obtido pelo GPS ou informado explicitamente;0.0;24967;Mico/Sagui/Soinho;1;
30552;2015-09-22T11:42:00;RJ;Miracema;Coordenadas obtidas a partir do endereço;-1.0;24965;Mico/Sagui/Soinho;1;
30550;2022-09-22T10:02:11;MG;Goianá;Coordenadas obtidas a partir do endereço;;24963;Mico/Sagui/Soinho;1;
30549;2022-09-22T07:50:00;MG;Ubaí;Obtido pelo GPS ou informado explicitamente;17.152;24962;Macaco/Guariba/Bugio/Prego/Guigó;1;
30532;2022-09-21T16:16:00;RS;Rolante;Obtido pelo GPS ou informado explicitamente;0.0;24945;Macaco/Guariba/Bugio/Prego/Guigó;1;
30531;2022-09-21T15:07:00;RJ;Teresópolis;Obtido pelo GPS ou informado explicitamente;10.68;24944;Mico/Sagui/Soinho;2;
30530;2022-09-21T13:51:47;RJ;Teresópolis;Obtido pelo GPS ou informado explicitamente;26.803;24943;Macaco/Guariba/Bugio/Prego/Guigó;1;
30529;2022-09-21T11:13:00;TO;Palmas;Obtido pelo GPS ou informado explicitamente;4.155;24942;Mico/Sagui/Soinho;1;
30524;2015-09-21T08:04:00;RJ;Miracema;Coordenadas obtidas a partir do endereço;-1.0;24937;Mico/Sagui/Soinho;1;
30511;2022-09-20T12:09:54;PI;Coronel José Dias;Obtido pelo GPS ou informado explicitamente;21.0;24923;Macaco/Guariba/Bugio/Prego/Guigó;1;
30499;2022-09-20T16:48:00;PI;Altos;Obtido pelo GPS ou informado explicitamente;26.571;24911;Mico/Sagui/Soinho;5;
30486;2022-09-20T14:31:00;MG;Montes Claros;Obtido pelo GPS ou informado explicitamente;0.0;24898;Mico/Sagui/Soinho;1;
30481;2022-09-20T14:47:23;MG;Laranjal;Obtido pelo GPS ou informado explicitamente;27.925;24893;Mico/Sagui/Soinho;2;
30480;2022-09-20T14:07:37;MG;Caratinga;Obtido pelo GPS ou informado explicitamente;;24892;Macaco/Guariba/Bugio/Prego/Guigó;1;
30473;2022-09-20T08:44:00;MG;Ubaí;Obtido pelo GPS ou informado explicitamente;9.862;24885;Mico/Sagui/Soinho;1;
30471;2022-09-20T07:42:00;MG;Ubaí;Obtido pelo GPS ou informado explicitamente;21.347;24883;Mico/Sagui/Soinho;1;
30470;2022-09-20T07:32:00;MG;Ubaí;Obtido pelo GPS ou informado explicitamente;4.288;24882;Mico/Sagui/Soinho;1;
30469;2022-09-20T07:22:00;MG;Ubaí;Obtido pelo GPS ou informado explicitamente;11.363;24881;Mico/Sagui/Soinho;1;
30467;2022-09-19T09:10:00;MG;Montes Claros;Obtido pelo GPS ou informado explicitamente;0.0;24879;Mico/Sagui/Soinho;1;
30443;2022-09-19T15:42:14;MG;Montes Claros;Obtido pelo GPS ou informado explicitamente;43.009;24855;Mico/Sagui/Soinho;1;
30438;2022-09-18T14:20:00;GO;Goiânia;Obtido pelo GPS ou informado explicitamente;0.0;24850;Macaco/Guariba/Bugio/Prego/Guigó;1;
30437;2022-09-15T11:17:00;BA;Feira de Santana;Coordenadas obtidas a partir do endereço;-1.0;24849;Mico/Sagui/Soinho;1;
30429;2022-09-18T14:26:00;RJ;Niterói;Obtido pelo GPS ou informado explicitamente;6.0;24841;Mico/Sagui/Soinho;1;
30427;2022-09-18T11:44:00;MG;Ribeirão Vermelho;Obtido pelo GPS ou informado explicitamente;0.0;24839;Mico/Sagui/Soinho;1;
30416;2022-09-17T11:08:00;MG;Serranópolis de Minas;Obtido pelo GPS ou informado explicitamente;0.0;24828;Macaco/Guariba/Bugio/Prego/Guigó;1;
30413;2022-09-17T14:30:00;RJ;Teresópolis;Obtido pelo GPS ou informado explicitamente;1.9;24825;Macaco/Guariba/Bugio/Prego/Guigó;6;
30409;2022-09-17T11:19:00;SC;São Bernardino;Obtido pelo GPS ou informado explicitamente;122.4;24821;Macaco/Guariba/Bugio/Prego/Guigó;1;
30393;2022-09-16T13:30:00;PR;Cascavel;Obtido pelo GPS ou informado explicitamente;0.0;24805;Mico/Sagui/Soinho;1;
30391;2022-09-16T14:37:18;MG;Montes Claros;Obtido pelo GPS ou informado explicitamente;17.5;24803;Mico/Sagui/Soinho;1;
30390;2022-09-15T15:25:00;MG;Montes Claros;Obtido pelo GPS ou informado explicitamente;104.1;24802;Mico/Sagui/Soinho;1;
30389;2022-09-15T14:51:10;MG;Montes Claros;Obtido pelo GPS ou informado explicitamente;9.7;24801;Mico/Sagui/Soinho;1;
30348;2022-09-14T16:53:00;PI;Altos;Obtido pelo GPS ou informado explicitamente;36.9;24760;Macaco/Guariba/Bugio/Prego/Guigó;1;
30322;2022-09-14T11:33:16;MG;Lagoa dos Patos;Obtido pelo GPS ou informado explicitamente;96.0;24734;Mico/Sagui/Soinho;1;
30310;2022-09-13T13:57:34;PI;São Raimundo Nonato;Obtido pelo GPS ou informado explicitamente;12.0;24722;Macaco/Guariba/Bugio/Prego/Guigó;1;
30297;2022-09-13T10:58:36;RJ;Magé;Obtido pelo GPS ou informado explicitamente;32.16;24709;Mico/Sagui/Soinho;1;
30278;2022-09-12T16:32:00;GO;Goiânia;Obtido pelo GPS ou informado explicitamente;0.0;24690;Macaco/Guariba/Bugio/Prego/Guigó;1;
30277;2022-08-26T16:37:00;GO;Jussara;Obtido pelo GPS ou informado explicitamente;0.0;24689;Macaco/Guariba/Bugio/Prego/Guigó;1;
30274;2022-09-13T09:37:00;RN;Santana do Matos;Obtido pelo GPS ou informado explicitamente;11.636;24686;Macaco/Guariba/Bugio/Prego/Guigó;1;
30272;2022-09-13T09:12:13;RN;Santana do Matos;Obtido pelo GPS ou informado explicitamente;40.0;24684;Macaco/Guariba/Bugio/Prego/Guigó;1;Normal
30251;2022-09-12T17:03:30;MG;Montes Claros;Obtido pelo GPS ou informado explicitamente;9.0;24663;Mico/Sagui/Soinho;3;
30248;2022-09-12T14:56:36;MG;Timóteo;Obtido pelo GPS ou informado explicitamente;2700.0;24660;Mico/Sagui/Soinho;1;
30244;2022-09-12T10:25:18;MG;Montes Claros;Obtido pelo GPS ou informado explicitamente;116.1;24656;Mico/Sagui/Soinho;1;
30243;2022-09-12T08:50:00;MG;Ribeirão Vermelho;Coordenadas obtidas a partir do endereço;-1.0;24655;Macaco/Guariba/Bugio/Prego/Guigó;1;
30222;2022-09-09T11:01:58;MG;Montes Claros;Obtido pelo GPS ou informado explicitamente;2200.0;24633;Mico/Sagui/Soinho;1;
30200;2022-09-09T11:09:53;MG;Pirapora;Obtido pelo GPS ou informado explicitamente;6.8;24611;Mico/Sagui/Soinho;1;
30197;2022-09-09T10:31:11;MG;Montes Claros;Obtido pelo GPS ou informado explicitamente;12.0;24608;Mico/Sagui/Soinho;1;
30129;2022-08-25T16:22:39;RJ;Magé;Obtido pelo GPS ou informado explicitamente;9.648001;24540;Mico/Sagui/Soinho;1;
30123;2022-09-08T16:43:02;MG;Montes Claros;Obtido pelo GPS ou informado explicitamente;1.75;24534;Mico/Sagui/Soinho;1;
30098;2022-08-06T09:42:00;RN;Espírito Santo;Obtido pelo GPS ou informado explicitamente;87.6;24509;Mico/Sagui/Soinho;7;
30097;2022-05-06T11:49:32;RJ;Rio de Janeiro;Obtido pelo GPS ou informado explicitamente;1.5;24508;Macaco/Guariba/Bugio/Prego/Guigó;1;
30096;2022-05-06T11:43:48;RJ;Rio de Janeiro;Obtido pelo GPS ou informado explicitamente;1.5;24507;Macaco/Guariba/Bugio/Prego/Guigó;2;
30095;2022-09-08T09:20:34;MG;Montes Claros;Obtido pelo GPS ou informado explicitamente;2200.0;24506;Mico/Sagui/Soinho;1;
30094;2022-09-01T10:00:00;GO;Caldazinha;Coordenadas obtidas a partir do endereço;-1.0;24505;Mico/Sagui/Soinho;1;
30092;2022-09-08T09:42:00;MG;Ipatinga;Coordenadas obtidas a partir do endereço;-1.0;24503;Mico/Sagui/Soinho;1;
30085;2022-09-08T08:49:21;MG;Montes Claros;Obtido pelo GPS ou informado explicitamente;1899.999;24496;Mico/Sagui/Soinho;1;
30076;2022-09-05T11:10:00;RJ;Teresópolis;Coordenadas obtidas a partir do endereço;-1.0;24487;Mico/Sagui/Soinho;1;
30073;2022-09-06T11:59:06;MG;Montes Claros;Obtido pelo GPS ou informado explicitamente;10.0;24484;Mico/Sagui/Soinho;1;
30062;2022-09-06T14:23:00;RS;Camaquã;Obtido pelo GPS ou informado explicitamente;3400.0;24473;Macaco/Guariba/Bugio/Prego/Guigó;1;
30060;2022-09-06T14:00:00;RJ;Petrópolis;Obtido pelo GPS ou informado explicitamente;0.0;24471;Mico/Sagui/Soinho;3;
30057;2022-09-06T10:05:58;MG;Mantena;Obtido pelo GPS ou informado explicitamente;2.75;24468;Mico/Sagui/Soinho;4;
30052;2022-09-02T14:47:00;RJ;Miracema;Obtido pelo GPS ou informado explicitamente;0.0;24463;Mico/Sagui/Soinho;6;
30051;2022-09-06T11:27:01;MG;Corinto;Obtido pelo GPS ou informado explicitamente;3.916;24462;Mico/Sagui/Soinho;2;
30048;2022-06-28T10:08:00;MG;Francisco Sá;Obtido pelo GPS ou informado explicitamente;6.8;24459;Mico/Sagui/Soinho;1;
30047;2022-06-28T09:47:00;MG;Francisco Sá;Obtido pelo GPS ou informado explicitamente;10.1;24458;Mico/Sagui/Soinho;1;
30046;2022-09-06T10:18:00;MG;Ubaí;Obtido pelo GPS ou informado explicitamente;11.792;24457;Mico/Sagui/Soinho;1;
30045;2022-09-06T09:20:06;SP;Campinas;Obtido pelo GPS ou informado explicitamente;;24456;Mico/Sagui/Soinho;1;
30044;2022-09-06T09:11:24;MG;Montes Claros;Obtido pelo GPS ou informado explicitamente;4.3;24455;Mico/Sagui/Soinho;1;
30043;2022-08-06T09:16:00;RN;Espírito Santo;Obtido pelo GPS ou informado explicitamente;24.021;24454;Mico/Sagui/Soinho;5;
30025;2022-09-05T13:48:04;PI;São Raimundo Nonato;Obtido pelo GPS ou informado explicitamente;2799.999;24435;Macaco/Guariba/Bugio/Prego/Guigó;1;
30021;2022-09-05T10:50:32;MG;Montes Claros;Obtido pelo GPS ou informado explicitamente;2299.999;24431;Mico/Sagui/Soinho;1;
30019;2022-09-05T13:37:44;MG;Lassance;Obtido pelo GPS ou informado explicitamente;5.0;24429;Mico/Sagui/Soinho;5;
30018;2022-09-05T13:44:53;RN;Espírito Santo;Obtido pelo GPS ou informado explicitamente;17.0;24428;Mico/Sagui/Soinho;8;
30000;2022-09-04T08:52:50;RJ;Rio de Janeiro;Obtido pelo GPS ou informado explicitamente;18.187;24409;Mico/Sagui/Soinho;1;
29984;2022-09-03T15:06:10;MG;Janaúba;Obtido pelo GPS ou informado explicitamente;279.744;24393;Mico/Sagui/Soinho;1;
29977;2022-09-03T10:12:00;SP;Campinas;Obtido pelo GPS ou informado explicitamente;4.8;24386;Mico/Sagui/Soinho;1;Normal
29974;2022-09-02T14:50:41;PI;Coronel José Dias;Obtido pelo GPS ou informado explicitamente;30.5;24383;Macaco/Guariba/Bugio/Prego/Guigó;1;
29962;2022-09-02T12:41:16;MG;São João do Pacuí;Obtido pelo GPS ou informado explicitamente;6.432;24371;Mico/Sagui/Soinho;1;
29961;2022-09-02T10:38:53;MG;São João do Pacuí;Obtido pelo GPS ou informado explicitamente;13.554;24370;Mico/Sagui/Soinho;1;
29960;2022-09-02T14:11:29;RJ;Magé;Obtido pelo GPS ou informado explicitamente;1887.951;24369;Mico/Sagui/Soinho;2;
29959;2022-09-01T14:41:00;MG;Montes Claros;Obtido pelo GPS ou informado explicitamente;0.0;24368;Mico/Sagui/Soinho;1;
29932;2022-09-01T12:38:02;PI;Coronel José Dias;Obtido pelo GPS ou informado explicitamente;3500.0;24341;Macaco/Guariba/Bugio/Prego/Guigó;1;
29931;2022-09-01T12:17:17;PI;Coronel José Dias;Obtido pelo GPS ou informado explicitamente;3500.0;24340;Macaco/Guariba/Bugio/Prego/Guigó;1;
29922;2022-09-01T14:10:00;MG;Montes Claros;Obtido pelo GPS ou informado explicitamente;0.0;24331;Mico/Sagui/Soinho;1;
29918;2022-09-01T09:22:18;SC;Guarujá do Sul;Obtido pelo GPS ou informado explicitamente;3.9;24327;Macaco/Guariba/Bugio/Prego/Guigó;1;
29911;2022-08-31T17:18:03;TO;Ananás;Obtido pelo GPS ou informado explicitamente;;24320;Macaco/Guariba/Bugio/Prego/Guigó;1;
29910;2022-08-24T10:08:00;PR;Foz do Iguaçu;Obtido pelo GPS ou informado explicitamente;0.0;24319;Macaco/Guariba/Bugio/Prego/Guigó;1;
29871;2022-08-30T10:56:52;RS;Camaquã;Obtido pelo GPS ou informado explicitamente;31.5;24278;Macaco/Guariba/Bugio/Prego/Guigó;1;
29856;2022-08-30T14:16:44;GO;Goiânia;Obtido pelo GPS ou informado explicitamente;40.0;24263;Macaco/Guariba/Bugio/Prego/Guigó;1;
29844;2022-08-30T13:22:27;MG;Lassance;Obtido pelo GPS ou informado explicitamente;1700.0;24250;Mico/Sagui/Soinho;3;
29830;2022-08-29T10:06:00;MG;Montes Claros;Obtido pelo GPS ou informado explicitamente;0.0;24236;Mico/Sagui/Soinho;2;
29814;2022-08-29T13:21:02;PI;Coronel José Dias;Obtido pelo GPS ou informado explicitamente;1600.0;24220;Macaco/Guariba/Bugio/Prego/Guigó;1;
29808;2022-08-29T15:44:00;MG;São João do Pacuí;Obtido pelo GPS ou informado explicitamente;104.1;24214;Mico/Sagui/Soinho;1;
29805;2022-08-29T10:25:09;MG;São João do Pacuí;Obtido pelo GPS ou informado explicitamente;16.08;24211;Mico/Sagui/Soinho;8;
29804;2022-08-29T10:25:09;MG;São João do Pacuí;Obtido pelo GPS ou informado explicitamente;16.08;24210;Mico/Sagui/Soinho;8;
29753;2022-08-29T13:45:00;MG;Montes Claros;Obtido pelo GPS ou informado explicitamente;26.898;24156;Mico/Sagui/Soinho;1;
29752;2022-08-29T10:00:00;PR;Agudos do Sul;Obtido pelo GPS ou informado explicitamente;0.0;24155;Macaco/Guariba/Bugio/Prego/Guigó;1;
29722;2022-08-28T12:32:00;RJ;Miracema;Obtido pelo GPS ou informado explicitamente;3.819;24125;Mico/Sagui/Soinho;5;
29718;2022-08-22T07:40:00;RJ;Rio de Janeiro;Obtido pelo GPS ou informado explicitamente;0.0;24121;Mico/Sagui/Soinho;1;
29687;2022-06-03T09:35:00;PE;Jatobá;Coordenadas obtidas a partir do endereço;-1.0;24090;Mico/Sagui/Soinho;3;
29673;2022-08-26T09:51:00;MG;Contagem;Obtido pelo GPS ou informado explicitamente;10.156;24076;Mico/Sagui/Soinho;1;
29672;2022-08-26T09:44:00;SC;Palma Sola;Obtido pelo GPS ou informado explicitamente;9.0;24075;Macaco/Guariba/Bugio/Prego/Guigó;1;
29666;2022-08-25T08:15:00;RJ;Magé;Obtido pelo GPS ou informado explicitamente;15.608;24069;Macaco/Guariba/Bugio/Prego/Guigó;2;
29644;2022-08-24T22:00:00;GO;Goiânia;Obtido pelo GPS ou informado explicitamente;0.0;24047;Macaco/Guariba/Bugio/Prego/Guigó;1;
29632;2022-08-25T08:15:32;RJ;Rio de Janeiro;Obtido pelo GPS ou informado explicitamente;10.285;24035;Macaco/Guariba/Bugio/Prego/Guigó;1;
29631;2022-08-25T08:10:37;RJ;Rio de Janeiro;Obtido pelo GPS ou informado explicitamente;19.231;24034;Macaco/Guariba/Bugio/Prego/Guigó;1;
29617;2022-08-25T07:19:00;RJ;Rio de Janeiro;Obtido pelo GPS ou informado explicitamente;9.692;24019;Macaco/Guariba/Bugio/Prego/Guigó;1;
29568;2022-08-23T14:10:00;RS;Guaíba;Coordenadas obtidas a partir do endereço;-1.0;23970;Macaco/Guariba/Bugio/Prego/Guigó;1;
29565;2022-08-23T14:14:26;GO;Jaraguá;Obtido pelo GPS ou informado explicitamente;3.79;23967;Mico/Sagui/Soinho;1;
29557;2022-08-23T11:00:00;PR;Foz do Iguaçu;Obtido pelo GPS ou informado explicitamente;0.0;23959;Macaco/Guariba/Bugio/Prego/Guigó;1;
29556;2022-08-22T14:18:00;PR;Foz do Iguaçu;Obtido pelo GPS ou informado explicitamente;0.0;23958;Macaco/Guariba/Bugio/Prego/Guigó;1;
29540;2022-08-22T09:32:00;MG;Joanésia;Obtido pelo GPS ou informado explicitamente;0.0;23942;Mico/Sagui/Soinho;6;Normal
29539;2022-08-22T15:40:00;GO;Goiânia;Obtido pelo GPS ou informado explicitamente;0.0;23941;Mico/Sagui/Soinho;1;
29538;2022-08-18T10:20:00;MG;Montes Claros;Obtido pelo GPS ou informado explicitamente;0.0;23940;Mico/Sagui/Soinho;1;
29537;2022-08-22T14:56:33;BA;São Gonçalo dos Campos;Obtido pelo GPS ou informado explicitamente;47.31;23939;Macaco/Guariba/Bugio/Prego/Guigó;8;Normal
29536;2022-08-22T14:55:00;MG;Bandeira do Sul;Obtido pelo GPS ou informado explicitamente;0.0;23938;Macaco/Guariba/Bugio/Prego/Guigó;1;
29535;2022-08-22T13:45:00;PR;Cascavel;Obtido pelo GPS ou informado explicitamente;0.0;23937;Macaco/Guariba/Bugio/Prego/Guigó;1;
29534;2022-08-22T13:16:00;GO;Goiânia;Obtido pelo GPS ou informado explicitamente;0.0;23936;Mico/Sagui/Soinho;1;
29521;2022-08-22T12:29:00;PI;Monsenhor Gil;Obtido pelo GPS ou informado explicitamente;2.75;23923;Mico/Sagui/Soinho;1;
29519;2022-08-19T16:12:00;SP;Campinas;Coordenadas obtidas a partir do endereço;-1.0;23921;Mico/Sagui/Soinho;1;
29518;2022-08-15T08:27:00;SC;Joinville;Obtido pelo GPS ou informado explicitamente;0.0;23920;Mico/Sagui/Soinho;1;
29517;2022-08-21T08:22:00;SC;Florianópolis;Obtido pelo GPS ou informado explicitamente;0.0;23919;Mico/Sagui/Soinho;1;
29513;2022-07-24T09:30:00;RJ;Rio de Janeiro;Coordenadas obtidas a partir do endereço;;23915;Macaco/Guariba/Bugio/Prego/Guigó;8;Normal
29507;2022-08-20T08:20:00;PI;São Raimundo Nonato;Obtido pelo GPS ou informado explicitamente;0.0;23909;Mico/Sagui/Soinho;1;
29503;2022-08-19T20:46:00;SP;Campinas;Coordenadas obtidas a partir do endereço;-1.0;23904;Mico/Sagui/Soinho;1;
29483;2022-08-02T13:56:00;MG;Montes Claros;Obtido pelo GPS ou informado explicitamente;0.0;23883;Mico/Sagui/Soinho;1;
29481;2022-08-09T14:36:52;RJ;Miracema;Obtido pelo GPS ou informado explicitamente;5.59;23881;Macaco/Guariba/Bugio/Prego/Guigó;1;
29478;2022-08-19T09:50:09;MG;Montes Claros;Obtido pelo GPS ou informado explicitamente;19.663;23878;Mico/Sagui/Soinho;1;
29458;2022-08-18T16:27:00;MG;Montes Claros;Obtido pelo GPS ou informado explicitamente;82.5;23858;Mico/Sagui/Soinho;1;
29457;2022-08-17T07:43:37;GO;Jaraguá;Coordenadas obtidas a partir do endereço;;23857;Macaco/Guariba/Bugio/Prego/Guigó;1;
29455;2022-08-17T15:30:00;RS;Rolante;Obtido pelo GPS ou informado explicitamente;0.0;23855;Macaco/Guariba/Bugio/Prego/Guigó;1;
29453;2022-07-28T10:02:19;MG;Arinos;Obtido pelo GPS ou informado explicitamente;11.3;23853;Mico/Sagui/Soinho;1;
29451;2022-08-16T16:30:00;TO;Palmas;Obtido pelo GPS ou informado explicitamente;0.0;23851;Macaco/Guariba/Bugio/Prego/Guigó;1;
29413;2022-08-17T11:12:00;RJ;Magé;Obtido pelo GPS ou informado explicitamente;11.321;23813;Macaco/Guariba/Bugio/Prego/Guigó;1;
29412;2022-08-17T09:29:00;RJ;Magé;Obtido pelo GPS ou informado explicitamente;4.773;23812;Macaco/Guariba/Bugio/Prego/Guigó;1;
29411;2022-08-17T08:59:00;RJ;Magé;Obtido pelo GPS ou informado explicitamente;15.601;23811;Macaco/Guariba/Bugio/Prego/Guigó;1;
29410;2022-08-16T14:45:00;RJ;Magé;Obtido pelo GPS ou informado explicitamente;10.002;23810;Macaco/Guariba/Bugio/Prego/Guigó;1;
29409;2022-08-15T10:18:00;RJ;Magé;Obtido pelo GPS ou informado explicitamente;19.789;23809;Macaco/Guariba/Bugio/Prego/Guigó;2;
29408;2022-08-17T12:00:00;RJ;Rio de Janeiro;Obtido pelo GPS ou informado explicitamente;0.0;23808;Mico/Sagui/Soinho;9;
29406;2022-08-16T18:35:19;MG;Augusto de Lima;Coordenadas obtidas a partir do endereço;;23806;Mico/Sagui/Soinho;1;
29403;2022-08-16T10:38:00;PI;São Raimundo Nonato;Obtido pelo GPS ou informado explicitamente;8.5;23803;Macaco/Guariba/Bugio/Prego/Guigó;1;
29389;2022-08-16T15:53:15;TO;Palmas;Obtido pelo GPS ou informado explicitamente;3.878;23789;Mico/Sagui/Soinho;3;
29358;2022-08-16T09:53:01;MG;Montes Claros;Obtido pelo GPS ou informado explicitamente;2400.0;23758;Mico/Sagui/Soinho;1;
29288;2022-08-15T09:01:08;PI;Coronel José Dias;Obtido pelo GPS ou informado explicitamente;33.5;23688;Macaco/Guariba/Bugio/Prego/Guigó;1;
29281;2022-08-15T12:37:18;PI;Coronel José Dias;Obtido pelo GPS ou informado explicitamente;11.5;23681;Macaco/Guariba/Bugio/Prego/Guigó;1;
29280;2022-08-15T12:02:12;PI;Coronel José Dias;Obtido pelo GPS ou informado explicitamente;15.214;23680;Macaco/Guariba/Bugio/Prego/Guigó;1;
29277;2022-08-15T15:06:31;GO;Goiânia;Obtido pelo GPS ou informado explicitamente;42.0;23677;Macaco/Guariba/Bugio/Prego/Guigó;1;
29276;2022-08-15T15:06:31;GO;Goiânia;Obtido pelo GPS ou informado explicitamente;42.0;23676;Macaco/Guariba/Bugio/Prego/Guigó;1;
29275;2022-08-15T15:01:38;MG;Coração de Jesus;Obtido pelo GPS ou informado explicitamente;1.5;23675;Mico/Sagui/Soinho;1;
29274;2022-08-11T19:00:00;PR;Londrina;Obtido pelo GPS ou informado explicitamente;0.0;23674;Macaco/Guariba/Bugio/Prego/Guigó;1;
29265;2022-08-15T09:42:04;AC;Xapuri;Obtido pelo GPS ou informado explicitamente;98.4;23665;Macaco/Guariba/Bugio/Prego/Guigó;1;
29264;2022-08-14T09:20:00;MG;Itueta;Obtido pelo GPS ou informado explicitamente;0.0;23664;Macaco/Guariba/Bugio/Prego/Guigó;1;
29263;2022-08-15T09:58:58;DF;Brasília;Obtido pelo GPS ou informado explicitamente;35.0;23663;Macaco/Guariba/Bugio/Prego/Guigó;2;
29262;2022-08-15T09:28:24;SP;Campinas;Coordenadas obtidas a partir do endereço;;23662;Mico/Sagui/Soinho;1;
29251;2022-08-13T14:25:00;RJ;Niterói;Obtido pelo GPS ou informado explicitamente;8.0;23651;Mico/Sagui/Soinho;1;Normal
29250;2022-08-13T14:18:00;RJ;Niterói;Obtido pelo GPS ou informado explicitamente;4.0;23650;Mico/Sagui/Soinho;1;Normal
29249;2022-08-13T14:17:00;SC;Itapiranga;Obtido pelo GPS ou informado explicitamente;3.76;23648;Macaco/Guariba/Bugio/Prego/Guigó;1;
29246;2022-08-13T11:55:00;SP;Campinas;Obtido pelo GPS ou informado explicitamente;16.47;23645;Mico/Sagui/Soinho;2;Normal
29242;2022-08-13T09:24:00;RJ;Miracema;Obtido pelo GPS ou informado explicitamente;4.0;23641;Mico/Sagui/Soinho;1;
29220;2022-08-12T10:33:00;SC;Itapiranga;Obtido pelo GPS ou informado explicitamente;3.3;23619;Macaco/Guariba/Bugio/Prego/Guigó;1;
29192;2022-08-01T16:10:00;RN;Natal;Obtido pelo GPS ou informado explicitamente;0.0;23591;Mico/Sagui/Soinho;1;Doente
29191;2022-08-10T19:53:00;RJ;Vassouras;Coordenadas obtidas a partir do endereço;-1.0;23590;Mico/Sagui/Soinho;1;
29176;2022-08-11T11:37:00;SP;Campinas;Coordenadas obtidas a partir do endereço;-1.0;23575;Mico/Sagui/Soinho;1;
29163;2022-08-11T15:07:00;RJ;Rio de Janeiro;Obtido pelo GPS ou informado explicitamente;0.0;23562;Mico/Sagui/Soinho;1;
29152;2022-08-05T10:43:00;MG;Timóteo;Obtido pelo GPS ou informado explicitamente;0.0;23551;Mico/Sagui/Soinho;1;
29119;2022-08-09T18:15:00;MG;Paracatu;Obtido pelo GPS ou informado explicitamente;0.0;23518;Macaco/Guariba/Bugio/Prego/Guigó;1;
29097;2022-08-10T09:16:00;MG;Montes Claros;Obtido pelo GPS ou informado explicitamente;84.25;23496;Mico/Sagui/Soinho;1;
29086;2022-08-08T12:26:59;MG;Mantena;Obtido pelo GPS ou informado explicitamente;2.5;23485;Mico/Sagui/Soinho;1;
29065;2022-08-08T11:49:00;MG;Jaíba;Coordenadas obtidas a partir do endereço;-1.0;23464;Mico/Sagui/Soinho;1;
29059;2022-08-09T11:30:45;PI;São Raimundo Nonato;Obtido pelo GPS ou informado explicitamente;2900.0;23458;Macaco/Guariba/Bugio/Prego/Guigó;1;
29058;2022-08-09T11:10:32;PI;Coronel José Dias;Obtido pelo GPS ou informado explicitamente;17000.818;23457;Macaco/Guariba/Bugio/Prego/Guigó;1;
29055;2022-08-09T10:01:02;PI;Coronel José Dias;Obtido pelo GPS ou informado explicitamente;5622.839;23454;Macaco/Guariba/Bugio/Prego/Guigó;1;
29033;2022-08-09T13:56:00;MG;Coronel Fabriciano;Obtido pelo GPS ou informado explicitamente;4.8;23432;Mico/Sagui/Soinho;1;
29032;2022-08-09T13:50:00;MG;Ubaí;Obtido pelo GPS ou informado explicitamente;18.22;23431;Mico/Sagui/Soinho;1;
29021;2022-08-09T11:15:33;MG;Ipatinga;Obtido pelo GPS ou informado explicitamente;49.0;23420;Mico/Sagui/Soinho;1;
29019;2022-08-09T11:15:00;RJ;Miracema;Obtido pelo GPS ou informado explicitamente;1.36;23418;Mico/Sagui/Soinho;5;
29013;2022-08-08T16:17:00;SP;Campinas;Coordenadas obtidas a partir do endereço;-1.0;23412;Mico/Sagui/Soinho;1;
29000;2022-08-08T14:36:10;TO;Palmas;Obtido pelo GPS ou informado explicitamente;40.0;23399;Mico/Sagui/Soinho;1;
28982;2022-08-08T13:57:00;RJ;Magé;Obtido pelo GPS ou informado explicitamente;0.0;23381;Mico/Sagui/Soinho;7;Normal
28961;2022-08-08T12:45:01;PR;Araucária;Coordenadas obtidas a partir do endereço;;23358;Mico/Sagui/Soinho;1;
28958;2022-08-04T19:10:00;RS;Rolante;Obtido pelo GPS ou informado explicitamente;0.0;23355;Macaco/Guariba/Bugio/Prego/Guigó;1;
28920;2022-08-03T12:01:37;PI;Coronel José Dias;Obtido pelo GPS ou informado explicitamente;10.0;23317;Macaco/Guariba/Bugio/Prego/Guigó;1;
28897;2022-08-05T13:36:39;PR;Maringá;Obtido pelo GPS ou informado explicitamente;60.0;23294;Mico/Sagui/Soinho;1;
28896;2022-08-04T07:10:00;RS;Rolante;Obtido pelo GPS ou informado explicitamente;0.0;23293;Macaco/Guariba/Bugio/Prego/Guigó;1;
28835;2022-08-05T08:10:00;SP;Campinas;Obtido pelo GPS ou informado explicitamente;35.04;23231;Mico/Sagui/Soinho;4;Normal
28827;2022-08-04T15:00:00;MG;Itapagipe;Obtido pelo GPS ou informado explicitamente;-1.0;23223;Mico/Sagui/Soinho;1;
28823;2022-08-04T11:35:00;TO;Barra do Ouro;Obtido pelo GPS ou informado explicitamente;1.4;23219;Macaco/Guariba/Bugio/Prego/Guigó;1;
28822;2022-08-04T11:10:00;BA;Porto Seguro;Obtido pelo GPS ou informado explicitamente;0.0;23218;Mico/Sagui/Soinho;1;
28820;2022-08-03T15:06:00;SC;Cordilheira Alta;Obtido pelo GPS ou informado explicitamente;0.0;23216;Macaco/Guariba/Bugio/Prego/Guigó;1;
28805;2022-08-01T09:32:00;MG;Salinas;Obtido pelo GPS ou informado explicitamente;0.0;23201;Mico/Sagui/Soinho;1;
28804;2022-08-01T09:30:00;MG;Salinas;Obtido pelo GPS ou informado explicitamente;-1.0;23200;Macaco/Guariba/Bugio/Prego/Guigó;1;
28803;2022-08-03T09:05:30;MG;Montes Claros;Obtido pelo GPS ou informado explicitamente;19.945;23199;Mico/Sagui/Soinho;1;
28802;2022-08-03T08:17:00;MG;Ubaí;Obtido pelo GPS ou informado explicitamente;128.899;23198;Mico/Sagui/Soinho;1;
28794;2022-08-02T09:50:00;SP;Campinas;Obtido pelo GPS ou informado explicitamente;29.765;23190;Mico/Sagui/Soinho;1;
28793;2022-08-02T13:40:00;MG;Itapagipe;Coordenadas obtidas a partir do endereço;-1.0;23189;Mico/Sagui/Soinho;1;
28792;2022-08-02T12:31:00;MG;Ubaí;Obtido pelo GPS ou informado explicitamente;25.461;23188;Mico/Sagui/Soinho;1;
28791;2022-08-02T08:51:00;SP;Campinas;Obtido pelo GPS ou informado explicitamente;4.94;23187;Mico/Sagui/Soinho;3;Normal
28770;2022-01-27T13:34:27;RS;Viamão;Coordenadas obtidas a partir do endereço;;23165;Macaco/Guariba/Bugio/Prego/Guigó;1;
28766;2022-07-27T15:02:00;RS;Nova Petrópolis;Obtido pelo GPS ou informado explicitamente;-1.0;23161;Macaco/Guariba/Bugio/Prego/Guigó;1;
28744;2022-07-31T10:40:00;MG;Ubaí;Obtido pelo GPS ou informado explicitamente;64.1;23139;Mico/Sagui/Soinho;1;
28744;2022-07-31T10:40:00;MG;Ubaí;Obtido pelo GPS ou informado explicitamente;64.1;23138;Mico/Sagui/Soinho;1;
28743;2022-07-31T10:37:00;MG;Ubaí;Obtido pelo GPS ou informado explicitamente;20.0;23137;Mico/Sagui/Soinho;1;
28730;2017-08-22T10:38:00;PI;Altos;Obtido pelo GPS ou informado explicitamente;27.298;23124;Mico/Sagui/Soinho;1;
28729;2009-11-18T11:34:00;PI;Altos;Obtido pelo GPS ou informado explicitamente;25.577;23123;Mico/Sagui/Soinho;1;
28726;2022-07-29T15:48:00;RJ;Teresópolis;Obtido pelo GPS ou informado explicitamente;0.0;23120;Macaco/Guariba/Bugio/Prego/Guigó;1;
28702;2022-07-29T11:43:00;PI;Altos;Obtido pelo GPS ou informado explicitamente;195.519;23096;Mico/Sagui/Soinho;1;
28698;2022-07-29T11:50:18;MG;Uberaba;Obtido pelo GPS ou informado explicitamente;82.5;23092;Mico/Sagui/Soinho;1;
28684;2022-07-28T08:22:00;SP;Campinas;Coordenadas obtidas a partir do endereço;-1.0;23078;Mico/Sagui/Soinho;1;
28677;2022-07-27T14:41:37;MG;Montes Claros;Obtido pelo GPS ou informado explicitamente;2599.999;23071;Mico/Sagui/Soinho;1;
28676;2022-07-27T14:23:20;MG;Montes Claros;Obtido pelo GPS ou informado explicitamente;2200.0;23070;Mico/Sagui/Soinho;1;
28671;2022-06-17T14:17:00;BA;Porto Seguro;Obtido pelo GPS ou informado explicitamente;0.0;23065;Mico/Sagui/Soinho;4;
28670;2022-07-27T19:43:00;SC;Itapiranga;Obtido pelo GPS ou informado explicitamente;3.94;23064;Macaco/Guariba/Bugio/Prego/Guigó;1;
28654;2022-07-26T09:29:22;MG;Mantena;Obtido pelo GPS ou informado explicitamente;20.9;23048;Mico/Sagui/Soinho;1;
28652;2022-07-26T11:11:24;MG;Ipatinga;Obtido pelo GPS ou informado explicitamente;26.5;23046;Mico/Sagui/Soinho;1;
28643;2022-07-25T12:56:05;MG;Montes Claros;Obtido pelo GPS ou informado explicitamente;2599.999;23037;Mico/Sagui/Soinho;1;
28642;2022-07-25T12:47:55;MG;Montes Claros;Obtido pelo GPS ou informado explicitamente;2599.999;23036;Mico/Sagui/Soinho;1;
28641;2022-07-25T12:44:43;MG;Montes Claros;Obtido pelo GPS ou informado explicitamente;2599.999;23035;Mico/Sagui/Soinho;1;
28640;2022-07-25T16:31:00;MG;São João da Lagoa;Coordenadas obtidas a partir do endereço;-1.0;23034;Mico/Sagui/Soinho;1;
28640;2022-07-25T16:31:00;MG;São João da Lagoa;Coordenadas obtidas a partir do endereço;-1.0;23033;Mico/Sagui/Soinho;1;
28640;2022-07-25T16:31:00;MG;São João da Lagoa;Coordenadas obtidas a partir do endereço;-1.0;23032;Mico/Sagui/Soinho;1;
28638;2022-07-21T10:19:00;PI;Teresina;Obtido pelo GPS ou informado explicitamente;55.822;23030;Macaco/Guariba/Bugio/Prego/Guigó;1;
28637;2022-07-21T10:06:00;PI;Altos;Obtido pelo GPS ou informado explicitamente;57.534;23029;Mico/Sagui/Soinho;1;
28636;2022-07-21T08:30:34;SP;Atibaia;Coordenadas obtidas a partir do endereço;;23028;Mico/Sagui/Soinho;1;
28632;2022-07-25T14:44:00;RJ;Rio de Janeiro;Obtido pelo GPS ou informado explicitamente;0.0;23024;Mico/Sagui/Soinho;2;
28630;2022-07-25T14:12:13;PR;Assis Chateaubriand;Obtido pelo GPS ou informado explicitamente;3.88;23022;Macaco/Guariba/Bugio/Prego/Guigó;1;
28609;2022-07-24T15:47:00;RS;Barra do Ribeiro;Obtido pelo GPS ou informado explicitamente;0.0;23000;Macaco/Guariba/Bugio/Prego/Guigó;2;
28606;2022-07-24T15:10:00;MG;Itajubá;Coordenadas obtidas a partir do endereço;-1.0;22997;Mico/Sagui/Soinho;1;
28599;2022-07-24T12:08:35;RJ;Rio de Janeiro;Obtido pelo GPS ou informado explicitamente;17.268;22990;Macaco/Guariba/Bugio/Prego/Guigó;3;
28594;2022-04-21T14:26:22;MG;Montes Claros;Obtido pelo GPS ou informado explicitamente;10.1;22985;Mico/Sagui/Soinho;1;
28593;2022-05-26T09:38:30;MG;Francisco Dumont;Obtido pelo GPS ou informado explicitamente;42.724;22984;Mico/Sagui/Soinho;1;
28592;2022-05-25T16:51:00;MG;Francisco Dumont;Obtido pelo GPS ou informado explicitamente;8.0;22983;Mico/Sagui/Soinho;1;
28591;2022-05-25T17:01:00;MG;Francisco Dumont;Obtido pelo GPS ou informado explicitamente;32.059;22982;Mico/Sagui/Soinho;1;
28582;2022-07-22T11:36:53;RS;Barra do Ribeiro;Obtido pelo GPS ou informado explicitamente;41.0;22973;Macaco/Guariba/Bugio/Prego/Guigó;1;
28580;2022-07-22T09:46:05;GO;Aragoiânia;Obtido pelo GPS ou informado explicitamente;3.9;22971;Macaco/Guariba/Bugio/Prego/Guigó;1;
28578;2022-07-21T15:00:00;RS;Gramado;Coordenadas obtidas a partir do endereço;-1.0;22969;Macaco/Guariba/Bugio/Prego/Guigó;1;
28572;2022-07-21T14:48:00;MG;Ubaí;Obtido pelo GPS ou informado explicitamente;70.312;22963;Mico/Sagui/Soinho;1;
28556;2022-07-21T11:12:50;MG;Ipatinga;Obtido pelo GPS ou informado explicitamente;500.0;22947;Mico/Sagui/Soinho;1;
28540;2022-07-20T11:51:00;MG;Jequitaí;Obtido pelo GPS ou informado explicitamente;0.0;22931;Mico/Sagui/Soinho;1;
28534;2022-07-20T13:46:30;MG;Ipatinga;Obtido pelo GPS ou informado explicitamente;21.54;22925;Mico/Sagui/Soinho;1;
28533;2022-07-20T10:12:46;RS;Porto Alegre;Obtido pelo GPS ou informado explicitamente;35.0;22924;Macaco/Guariba/Bugio/Prego/Guigó;1;
28532;2022-07-20T10:24:10;MG;Montes Claros;Obtido pelo GPS ou informado explicitamente;19.121;22923;Mico/Sagui/Soinho;1;
28531;2022-07-19T17:08:56;MG;Montes Claros;Obtido pelo GPS ou informado explicitamente;738.009;22922;Mico/Sagui/Soinho;1;
28530;2022-07-19T14:10:00;RJ;Magé;Obtido pelo GPS ou informado explicitamente;12.04;22921;Mico/Sagui/Soinho;8;Normal
28529;2022-07-19T14:06:51;MG;Jequitaí;Obtido pelo GPS ou informado explicitamente;1.5;22920;Mico/Sagui/Soinho;1;
28515;2022-07-19T07:45:38;MG;Pirapetinga;Obtido pelo GPS ou informado explicitamente;142.5;22906;Mico/Sagui/Soinho;3;
28497;2022-07-18T09:18:53;MS;Ladário;Obtido pelo GPS ou informado explicitamente;245.571;22888;Macaco/Guariba/Bugio/Prego/Guigó;2;
28496;2022-07-18T09:13:56;MS;Ladário;Obtido pelo GPS ou informado explicitamente;817.994;22887;Macaco/Guariba/Bugio/Prego/Guigó;1;
28487;2022-07-17T09:33:00;SP;Nazaré Paulista;Obtido pelo GPS ou informado explicitamente;0.0;22878;Mico/Sagui/Soinho;5;Normal
28474;2022-07-16T11:59:00;MG;Ubaí;Obtido pelo GPS ou informado explicitamente;1600.0;22865;Mico/Sagui/Soinho;1;
28464;2022-07-15T11:31:00;MG;Porteirinha;Obtido pelo GPS ou informado explicitamente;3.9;22855;Mico/Sagui/Soinho;1;
28451;2022-07-15T09:52:26;MG;Montes Claros;Obtido pelo GPS ou informado explicitamente;41.78;22842;Mico/Sagui/Soinho;1;
28445;2022-07-12T15:34:00;PI;Altos;Obtido pelo GPS ou informado explicitamente;35.116;22836;Mico/Sagui/Soinho;2;
28444;2022-07-01T14:00:00;RS;Jaguari;Obtido pelo GPS ou informado explicitamente;3.0;22835;Macaco/Guariba/Bugio/Prego/Guigó;1;
28436;2022-07-13T09:23:00;RJ;Magé;Obtido pelo GPS ou informado explicitamente;6.893;22827;Macaco/Guariba/Bugio/Prego/Guigó;1;
28433;2022-07-14T08:30:08;MG;Santa Cruz de Salinas;Obtido pelo GPS ou informado explicitamente;98.4;22824;Mico/Sagui/Soinho;8;
28431;2022-07-13T15:00:00;SC;Blumenau;Obtido pelo GPS ou informado explicitamente;0.0;22822;Macaco/Guariba/Bugio/Prego/Guigó;1;
28430;2022-07-12T10:10:00;PR;Foz do Iguaçu;Obtido pelo GPS ou informado explicitamente;0.0;22821;Macaco/Guariba/Bugio/Prego/Guigó;1;
28417;2022-07-03T13:40:00;RJ;Rio de Janeiro;Obtido pelo GPS ou informado explicitamente;0.0;22807;Macaco/Guariba/Bugio/Prego/Guigó;4;Normal
28415;2022-07-12T16:46:46;SP;Campinas;Coordenadas obtidas a partir do endereço;;22805;Mico/Sagui/Soinho;1;
28414;2022-07-12T16:31:40;MG;Augusto de Lima;Coordenadas obtidas a partir do endereço;;22804;Mico/Sagui/Soinho;1;
28409;2022-07-12T11:50:37;RS;Cerro Grande do Sul;Obtido pelo GPS ou informado explicitamente;60.0;22799;Macaco/Guariba/Bugio/Prego/Guigó;1;
28406;2022-07-12T09:41:03;MS;Ladário;Obtido pelo GPS ou informado explicitamente;2400.0;22795;Mico/Sagui/Soinho;2;
28405;2022-07-12T09:38:57;MS;Ladário;Obtido pelo GPS ou informado explicitamente;2400.0;22794;Mico/Sagui/Soinho;3;
28393;2022-07-11T15:24:12;MG;Unaí;Obtido pelo GPS ou informado explicitamente;110.0;22782;Mico/Sagui/Soinho;1;
28392;2022-07-09T09:45:00;PR;Curitiba;Obtido pelo GPS ou informado explicitamente;0.0;22781;Mico/Sagui/Soinho;2;
28391;2022-07-11T14:18:00;RS;Chuvisca;Obtido pelo GPS ou informado explicitamente;19.5;22780;Macaco/Guariba/Bugio/Prego/Guigó;1;
28386;2022-07-11T11:31:00;SP;Campinas;Obtido pelo GPS ou informado explicitamente;-1.0;22775;Mico/Sagui/Soinho;1;
28385;2022-07-06T15:23:13;MG;Augusto de Lima;Obtido pelo GPS ou informado explicitamente;3.62;22774;Mico/Sagui/Soinho;1;
28384;2022-07-11T11:39:00;RS;Ibiaçá;Obtido pelo GPS ou informado explicitamente;135.6;22773;Macaco/Guariba/Bugio/Prego/Guigó;1;
28374;2022-07-09T16:51:00;SC;Florianópolis;Obtido pelo GPS ou informado explicitamente;0.0;22763;Mico/Sagui/Soinho;1;
28369;2022-07-09T11:04:00;RJ;Magé;Obtido pelo GPS ou informado explicitamente;9.242;22758;Macaco/Guariba/Bugio/Prego/Guigó;1;
28360;2022-07-08T14:37:00;RJ;Teresópolis;Obtido pelo GPS ou informado explicitamente;24.9;22749;Mico/Sagui/Soinho;5;
28346;2022-06-15T10:23:00;PR;Foz do Iguaçu;Coordenadas obtidas a partir do endereço;;22735;Macaco/Guariba/Bugio/Prego/Guigó;1;Doente
28337;2022-07-02T16:45:00;GO;Senador Canedo;Obtido pelo GPS ou informado explicitamente;8.0;22726;Mico/Sagui/Soinho;1;
28325;2022-07-07T10:56:08;MG;Salinas;Obtido pelo GPS ou informado explicitamente;2599.999;22714;Mico/Sagui/Soinho;6;
28320;2022-06-30T14:30:00;MG;Caratinga;Obtido pelo GPS ou informado explicitamente;0.0;22709;Macaco/Guariba/Bugio/Prego/Guigó;1;
28311;2022-06-13T14:43:21;MG;Alagoa;Obtido pelo GPS ou informado explicitamente;14.719;22699;Mico/Sagui/Soinho;1;
28307;2022-05-06T09:00:00;RJ;Magé;Obtido pelo GPS ou informado explicitamente;10.7;22695;Mico/Sagui/Soinho;12;Normal
28294;2022-07-06T15:22:17;SP;Campinas;Coordenadas obtidas a partir do endereço;;22682;Mico/Sagui/Soinho;1;
28272;2022-07-06T10:44:00;MG;Ipatinga;Obtido pelo GPS ou informado explicitamente;7126.45;22658;Macaco/Guariba/Bugio/Prego/Guigó;1;
28271;2022-07-06T09:01:00;RN;Baía Formosa;Obtido pelo GPS ou informado explicitamente;16.0;22657;Macaco/Guariba/Bugio/Prego/Guigó;1;
28270;2016-08-11T14:40:00;PA;Baião;Obtido pelo GPS ou informado explicitamente;0.0;22656;Mico/Sagui/Soinho;1;Normal
28258;2022-06-30T08:45:11;MG;Unaí;Obtido pelo GPS ou informado explicitamente;142.5;22644;Macaco/Guariba/Bugio/Prego/Guigó;1;
28250;2022-07-05T09:55:21;MG;Joanésia;Coordenadas obtidas a partir do endereço;;22636;Mico/Sagui/Soinho;1;
28242;2022-07-04T10:41:00;PR;Santa Tereza do Oeste;Coordenadas obtidas a partir do endereço;-1.0;22627;Macaco/Guariba/Bugio/Prego/Guigó;1;
28238;2022-07-04T14:24:06;GO;São Luís de Montes Belos;Obtido pelo GPS ou informado explicitamente;2.033;22623;Macaco/Guariba/Bugio/Prego/Guigó;1;
28237;2022-07-04T16:42:41;SP;Campinas;Coordenadas obtidas a partir do endereço;;22622;Mico/Sagui/Soinho;1;
28236;2022-07-01T15:59:00;RS;São Francisco de Assis;Obtido pelo GPS ou informado explicitamente;35.152;22621;Macaco/Guariba/Bugio/Prego/Guigó;1;
28235;2022-07-03T14:30:00;RS;Rolante;Obtido pelo GPS ou informado explicitamente;3.54;22620;Macaco/Guariba/Bugio/Prego/Guigó;1;
28230;2022-07-04T11:09:17;MG;Mantena;Coordenadas obtidas a partir do endereço;-1.0;22615;Mico/Sagui/Soinho;3;
28227;2022-07-04T10:41:00;PR;Santa Tereza do Oeste;Coordenadas obtidas a partir do endereço;-1.0;22612;Macaco/Guariba/Bugio/Prego/Guigó;1;
28226;2022-07-04T10:41:00;PR;Santa Tereza do Oeste;Coordenadas obtidas a partir do endereço;-1.0;22610;Macaco/Guariba/Bugio/Prego/Guigó;1;
28226;2022-07-04T10:41:00;PR;Santa Tereza do Oeste;Coordenadas obtidas a partir do endereço;-1.0;22609;Macaco/Guariba/Bugio/Prego/Guigó;1;
28225;2022-07-04T10:11:00;PR;Santa Tereza do Oeste;Coordenadas obtidas a partir do endereço;-1.0;22608;Macaco/Guariba/Bugio/Prego/Guigó;1;
28224;2022-07-02T11:30:00;PR;Curitiba;Obtido pelo GPS ou informado explicitamente;0.0;22607;Mico/Sagui/Soinho;1;
28212;2022-07-02T09:49:00;SP;Campinas;Obtido pelo GPS ou informado explicitamente;4.82;22595;Mico/Sagui/Soinho;1;Normal
28203;2022-06-29T14:20:00;SC;Florianópolis;Coordenadas obtidas a partir do endereço;-1.0;22586;Mico/Sagui/Soinho;1;
28195;2022-07-01T08:42:41;MG;Mantena;Obtido pelo GPS ou informado explicitamente;104.1;22578;Mico/Sagui/Soinho;6;
28186;2022-07-01T12:39:00;MG;Ubaí;Obtido pelo GPS ou informado explicitamente;88.166;22567;Mico/Sagui/Soinho;1;
28183;2022-07-01T10:23:00;AC;Rio Branco;Obtido pelo GPS ou informado explicitamente;2200.0;22563;Macaco/Guariba/Bugio/Prego/Guigó;1;
28183;2022-07-01T10:23:00;AC;Rio Branco;Obtido pelo GPS ou informado explicitamente;2200.0;22562;Macaco/Guariba/Bugio/Prego/Guigó;1;
28177;2022-07-01T09:50:00;AC;Rio Branco;Obtido pelo GPS ou informado explicitamente;4.74;22554;Macaco/Guariba/Bugio/Prego/Guigó;1;Normal
28169;2022-07-01T10:43:39;SP;Campinas;Obtido pelo GPS ou informado explicitamente;2.44;22546;Mico/Sagui/Soinho;1;
28139;2022-06-30T15:16:56;MG;Montes Claros;Obtido pelo GPS ou informado explicitamente;11.0;22516;Mico/Sagui/Soinho;1;
28115;2022-06-30T10:45:00;MG;Ubaí;Obtido pelo GPS ou informado explicitamente;19.296;22492;Mico/Sagui/Soinho;1;
28114;2022-06-30T09:39:22;TO;Palmas;Obtido pelo GPS ou informado explicitamente;5.236;22491;Mico/Sagui/Soinho;1;
28100;2022-06-27T13:13:56;RS;Guaíba;Coordenadas obtidas a partir do endereço;;22477;Macaco/Guariba/Bugio/Prego/Guigó;1;
28087;2022-06-29T15:08:00;MS;Corumbá;Obtido pelo GPS ou informado explicitamente;3.823378;22463;Macaco/Guariba/Bugio/Prego/Guigó;1;
28073;2022-06-29T15:33:00;GO;Carmo do Rio Verde;Obtido pelo GPS ou informado explicitamente;0.0;22449;Macaco/Guariba/Bugio/Prego/Guigó;1;
28055;2022-03-16T06:52:49;AC;Assis Brasil;Coordenadas obtidas a partir do endereço;;22431;Macaco/Guariba/Bugio/Prego/Guigó;2;Normal
28020;2021-06-13T13:22:00;AM;Pauini;Obtido pelo GPS ou informado explicitamente;27.216;22387;Mico/Sagui/Soinho;1;
27865;2022-06-28T11:09:04;PR;Piraquara;Obtido pelo GPS ou informado explicitamente;92.9;22217;Mico/Sagui/Soinho;1;
27863;2022-06-28T10:35:16;MG;Montes Claros;Obtido pelo GPS ou informado explicitamente;4.14;22215;Mico/Sagui/Soinho;1;
27862;2022-06-26T14:30:00;MG;Salinas;Obtido pelo GPS ou informado explicitamente;0.0;22214;Mico/Sagui/Soinho;1;
27860;2022-06-28T10:12:00;MG;Ubaí;Obtido pelo GPS ou informado explicitamente;72.9;22212;Mico/Sagui/Soinho;1;
27859;2022-06-26T14:30:00;MG;Salinas;Obtido pelo GPS ou informado explicitamente;0.0;22211;Mico/Sagui/Soinho;1;
27856;2022-06-27T11:30:00;RS;Guaíba;Coordenadas obtidas a partir do endereço;-1.0;22208;Macaco/Guariba/Bugio/Prego/Guigó;1;
27849;2022-06-26T12:30:00;MS;Terenos;Coordenadas obtidas a partir do endereço;-1.0;22201;Macaco/Guariba/Bugio/Prego/Guigó;1;
27848;2022-06-27T17:00:00;SC;Blumenau;Obtido pelo GPS ou informado explicitamente;0.0;22200;Macaco/Guariba/Bugio/Prego/Guigó;1;
27808;2022-06-27T12:00:00;GO;Goiânia;Obtido pelo GPS ou informado explicitamente;0.0;22156;Macaco/Guariba/Bugio/Prego/Guigó;1;
27806;2022-06-22T14:46:00;BA;Carinhanha;Obtido pelo GPS ou informado explicitamente;0.0;22154;Mico/Sagui/Soinho;2;
27798;2022-06-27T12:12:00;MG;Ubaí;Obtido pelo GPS ou informado explicitamente;39.789;22146;Mico/Sagui/Soinho;1;
27797;2022-06-27T11:56:00;MG;Ubaí;Obtido pelo GPS ou informado explicitamente;20.23;22145;Mico/Sagui/Soinho;1;
27796;2022-06-24T14:55:00;RS;Restinga Seca;Obtido pelo GPS ou informado explicitamente;14.014;22144;Macaco/Guariba/Bugio/Prego/Guigó;1;
27793;2022-06-26T20:30:00;SC;Joinville;Obtido pelo GPS ou informado explicitamente;0.0;22141;Mico/Sagui/Soinho;1;
27792;2022-06-27T07:23:00;MG;Ubaí;Obtido pelo GPS ou informado explicitamente;9.648;22140;Mico/Sagui/Soinho;2;
27783;2022-06-25T12:39:00;SC;Florianópolis;Obtido pelo GPS ou informado explicitamente;36.601;22131;Mico/Sagui/Soinho;1;
27768;2022-06-24T09:59:14;MG;Montes Claros;Obtido pelo GPS ou informado explicitamente;5.7;22116;Mico/Sagui/Soinho;1;
27767;2022-06-24T10:04:00;GO;Goiânia;Obtido pelo GPS ou informado explicitamente;78.31;22115;Mico/Sagui/Soinho;1;Normal
27759;2022-06-23T12:28:59;RJ;Teresópolis;Obtido pelo GPS ou informado explicitamente;34.85;22107;Macaco/Guariba/Bugio/Prego/Guigó;1;
27744;2022-06-21T09:41:00;RS;Santo Antônio das Missões;Obtido pelo GPS ou informado explicitamente;0.0;22092;Macaco/Guariba/Bugio/Prego/Guigó;1;
27743;2022-06-23T09:00:51;MG;Montes Claros;Obtido pelo GPS ou informado explicitamente;24.075;22091;Mico/Sagui/Soinho;1;
27733;2022-02-28T16:03:00;MG;Ouro Preto;Coordenadas obtidas a partir do endereço;;22081;Mico/Sagui/Soinho;1;Normal
27732;2022-06-11T15:56:12;RJ;Teresópolis;Obtido pelo GPS ou informado explicitamente;19.296;22080;Macaco/Guariba/Bugio/Prego/Guigó;1;
27709;2022-06-20T14:42:00;RJ;Magé;Obtido pelo GPS ou informado explicitamente;9.205;22057;Macaco/Guariba/Bugio/Prego/Guigó;1;
27709;2022-06-20T14:42:00;RJ;Magé;Obtido pelo GPS ou informado explicitamente;9.205;22056;Macaco/Guariba/Bugio/Prego/Guigó;1;
27707;2022-06-21T15:09:00;MG;Raul Soares;Obtido pelo GPS ou informado explicitamente;2015.0;22054;Macaco/Guariba/Bugio/Prego/Guigó;1;
27696;2022-06-20T15:51:00;GO;Goiás;Obtido pelo GPS ou informado explicitamente;0.0;22043;Mico/Sagui/Soinho;1;
27695;2022-06-17T15:07:15;MG;Montes Claros;Obtido pelo GPS ou informado explicitamente;2200.0;22042;Mico/Sagui/Soinho;1;
27678;2022-06-15T11:31:00;ES;São Gabriel da Palha;Obtido pelo GPS ou informado explicitamente;-1.0;22025;Mico/Sagui/Soinho;1;
27677;2022-05-02T16:30:35;MG;Lagoa dos Patos;Obtido pelo GPS ou informado explicitamente;8.9;22024;Mico/Sagui/Soinho;1;
27670;2022-06-19T10:46:20;MG;Teófilo Otoni;Obtido pelo GPS ou informado explicitamente;6.286;22017;Mico/Sagui/Soinho;6;
27661;2022-06-18T10:05:00;GO;Goiânia;Obtido pelo GPS ou informado explicitamente;45.75;22007;Mico/Sagui/Soinho;8;Normal
27660;2022-06-18T06:46:00;TO;Palmas;Obtido pelo GPS ou informado explicitamente;5.069;22006;Macaco/Guariba/Bugio/Prego/Guigó;1;
27645;2022-06-17T09:35:04;MG;Montes Claros;Obtido pelo GPS ou informado explicitamente;8.5;21991;Mico/Sagui/Soinho;1;
27625;2022-06-15T10:35:00;MG;Uberaba;Obtido pelo GPS ou informado explicitamente;0.0;21970;Mico/Sagui/Soinho;1;
27620;2022-06-14T14:00:00;GO;Goiânia;Obtido pelo GPS ou informado explicitamente;0.0;21965;Mico/Sagui/Soinho;1;
27618;2022-06-11T10:15:00;SC;Joinville;Coordenadas obtidas a partir do endereço;-1.0;21963;Mico/Sagui/Soinho;2;
27617;2022-06-14T09:35:52;TO;Palmas;Obtido pelo GPS ou informado explicitamente;40.0;21962;Mico/Sagui/Soinho;2;
27614;2022-06-12T13:16:00;MG;São João da Lagoa;Obtido pelo GPS ou informado explicitamente;4412.0;21959;Mico/Sagui/Soinho;1;
27609;2022-06-13T15:46:22;SC;Salete;Obtido pelo GPS ou informado explicitamente;11.792;21954;Macaco/Guariba/Bugio/Prego/Guigó;1;
27607;2022-06-13T15:53:00;MG;Ubaí;Obtido pelo GPS ou informado explicitamente;32.746;21952;Mico/Sagui/Soinho;1;
27597;2022-06-12T07:00:00;MG;Leopoldina;Coordenadas obtidas a partir do endereço;;21942;Macaco/Guariba/Bugio/Prego/Guigó;6;Normal
27596;2022-06-07T11:36:00;RJ;Rio de Janeiro;Obtido pelo GPS ou informado explicitamente;15.332;21941;Macaco/Guariba/Bugio/Prego/Guigó;15;
27571;2022-06-10T16:30:22;MG;Montes Claros;Obtido pelo GPS ou informado explicitamente;22.5;21915;Mico/Sagui/Soinho;1;
27556;2022-06-07T09:33:27;MG;São João da Lagoa;Obtido pelo GPS ou informado explicitamente;6.8;21900;Mico/Sagui/Soinho;1;
27554;2022-06-07T09:27:12;MG;São João da Lagoa;Obtido pelo GPS ou informado explicitamente;7.0;21898;Mico/Sagui/Soinho;1;
27552;2022-06-07T09:22:52;MG;São João da Lagoa;Obtido pelo GPS ou informado explicitamente;11.5;21896;Mico/Sagui/Soinho;1;
27549;2022-06-07T14:47:56;MG;Lagoa dos Patos;Obtido pelo GPS ou informado explicitamente;3.55;21893;Mico/Sagui/Soinho;4;
27548;2022-06-09T10:25:00;MG;Indaiabira;Obtido pelo GPS ou informado explicitamente;20.0;21892;Mico/Sagui/Soinho;4;
27502;2022-06-09T09:46:28;MG;Montes Claros;Obtido pelo GPS ou informado explicitamente;14.5;21843;Mico/Sagui/Soinho;1;
27499;2022-05-29T14:30:00;SP;Campinas;Coordenadas obtidas a partir do endereço;-1.0;21840;Mico/Sagui/Soinho;3;
27498;2022-06-08T16:35:00;SP;Campinas;Obtido pelo GPS ou informado explicitamente;14.793;21839;Mico/Sagui/Soinho;1;
27495;2022-06-07T13:40:00;MG;Ubaí;Obtido pelo GPS ou informado explicitamente;110.0;21836;Mico/Sagui/Soinho;1;
27447;2022-06-07T15:25:00;PR;Curitiba;Obtido pelo GPS ou informado explicitamente;0.0;21785;Mico/Sagui/Soinho;1;
27446;2022-06-07T13:00:00;SC;Joinville;Obtido pelo GPS ou informado explicitamente;11.0;21784;Mico/Sagui/Soinho;1;
27443;2022-06-05T14:26:00;RJ;Rio de Janeiro;Obtido pelo GPS ou informado explicitamente;23.6;21781;Macaco/Guariba/Bugio/Prego/Guigó;1;
27442;2022-06-07T15:18:00;PR;Curitiba;Obtido pelo GPS ou informado explicitamente;0.0;21780;Mico/Sagui/Soinho;1;
27441;2022-06-07T16:27:00;MG;Guanhães;Coordenadas obtidas a partir do endereço;-1.0;21779;Mico/Sagui/Soinho;1;
27438;2022-06-07T14:39:00;PR;Entre Rios do Oeste;Obtido pelo GPS ou informado explicitamente;78.884;21776;Macaco/Guariba/Bugio/Prego/Guigó;1;
27437;2022-06-07T14:41:38;MG;Guanhães;Obtido pelo GPS ou informado explicitamente;1.28;21775;Mico/Sagui/Soinho;1;
27436;2022-06-07T10:30:00;MG;Guanhães;Coordenadas obtidas a partir do endereço;-1.0;21774;Macaco/Guariba/Bugio/Prego/Guigó;1;
27415;2022-05-05T15:00:00;GO;Padre Bernardo;Obtido pelo GPS ou informado explicitamente;0.0;21753;Mico/Sagui/Soinho;5;
27413;2022-06-06T13:45:00;MG;Lagoa dos Patos;Obtido pelo GPS ou informado explicitamente;0.0;21751;Mico/Sagui/Soinho;3;
27373;2022-06-06T16:04:23;GO;Palminópolis;Obtido pelo GPS ou informado explicitamente;5000.0;21710;Macaco/Guariba/Bugio/Prego/Guigó;1;
27302;2022-06-06T11:35:37;SC;Indaial;Coordenadas obtidas a partir do endereço;;21635;Macaco/Guariba/Bugio/Prego/Guigó;1;
27293;2022-06-06T09:12:56;MG;Lassance;Obtido pelo GPS ou informado explicitamente;3.882;21626;Mico/Sagui/Soinho;1;
27292;2022-05-30T09:30:00;GO;Goiânia;Obtido pelo GPS ou informado explicitamente;0.0;21625;Macaco/Guariba/Bugio/Prego/Guigó;1;
27288;2022-06-04T16:21:00;RJ;Rio de Janeiro;Obtido pelo GPS ou informado explicitamente;0.0;21621;Mico/Sagui/Soinho;4;
27280;2022-06-04T13:46:00;MG;Planura;Obtido pelo GPS ou informado explicitamente;27.321;21613;Mico/Sagui/Soinho;1;
27274;2022-06-03T12:38:00;BA;Porto Seguro;Obtido pelo GPS ou informado explicitamente;110.0;21607;Mico/Sagui/Soinho;2;
27214;2022-05-31T13:09:44;MG;Indaiabira;Coordenadas obtidas a partir do endereço;;21546;Mico/Sagui/Soinho;1;
27213;2022-05-31T09:42:03;TO;Palmas;Obtido pelo GPS ou informado explicitamente;40.0;21545;Macaco/Guariba/Bugio/Prego/Guigó;1;
27212;2022-05-31T09:42:03;TO;Palmas;Obtido pelo GPS ou informado explicitamente;40.0;21544;Macaco/Guariba/Bugio/Prego/Guigó;1;
27211;2022-05-30T08:58:28;SP;Campinas;Coordenadas obtidas a partir do endereço;;21543;Mico/Sagui/Soinho;1;
27207;2022-05-31T08:19:50;MG;Montes Claros;Obtido pelo GPS ou informado explicitamente;7.5;21539;Mico/Sagui/Soinho;1;
27200;2022-05-30T16:27:00;BA;Ilhéus;Obtido pelo GPS ou informado explicitamente;41.0;21532;Mico/Sagui/Soinho;4;Estranho
27199;2022-05-30T16:27:00;BA;Ilhéus;Obtido pelo GPS ou informado explicitamente;41.0;21531;Mico/Sagui/Soinho;4;Estranho
27195;2022-05-30T14:35:00;MG;Itapagipe;Coordenadas obtidas a partir do endereço;-1.0;21527;Mico/Sagui/Soinho;1;
27184;2022-05-27T09:42:00;MG;Santana do Paraíso;Coordenadas obtidas a partir do endereço;;21516;Mico/Sagui/Soinho;1;
27183;2022-05-27T09:30:00;MG;Santana do Paraíso;Coordenadas obtidas a partir do endereço;;21515;Mico/Sagui/Soinho;1;
27171;2022-05-28T08:53:00;BA;Porto Seguro;Obtido pelo GPS ou informado explicitamente;40.0;21502;Mico/Sagui/Soinho;4;Normal
27122;2022-05-28T14:09:00;MG;Itapagipe;Coordenadas obtidas a partir do endereço;-1.0;21447;Mico/Sagui/Soinho;1;
27122;2022-05-28T14:09:00;MG;Itapagipe;Coordenadas obtidas a partir do endereço;-1.0;21446;Mico/Sagui/Soinho;1;
27119;2022-04-14T08:45:00;SC;Florianópolis;Obtido pelo GPS ou informado explicitamente;26.528;21443;Mico/Sagui/Soinho;1;
27102;2022-05-27T15:43:24;SC;Indaial;Coordenadas obtidas a partir do endereço;;21426;Macaco/Guariba/Bugio/Prego/Guigó;1;
27098;2022-05-27T10:00:00;GO;Goiânia;Obtido pelo GPS ou informado explicitamente;0.0;21422;Mico/Sagui/Soinho;1;
27096;2022-05-27T13:21:00;GO;Aparecida de Goiânia;Obtido pelo GPS ou informado explicitamente;3.0;21420;Mico/Sagui/Soinho;1;
27093;2022-05-26T16:36:00;TO;Palmas;Obtido pelo GPS ou informado explicitamente;0.0;21417;Mico/Sagui/Soinho;2;
27092;2022-05-26T14:51:00;GO;Nova Veneza;Obtido pelo GPS ou informado explicitamente;0.0;21416;Macaco/Guariba/Bugio/Prego/Guigó;1;
27091;2022-05-27T08:38:00;BA;Porto Seguro;Obtido pelo GPS ou informado explicitamente;35.0;21415;Mico/Sagui/Soinho;6;Normal
27087;2022-05-27T09:56:00;GO;Anápolis;Coordenadas obtidas a partir do endereço;;21410;Macaco/Guariba/Bugio/Prego/Guigó;1;
27078;2022-05-27T09:01:52;MG;Montes Claros;Obtido pelo GPS ou informado explicitamente;9.25;21399;Mico/Sagui/Soinho;1;
27076;2022-05-27T08:38:00;BA;Porto Seguro;Obtido pelo GPS ou informado explicitamente;35.0;21397;Mico/Sagui/Soinho;6;Normal
27075;2022-05-27T08:38:00;BA;Porto Seguro;Obtido pelo GPS ou informado explicitamente;35.0;21396;Mico/Sagui/Soinho;6;Normal
27067;2022-05-24T12:00:00;SP;São José do Rio Pardo;Obtido pelo GPS ou informado explicitamente;0.0;21388;Mico/Sagui/Soinho;1;
27061;2022-03-30T11:57:12;MG;Claro dos Poções;Obtido pelo GPS ou informado explicitamente;3130.0;21382;Mico/Sagui/Soinho;3;
27058;2022-05-25T17:25:38;TO;Palmas;Obtido pelo GPS ou informado explicitamente;48.0;21379;Mico/Sagui/Soinho;5;Normal
27057;2022-05-25T17:22:00;TO;Palmas;Obtido pelo GPS ou informado explicitamente;6.0;21378;Mico/Sagui/Soinho;3;Normal
27056;2022-05-25T17:11:00;BA;Itabela;Obtido pelo GPS ou informado explicitamente;36.85;21377;Mico/Sagui/Soinho;5;Normal
27054;2022-05-25T16:09:00;PI;Altos;Obtido pelo GPS ou informado explicitamente;77.6;21375;Macaco/Guariba/Bugio/Prego/Guigó;10;
27052;2022-05-24T15:32:00;SC;Florianópolis;Coordenadas obtidas a partir do endereço;-1.0;21373;Mico/Sagui/Soinho;1;
27051;2022-05-25T15:22:00;SP;Campinas;Obtido pelo GPS ou informado explicitamente;79.611;21372;Mico/Sagui/Soinho;1;
27030;2022-05-25T09:30:00;SC;Blumenau;Obtido pelo GPS ou informado explicitamente;0.0;21351;Macaco/Guariba/Bugio/Prego/Guigó;1;
27029;2022-05-25T09:32:00;BA;Itabela;Obtido pelo GPS ou informado explicitamente;71.53;21350;Macaco/Guariba/Bugio/Prego/Guigó;3;Normal
27020;2022-05-24T14:34:00;TO;Palmas;Obtido pelo GPS ou informado explicitamente;0.0;21339;Mico/Sagui/Soinho;1;
27001;2022-05-24T13:56:38;RJ;Magé;Obtido pelo GPS ou informado explicitamente;9.648001;21320;Mico/Sagui/Soinho;1;
26913;2022-05-24T10:45:24;MG;Montes Claros;Obtido pelo GPS ou informado explicitamente;9.0;21216;Mico/Sagui/Soinho;1;
26912;2022-05-24T09:30:00;MG;Raul Soares;Coordenadas obtidas a partir do endereço;-1.0;21215;Mico/Sagui/Soinho;1;
26869;2022-05-23T17:39:00;MG;Planura;Obtido pelo GPS ou informado explicitamente;75.4;21168;Mico/Sagui/Soinho;1;
26866;2022-05-19T16:31:19;SP;Campinas;Coordenadas obtidas a partir do endereço;;21165;Mico/Sagui/Soinho;1;
26863;2022-02-16T11:32:00;RS;Chuvisca;Obtido pelo GPS ou informado explicitamente;9.5;21162;Macaco/Guariba/Bugio/Prego/Guigó;1;
26862;2022-05-23T15:16:00;RS;Chuvisca;Obtido pelo GPS ou informado explicitamente;2500.0;21161;Macaco/Guariba/Bugio/Prego/Guigó;1;
26847;2022-05-23T12:07:21;MG;Montes Claros;Obtido pelo GPS ou informado explicitamente;15.336;21146;Mico/Sagui/Soinho;1;
26843;2022-05-13T12:00:00;SP;Águas da Prata;Obtido pelo GPS ou informado explicitamente;-1.0;21142;Macaco/Guariba/Bugio/Prego/Guigó;1;
26840;2022-05-23T09:11:51;MG;Montes Claros;Obtido pelo GPS ou informado explicitamente;16.5;21139;Mico/Sagui/Soinho;1;
26828;2022-05-21T13:06:00;RJ;Teresópolis;Obtido pelo GPS ou informado explicitamente;8.162;21127;Macaco/Guariba/Bugio/Prego/Guigó;3;
26826;2022-05-21T10:34:28;SP;Jaguariúna;Obtido pelo GPS ou informado explicitamente;13.863;21125;Mico/Sagui/Soinho;1;
26823;2022-05-12T08:30:00;PR;Foz do Iguaçu;Obtido pelo GPS ou informado explicitamente;0.0;21122;Macaco/Guariba/Bugio/Prego/Guigó;1;
26815;2022-05-19T09:54:00;SC;Florianópolis;Obtido pelo GPS ou informado explicitamente;-1.0;21114;Mico/Sagui/Soinho;1;
26781;2022-05-18T12:05:27;RJ;Magé;Obtido pelo GPS ou informado explicitamente;12.864;21080;Mico/Sagui/Soinho;1;
26759;2022-05-17T09:06:46;ES;Barra de São Francisco;Obtido pelo GPS ou informado explicitamente;3.9;21058;Mico/Sagui/Soinho;10;
26752;2022-05-17T10:47:27;RJ;Rio de Janeiro;Obtido pelo GPS ou informado explicitamente;12.736;21051;Mico/Sagui/Soinho;5;
26730;2022-05-10T10:00:00;GO;Luziânia;Obtido pelo GPS ou informado explicitamente;0.0;21029;Mico/Sagui/Soinho;1;
26728;2022-05-16T14:40:20;MG;Montes Claros;Obtido pelo GPS ou informado explicitamente;16.836;21027;Mico/Sagui/Soinho;1;
26727;2022-05-16T10:08:00;SC;Florianópolis;Coordenadas obtidas a partir do endereço;-1.0;21026;Mico/Sagui/Soinho;1;
26717;2022-05-15T11:00:00;BA;Salvador;Coordenadas obtidas a partir do endereço;-1.0;21016;Mico/Sagui/Soinho;4;
26715;2022-05-14T15:45:00;SC;Florianópolis;Coordenadas obtidas a partir do endereço;-1.0;21014;Mico/Sagui/Soinho;1;
26701;2022-05-11T10:11:00;BA;Lençóis;Obtido pelo GPS ou informado explicitamente;0.0;21000;Macaco/Guariba/Bugio/Prego/Guigó;5;Normal
26697;2022-05-13T14:00:00;GO;Goiânia;Obtido pelo GPS ou informado explicitamente;0.0;20996;Mico/Sagui/Soinho;1;
26696;2022-05-13T10:30:00;GO;Goiânia;Obtido pelo GPS ou informado explicitamente;0.0;20995;Macaco/Guariba/Bugio/Prego/Guigó;1;
26647;2022-05-11T10:39:00;RS;Porto Alegre;Obtido pelo GPS ou informado explicitamente;26.0;20937;Macaco/Guariba/Bugio/Prego/Guigó;2;
26615;2022-04-06T08:25:00;MG;Montes Claros;Obtido pelo GPS ou informado explicitamente;0.0;20904;Mico/Sagui/Soinho;1;
26612;2022-05-03T16:32:00;PI;Teresina;Obtido pelo GPS ou informado explicitamente;0.0;20901;Mico/Sagui/Soinho;1;
26611;2022-05-10T10:40:00;BA;Urandi;Obtido pelo GPS ou informado explicitamente;0.0;20900;Mico/Sagui/Soinho;5;
26610;2022-05-10T11:43:00;PI;Altos;Obtido pelo GPS ou informado explicitamente;45.6;20899;Macaco/Guariba/Bugio/Prego/Guigó;1;
26608;2022-05-10T11:54:00;RJ;Petrópolis;Obtido pelo GPS ou informado explicitamente;15.0;20897;Mico/Sagui/Soinho;5;
26597;2022-05-10T09:40:38;MG;Conceição da Aparecida;Obtido pelo GPS ou informado explicitamente;26.089;20885;Mico/Sagui/Soinho;1;
26593;2022-05-09T15:09:00;MG;Bandeira do Sul;Obtido pelo GPS ou informado explicitamente;4.0;20881;Macaco/Guariba/Bugio/Prego/Guigó;2;
26568;2021-04-07T10:30:00;SC;Timbé do Sul;Obtido pelo GPS ou informado explicitamente;0.0;20848;Macaco/Guariba/Bugio/Prego/Guigó;8;Normal
26562;2022-05-08T18:27:00;MG;Santa Vitória;Obtido pelo GPS ou informado explicitamente;0.0;20842;Mico/Sagui/Soinho;2;
26549;2022-05-08T07:01:55;RJ;Magé;Obtido pelo GPS ou informado explicitamente;20.52;20829;Macaco/Guariba/Bugio/Prego/Guigó;1;
26532;2022-05-06T09:54:00;MG;Perdões;Obtido pelo GPS ou informado explicitamente;3.63;20812;Mico/Sagui/Soinho;1;
26529;2022-05-06T09:28:21;RS;Caxias do Sul;Obtido pelo GPS ou informado explicitamente;13.848;20809;Macaco/Guariba/Bugio/Prego/Guigó;1;
26527;2022-05-06T11:40:49;MG;Uberaba;Obtido pelo GPS ou informado explicitamente;104.1;20807;Macaco/Guariba/Bugio/Prego/Guigó;1;
26526;2022-05-06T10:59:48;MG;Uberaba;Obtido pelo GPS ou informado explicitamente;25.391;20806;Mico/Sagui/Soinho;1;
26499;2022-05-02T16:24:00;SC;Jaraguá do Sul;Coordenadas obtidas a partir do endereço;-1.0;20779;Macaco/Guariba/Bugio/Prego/Guigó;1;
26481;2022-04-30T15:00:00;SP;Águas da Prata;Obtido pelo GPS ou informado explicitamente;-1.0;20760;Macaco/Guariba/Bugio/Prego/Guigó;1;
26459;2022-05-02T14:20:00;MG;Coronel Fabriciano;Obtido pelo GPS ou informado explicitamente;2.15;20737;Mico/Sagui/Soinho;2;
26457;2022-05-02T09:20:00;MG;Coronel Fabriciano;Obtido pelo GPS ou informado explicitamente;6.046;20735;Mico/Sagui/Soinho;1;
26456;2022-05-02T10:15:20;GO;Piranhas;Obtido pelo GPS ou informado explicitamente;32.69;20734;Macaco/Guariba/Bugio/Prego/Guigó;1;
26443;2022-05-01T13:37:00;SP;Nazaré Paulista;Obtido pelo GPS ou informado explicitamente;8.0;20720;Mico/Sagui/Soinho;4;Normal
26431;2020-03-03T10:30:00;AM;Uarini;Obtido pelo GPS ou informado explicitamente;0.0;20708;Macaco/Guariba/Bugio/Prego/Guigó;4;Normal
26411;2022-04-29T12:30:00;GO;Goiânia;Obtido pelo GPS ou informado explicitamente;0.0;20685;Macaco/Guariba/Bugio/Prego/Guigó;1;
26409;2022-04-29T11:55:00;MG;Engenheiro Navarro;Obtido pelo GPS ou informado explicitamente;3.9;20683;Mico/Sagui/Soinho;2;
26406;2022-04-27T06:08:00;MG;Guaraciama;Obtido pelo GPS ou informado explicitamente;43.637;20680;Mico/Sagui/Soinho;1;
26403;2022-04-29T07:39:31;RJ;Rio de Janeiro;Obtido pelo GPS ou informado explicitamente;3.9;20677;Mico/Sagui/Soinho;3;
26393;2022-04-26T13:34:00;GO;Goiânia;Obtido pelo GPS ou informado explicitamente;26.69;20667;Mico/Sagui/Soinho;1;
26387;2022-04-28T09:56:00;MG;Raul Soares;Obtido pelo GPS ou informado explicitamente;18.649;20661;Mico/Sagui/Soinho;1;
26385;2022-04-28T09:22:23;MG;Raul Soares;Obtido pelo GPS ou informado explicitamente;27.671;20659;Mico/Sagui/Soinho;1;
26383;2022-04-27T08:56:00;MG;Raul Soares;Obtido pelo GPS ou informado explicitamente;3.714;20657;Mico/Sagui/Soinho;1;
26375;2022-04-27T16:23:56;RJ;Magé;Obtido pelo GPS ou informado explicitamente;10.72;20649;Mico/Sagui/Soinho;1;
26359;2022-04-26T09:46:00;RS;Rio Pardo;Obtido pelo GPS ou informado explicitamente;10.0;20632;Macaco/Guariba/Bugio/Prego/Guigó;1;
26358;2022-04-24T08:30:00;SP;Campinas;Obtido pelo GPS ou informado explicitamente;9.95;20631;Mico/Sagui/Soinho;5;Normal
26320;2022-04-23T12:15:02;MG;Conceição da Aparecida;Obtido pelo GPS ou informado explicitamente;3500.0;20592;Macaco/Guariba/Bugio/Prego/Guigó;1;
26305;2022-04-20T15:40:00;RJ;Magé;Obtido pelo GPS ou informado explicitamente;0.0;20577;Macaco/Guariba/Bugio/Prego/Guigó;1;
26289;2022-04-20T14:35:00;RJ;Magé;Obtido pelo GPS ou informado explicitamente;3.99;20561;Macaco/Guariba/Bugio/Prego/Guigó;1;
26285;2022-04-19T13:47:00;RS;São João do Polêsine;Obtido pelo GPS ou informado explicitamente;29.138;20557;Macaco/Guariba/Bugio/Prego/Guigó;1;
26281;2022-04-20T14:04:00;RJ;Magé;Obtido pelo GPS ou informado explicitamente;18.898;20553;Macaco/Guariba/Bugio/Prego/Guigó;1;
26277;2022-04-22T13:00:00;SC;Florianópolis;Obtido pelo GPS ou informado explicitamente;66.914;20549;Mico/Sagui/Soinho;1;
26271;2022-04-19T10:38:00;RS;Porto Alegre;Coordenadas obtidas a partir do endereço;-1.0;20543;Macaco/Guariba/Bugio/Prego/Guigó;1;
26243;2022-04-19T17:38:00;GO;Rio Verde;Obtido pelo GPS ou informado explicitamente;49.96;20515;Macaco/Guariba/Bugio/Prego/Guigó;8;Normal
26212;2021-12-07T11:48:49;RN;Tibau do Sul;Obtido pelo GPS ou informado explicitamente;0.0;20484;Mico/Sagui/Soinho;1;
26211;2022-04-10T16:33:00;RJ;Rio de Janeiro;Obtido pelo GPS ou informado explicitamente;0.0;20483;Mico/Sagui/Soinho;5;Normal
26205;2022-04-18T11:13:10;GO;Goiânia;Obtido pelo GPS ou informado explicitamente;13.028;20476;Mico/Sagui/Soinho;1;
26204;2022-04-14T14:00:00;RN;Baía Formosa;Obtido pelo GPS ou informado explicitamente;0.0;20475;Macaco/Guariba/Bugio/Prego/Guigó;1;Doente
26203;2022-04-17T18:15:00;SP;Campinas;Obtido pelo GPS ou informado explicitamente;11.71;20474;Mico/Sagui/Soinho;1;
26187;2022-04-15T19:00:13;RJ;Magé;Obtido pelo GPS ou informado explicitamente;3.22;20458;Mico/Sagui/Soinho;1;
26174;2022-03-31T15:33:00;RJ;Itatiaia;Obtido pelo GPS ou informado explicitamente;41.808;20445;Macaco/Guariba/Bugio/Prego/Guigó;5;
26166;2022-04-15T10:23:59;GO;Nova Roma;Obtido pelo GPS ou informado explicitamente;16.48;20437;Macaco/Guariba/Bugio/Prego/Guigó;1;
26158;2022-04-14T15:54:00;SP;Campinas;Coordenadas obtidas a partir do endereço;-1.0;20429;Mico/Sagui/Soinho;1;
26146;2022-04-14T08:52:44;SP;Tuiuti;Obtido pelo GPS ou informado explicitamente;78.31;20417;Macaco/Guariba/Bugio/Prego/Guigó;1;
26143;2022-04-09T11:50:00;RN;Natal;Obtido pelo GPS ou informado explicitamente;0.0;20414;Mico/Sagui/Soinho;1;
26125;2022-04-12T13:40:00;MG;Itajubá;Coordenadas obtidas a partir do endereço;-1.0;20395;Mico/Sagui/Soinho;1;
26122;2022-04-11T14:19:00;MG;Bocaiúva;Coordenadas obtidas a partir do endereço;-1.0;20392;Mico/Sagui/Soinho;2;
26117;2022-04-12T10:37:00;MG;Itapagipe;Coordenadas obtidas a partir do endereço;-1.0;20387;Mico/Sagui/Soinho;1;
26115;2022-04-12T09:19:18;MG;Ipatinga;Obtido pelo GPS ou informado explicitamente;5.456;20385;Mico/Sagui/Soinho;1;
26113;2022-04-07T10:00:00;SC;Blumenau;Obtido pelo GPS ou informado explicitamente;-1.0;20383;Macaco/Guariba/Bugio/Prego/Guigó;1;
26094;2022-04-11T11:45:29;MG;Montes Claros;Obtido pelo GPS ou informado explicitamente;2.433;20364;Mico/Sagui/Soinho;1;
26093;2022-04-11T08:01:52;AL;Delmiro Gouveia;Obtido pelo GPS ou informado explicitamente;3.79;20363;Macaco/Guariba/Bugio/Prego/Guigó;1;
26085;2022-04-10T11:30:00;PI;Altos;Obtido pelo GPS ou informado explicitamente;45.6;20353;Macaco/Guariba/Bugio/Prego/Guigó;9;
26083;2022-04-10T09:53:00;PR;Curiúva;Obtido pelo GPS ou informado explicitamente;10.0;20351;Macaco/Guariba/Bugio/Prego/Guigó;1;
26071;2022-04-09T13:30:00;SC;Florianópolis;Obtido pelo GPS ou informado explicitamente;0.0;20339;Mico/Sagui/Soinho;1;
26068;2022-04-09T11:05:11;SP;Campinas;Obtido pelo GPS ou informado explicitamente;8.96;20336;Mico/Sagui/Soinho;3;Estranho
26067;2022-04-09T09:21:00;RJ;Magé;Obtido pelo GPS ou informado explicitamente;10.289;20335;Macaco/Guariba/Bugio/Prego/Guigó;2;
26063;2022-04-08T16:35:21;SP;Campinas;Obtido pelo GPS ou informado explicitamente;;20331;Mico/Sagui/Soinho;1;
26045;2022-04-07T09:24:19;SC;Indaial;Coordenadas obtidas a partir do endereço;;20313;Macaco/Guariba/Bugio/Prego/Guigó;1;
26038;2022-04-06T10:23:00;RS;Guaíba;Obtido pelo GPS ou informado explicitamente;6.166;20306;Macaco/Guariba/Bugio/Prego/Guigó;1;
26034;2022-04-03T15:08:00;RJ;Magé;Coordenadas obtidas a partir do endereço;-1.0;20302;Mico/Sagui/Soinho;6;
26027;2022-03-12T14:50:00;SC;Florianópolis;Coordenadas obtidas a partir do endereço;-1.0;20295;Mico/Sagui/Soinho;1;
26026;2022-03-10T14:36:00;SC;Florianópolis;Coordenadas obtidas a partir do endereço;-1.0;20294;Mico/Sagui/Soinho;1;
26025;2022-03-03T14:33:00;SC;Florianópolis;Coordenadas obtidas a partir do endereço;-1.0;20293;Mico/Sagui/Soinho;1;
26024;2022-03-02T14:31:00;SC;Florianópolis;Obtido pelo GPS ou informado explicitamente;-1.0;20292;Mico/Sagui/Soinho;1;
26023;2022-03-02T14:27:00;SC;Florianópolis;Obtido pelo GPS ou informado explicitamente;-1.0;20291;Mico/Sagui/Soinho;1;
26022;2022-02-28T14:25:00;SC;Florianópolis;Obtido pelo GPS ou informado explicitamente;-1.0;20290;Mico/Sagui/Soinho;1;
26014;2022-04-05T17:26:46;MG;São João do Pacuí;Obtido pelo GPS ou informado explicitamente;62.265;20282;Mico/Sagui/Soinho;1;
26013;2022-04-05T17:24:23;MG;São João do Pacuí;Obtido pelo GPS ou informado explicitamente;54.158;20281;Mico/Sagui/Soinho;1;
26008;2022-04-05T13:47:00;RJ;Rio de Janeiro;Obtido pelo GPS ou informado explicitamente;0.0;20276;Mico/Sagui/Soinho;1;
26001;2022-03-15T11:45:32;RJ;Magé;Obtido pelo GPS ou informado explicitamente;30.016;20269;Mico/Sagui/Soinho;1;
25989;2022-02-25T13:47:19;SP;Campinas;Obtido pelo GPS ou informado explicitamente;4.466;20257;Mico/Sagui/Soinho;1;
25981;2022-04-03T15:30:00;SC;Florianópolis;Coordenadas obtidas a partir do endereço;-1.0;20248;Mico/Sagui/Soinho;1;
25977;2022-04-03T11:13:00;SC;Florianópolis;Obtido pelo GPS ou informado explicitamente;0.0;20244;Macaco/Guariba/Bugio/Prego/Guigó;1;
25973;2022-04-03T09:09:00;GO;Goiânia;Obtido pelo GPS ou informado explicitamente;46.0;20240;Macaco/Guariba/Bugio/Prego/Guigó;10;Normal
25972;2022-04-03T08:56:00;GO;Goiânia;Obtido pelo GPS ou informado explicitamente;35.0;20239;Macaco/Guariba/Bugio/Prego/Guigó;10;Normal
25966;2022-04-02T12:03:00;SP;Campinas;Obtido pelo GPS ou informado explicitamente;8.65;20233;Mico/Sagui/Soinho;1;Normal
25954;2022-04-01T10:07:00;GO;Goiânia;Obtido pelo GPS ou informado explicitamente;40.0;20221;Mico/Sagui/Soinho;1;Normal
25949;2022-03-27T09:54:58;MG;São João da Lagoa;Obtido pelo GPS ou informado explicitamente;6.5;20216;Mico/Sagui/Soinho;2;
25925;2022-03-27T11:44:00;SP;Campinas;Obtido pelo GPS ou informado explicitamente;5.3;20192;Mico/Sagui/Soinho;1;Normal
25921;2022-03-27T11:44:00;SP;Campinas;Obtido pelo GPS ou informado explicitamente;5.3;20188;Mico/Sagui/Soinho;1;Normal
25920;2022-03-30T17:34:38;RJ;Rio de Janeiro;Obtido pelo GPS ou informado explicitamente;3.0;20187;Mico/Sagui/Soinho;5;
25916;2022-02-23T15:27:00;SC;Florianópolis;Obtido pelo GPS ou informado explicitamente;-1.0;20183;Mico/Sagui/Soinho;1;
25915;2022-02-20T15:24:00;SC;Florianópolis;Obtido pelo GPS ou informado explicitamente;0.0;20182;Mico/Sagui/Soinho;1;
25914;2022-03-30T14:54:00;PI;Altos;Obtido pelo GPS ou informado explicitamente;48.9;20181;Macaco/Guariba/Bugio/Prego/Guigó;4;
25910;2022-03-30T07:40:37;RJ;Magé;Obtido pelo GPS ou informado explicitamente;8.555;20177;Mico/Sagui/Soinho;2;
25884;2022-03-29T14:30:00;GO;Goiânia;Obtido pelo GPS ou informado explicitamente;0.0;20146;Mico/Sagui/Soinho;1;
25882;2022-02-19T13:48:00;SC;Florianópolis;Obtido pelo GPS ou informado explicitamente;-1.0;20144;Mico/Sagui/Soinho;1;
25881;2022-02-17T13:42:00;SC;Florianópolis;Obtido pelo GPS ou informado explicitamente;63.383;20143;Mico/Sagui/Soinho;1;
25880;2022-02-14T13:39:00;SC;Florianópolis;Obtido pelo GPS ou informado explicitamente;0.0;20142;Mico/Sagui/Soinho;1;
25879;2022-02-12T13:36:00;SC;Florianópolis;Obtido pelo GPS ou informado explicitamente;0.0;20141;Mico/Sagui/Soinho;1;
25876;2022-03-28T17:00:00;MG;Unaí;Obtido pelo GPS ou informado explicitamente;6.76;20138;Macaco/Guariba/Bugio/Prego/Guigó;1;
25853;2022-03-28T08:00:55;SC;Arvoredo;Obtido pelo GPS ou informado explicitamente;;20115;Macaco/Guariba/Bugio/Prego/Guigó;1;
25850;2022-03-25T08:00:00;RJ;Rio de Janeiro;Obtido pelo GPS ou informado explicitamente;4.88;20112;Mico/Sagui/Soinho;5;
25849;2022-03-27T15:04:51;MG;Varginha;Obtido pelo GPS ou informado explicitamente;3.216;20111;Mico/Sagui/Soinho;4;
25846;2022-03-27T09:32:00;SP;Nazaré Paulista;Obtido pelo GPS ou informado explicitamente;43.0;20108;Mico/Sagui/Soinho;5;Normal
25821;2022-03-25T11:40:37;GO;Goiânia;Obtido pelo GPS ou informado explicitamente;6.0;20082;Mico/Sagui/Soinho;1;Normal
25811;2022-03-25T08:30:00;MG;Montes Claros;Obtido pelo GPS ou informado explicitamente;0.0;20070;Mico/Sagui/Soinho;1;
25809;2022-03-24T11:00:00;MG;Bocaiúva;Coordenadas obtidas a partir do endereço;-1.0;20068;Mico/Sagui/Soinho;1;
25807;2022-03-24T15:30:00;SC;Blumenau;Obtido pelo GPS ou informado explicitamente;0.0;20066;Macaco/Guariba/Bugio/Prego/Guigó;1;
25805;2022-03-24T15:36:00;GO;Goiânia;Obtido pelo GPS ou informado explicitamente;3.79;20064;Mico/Sagui/Soinho;1;
25777;2022-03-24T14:32:54;MG;Francisco Dumont;Obtido pelo GPS ou informado explicitamente;30.4;20025;Mico/Sagui/Soinho;1;
25767;2022-03-07T10:00:00;SC;Indaial;Obtido pelo GPS ou informado explicitamente;12.123;20011;Macaco/Guariba/Bugio/Prego/Guigó;1;
25760;2022-03-20T10:34:00;RS;São Pedro do Sul;Obtido pelo GPS ou informado explicitamente;40.591;20004;Macaco/Guariba/Bugio/Prego/Guigó;1;
25759;2022-03-23T13:08:00;GO;Goiânia;Obtido pelo GPS ou informado explicitamente;0.0;20003;Mico/Sagui/Soinho;1;
25757;2022-03-19T16:40:00;MG;Bocaiúva;Obtido pelo GPS ou informado explicitamente;0.0;20001;Mico/Sagui/Soinho;1;
25747;2022-03-23T12:02:00;GO;Goiânia;Obtido pelo GPS ou informado explicitamente;6.0;19991;Mico/Sagui/Soinho;8;Normal
25742;2022-03-23T09:38:00;GO;Goiânia;Obtido pelo GPS ou informado explicitamente;5.0;19984;Mico/Sagui/Soinho;5;Normal
25740;2022-03-22T07:05:00;MG;Belo Horizonte;Obtido pelo GPS ou informado explicitamente;0.0;19982;Mico/Sagui/Soinho;1;
25739;2022-03-23T08:58:00;MG;Ibiaí;Obtido pelo GPS ou informado explicitamente;3.9;19981;Macaco/Guariba/Bugio/Prego/Guigó;1;
25688;2022-03-22T09:48:00;GO;Goiânia;Obtido pelo GPS ou informado explicitamente;0.0;19918;Macaco/Guariba/Bugio/Prego/Guigó;1;
25672;2022-03-21T13:48:29;MG;Montes Claros;Obtido pelo GPS ou informado explicitamente;1.433;19902;Mico/Sagui/Soinho;1;
25665;2022-03-12T08:03:00;AM;Manaus;Obtido pelo GPS ou informado explicitamente;0.0;19894;Mico/Sagui/Soinho;5;Normal
25664;2022-03-12T06:44:00;AM;Manaus;Obtido pelo GPS ou informado explicitamente;0.0;19893;Macaco/Guariba/Bugio/Prego/Guigó;4;Normal
25663;2022-03-17T13:25:00;AM;Manaus;Obtido pelo GPS ou informado explicitamente;6.15;19892;Macaco/Guariba/Bugio/Prego/Guigó;1;
25653;2022-03-18T11:50:00;MG;Itajubá;Obtido pelo GPS ou informado explicitamente;5.0;19882;Mico/Sagui/Soinho;1;
25630;2022-03-15T15:02:50;MG;Januária;Coordenadas obtidas a partir do endereço;;19859;Macaco/Guariba/Bugio/Prego/Guigó;1;
25629;2022-03-18T14:09:54;MG;Montes Claros;Obtido pelo GPS ou informado explicitamente;23.816;19858;Mico/Sagui/Soinho;1;
25629;2022-03-18T14:09:54;MG;Montes Claros;Obtido pelo GPS ou informado explicitamente;23.816;19857;Mico/Sagui/Soinho;1;
25626;2022-03-18T09:56:00;AM;Iranduba;Obtido pelo GPS ou informado explicitamente;3.42;19854;Macaco/Guariba/Bugio/Prego/Guigó;1;
25621;2022-03-05T16:01:00;MG;Juiz de Fora;Coordenadas obtidas a partir do endereço;;19849;Mico/Sagui/Soinho;1;
25620;2022-03-14T08:34:00;PR;Porto Rico;Obtido pelo GPS ou informado explicitamente;3.216;19848;Macaco/Guariba/Bugio/Prego/Guigó;1;
25615;2022-03-16T16:10:00;PR;Leópolis;Obtido pelo GPS ou informado explicitamente;3.9;19843;Macaco/Guariba/Bugio/Prego/Guigó;1;
25608;2022-03-16T11:02:00;GO;Goiânia;Obtido pelo GPS ou informado explicitamente;0.0;19836;Mico/Sagui/Soinho;1;
25606;2022-03-16T11:11:30;SC;Indaial;Coordenadas obtidas a partir do endereço;;19834;Macaco/Guariba/Bugio/Prego/Guigó;1;
24999;2022-03-15T15:29:54;RS;Caxias do Sul;Obtido pelo GPS ou informado explicitamente;13.0;19831;Macaco/Guariba/Bugio/Prego/Guigó;1;
24996;2022-03-15T10:27:00;MG;Ponto Chique;Obtido pelo GPS ou informado explicitamente;0.0;19828;Mico/Sagui/Soinho;1;
24995;2022-03-12T11:03:25;MG;Ubaí;Obtido pelo GPS ou informado explicitamente;15.4;19827;Macaco/Guariba/Bugio/Prego/Guigó;1;
24991;2022-03-14T15:04:00;RS;Camaquã;Obtido pelo GPS ou informado explicitamente;6.208;19823;Macaco/Guariba/Bugio/Prego/Guigó;1;
24988;2022-03-11T09:11:21;MG;Jequitaí;Obtido pelo GPS ou informado explicitamente;7.4;19820;Mico/Sagui/Soinho;1;
24985;2022-03-13T21:07:46;MG;Marilac;Obtido pelo GPS ou informado explicitamente;0.0;19817;Mico/Sagui/Soinho;3;Normal
24963;2022-03-07T15:00:44;SC;Lauro Müller;Obtido pelo GPS ou informado explicitamente;11.06;19794;Macaco/Guariba/Bugio/Prego/Guigó;1;
24958;2022-03-09T17:30:00;SC;Blumenau;Obtido pelo GPS ou informado explicitamente;0.0;19789;Macaco/Guariba/Bugio/Prego/Guigó;1;
24957;2022-03-09T15:17:26;MG;Ibiaí;Obtido pelo GPS ou informado explicitamente;8.9;19788;Mico/Sagui/Soinho;1;
24956;2022-03-08T09:35:28;MG;Ibiaí;Obtido pelo GPS ou informado explicitamente;1485.661;19787;Mico/Sagui/Soinho;1;
24936;2022-03-07T12:30:00;GO;Goiânia;Obtido pelo GPS ou informado explicitamente;0.0;19765;Mico/Sagui/Soinho;1;
24935;2022-03-07T12:42:14;RS;Eldorado do Sul;Obtido pelo GPS ou informado explicitamente;9.208;19764;Macaco/Guariba/Bugio/Prego/Guigó;1;
24929;2022-03-06T09:18:00;RN;São Miguel do Gostoso;Obtido pelo GPS ou informado explicitamente;3.79;19758;Mico/Sagui/Soinho;1;
24916;2022-03-04T12:18:00;RJ;Rio de Janeiro;Coordenadas obtidas a partir do endereço;-1.0;19745;Macaco/Guariba/Bugio/Prego/Guigó;1;
24876;2022-02-28T10:34:00;MG;Montes Claros;Obtido pelo GPS ou informado explicitamente;0.0;19705;Mico/Sagui/Soinho;1;
24874;2022-02-27T14:40:00;SP;São João da Boa Vista;Obtido pelo GPS ou informado explicitamente;4.0;19703;Macaco/Guariba/Bugio/Prego/Guigó;5;
24871;2022-02-26T19:30:00;PI;Piripiri;Obtido pelo GPS ou informado explicitamente;0.0;19700;Macaco/Guariba/Bugio/Prego/Guigó;1;
24855;2022-02-03T15:08:00;SC;Joinville;Coordenadas obtidas a partir do endereço;-1.0;19682;Mico/Sagui/Soinho;1;
24854;2022-01-31T12:00:00;SC;Joinville;Coordenadas obtidas a partir do endereço;-1.0;19681;Macaco/Guariba/Bugio/Prego/Guigó;2;
24846;2022-02-25T07:45:00;RJ;Seropédica;Obtido pelo GPS ou informado explicitamente;6.0;19673;Mico/Sagui/Soinho;1;
24837;2017-09-11T12:05:58;RJ;Cachoeiras de Macacu;Obtido pelo GPS ou informado explicitamente;;19664;Macaco/Guariba/Bugio/Prego/Guigó;25;Normal
24836;2022-02-24T09:16:00;RS;Paraí;Obtido pelo GPS ou informado explicitamente;5.4;19663;Macaco/Guariba/Bugio/Prego/Guigó;2;
25603;2022-02-11T13:52:56;RS;Agudo;Obtido pelo GPS ou informado explicitamente;;19661;Macaco/Guariba/Bugio/Prego/Guigó;1;
24832;2022-02-23T18:22:14;SP;Campinas;Obtido pelo GPS ou informado explicitamente;3.9;19659;Mico/Sagui/Soinho;1;
24830;2022-02-23T17:56:03;SP;Campinas;Obtido pelo GPS ou informado explicitamente;3.558;19657;Mico/Sagui/Soinho;1;
24829;2022-02-19T16:55:00;SP;Campinas;Obtido pelo GPS ou informado explicitamente;35.0;19656;Mico/Sagui/Soinho;2;Normal
24824;2022-02-23T11:56:00;BA;Coribe;Obtido pelo GPS ou informado explicitamente;9.77;19651;Mico/Sagui/Soinho;6;Normal
24817;2022-02-22T07:07:00;BA;Cocos;Obtido pelo GPS ou informado explicitamente;22.27;19644;Macaco/Guariba/Bugio/Prego/Guigó;3;Normal
24816;2022-02-18T07:19:00;MG;Coração de Jesus;Obtido pelo GPS ou informado explicitamente;1.633;19643;Mico/Sagui/Soinho;1;
24813;2022-02-21T09:56:00;PR;Curitiba;Obtido pelo GPS ou informado explicitamente;0.0;19639;Mico/Sagui/Soinho;1;
24808;2022-02-21T09:00:00;SP;Águas da Prata;Obtido pelo GPS ou informado explicitamente;0.0;19634;Macaco/Guariba/Bugio/Prego/Guigó;1;
24799;2022-02-14T17:10:00;MG;Divinópolis;Obtido pelo GPS ou informado explicitamente;0.0;19625;Mico/Sagui/Soinho;6;
24788;2022-02-12T16:19:00;SP;Campinas;Obtido pelo GPS ou informado explicitamente;4.86;19614;Mico/Sagui/Soinho;2;Normal
24770;2022-02-11T11:10:00;GO;Goiânia;Obtido pelo GPS ou informado explicitamente;0.0;19596;Macaco/Guariba/Bugio/Prego/Guigó;1;
24765;2022-02-10T17:30:00;PR;São José dos Pinhais;Coordenadas obtidas a partir do endereço;;19591;Macaco/Guariba/Bugio/Prego/Guigó;1;Doente
24761;2022-02-09T15:30:00;RS;Augusto Pestana;Obtido pelo GPS ou informado explicitamente;39.6;19587;Macaco/Guariba/Bugio/Prego/Guigó;1;
24760;2022-02-10T15:07:48;MG;Monte Sião;Obtido pelo GPS ou informado explicitamente;17.819;19586;Mico/Sagui/Soinho;8;
24759;2022-02-05T17:00:00;MG;Itapagipe;Coordenadas obtidas a partir do endereço;-1.0;19585;Mico/Sagui/Soinho;1;
24757;2022-02-10T07:42:00;MG;São João da Lagoa;Obtido pelo GPS ou informado explicitamente;4300.0;19583;Mico/Sagui/Soinho;1;
24749;2022-01-04T15:59:04;GO;Goiânia;Obtido pelo GPS ou informado explicitamente;0.0;19575;Macaco/Guariba/Bugio/Prego/Guigó;1;
24748;2022-01-11T15:55:00;GO;Goiânia;Obtido pelo GPS ou informado explicitamente;0.0;19574;Macaco/Guariba/Bugio/Prego/Guigó;1;
24747;2022-01-14T09:00:00;GO;Goiânia;Obtido pelo GPS ou informado explicitamente;0.0;19573;Macaco/Guariba/Bugio/Prego/Guigó;1;
24745;2022-01-28T08:00:00;GO;Goiânia;Obtido pelo GPS ou informado explicitamente;0.0;19571;Macaco/Guariba/Bugio/Prego/Guigó;1;
24742;2022-01-20T13:54:00;PR;Curitiba;Obtido pelo GPS ou informado explicitamente;0.0;19568;Mico/Sagui/Soinho;1;Normal
24739;2022-02-09T11:00:26;SP;Campinas;Obtido pelo GPS ou informado explicitamente;15.5;19565;Macaco/Guariba/Bugio/Prego/Guigó;2;
24736;2022-02-08T14:37:52;RS;Caxias do Sul;Obtido pelo GPS ou informado explicitamente;12914.751;19562;Macaco/Guariba/Bugio/Prego/Guigó;1;
24720;2022-02-04T10:03:00;RS;Santa Maria;Obtido pelo GPS ou informado explicitamente;47.147;19546;Macaco/Guariba/Bugio/Prego/Guigó;1;
24719;2022-02-07T14:43:00;RJ;Teresópolis;Obtido pelo GPS ou informado explicitamente;35.918;19545;Mico/Sagui/Soinho;1;
24714;2022-02-07T08:48:00;RJ;Seropédica;Obtido pelo GPS ou informado explicitamente;8.0;19540;Mico/Sagui/Soinho;1;
24713;2022-02-07T08:49:00;MG;Ibiaí;Obtido pelo GPS ou informado explicitamente;3.9;19539;Macaco/Guariba/Bugio/Prego/Guigó;2;
24708;2022-02-05T10:53:00;RJ;Magé;Obtido pelo GPS ou informado explicitamente;20.0;19534;Mico/Sagui/Soinho;1;
24707;2022-02-05T07:56:57;RJ;Rio de Janeiro;Obtido pelo GPS ou informado explicitamente;6.678;19533;Macaco/Guariba/Bugio/Prego/Guigó;3;
24692;2022-02-04T09:23:40;RS;Cerro Grande do Sul;Obtido pelo GPS ou informado explicitamente;8.0;19518;Macaco/Guariba/Bugio/Prego/Guigó;1;
24691;2022-01-25T09:05:00;PR;Alto Piquiri;Obtido pelo GPS ou informado explicitamente;14.607;19517;Macaco/Guariba/Bugio/Prego/Guigó;1;
24690;2022-02-01T15:00:00;SC;Turvo;Obtido pelo GPS ou informado explicitamente;0.0;19516;Macaco/Guariba/Bugio/Prego/Guigó;2;
24682;2022-02-01T14:52:00;RS;Porto Alegre;Obtido pelo GPS ou informado explicitamente;0.0;19507;Macaco/Guariba/Bugio/Prego/Guigó;1;
24681;2022-01-31T14:34:26;RS;Santa Cruz do Sul;Obtido pelo GPS ou informado explicitamente;27.872;19506;Macaco/Guariba/Bugio/Prego/Guigó;1;
24680;2022-02-02T10:56:00;RS;São Borja;Obtido pelo GPS ou informado explicitamente;36.0;19505;Macaco/Guariba/Bugio/Prego/Guigó;1;
24675;2022-01-31T13:00:00;RS;São Borja;Coordenadas obtidas a partir do endereço;;19500;Macaco/Guariba/Bugio/Prego/Guigó;1;
24674;2022-01-31T15:00:00;RS;São Borja;Coordenadas obtidas a partir do endereço;;19499;Macaco/Guariba/Bugio/Prego/Guigó;1;
24673;2022-01-31T15:39:00;RS;São Borja;Obtido pelo GPS ou informado explicitamente;0.0;19498;Macaco/Guariba/Bugio/Prego/Guigó;1;
24662;2022-01-31T14:10:29;RS;Camaquã;Obtido pelo GPS ou informado explicitamente;11.0;19487;Macaco/Guariba/Bugio/Prego/Guigó;1;
24657;2022-01-31T14:21:59;MG;Montes Claros;Obtido pelo GPS ou informado explicitamente;98.523;19482;Mico/Sagui/Soinho;1;
24651;2022-01-22T08:25:00;RS;Jaguari;Obtido pelo GPS ou informado explicitamente;12.865;19476;Macaco/Guariba/Bugio/Prego/Guigó;1;
24650;2022-01-31T07:57:00;MG;Uberaba;Obtido pelo GPS ou informado explicitamente;41.049;19475;Mico/Sagui/Soinho;1;
24645;2022-01-29T15:18:00;SC;São Domingos;Obtido pelo GPS ou informado explicitamente;0.0;19470;Macaco/Guariba/Bugio/Prego/Guigó;1;
24645;2022-01-29T15:18:00;SC;São Domingos;Obtido pelo GPS ou informado explicitamente;0.0;19469;Macaco/Guariba/Bugio/Prego/Guigó;1;
24637;2022-01-28T10:08:26;PR;Quatiguá;Obtido pelo GPS ou informado explicitamente;4.00329;19461;Macaco/Guariba/Bugio/Prego/Guigó;1;
24635;2022-01-27T16:50:00;SP;Águas da Prata;Obtido pelo GPS ou informado explicitamente;0.0;19459;Macaco/Guariba/Bugio/Prego/Guigó;1;
24631;2022-01-16T08:04:00;MG;Brasília de Minas;Obtido pelo GPS ou informado explicitamente;0.0;19455;Macaco/Guariba/Bugio/Prego/Guigó;1;
24630;2022-01-16T09:59:00;MG;Brasília de Minas;Obtido pelo GPS ou informado explicitamente;0.0;19454;Macaco/Guariba/Bugio/Prego/Guigó;1;
24629;2022-01-16T09:50:00;MG;Brasília de Minas;Obtido pelo GPS ou informado explicitamente;10.0;19453;Macaco/Guariba/Bugio/Prego/Guigó;1;
24624;2022-01-26T08:38:27;RS;São Borja;Obtido pelo GPS ou informado explicitamente;45.75;19448;Macaco/Guariba/Bugio/Prego/Guigó;1;
24621;2022-01-27T14:45:54;MG;Unaí;Obtido pelo GPS ou informado explicitamente;15.5;19445;Mico/Sagui/Soinho;1;
24620;2022-01-26T14:00:00;RS;Porto Alegre;Obtido pelo GPS ou informado explicitamente;0.0;19444;Macaco/Guariba/Bugio/Prego/Guigó;1;
24619;2022-01-26T14:00:00;RS;Porto Alegre;Obtido pelo GPS ou informado explicitamente;0.0;19443;Macaco/Guariba/Bugio/Prego/Guigó;1;
24616;2022-01-26T14:36:09;SC;Palhoça;Obtido pelo GPS ou informado explicitamente;3799.999;19440;Macaco/Guariba/Bugio/Prego/Guigó;1;
24615;2022-01-26T14:28:38;SC;Brusque;Obtido pelo GPS ou informado explicitamente;;19439;Macaco/Guariba/Bugio/Prego/Guigó;1;
24609;2022-01-26T07:18:00;RJ;Seropédica;Obtido pelo GPS ou informado explicitamente;4.0;19433;Mico/Sagui/Soinho;1;
24602;2022-01-17T11:14:14;MG;Brasília de Minas;Coordenadas obtidas a partir do endereço;-1.0;19426;Macaco/Guariba/Bugio/Prego/Guigó;1;
24587;2022-01-22T06:00:00;SP;Campinas;Coordenadas obtidas a partir do endereço;-1.0;19409;Mico/Sagui/Soinho;1;
24586;2022-01-22T18:36:00;MG;Botelhos;Obtido pelo GPS ou informado explicitamente;25.728;19408;Mico/Sagui/Soinho;10;
24585;2022-01-18T10:58:00;MG;Brasília de Minas;Obtido pelo GPS ou informado explicitamente;14.49;19407;Macaco/Guariba/Bugio/Prego/Guigó;1;
24584;2022-01-19T12:07:58;MG;Brasília de Minas;Obtido pelo GPS ou informado explicitamente;16.615;19406;Macaco/Guariba/Bugio/Prego/Guigó;1;
24583;2022-01-19T11:23:00;MG;Brasília de Minas;Coordenadas obtidas a partir do endereço;-1.0;19405;Macaco/Guariba/Bugio/Prego/Guigó;1;
24582;2022-01-18T09:46:15;MG;Brasília de Minas;Obtido pelo GPS ou informado explicitamente;11.261;19404;Macaco/Guariba/Bugio/Prego/Guigó;1;
24581;2022-01-19T14:45:00;MG;Brasília de Minas;Obtido pelo GPS ou informado explicitamente;25.781;19403;Macaco/Guariba/Bugio/Prego/Guigó;1;
24580;2022-01-19T14:56:50;MG;Brasília de Minas;Obtido pelo GPS ou informado explicitamente;21.52;19402;Macaco/Guariba/Bugio/Prego/Guigó;1;
24529;2022-01-19T10:29:30;SP;Campinas;Coordenadas obtidas a partir do endereço;;19351;Mico/Sagui/Soinho;2;
24528;2022-01-19T11:25:20;MG;Brasília de Minas;Obtido pelo GPS ou informado explicitamente;9.342;19350;Macaco/Guariba/Bugio/Prego/Guigó;1;
24514;2022-01-17T15:02:00;SC;Chapecó;Obtido pelo GPS ou informado explicitamente;3.9;19336;Macaco/Guariba/Bugio/Prego/Guigó;1;
24501;2022-01-18T10:02:51;MG;Brasília de Minas;Obtido pelo GPS ou informado explicitamente;14.897;19323;Macaco/Guariba/Bugio/Prego/Guigó;1;
24499;2022-01-18T09:54:44;MG;Brasília de Minas;Obtido pelo GPS ou informado explicitamente;32.371;19321;Macaco/Guariba/Bugio/Prego/Guigó;1;
24498;2022-01-18T09:54:00;MG;Brasília de Minas;Obtido pelo GPS ou informado explicitamente;8.15;19320;Macaco/Guariba/Bugio/Prego/Guigó;1;
24492;2022-01-18T10:06:41;MG;Brasília de Minas;Obtido pelo GPS ou informado explicitamente;15.5;19314;Macaco/Guariba/Bugio/Prego/Guigó;1;
24491;2022-01-18T09:58:37;MG;Brasília de Minas;Obtido pelo GPS ou informado explicitamente;5.666;19313;Macaco/Guariba/Bugio/Prego/Guigó;1;
24487;2022-01-16T14:00:00;SC;Florianópolis;Obtido pelo GPS ou informado explicitamente;0.0;19309;Mico/Sagui/Soinho;1;
24486;2022-01-13T13:57:00;SC;Florianópolis;Obtido pelo GPS ou informado explicitamente;0.0;19308;Mico/Sagui/Soinho;1;
24485;2022-01-18T11:44:27;MG;Coronel Fabriciano;Obtido pelo GPS ou informado explicitamente;2.053;19307;Mico/Sagui/Soinho;1;
24481;2022-01-15T10:48:00;SP;Campinas;Coordenadas obtidas a partir do endereço;-1.0;19303;Mico/Sagui/Soinho;1;
24480;2022-01-14T15:16:06;PR;Curitiba;Obtido pelo GPS ou informado explicitamente;0.0;19302;Mico/Sagui/Soinho;1;
24477;2022-01-17T10:01:00;MG;Barbacena;Obtido pelo GPS ou informado explicitamente;0.0;19299;Mico/Sagui/Soinho;1;
24459;2021-12-11T15:00:00;RJ;Rio de Janeiro;Obtido pelo GPS ou informado explicitamente;1.44;19280;Mico/Sagui/Soinho;5;
24446;2022-01-15T08:08:09;MG;São João da Lagoa;Obtido pelo GPS ou informado explicitamente;20.5;19267;Mico/Sagui/Soinho;1;
24443;2022-01-14T07:00:00;MG;Joanésia;Obtido pelo GPS ou informado explicitamente;0.0;19264;Macaco/Guariba/Bugio/Prego/Guigó;1;Normal
24438;2022-01-11T10:30:00;PR;Marilena;Obtido pelo GPS ou informado explicitamente;16.957594;19259;Macaco/Guariba/Bugio/Prego/Guigó;1;
24433;2022-01-10T16:39:00;SC;Morro Grande;Obtido pelo GPS ou informado explicitamente;0.0;19254;Macaco/Guariba/Bugio/Prego/Guigó;2;
24409;2022-01-12T14:59:00;SC;São José do Cedro;Obtido pelo GPS ou informado explicitamente;3.79;19230;Macaco/Guariba/Bugio/Prego/Guigó;1;
24408;2022-01-12T11:30:00;SP;Águas da Prata;Obtido pelo GPS ou informado explicitamente;0.0;19229;Macaco/Guariba/Bugio/Prego/Guigó;1;
24407;2022-01-07T13:38:00;SC;Florianópolis;Coordenadas obtidas a partir do endereço;-1.0;19228;Mico/Sagui/Soinho;1;
24406;2021-12-21T13:35:00;SC;Florianópolis;Obtido pelo GPS ou informado explicitamente;0.0;19227;Mico/Sagui/Soinho;1;
24405;2021-12-16T15:32:00;SC;Florianópolis;Obtido pelo GPS ou informado explicitamente;0.0;19226;Mico/Sagui/Soinho;1;
24404;2021-12-16T13:29:00;SC;Florianópolis;Obtido pelo GPS ou informado explicitamente;0.0;19225;Mico/Sagui/Soinho;1;
24399;2022-01-11T09:18:00;PR;Curitiba;Obtido pelo GPS ou informado explicitamente;0.0;19219;Macaco/Guariba/Bugio/Prego/Guigó;1;
24395;2022-01-10T15:30:00;PR;São José dos Pinhais;Coordenadas obtidas a partir do endereço;;19215;Mico/Sagui/Soinho;1;
24387;2022-01-06T09:00:00;RN;Natal;Coordenadas obtidas a partir do endereço;-1.0;19207;Mico/Sagui/Soinho;2;
24387;2022-01-06T09:00:00;RN;Natal;Coordenadas obtidas a partir do endereço;-1.0;19206;Mico/Sagui/Soinho;2;
24387;2022-01-06T09:00:00;RN;Natal;Coordenadas obtidas a partir do endereço;-1.0;19205;Mico/Sagui/Soinho;2;
24385;2022-01-07T09:00:00;RS;Porto Alegre;Obtido pelo GPS ou informado explicitamente;0.0;19203;Macaco/Guariba/Bugio/Prego/Guigó;1;
24372;2022-01-06T11:14:26;RS;Viamão;Obtido pelo GPS ou informado explicitamente;8.666;19190;Macaco/Guariba/Bugio/Prego/Guigó;1;
24362;2021-07-05T12:00:00;MG;Belo Horizonte;Obtido pelo GPS ou informado explicitamente;0.0;19180;Mico/Sagui/Soinho;2;
24353;2022-01-04T15:13:04;RS;Sentinela do Sul;Obtido pelo GPS ou informado explicitamente;32.0;19171;Macaco/Guariba/Bugio/Prego/Guigó;1;
24351;2022-01-04T14:47:25;RS;Sentinela do Sul;Obtido pelo GPS ou informado explicitamente;4.0;19169;Macaco/Guariba/Bugio/Prego/Guigó;1;
24351;2022-01-04T14:47:25;RS;Sentinela do Sul;Obtido pelo GPS ou informado explicitamente;4.0;19168;Macaco/Guariba/Bugio/Prego/Guigó;1;
24346;2022-01-04T11:19:00;RJ;Teresópolis;Obtido pelo GPS ou informado explicitamente;9.91;19163;Mico/Sagui/Soinho;2;
24313;2022-01-01T11:08:00;MG;Várzea da Palma;Obtido pelo GPS ou informado explicitamente;0.0;19127;Mico/Sagui/Soinho;1;
24287;2021-11-24T10:28:00;RS;Santa Maria;Obtido pelo GPS ou informado explicitamente;27.111;19099;Macaco/Guariba/Bugio/Prego/Guigó;1;
24271;2021-12-11T11:23:00;SC;Painel;Obtido pelo GPS ou informado explicitamente;-1.0;19083;Macaco/Guariba/Bugio/Prego/Guigó;1;
24257;2021-12-26T15:55:00;MG;São Lourenço;Obtido pelo GPS ou informado explicitamente;28.755;19069;Mico/Sagui/Soinho;1;
24256;2021-12-26T15:45:20;MG;São Lourenço;Obtido pelo GPS ou informado explicitamente;28.755;19068;Macaco/Guariba/Bugio/Prego/Guigó;1;
24218;2021-12-07T13:38:00;PI;Altos;Obtido pelo GPS ou informado explicitamente;2799.999;19030;Macaco/Guariba/Bugio/Prego/Guigó;1;
24213;2021-12-22T10:55:00;MG;Araxá;Coordenadas obtidas a partir do endereço;-1.0;19025;Mico/Sagui/Soinho;1;
24167;2021-12-20T17:21:00;SC;São Miguel do Oeste;Obtido pelo GPS ou informado explicitamente;35.543;18977;Macaco/Guariba/Bugio/Prego/Guigó;1;
24166;2021-12-20T16:59:40;SP;Campinas;Obtido pelo GPS ou informado explicitamente;;18976;Mico/Sagui/Soinho;1;
24161;2021-12-20T14:41:21;RS;Eldorado do Sul;Obtido pelo GPS ou informado explicitamente;3.37;18971;Macaco/Guariba/Bugio/Prego/Guigó;1;
24152;2021-12-19T09:37:03;MG;Cataguases;Obtido pelo GPS ou informado explicitamente;1.86;18962;Mico/Sagui/Soinho;2;
24137;2021-12-17T16:20:00;MG;Montes Claros;Obtido pelo GPS ou informado explicitamente;0.0;18947;Mico/Sagui/Soinho;1;
24122;2021-12-17T08:56:00;PR;São Mateus do Sul;Obtido pelo GPS ou informado explicitamente;10.0;18932;Macaco/Guariba/Bugio/Prego/Guigó;1;Normal
24070;2021-12-15T17:21:35;MG;Marilac;Obtido pelo GPS ou informado explicitamente;165.0;18873;Mico/Sagui/Soinho;5;Normal
24069;2021-12-15T15:30:00;PR;São Mateus do Sul;Obtido pelo GPS ou informado explicitamente;4.0;18872;Macaco/Guariba/Bugio/Prego/Guigó;1;
24068;2021-12-14T15:16:00;RS;Itacurubi;Obtido pelo GPS ou informado explicitamente;30.906;18871;Macaco/Guariba/Bugio/Prego/Guigó;1;
24062;2021-12-15T15:05:00;RN;Parnamirim;Obtido pelo GPS ou informado explicitamente;13.024709;18864;Mico/Sagui/Soinho;2;
24049;2021-12-15T09:00:00;PR;São José dos Pinhais;Coordenadas obtidas a partir do endereço;-1.0;18850;Mico/Sagui/Soinho;1;
23970;2021-12-08T18:04:00;RS;Passo do Sobrado;Obtido pelo GPS ou informado explicitamente;0.0;18762;Macaco/Guariba/Bugio/Prego/Guigó;1;
23951;2021-12-12T11:57:00;SP;Águas da Prata;Obtido pelo GPS ou informado explicitamente;9.5;18743;Macaco/Guariba/Bugio/Prego/Guigó;5;
23941;2021-12-11T13:18:53;SC;Chapadão do Lageado;Obtido pelo GPS ou informado explicitamente;3.216;18733;Macaco/Guariba/Bugio/Prego/Guigó;1;
23940;2021-12-11T12:48:13;GO;Santo Antônio do Descoberto;Obtido pelo GPS ou informado explicitamente;15.02;18732;Mico/Sagui/Soinho;6;Normal
23889;2021-12-10T10:02:44;MG;São João da Lagoa;Obtido pelo GPS ou informado explicitamente;4.833;18680;Mico/Sagui/Soinho;1;
23881;2021-12-10T08:02:35;MG;Unaí;Obtido pelo GPS ou informado explicitamente;1.58;18671;Mico/Sagui/Soinho;2;
23857;2021-12-03T15:53:42;MG;Montes Claros;Obtido pelo GPS ou informado explicitamente;10.02;18643;Macaco/Guariba/Bugio/Prego/Guigó;1;
23818;2021-12-07T13:52:00;PR;Terra Roxa;Obtido pelo GPS ou informado explicitamente;4.182;18604;Macaco/Guariba/Bugio/Prego/Guigó;1;
23776;2021-12-07T08:19:00;MG;Luislândia;Coordenadas obtidas a partir do endereço;-1.0;18560;Mico/Sagui/Soinho;2;
23775;2021-11-05T14:28:00;MG;Luislândia;Obtido pelo GPS ou informado explicitamente;14.073;18559;Mico/Sagui/Soinho;9;
23772;2021-12-03T10:58:21;MG;Montes Claros;Obtido pelo GPS ou informado explicitamente;2.26;18555;Mico/Sagui/Soinho;1;
23766;2021-12-03T09:00:00;MG;Montes Claros;Obtido pelo GPS ou informado explicitamente;0.0;18549;Mico/Sagui/Soinho;1;
23755;2021-12-06T08:30:00;MG;Juiz de Fora;Obtido pelo GPS ou informado explicitamente;17.043;18537;Macaco/Guariba/Bugio/Prego/Guigó;1;
23738;2021-12-04T16:26:58;RN;São José de Mipibu;Obtido pelo GPS ou informado explicitamente;2.0;18520;Mico/Sagui/Soinho;1;
23724;2021-12-03T10:21:00;PE;Cabo de Santo Agostinho;Obtido pelo GPS ou informado explicitamente;4.0;18506;Mico/Sagui/Soinho;8;
23723;2021-11-30T09:42:00;RS;Arroio dos Ratos;Coordenadas obtidas a partir do endereço;-1.0;18505;Macaco/Guariba/Bugio/Prego/Guigó;1;
23719;2021-11-08T11:51:00;MG;Urucuia;Obtido pelo GPS ou informado explicitamente;0.0;18501;Macaco/Guariba/Bugio/Prego/Guigó;1;
23713;2021-12-01T10:31:00;RS;Arroio dos Ratos;Obtido pelo GPS ou informado explicitamente;3.9;18495;Macaco/Guariba/Bugio/Prego/Guigó;1;
23709;2021-12-01T15:00:04;MG;São João da Lagoa;Obtido pelo GPS ou informado explicitamente;6.4;18491;Mico/Sagui/Soinho;1;
23689;2021-11-30T13:37:52;MG;São João da Lagoa;Obtido pelo GPS ou informado explicitamente;11.1;18471;Mico/Sagui/Soinho;1;
23684;2021-11-30T14:19:00;MG;Três Pontas;Obtido pelo GPS ou informado explicitamente;3.216;18466;Mico/Sagui/Soinho;4;
23667;2021-11-30T10:00:00;GO;Goiânia;Obtido pelo GPS ou informado explicitamente;0.0;18449;Macaco/Guariba/Bugio/Prego/Guigó;1;
23665;2021-09-26T13:03:00;GO;Goiânia;Obtido pelo GPS ou informado explicitamente;0.0;18447;Mico/Sagui/Soinho;1;
23664;2021-11-30T10:37:00;PR;General Carneiro;Coordenadas obtidas a partir do endereço;-1.0;18446;Macaco/Guariba/Bugio/Prego/Guigó;1;
23661;2021-11-29T08:31:00;RS;Igrejinha;Obtido pelo GPS ou informado explicitamente;15.099;18443;Macaco/Guariba/Bugio/Prego/Guigó;1;
23659;2021-11-30T10:30:56;RN;Parnamirim;Obtido pelo GPS ou informado explicitamente;15.161194;18441;Mico/Sagui/Soinho;1;
23657;2021-11-28T07:00:00;RS;Igrejinha;Obtido pelo GPS ou informado explicitamente;3.79;18439;Macaco/Guariba/Bugio/Prego/Guigó;1;
23648;2021-11-26T15:18:00;RS;Porto Alegre;Obtido pelo GPS ou informado explicitamente;0.0;18430;Macaco/Guariba/Bugio/Prego/Guigó;1;
23633;2021-11-26T16:45:00;BA;Camaçari;Obtido pelo GPS ou informado explicitamente;4.109;18414;Mico/Sagui/Soinho;1;
23633;2021-11-26T16:45:00;BA;Camaçari;Obtido pelo GPS ou informado explicitamente;4.109;18413;Mico/Sagui/Soinho;1;
23629;2021-09-20T09:10:00;RJ;Teresópolis;Obtido pelo GPS ou informado explicitamente;0.0;18409;Macaco/Guariba/Bugio/Prego/Guigó;4;
23621;2021-11-26T16:14:00;PR;Maringá;Obtido pelo GPS ou informado explicitamente;49.178;18401;Mico/Sagui/Soinho;1;
23602;2021-11-25T16:45:00;MG;Montes Claros;Obtido pelo GPS ou informado explicitamente;0.0;18379;Mico/Sagui/Soinho;1;
23556;2021-11-25T10:02:00;MG;São João da Lagoa;Obtido pelo GPS ou informado explicitamente;11.5;18324;Mico/Sagui/Soinho;1;
23544;2021-11-24T16:30:00;GO;Goiânia;Obtido pelo GPS ou informado explicitamente;0.0;18312;Macaco/Guariba/Bugio/Prego/Guigó;1;
23515;2021-11-24T11:19:00;MG;Nova Era;Obtido pelo GPS ou informado explicitamente;7.08;18278;Macaco/Guariba/Bugio/Prego/Guigó;2;
23487;2021-11-18T13:00:20;MG;Uberaba;Coordenadas obtidas a partir do endereço;;18249;Mico/Sagui/Soinho;1;
23486;2021-11-22T14:53:00;RS;Chuvisca;Obtido pelo GPS ou informado explicitamente;9.0;18248;Macaco/Guariba/Bugio/Prego/Guigó;1;
23481;2021-11-22T11:35:22;SP;Campinas;Obtido pelo GPS ou informado explicitamente;12.691;18243;Mico/Sagui/Soinho;1;
23478;2021-11-19T09:13:12;RS;Camaquã;Obtido pelo GPS ou informado explicitamente;1.75;18240;Macaco/Guariba/Bugio/Prego/Guigó;1;
23475;2021-11-18T10:30:00;RJ;Petrópolis;Obtido pelo GPS ou informado explicitamente;0.0;18237;Mico/Sagui/Soinho;5;
23465;2021-11-20T13:02:20;SP;Campinas;Obtido pelo GPS ou informado explicitamente;28.646;18227;Macaco/Guariba/Bugio/Prego/Guigó;1;
23460;2021-11-20T09:10:00;SP;Campinas;Obtido pelo GPS ou informado explicitamente;0.0;18222;Macaco/Guariba/Bugio/Prego/Guigó;1;
23330;2021-11-13T08:26:00;SP;Campinas;Obtido pelo GPS ou informado explicitamente;24.0;18070;Mico/Sagui/Soinho;4;Normal
23327;2021-11-16T17:19:00;RS;Restinga Seca;Obtido pelo GPS ou informado explicitamente;12.642;18067;Macaco/Guariba/Bugio/Prego/Guigó;1;
23326;2021-11-12T17:01:00;RS;Restinga Seca;Obtido pelo GPS ou informado explicitamente;19.361;18066;Macaco/Guariba/Bugio/Prego/Guigó;1;
23323;2021-11-12T14:13:00;RS;São Vicente do Sul;Obtido pelo GPS ou informado explicitamente;39.565;18063;Macaco/Guariba/Bugio/Prego/Guigó;1;
23301;2021-11-16T08:18:00;SC;Schroeder;Obtido pelo GPS ou informado explicitamente;3.216;18040;Macaco/Guariba/Bugio/Prego/Guigó;1;
23272;2021-11-12T21:26:00;SP;Campinas;Coordenadas obtidas a partir do endereço;-1.0;18011;Macaco/Guariba/Bugio/Prego/Guigó;1;
23271;2021-11-12T18:15:00;SP;Campinas;Obtido pelo GPS ou informado explicitamente;0.0;18010;Macaco/Guariba/Bugio/Prego/Guigó;1;
23265;2021-11-09T15:24:00;RS;Restinga Seca;Obtido pelo GPS ou informado explicitamente;10.313;18004;Macaco/Guariba/Bugio/Prego/Guigó;1;
23259;2021-11-12T14:26:22;SP;Campinas;Obtido pelo GPS ou informado explicitamente;10.0;17998;Mico/Sagui/Soinho;1;
23255;2021-11-12T14:12:56;SP;Campinas;Obtido pelo GPS ou informado explicitamente;5.36;17994;Macaco/Guariba/Bugio/Prego/Guigó;2;
23255;2021-11-12T14:12:56;SP;Campinas;Obtido pelo GPS ou informado explicitamente;5.36;17993;Macaco/Guariba/Bugio/Prego/Guigó;2;
23131;2021-11-10T10:00:00;MG;Juiz de Fora;Coordenadas obtidas a partir do endereço;;17853;Mico/Sagui/Soinho;1;
23111;2021-11-10T15:30:00;RJ;Rio de Janeiro;Obtido pelo GPS ou informado explicitamente;0.0;17833;Mico/Sagui/Soinho;4;
22960;2021-11-09T16:03:47;SP;Ribeirão Preto;Obtido pelo GPS ou informado explicitamente;3.7900925;17651;Mico/Sagui/Soinho;5;Normal
22950;2021-11-07T12:00:00;RO;Porto Velho;Obtido pelo GPS ou informado explicitamente;0.0;17641;Macaco/Guariba/Bugio/Prego/Guigó;3;Normal
22949;2021-10-25T15:15:49;MG;Joaquim Felício;Obtido pelo GPS ou informado explicitamente;48.9;17640;Mico/Sagui/Soinho;1;
22944;2021-11-08T13:43:00;MG;Ubaí;Obtido pelo GPS ou informado explicitamente;67.733;17635;Mico/Sagui/Soinho;1;
22942;2021-11-08T10:28:00;GO;Goiânia;Obtido pelo GPS ou informado explicitamente;13.65;17633;Macaco/Guariba/Bugio/Prego/Guigó;1;
22925;2019-11-06T22:42:00;PR;São José dos Pinhais;Coordenadas obtidas a partir do endereço;-1.0;17616;Macaco/Guariba/Bugio/Prego/Guigó;2;Normal
22918;2021-11-05T21:53:00;MG;Lassance;Obtido pelo GPS ou informado explicitamente;8.0255995;17609;Mico/Sagui/Soinho;1;
22918;2021-11-05T21:53:00;MG;Lassance;Obtido pelo GPS ou informado explicitamente;8.0255995;17608;Mico/Sagui/Soinho;1;
22914;2021-11-04T11:44:00;RS;Agudo;Obtido pelo GPS ou informado explicitamente;33.302;17604;Macaco/Guariba/Bugio/Prego/Guigó;1;
22895;2021-11-03T08:54:00;RS;São Francisco de Assis;Obtido pelo GPS ou informado explicitamente;37.459;17584;Macaco/Guariba/Bugio/Prego/Guigó;1;
22865;2021-11-03T11:29:53;PR;Assis Chateaubriand;Obtido pelo GPS ou informado explicitamente;4.57;17547;Macaco/Guariba/Bugio/Prego/Guigó;1;
22862;2021-11-03T09:22:00;RS;Rolante;Obtido pelo GPS ou informado explicitamente;4.9;17544;Macaco/Guariba/Bugio/Prego/Guigó;1;
22861;2021-10-20T11:00:00;RS;Rolante;Obtido pelo GPS ou informado explicitamente;52.4;17543;Macaco/Guariba/Bugio/Prego/Guigó;1;
22853;2021-10-30T11:45:00;SC;Videira;Obtido pelo GPS ou informado explicitamente;-1.0;17535;Macaco/Guariba/Bugio/Prego/Guigó;1;Normal
22849;2021-10-30T13:33:55;PR;Curitiba;Obtido pelo GPS ou informado explicitamente;65.0;17531;Mico/Sagui/Soinho;1;
22844;2021-10-29T17:31:00;MG;Brasília de Minas;Coordenadas obtidas a partir do endereço;-1.0;17526;Macaco/Guariba/Bugio/Prego/Guigó;1;
22842;2021-10-29T15:13:20;RS;Passo do Sobrado;Obtido pelo GPS ou informado explicitamente;6.477;17524;Macaco/Guariba/Bugio/Prego/Guigó;1;
22824;2021-10-28T10:07:00;MG;Juiz de Fora;Coordenadas obtidas a partir do endereço;;17504;Mico/Sagui/Soinho;1;
22806;2021-10-28T08:44:14;SC;Formosa do Sul;Obtido pelo GPS ou informado explicitamente;3.79;17485;Macaco/Guariba/Bugio/Prego/Guigó;1;
22800;2021-10-21T15:02:00;SC;Florianópolis;Obtido pelo GPS ou informado explicitamente;-1.0;17479;Mico/Sagui/Soinho;1;
22799;2021-10-19T14:59:00;SC;Florianópolis;Obtido pelo GPS ou informado explicitamente;-1.0;17478;Mico/Sagui/Soinho;1;
22798;2021-10-18T14:55:00;SC;Florianópolis;Obtido pelo GPS ou informado explicitamente;-1.0;17477;Mico/Sagui/Soinho;1;
22796;2021-10-26T09:53:42;TO;Barra do Ouro;Obtido pelo GPS ou informado explicitamente;3.9;17475;Macaco/Guariba/Bugio/Prego/Guigó;1;
22794;2021-10-26T09:53:42;TO;Barra do Ouro;Obtido pelo GPS ou informado explicitamente;3.9;17473;Macaco/Guariba/Bugio/Prego/Guigó;1;
22785;2021-10-27T11:32:00;RJ;Angra dos Reis;Obtido pelo GPS ou informado explicitamente;0.0;17462;Macaco/Guariba/Bugio/Prego/Guigó;1;Normal
22778;2021-10-27T11:15:00;RJ;Angra dos Reis;Obtido pelo GPS ou informado explicitamente;10.0;17455;Macaco/Guariba/Bugio/Prego/Guigó;1;
22753;2021-10-27T10:36:03;RJ;Rio de Janeiro;Coordenadas obtidas a partir do endereço;;17429;Mico/Sagui/Soinho;2;
22749;2021-10-26T16:42:00;PI;Teresina;Obtido pelo GPS ou informado explicitamente;0.0;17425;Macaco/Guariba/Bugio/Prego/Guigó;1;
22747;2021-10-17T14:35:00;SC;Florianópolis;Obtido pelo GPS ou informado explicitamente;0.0;17423;Mico/Sagui/Soinho;3;
22746;2021-09-29T14:31:00;SC;Florianópolis;Obtido pelo GPS ou informado explicitamente;-1.0;17422;Macaco/Guariba/Bugio/Prego/Guigó;1;
22744;2021-09-24T14:18:00;SC;Florianópolis;Obtido pelo GPS ou informado explicitamente;-1.0;17420;Mico/Sagui/Soinho;1;
22736;2021-10-25T14:20:00;RS;Chuvisca;Obtido pelo GPS ou informado explicitamente;0.0;17412;Macaco/Guariba/Bugio/Prego/Guigó;1;
22727;2021-10-25T10:30:00;RS;São Borja;Obtido pelo GPS ou informado explicitamente;66.97;17403;Macaco/Guariba/Bugio/Prego/Guigó;1;
22726;2021-08-04T14:11:35;RS;São Borja;Obtido pelo GPS ou informado explicitamente;65.0;17402;Macaco/Guariba/Bugio/Prego/Guigó;1;
22724;2021-10-24T10:50:42;MG;Brasília de Minas;Obtido pelo GPS ou informado explicitamente;28.1;17400;Macaco/Guariba/Bugio/Prego/Guigó;1;
22723;2021-10-01T11:22:00;MG;Icaraí de Minas;Obtido pelo GPS ou informado explicitamente;4.143;17399;Macaco/Guariba/Bugio/Prego/Guigó;1;Normal
22721;2021-10-18T14:53:00;RS;Entre-Ijuís;Obtido pelo GPS ou informado explicitamente;4.57;17397;Macaco/Guariba/Bugio/Prego/Guigó;1;
22707;2021-10-24T11:10:00;MG;Brasilândia de Minas;Obtido pelo GPS ou informado explicitamente;18.1;17382;Macaco/Guariba/Bugio/Prego/Guigó;3;Normal
22706;2021-10-23T10:46:00;MG;Brasília de Minas;Obtido pelo GPS ou informado explicitamente;23.354;17381;Macaco/Guariba/Bugio/Prego/Guigó;1;
22700;2021-10-23T18:10:00;MG;Ubaí;Obtido pelo GPS ou informado explicitamente;3.216;17375;Mico/Sagui/Soinho;1;
22628;2021-10-22T09:21:00;MG;Unaí;Obtido pelo GPS ou informado explicitamente;3.216;17295;Mico/Sagui/Soinho;1;
22610;2021-10-21T11:00:00;PE;Goiana;Coordenadas obtidas a partir do endereço;-1.0;17275;Mico/Sagui/Soinho;1;
22580;2021-10-17T14:28:00;PR;Pinhais;Obtido pelo GPS ou informado explicitamente;0.0;17242;Macaco/Guariba/Bugio/Prego/Guigó;1;Normal
22578;2021-10-21T12:39:00;RS;São Jerônimo;Obtido pelo GPS ou informado explicitamente;1.75;17240;Macaco/Guariba/Bugio/Prego/Guigó;1;
22577;2021-10-13T11:57:00;PE;Goiana;Obtido pelo GPS ou informado explicitamente;3.9;17239;Mico/Sagui/Soinho;1;
22576;2021-10-21T12:02:37;PE;Goiana;Obtido pelo GPS ou informado explicitamente;11.33;17238;Mico/Sagui/Soinho;1;Normal
22562;2021-10-17T08:00:00;MG;Brasília de Minas;Obtido pelo GPS ou informado explicitamente;-1.0;17222;Macaco/Guariba/Bugio/Prego/Guigó;1;
22561;2021-10-13T17:50:00;MG;Brasília de Minas;Obtido pelo GPS ou informado explicitamente;-1.0;17221;Macaco/Guariba/Bugio/Prego/Guigó;1;
22560;2021-10-05T17:16:00;MG;Brasília de Minas;Obtido pelo GPS ou informado explicitamente;-1.0;17220;Macaco/Guariba/Bugio/Prego/Guigó;1;
22558;2021-10-20T17:15:17;PI;Altos;Obtido pelo GPS ou informado explicitamente;3937.0;17218;Macaco/Guariba/Bugio/Prego/Guigó;1;
22557;2021-10-20T17:11:51;PI;Altos;Obtido pelo GPS ou informado explicitamente;64.0;17217;Macaco/Guariba/Bugio/Prego/Guigó;1;
22489;2021-10-20T14:41:23;SP;Campinas;Obtido pelo GPS ou informado explicitamente;4.551;17133;Mico/Sagui/Soinho;1;
22476;2021-08-23T12:14:48;SC;São Francisco do Sul;Obtido pelo GPS ou informado explicitamente;;17117;Macaco/Guariba/Bugio/Prego/Guigó;1;
22475;2021-10-20T12:08:06;SC;São Francisco do Sul;Obtido pelo GPS ou informado explicitamente;;17116;Macaco/Guariba/Bugio/Prego/Guigó;1;
22452;2021-07-25T15:20:00;RN;Baía Formosa;Obtido pelo GPS ou informado explicitamente;0.0;17091;Macaco/Guariba/Bugio/Prego/Guigó;1;
22451;2021-07-25T15:30:00;RN;Baía Formosa;Obtido pelo GPS ou informado explicitamente;0.0;17090;Macaco/Guariba/Bugio/Prego/Guigó;1;
22448;2021-10-19T17:00:00;RS;Vespasiano Corrêa;Obtido pelo GPS ou informado explicitamente;11.794;17087;Macaco/Guariba/Bugio/Prego/Guigó;1;
22447;2021-10-04T10:31:00;SC;Pomerode;Obtido pelo GPS ou informado explicitamente;5.3;17086;Macaco/Guariba/Bugio/Prego/Guigó;1;Normal
22377;2021-10-19T10:30:00;MG;Juiz de Fora;Coordenadas obtidas a partir do endereço;;17006;Mico/Sagui/Soinho;1;
22369;2021-10-19T10:00:00;MG;Juiz de Fora;Coordenadas obtidas a partir do endereço;;16998;Mico/Sagui/Soinho;1;
22367;2021-10-13T11:25:00;MG;Juiz de Fora;Coordenadas obtidas a partir do endereço;;16996;Mico/Sagui/Soinho;1;
22348;2021-09-09T16:44:00;SC;Bom Retiro;Obtido pelo GPS ou informado explicitamente;-1.0;16974;Macaco/Guariba/Bugio/Prego/Guigó;1;
22343;2021-10-18T13:52:00;MG;São João da Lagoa;Obtido pelo GPS ou informado explicitamente;47.0;16969;Mico/Sagui/Soinho;1;
22335;2021-10-15T16:21:45;PI;Altos;Obtido pelo GPS ou informado explicitamente;81.67;16961;Mico/Sagui/Soinho;1;Normal
22334;2021-10-16T20:00:00;SC;São Lourenço do Oeste;Obtido pelo GPS ou informado explicitamente;0.0;16960;Macaco/Guariba/Bugio/Prego/Guigó;1;Normal
22332;2021-10-15T16:21:47;PI;Altos;Obtido pelo GPS ou informado explicitamente;10.0;16958;Mico/Sagui/Soinho;1;Normal
22329;2021-09-21T16:59:00;PI;Altos;Obtido pelo GPS ou informado explicitamente;60.0;16955;Macaco/Guariba/Bugio/Prego/Guigó;1;Normal
22287;2021-07-20T15:26:00;SC;São Cristóvão do Sul;Obtido pelo GPS ou informado explicitamente;-1.0;16905;Macaco/Guariba/Bugio/Prego/Guigó;1;Normal
22257;2021-10-07T15:45:00;PR;Alto Piquiri;Obtido pelo GPS ou informado explicitamente;3.79;16871;Macaco/Guariba/Bugio/Prego/Guigó;1;
22251;2021-10-13T09:18:00;RS;Venâncio Aires;Obtido pelo GPS ou informado explicitamente;2.4;16864;Macaco/Guariba/Bugio/Prego/Guigó;1;
22235;2021-10-11T13:27:00;DF;Brasília;Obtido pelo GPS ou informado explicitamente;6.0;16847;Mico/Sagui/Soinho;2;Normal
22224;2021-10-10T11:07:33;SC;Palma Sola;Obtido pelo GPS ou informado explicitamente;16.0;16836;Macaco/Guariba/Bugio/Prego/Guigó;1;
22221;2021-10-09T08:14:00;RJ;Rio de Janeiro;Obtido pelo GPS ou informado explicitamente;0.0;16833;Mico/Sagui/Soinho;3;Normal
22216;2021-10-09T12:07:00;MG;Ubaí;Obtido pelo GPS ou informado explicitamente;51.859;16828;Mico/Sagui/Soinho;1;
22209;2021-10-08T13:36:00;MG;Unaí;Obtido pelo GPS ou informado explicitamente;0.0;16821;Mico/Sagui/Soinho;1;
22206;2021-10-08T09:37:27;PR;Maringá;Obtido pelo GPS ou informado explicitamente;3.75;16818;Macaco/Guariba/Bugio/Prego/Guigó;1;
22197;2021-10-03T17:15:00;PI;Coronel José Dias;Obtido pelo GPS ou informado explicitamente;0.0;16809;Macaco/Guariba/Bugio/Prego/Guigó;1;Normal
22196;2021-09-27T15:09:00;GO;Senador Canedo;Coordenadas obtidas a partir do endereço;-1.0;16808;Mico/Sagui/Soinho;1;
22194;2021-10-06T13:00:00;RS;Santo Antônio das Missões;Obtido pelo GPS ou informado explicitamente;5.2;16806;Macaco/Guariba/Bugio/Prego/Guigó;1;
22193;2021-10-07T10:10:00;GO;Goiânia;Obtido pelo GPS ou informado explicitamente;0.0;16805;Macaco/Guariba/Bugio/Prego/Guigó;1;
22191;2021-02-18T16:57:26;PR;Carlópolis;Coordenadas obtidas a partir do endereço;;16803;Macaco/Guariba/Bugio/Prego/Guigó;1;
22190;2020-11-19T16:55:18;PR;Honório Serpa;Coordenadas obtidas a partir do endereço;;16802;Macaco/Guariba/Bugio/Prego/Guigó;1;
22189;2020-11-19T16:52:58;PR;Honório Serpa;Coordenadas obtidas a partir do endereço;;16801;Macaco/Guariba/Bugio/Prego/Guigó;1;
22188;2020-11-19T16:50:06;PR;Honório Serpa;Coordenadas obtidas a partir do endereço;;16800;Macaco/Guariba/Bugio/Prego/Guigó;1;
22187;2020-11-19T16:46:59;PR;Honório Serpa;Coordenadas obtidas a partir do endereço;;16799;Macaco/Guariba/Bugio/Prego/Guigó;1;
22186;2020-11-16T16:42:48;PR;Mangueirinha;Obtido pelo GPS ou informado explicitamente;;16798;Macaco/Guariba/Bugio/Prego/Guigó;1;
22185;2020-11-05T16:34:10;PR;Mangueirinha;Obtido pelo GPS ou informado explicitamente;;16797;Macaco/Guariba/Bugio/Prego/Guigó;1;
22184;2020-11-05T16:29:18;PR;Mangueirinha;Coordenadas obtidas a partir do endereço;;16796;Macaco/Guariba/Bugio/Prego/Guigó;1;
22183;2020-07-30T00:00:00;PR;Maringá;Obtido pelo GPS ou informado explicitamente;;16795;Macaco/Guariba/Bugio/Prego/Guigó;1;
22179;2021-10-03T11:51:00;RJ;Teresópolis;Coordenadas obtidas a partir do endereço;15.26;16791;Mico/Sagui/Soinho;1;
22177;2021-10-05T10:17:30;DF;Brasília;Obtido pelo GPS ou informado explicitamente;0.0;16789;Mico/Sagui/Soinho;1;
22164;2021-10-04T10:51:16;MG;São Francisco;Obtido pelo GPS ou informado explicitamente;1.9;16776;Mico/Sagui/Soinho;1;
22163;2021-10-04T10:51:16;MG;São Francisco;Obtido pelo GPS ou informado explicitamente;1.9;16775;Mico/Sagui/Soinho;1;
22160;2021-10-02T16:35:00;PI;Altos;Obtido pelo GPS ou informado explicitamente;72.9;16772;Macaco/Guariba/Bugio/Prego/Guigó;2;Normal
22151;2021-10-03T17:32:16;RS;Jaguari;Obtido pelo GPS ou informado explicitamente;17.65;16762;Macaco/Guariba/Bugio/Prego/Guigó;1;
22150;2021-10-03T17:02:10;RS;Cerro Grande do Sul;Obtido pelo GPS ou informado explicitamente;16.0;16761;Macaco/Guariba/Bugio/Prego/Guigó;1;
22146;2021-10-03T13:23:58;RJ;Magé;Obtido pelo GPS ou informado explicitamente;;16757;Mico/Sagui/Soinho;6;Normal
22139;2021-10-02T14:19:00;RJ;Teresópolis;Obtido pelo GPS ou informado explicitamente;18.144;16750;Mico/Sagui/Soinho;3;Normal
22136;2021-10-01T15:13:00;SP;Campinas;Obtido pelo GPS ou informado explicitamente;29.541;16747;Mico/Sagui/Soinho;1;
22132;2021-09-30T15:08:00;MG;Ubaí;Obtido pelo GPS ou informado explicitamente;11.792;16743;Macaco/Guariba/Bugio/Prego/Guigó;1;
22131;2021-09-29T15:35:00;MG;Ubaí;Obtido pelo GPS ou informado explicitamente;10.72;16742;Macaco/Guariba/Bugio/Prego/Guigó;1;
21969;2021-09-29T07:44:00;GO;Goiânia;Obtido pelo GPS ou informado explicitamente;0.0;16739;Mico/Sagui/Soinho;1;
21962;2021-09-30T11:07:00;RS;Cerro Grande do Sul;Obtido pelo GPS ou informado explicitamente;4.0;16732;Macaco/Guariba/Bugio/Prego/Guigó;1;
21959;2021-09-29T17:20:12;MG;São Francisco;Obtido pelo GPS ou informado explicitamente;64.1;16729;Mico/Sagui/Soinho;1;Normal
21958;2021-09-28T16:35:36;MG;Coração de Jesus;Obtido pelo GPS ou informado explicitamente;98.4;16728;Mico/Sagui/Soinho;3;Normal
21956;2021-09-30T08:33:16;MG;Coração de Jesus;Obtido pelo GPS ou informado explicitamente;1.466;16726;Mico/Sagui/Soinho;1;
21954;2021-09-29T11:09:00;MG;Ubaí;Obtido pelo GPS ou informado explicitamente;12.387;16724;Mico/Sagui/Soinho;4;Normal
21939;2021-09-16T09:57:00;GO;Goiânia;Obtido pelo GPS ou informado explicitamente;9.345;16709;Macaco/Guariba/Bugio/Prego/Guigó;1;Normal
21937;2021-09-29T16:19:14;MG;Ubaí;Obtido pelo GPS ou informado explicitamente;3.9;16707;Macaco/Guariba/Bugio/Prego/Guigó;2;
21916;2021-09-29T09:36:00;MG;Ubaí;Obtido pelo GPS ou informado explicitamente;9.648;16684;Macaco/Guariba/Bugio/Prego/Guigó;1;
21913;2021-09-29T11:21:00;RS;Mariana Pimentel;Obtido pelo GPS ou informado explicitamente;48.9;16681;Macaco/Guariba/Bugio/Prego/Guigó;1;Normal
21911;2021-09-29T10:21:00;PR;Maringá;Obtido pelo GPS ou informado explicitamente;15.5;16679;Macaco/Guariba/Bugio/Prego/Guigó;1;
21905;2021-09-28T09:26:00;MG;São José da Lapa;Coordenadas obtidas a partir do endereço;-1.0;16673;Macaco/Guariba/Bugio/Prego/Guigó;1;Normal
21898;2021-09-28T10:46:00;GO;Alto Paraíso de Goiás;Obtido pelo GPS ou informado explicitamente;9.43;16664;Mico/Sagui/Soinho;1;Normal
21895;2021-09-28T10:53:00;MG;Ubaí;Obtido pelo GPS ou informado explicitamente;7.504;16661;Macaco/Guariba/Bugio/Prego/Guigó;1;
21894;2021-09-28T10:53:00;MG;Ubaí;Obtido pelo GPS ou informado explicitamente;7.504;16660;Macaco/Guariba/Bugio/Prego/Guigó;1;
21888;2021-09-24T11:27:00;RJ;Cachoeiras de Macacu;Obtido pelo GPS ou informado explicitamente;0.0;16654;Macaco/Guariba/Bugio/Prego/Guigó;2;Normal
21887;2021-09-27T08:45:13;MG;Ubaí;Obtido pelo GPS ou informado explicitamente;13.384;16653;Macaco/Guariba/Bugio/Prego/Guigó;1;
21886;2021-09-27T09:50:00;PI;Altos;Obtido pelo GPS ou informado explicitamente;98.4;16652;Mico/Sagui/Soinho;2;Normal
21879;2021-09-27T11:58:00;MG;Ubaí;Obtido pelo GPS ou informado explicitamente;6.432;16645;Macaco/Guariba/Bugio/Prego/Guigó;2;
21876;2021-09-24T15:45:00;SC;Cordilheira Alta;Obtido pelo GPS ou informado explicitamente;0.0;16642;Macaco/Guariba/Bugio/Prego/Guigó;1;
21875;2021-09-27T09:30:00;GO;Goiânia;Obtido pelo GPS ou informado explicitamente;0.0;16641;Mico/Sagui/Soinho;3;
21874;2021-09-27T10:00:00;GO;Goiânia;Obtido pelo GPS ou informado explicitamente;0.0;16640;Mico/Sagui/Soinho;1;
21873;2021-09-26T15:00:00;GO;Goiânia;Obtido pelo GPS ou informado explicitamente;0.0;16639;Mico/Sagui/Soinho;1;
21872;2021-09-26T15:00:00;GO;Goiânia;Obtido pelo GPS ou informado explicitamente;0.0;16638;Mico/Sagui/Soinho;1;
21868;2021-09-27T09:00:00;MG;Ubaí;Obtido pelo GPS ou informado explicitamente;13.05;16633;Mico/Sagui/Soinho;2;
21867;2021-09-27T07:02:00;MG;Ubaí;Obtido pelo GPS ou informado explicitamente;13.661;16632;Mico/Sagui/Soinho;1;Normal
21866;2021-09-26T08:05:00;PI;Altos;Obtido pelo GPS ou informado explicitamente;98.4;16631;Macaco/Guariba/Bugio/Prego/Guigó;1;Normal
21856;2021-09-25T11:43:23;MG;Jequitaí;Obtido pelo GPS ou informado explicitamente;7.8;16621;Mico/Sagui/Soinho;1;Normal
21855;2021-09-25T11:40:43;MG;Jequitaí;Obtido pelo GPS ou informado explicitamente;7.8;16620;Mico/Sagui/Soinho;1;
21854;2021-09-25T11:37:45;MG;Jequitaí;Obtido pelo GPS ou informado explicitamente;7.8;16619;Mico/Sagui/Soinho;1;
21853;2021-09-25T11:33:00;MG;Jequitaí;Obtido pelo GPS ou informado explicitamente;7.8;16618;Mico/Sagui/Soinho;1;
21852;2021-09-24T15:56:37;MG;Brasília de Minas;Obtido pelo GPS ou informado explicitamente;8.7;16617;Mico/Sagui/Soinho;4;Normal
21851;2021-09-24T12:12:52;MG;Mirabela;Obtido pelo GPS ou informado explicitamente;92.9;16616;Macaco/Guariba/Bugio/Prego/Guigó;1;
21850;2021-09-24T12:08:00;MG;Mirabela;Obtido pelo GPS ou informado explicitamente;92.9;16615;Macaco/Guariba/Bugio/Prego/Guigó;1;
21849;2021-09-24T12:03:49;MG;Mirabela;Obtido pelo GPS ou informado explicitamente;92.9;16614;Macaco/Guariba/Bugio/Prego/Guigó;1;
21848;2021-09-25T11:48:57;MG;Jequitaí;Obtido pelo GPS ou informado explicitamente;7.8;16613;Mico/Sagui/Soinho;1;
21847;2021-09-25T11:46:10;MG;Jequitaí;Obtido pelo GPS ou informado explicitamente;7.8;16612;Mico/Sagui/Soinho;1;
21846;2021-09-24T10:08:59;MG;Brasília de Minas;Obtido pelo GPS ou informado explicitamente;10.6;16611;Macaco/Guariba/Bugio/Prego/Guigó;1;
21843;2021-09-25T11:52:00;SP;Nazaré Paulista;Obtido pelo GPS ou informado explicitamente;65.0;16608;Mico/Sagui/Soinho;5;Normal
21841;2021-09-24T17:03:00;MG;Ubaí;Obtido pelo GPS ou informado explicitamente;6.432;16606;Macaco/Guariba/Bugio/Prego/Guigó;1;
21840;2021-09-24T18:45:00;PI;Altos;Obtido pelo GPS ou informado explicitamente;72.9;16605;Macaco/Guariba/Bugio/Prego/Guigó;2;Normal
22129;2021-09-16T15:44:59;SP;Campinas;Coordenadas obtidas a partir do endereço;;16599;Mico/Sagui/Soinho;1;
21827;2021-09-24T11:00:00;MG;Brasília de Minas;Obtido pelo GPS ou informado explicitamente;14.0;16590;Macaco/Guariba/Bugio/Prego/Guigó;1;Normal
21823;2021-09-24T13:32:00;SC;Florianópolis;Obtido pelo GPS ou informado explicitamente;-1.0;16586;Mico/Sagui/Soinho;1;
21815;2021-09-23T17:54:00;MG;Brasília de Minas;Obtido pelo GPS ou informado explicitamente;0.0;16578;Mico/Sagui/Soinho;1;
21814;2021-09-23T16:09:31;MG;São João do Pacuí;Obtido pelo GPS ou informado explicitamente;4.4;16577;Mico/Sagui/Soinho;1;
21812;2021-09-23T13:15:00;MG;Coração de Jesus;Obtido pelo GPS ou informado explicitamente;2.5;16575;Macaco/Guariba/Bugio/Prego/Guigó;3;
21803;2021-09-17T17:06:00;RS;São Francisco de Assis;Obtido pelo GPS ou informado explicitamente;28.331;16566;Macaco/Guariba/Bugio/Prego/Guigó;1;
21790;2021-09-22T12:47:33;MG;Coração de Jesus;Obtido pelo GPS ou informado explicitamente;8.2;16553;Macaco/Guariba/Bugio/Prego/Guigó;1;
21790;2021-09-22T12:47:33;MG;Coração de Jesus;Obtido pelo GPS ou informado explicitamente;8.2;16552;Macaco/Guariba/Bugio/Prego/Guigó;3;
21789;2021-09-22T11:56:40;MG;Coração de Jesus;Obtido pelo GPS ou informado explicitamente;8.2;16551;Macaco/Guariba/Bugio/Prego/Guigó;1;
21788;2021-09-22T12:55:00;MG;Ubaí;Obtido pelo GPS ou informado explicitamente;20.055;16550;Mico/Sagui/Soinho;1;
21787;2021-09-22T10:18:00;MG;Icaraí de Minas;Obtido pelo GPS ou informado explicitamente;12.864;16549;Mico/Sagui/Soinho;1;
21786;2021-09-22T09:21:00;MG;Ubaí;Obtido pelo GPS ou informado explicitamente;7.504;16548;Macaco/Guariba/Bugio/Prego/Guigó;1;
21785;2021-09-22T11:10:15;MG;Coração de Jesus;Obtido pelo GPS ou informado explicitamente;8.2;16547;Macaco/Guariba/Bugio/Prego/Guigó;1;
21784;2021-09-21T13:48:34;MG;Icaraí de Minas;Obtido pelo GPS ou informado explicitamente;4.14;16546;Mico/Sagui/Soinho;1;Normal
21783;2021-09-21T15:05:00;MG;Campo Azul;Obtido pelo GPS ou informado explicitamente;20.368;16545;Mico/Sagui/Soinho;1;
21776;2021-09-20T10:16:00;SC;Doutor Pedrinho;Obtido pelo GPS ou informado explicitamente;11.5;16538;Macaco/Guariba/Bugio/Prego/Guigó;1;
21775;2021-09-20T10:16:00;SC;Doutor Pedrinho;Obtido pelo GPS ou informado explicitamente;11.5;16537;Macaco/Guariba/Bugio/Prego/Guigó;1;
21774;2021-09-21T11:09:13;GO;Pirenópolis;Obtido pelo GPS ou informado explicitamente;16.89;16536;Mico/Sagui/Soinho;5;Normal
21772;2021-09-21T11:09:13;GO;Pirenópolis;Obtido pelo GPS ou informado explicitamente;16.89;16534;Mico/Sagui/Soinho;5;Normal
21769;2021-09-21T13:21:17;MG;Icaraí de Minas;Obtido pelo GPS ou informado explicitamente;4.14;16531;Mico/Sagui/Soinho;2;Normal
21764;2021-09-19T10:14:00;RJ;Angra dos Reis;Coordenadas obtidas a partir do endereço;-1.0;16526;Macaco/Guariba/Bugio/Prego/Guigó;5;Normal
21763;2021-08-19T10:15:00;RJ;Angra dos Reis;Obtido pelo GPS ou informado explicitamente;1.0;16524;Macaco/Guariba/Bugio/Prego/Guigó;2;Normal
21756;2021-09-19T09:57:00;RJ;Rio de Janeiro;Coordenadas obtidas a partir do endereço;-1.0;16517;Mico/Sagui/Soinho;5;Normal
21755;2021-09-16T08:45:00;MG;Itabira;Obtido pelo GPS ou informado explicitamente;0.0;16516;Mico/Sagui/Soinho;3;Normal
21752;2021-09-15T09:16:25;MG;Ubaí;Obtido pelo GPS ou informado explicitamente;4.76;16513;Macaco/Guariba/Bugio/Prego/Guigó;1;
21750;2021-09-18T14:27:00;MG;Jaboticatubas;Obtido pelo GPS ou informado explicitamente;22.079;16511;Mico/Sagui/Soinho;1;Normal
21747;2021-09-18T10:39:00;MG;Ubaí;Obtido pelo GPS ou informado explicitamente;12.864;16508;Macaco/Guariba/Bugio/Prego/Guigó;1;
21744;2021-09-17T12:30:00;MG;Ubaí;Obtido pelo GPS ou informado explicitamente;8.576;16505;Macaco/Guariba/Bugio/Prego/Guigó;1;
21743;2021-09-15T09:16:00;MG;Icaraí de Minas;Obtido pelo GPS ou informado explicitamente;11.792;16504;Macaco/Guariba/Bugio/Prego/Guigó;1;
21742;2021-09-14T15:29:00;MG;Ubaí;Obtido pelo GPS ou informado explicitamente;13.936;16503;Macaco/Guariba/Bugio/Prego/Guigó;1;
21741;2021-09-14T15:23:00;MG;Ubaí;Obtido pelo GPS ou informado explicitamente;7.504;16502;Macaco/Guariba/Bugio/Prego/Guigó;1;
21740;2021-09-17T12:30:00;MG;Ubaí;Obtido pelo GPS ou informado explicitamente;8.576;16501;Macaco/Guariba/Bugio/Prego/Guigó;1;
21739;2021-09-10T08:32:00;MG;Ubaí;Obtido pelo GPS ou informado explicitamente;17.152;16500;Mico/Sagui/Soinho;2;
21738;2021-09-15T09:16:00;MG;Icaraí de Minas;Obtido pelo GPS ou informado explicitamente;11.792;16499;Macaco/Guariba/Bugio/Prego/Guigó;1;
21737;2021-09-14T15:29:00;MG;Ubaí;Obtido pelo GPS ou informado explicitamente;13.936;16498;Macaco/Guariba/Bugio/Prego/Guigó;1;
21736;2021-09-09T16:31:00;MG;Ubaí;Obtido pelo GPS ou informado explicitamente;10.72;16497;Macaco/Guariba/Bugio/Prego/Guigó;2;
21735;2021-09-14T15:23:00;MG;Ubaí;Obtido pelo GPS ou informado explicitamente;7.504;16496;Macaco/Guariba/Bugio/Prego/Guigó;1;
21734;2021-09-08T16:36:00;MG;Ubaí;Obtido pelo GPS ou informado explicitamente;6.432;16495;Macaco/Guariba/Bugio/Prego/Guigó;1;
21733;2021-09-08T10:06:00;MG;Ubaí;Obtido pelo GPS ou informado explicitamente;48.9;16494;Macaco/Guariba/Bugio/Prego/Guigó;2;
21732;2021-09-10T08:32:00;MG;Ubaí;Obtido pelo GPS ou informado explicitamente;17.152;16493;Mico/Sagui/Soinho;2;
21731;2021-09-09T16:31:00;MG;Ubaí;Obtido pelo GPS ou informado explicitamente;10.72;16492;Macaco/Guariba/Bugio/Prego/Guigó;2;
21730;2021-09-08T16:36:00;MG;Ubaí;Obtido pelo GPS ou informado explicitamente;6.432;16491;Macaco/Guariba/Bugio/Prego/Guigó;1;
21729;2021-09-08T10:06:00;MG;Ubaí;Obtido pelo GPS ou informado explicitamente;48.9;16490;Macaco/Guariba/Bugio/Prego/Guigó;2;
21728;2021-08-26T11:38:00;MG;Ubaí;Coordenadas obtidas a partir do endereço;;16489;Mico/Sagui/Soinho;6;
21714;2021-08-31T13:51:00;MG;Chapada Gaúcha;Coordenadas obtidas a partir do endereço;-1.0;16473;Mico/Sagui/Soinho;3;Normal
21675;2019-09-15T12:45:00;RJ;Mangaratiba;Obtido pelo GPS ou informado explicitamente;;16431;Macaco/Guariba/Bugio/Prego/Guigó;3;Normal
21610;2021-09-14T15:13:00;GO;Goiânia;Obtido pelo GPS ou informado explicitamente;0.0;16356;Macaco/Guariba/Bugio/Prego/Guigó;1;
21609;2021-09-15T13:20:00;GO;Goiânia;Obtido pelo GPS ou informado explicitamente;0.0;16355;Macaco/Guariba/Bugio/Prego/Guigó;1;
21606;2021-05-19T09:00:00;BA;Porto Seguro;Obtido pelo GPS ou informado explicitamente;0.0;16352;Mico/Sagui/Soinho;3;Normal
21546;2021-09-14T14:30:00;MG;Brasília de Minas;Obtido pelo GPS ou informado explicitamente;0.0;16284;Mico/Sagui/Soinho;1;
21544;2021-09-10T08:00:00;MG;Icaraí de Minas;Obtido pelo GPS ou informado explicitamente;37.89;16282;Macaco/Guariba/Bugio/Prego/Guigó;3;
21542;2021-09-14T16:34:11;PR;Querência do Norte;Obtido pelo GPS ou informado explicitamente;3.216;16280;Macaco/Guariba/Bugio/Prego/Guigó;1;
21472;2021-09-12T14:00:00;RS;São Francisco de Assis;Obtido pelo GPS ou informado explicitamente;40.259;16199;Macaco/Guariba/Bugio/Prego/Guigó;1;
21467;2020-01-30T11:16:57;PR;Curitiba;Obtido pelo GPS ou informado explicitamente;5.4;16194;Macaco/Guariba/Bugio/Prego/Guigó;1;
21466;2021-09-14T07:23:00;MG;Luislândia;Obtido pelo GPS ou informado explicitamente;10.362;16193;Mico/Sagui/Soinho;2;
21465;2021-09-10T16:00:00;MG;Icaraí de Minas;Obtido pelo GPS ou informado explicitamente;52.731;16192;Macaco/Guariba/Bugio/Prego/Guigó;1;
21464;2021-09-13T16:20:00;MG;Icaraí de Minas;Obtido pelo GPS ou informado explicitamente;50.718;16191;Macaco/Guariba/Bugio/Prego/Guigó;1;
21463;2021-09-13T12:48:43;MG;Icaraí de Minas;Obtido pelo GPS ou informado explicitamente;9.935;16190;Macaco/Guariba/Bugio/Prego/Guigó;2;
21462;2021-06-01T17:29:53;MG;Salinas;Obtido pelo GPS ou informado explicitamente;3.7900925;16189;Mico/Sagui/Soinho;1;
21460;2021-09-13T14:37:00;SC;Florianópolis;Obtido pelo GPS ou informado explicitamente;-1.0;16187;Mico/Sagui/Soinho;1;
21459;2021-09-13T11:57:00;PR;Curitiba;Obtido pelo GPS ou informado explicitamente;0.0;16186;Mico/Sagui/Soinho;1;
21458;2021-09-13T11:54:00;PR;Curitiba;Obtido pelo GPS ou informado explicitamente;0.0;16185;Mico/Sagui/Soinho;1;
21451;2021-09-10T13:18:00;MG;Brasília de Minas;Coordenadas obtidas a partir do endereço;-1.0;16178;Macaco/Guariba/Bugio/Prego/Guigó;3;
21450;2021-09-11T15:30:00;GO;Goiânia;Obtido pelo GPS ou informado explicitamente;0.0;16177;Mico/Sagui/Soinho;3;
21445;2021-09-12T18:26:00;MG;Ubaí;Obtido pelo GPS ou informado explicitamente;39.935;16172;Mico/Sagui/Soinho;1;
21444;2021-08-28T13:47:00;SC;Florianópolis;Obtido pelo GPS ou informado explicitamente;-1.0;16171;Mico/Sagui/Soinho;1;
21443;2021-09-09T17:11:00;SC;Florianópolis;Obtido pelo GPS ou informado explicitamente;-1.0;16170;Mico/Sagui/Soinho;1;
21442;2021-09-11T09:00:00;SC;Florianópolis;Obtido pelo GPS ou informado explicitamente;-1.0;16169;Mico/Sagui/Soinho;1;
21424;2021-09-11T10:00:00;SC;São João do Oeste;Obtido pelo GPS ou informado explicitamente;3.9;16151;Macaco/Guariba/Bugio/Prego/Guigó;1;
21418;2021-09-09T10:00:00;RS;São Sepé;Obtido pelo GPS ou informado explicitamente;32.546;16145;Macaco/Guariba/Bugio/Prego/Guigó;1;
21404;2021-09-09T15:12:00;MG;Ubaí;Obtido pelo GPS ou informado explicitamente;42.5;16131;Macaco/Guariba/Bugio/Prego/Guigó;1;
21403;2021-07-09T12:30:00;PR;Antônio Olinto;Obtido pelo GPS ou informado explicitamente;4.369;16130;Macaco/Guariba/Bugio/Prego/Guigó;3;Normal
21402;2021-09-09T15:19:16;DF;Brasília;Obtido pelo GPS ou informado explicitamente;15.833;16129;Mico/Sagui/Soinho;6;
21401;2021-06-07T15:00:00;PR;Antônio Olinto;Obtido pelo GPS ou informado explicitamente;4.581;16128;Macaco/Guariba/Bugio/Prego/Guigó;2;Normal
21400;2021-09-09T14:41:00;MG;Icaraí de Minas;Obtido pelo GPS ou informado explicitamente;8.576;16127;Macaco/Guariba/Bugio/Prego/Guigó;2;
21398;2021-06-08T14:37:00;PR;Antônio Olinto;Obtido pelo GPS ou informado explicitamente;6.166;16124;Macaco/Guariba/Bugio/Prego/Guigó;1;Normal
21339;2021-09-09T11:53:00;PR;Antônio Olinto;Obtido pelo GPS ou informado explicitamente;6.0;16052;Macaco/Guariba/Bugio/Prego/Guigó;2;Normal
21338;2021-09-06T11:05:00;PI;Altos;Obtido pelo GPS ou informado explicitamente;87.6;16051;Macaco/Guariba/Bugio/Prego/Guigó;1;Normal
21337;2021-09-06T14:57:00;PI;Altos;Obtido pelo GPS ou informado explicitamente;87.6;16050;Mico/Sagui/Soinho;1;Normal
21322;2021-09-06T16:07:00;SC;Florianópolis;Obtido pelo GPS ou informado explicitamente;-1.0;16035;Mico/Sagui/Soinho;1;
21321;2021-09-04T16:05:00;SC;Florianópolis;Obtido pelo GPS ou informado explicitamente;0.0;16034;Mico/Sagui/Soinho;1;
21320;2021-09-03T16:01:00;SC;Florianópolis;Obtido pelo GPS ou informado explicitamente;-1.0;16033;Macaco/Guariba/Bugio/Prego/Guigó;1;
21319;2021-09-06T10:33:00;MG;Ubaí;Obtido pelo GPS ou informado explicitamente;0.0;16032;Macaco/Guariba/Bugio/Prego/Guigó;1;
21297;2021-09-04T12:03:00;SC;Tunápolis;Obtido pelo GPS ou informado explicitamente;13.8;16010;Macaco/Guariba/Bugio/Prego/Guigó;1;
21289;2021-09-03T15:29:59;RS;Restinga Seca;Obtido pelo GPS ou informado explicitamente;;16002;Macaco/Guariba/Bugio/Prego/Guigó;1;
21288;2021-09-02T15:30:00;RS;Restinga Seca;Obtido pelo GPS ou informado explicitamente;36.528;16001;Macaco/Guariba/Bugio/Prego/Guigó;1;
21287;2021-09-03T15:16:49;RS;Jaguari;Obtido pelo GPS ou informado explicitamente;;16000;Macaco/Guariba/Bugio/Prego/Guigó;1;
21283;2021-09-03T10:06:00;MG;Luislândia;Obtido pelo GPS ou informado explicitamente;3.9;15995;Macaco/Guariba/Bugio/Prego/Guigó;2;
21282;2021-09-02T17:21:07;PR;Londrina;Obtido pelo GPS ou informado explicitamente;;15994;Macaco/Guariba/Bugio/Prego/Guigó;1;
21281;2021-09-02T15:26:00;MG;Chapada Gaúcha;Obtido pelo GPS ou informado explicitamente;24.0;15993;Macaco/Guariba/Bugio/Prego/Guigó;4;
21280;2021-09-01T09:38:00;MG;Chapada Gaúcha;Obtido pelo GPS ou informado explicitamente;6.0;15992;Macaco/Guariba/Bugio/Prego/Guigó;7;
21279;2021-09-01T14:21:00;MG;Chapada Gaúcha;Obtido pelo GPS ou informado explicitamente;12.0;15991;Mico/Sagui/Soinho;1;
21271;2021-09-01T15:37:00;PI;Altos;Obtido pelo GPS ou informado explicitamente;104.1;15983;Macaco/Guariba/Bugio/Prego/Guigó;1;
21270;2021-08-31T17:40:00;PI;Altos;Obtido pelo GPS ou informado explicitamente;104.1;15982;Mico/Sagui/Soinho;1;Normal
21269;2021-08-27T09:02:00;PI;Altos;Obtido pelo GPS ou informado explicitamente;87.6;15981;Macaco/Guariba/Bugio/Prego/Guigó;1;Normal
21268;2021-08-27T09:02:00;PI;Altos;Obtido pelo GPS ou informado explicitamente;92.9;15980;Macaco/Guariba/Bugio/Prego/Guigó;1;Normal
21246;2021-09-01T09:20:04;RS;Picada Café;Coordenadas obtidas a partir do endereço;;15957;Macaco/Guariba/Bugio/Prego/Guigó;1;
21240;2021-08-31T15:30:00;SC;Urubici;Obtido pelo GPS ou informado explicitamente;-1.0;15951;Macaco/Guariba/Bugio/Prego/Guigó;1;
21236;2021-08-31T10:48:24;MG;Luislândia;Obtido pelo GPS ou informado explicitamente;3.596;15947;Macaco/Guariba/Bugio/Prego/Guigó;1;
21236;2021-08-31T10:48:24;MG;Luislândia;Obtido pelo GPS ou informado explicitamente;3.596;15946;Macaco/Guariba/Bugio/Prego/Guigó;1;
21236;2021-08-31T10:48:24;MG;Luislândia;Obtido pelo GPS ou informado explicitamente;3.596;15945;Macaco/Guariba/Bugio/Prego/Guigó;1;
21235;2021-06-06T10:00:00;SP;Nazaré Paulista;Obtido pelo GPS ou informado explicitamente;0.0;15944;Mico/Sagui/Soinho;2;Normal
21221;2021-08-29T18:05:40;RJ;Petrópolis;Obtido pelo GPS ou informado explicitamente;0.0;15930;Mico/Sagui/Soinho;1;Normal
21220;2021-08-30T15:20:54;RS;Caxias do Sul;Obtido pelo GPS ou informado explicitamente;14.5;15929;Macaco/Guariba/Bugio/Prego/Guigó;1;
21209;2021-08-30T10:44:00;PI;Pedro II;Coordenadas obtidas a partir do endereço;-1.0;15918;Mico/Sagui/Soinho;1;
21199;2021-08-27T16:18:25;SP;Campinas;Obtido pelo GPS ou informado explicitamente;;15908;Mico/Sagui/Soinho;1;
21198;2021-08-27T16:07:29;DF;Brasília;Obtido pelo GPS ou informado explicitamente;24.992;15907;Mico/Sagui/Soinho;1;
21197;2021-08-27T14:28:00;PR;Curitiba;Obtido pelo GPS ou informado explicitamente;12.2;15906;Mico/Sagui/Soinho;1;
21180;2021-08-27T09:28:07;RJ;Rio de Janeiro;Obtido pelo GPS ou informado explicitamente;14.5;15889;Mico/Sagui/Soinho;1;Normal
21175;2021-08-26T11:47:00;MG;Ubaí;Obtido pelo GPS ou informado explicitamente;20.368;15884;Mico/Sagui/Soinho;6;
21174;2021-08-26T11:40:00;MG;Ubaí;Obtido pelo GPS ou informado explicitamente;8.76;15882;Mico/Sagui/Soinho;5;
21173;2021-08-26T10:20:00;PR;São José dos Pinhais;Coordenadas obtidas a partir do endereço;-1.0;15881;Macaco/Guariba/Bugio/Prego/Guigó;1;Estranho
21171;2021-08-25T15:00:00;PR;Cascavel;Obtido pelo GPS ou informado explicitamente;0.0;15879;Mico/Sagui/Soinho;1;
21168;2021-08-25T16:19:05;MG;Icaraí de Minas;Obtido pelo GPS ou informado explicitamente;7.199;15876;Macaco/Guariba/Bugio/Prego/Guigó;2;
21167;2021-08-25T15:08:13;MG;Icaraí de Minas;Obtido pelo GPS ou informado explicitamente;7.947;15875;Macaco/Guariba/Bugio/Prego/Guigó;1;
21166;2021-08-25T14:37:00;MG;Icaraí de Minas;Obtido pelo GPS ou informado explicitamente;6.209;15874;Macaco/Guariba/Bugio/Prego/Guigó;3;
21164;2021-08-25T15:50:00;SP;Campinas;Obtido pelo GPS ou informado explicitamente;14.428;15872;Mico/Sagui/Soinho;3;Normal
21154;2021-08-10T08:30:00;PR;Foz do Iguaçu;Obtido pelo GPS ou informado explicitamente;0.0;15862;Macaco/Guariba/Bugio/Prego/Guigó;1;
21153;2021-07-12T08:30:00;PR;Foz do Iguaçu;Obtido pelo GPS ou informado explicitamente;0.0;15861;Macaco/Guariba/Bugio/Prego/Guigó;1;
21152;2021-08-25T10:55:00;SP;Campinas;Obtido pelo GPS ou informado explicitamente;0.0;15860;Macaco/Guariba/Bugio/Prego/Guigó;1;
21149;2021-08-24T14:04:00;MG;Luislândia;Obtido pelo GPS ou informado explicitamente;7.504;15857;Macaco/Guariba/Bugio/Prego/Guigó;2;
21146;2021-08-23T08:01:00;MG;Ubaí;Coordenadas obtidas a partir do endereço;-1.0;15854;Macaco/Guariba/Bugio/Prego/Guigó;1;
21135;2021-08-23T15:10:06;DF;Brasília;Obtido pelo GPS ou informado explicitamente;19.113;15843;Mico/Sagui/Soinho;1;
21132;2021-08-20T15:37:00;RS;Camaquã;Obtido pelo GPS ou informado explicitamente;3.79;15840;Macaco/Guariba/Bugio/Prego/Guigó;1;
21126;2021-08-21T13:45:00;PR;Curitiba;Obtido pelo GPS ou informado explicitamente;-1.0;15834;Mico/Sagui/Soinho;1;
21119;2021-08-22T16:42:00;PI;Altos;Obtido pelo GPS ou informado explicitamente;32.0;15827;Mico/Sagui/Soinho;8;Normal
21118;2021-08-19T06:00:00;RJ;Cachoeiras de Macacu;Obtido pelo GPS ou informado explicitamente;;15826;Mico/Sagui/Soinho;6;Normal
21106;2021-08-15T18:30:00;PR;Maringá;Obtido pelo GPS ou informado explicitamente;0.0;15814;Mico/Sagui/Soinho;1;
21093;2021-08-19T09:54:00;MG;Luislândia;Obtido pelo GPS ou informado explicitamente;5.36;15801;Macaco/Guariba/Bugio/Prego/Guigó;1;
21091;2021-08-13T13:50:00;MG;Luislândia;Obtido pelo GPS ou informado explicitamente;0.0;15799;Macaco/Guariba/Bugio/Prego/Guigó;3;
21071;2021-08-17T09:34:25;SC;Itá;Obtido pelo GPS ou informado explicitamente;68.97;15779;Macaco/Guariba/Bugio/Prego/Guigó;1;
21070;2021-08-16T08:10:00;MG;Ubaí;Coordenadas obtidas a partir do endereço;-1.0;15778;Macaco/Guariba/Bugio/Prego/Guigó;3;
21069;2021-08-16T08:10:00;MG;Ubaí;Coordenadas obtidas a partir do endereço;-1.0;15777;Macaco/Guariba/Bugio/Prego/Guigó;1;
21065;2021-08-14T15:27:00;SC;Florianópolis;Obtido pelo GPS ou informado explicitamente;0.0;15773;Macaco/Guariba/Bugio/Prego/Guigó;1;
21064;2021-08-14T15:25:00;SC;Florianópolis;Obtido pelo GPS ou informado explicitamente;0.0;15772;Macaco/Guariba/Bugio/Prego/Guigó;1;
21063;2021-07-02T15:22:00;SC;Florianópolis;Obtido pelo GPS ou informado explicitamente;0.0;15771;Mico/Sagui/Soinho;1;
21062;2021-08-02T15:20:00;SC;Florianópolis;Obtido pelo GPS ou informado explicitamente;0.0;15770;Mico/Sagui/Soinho;1;
21061;2021-07-21T15:18:00;SC;Florianópolis;Obtido pelo GPS ou informado explicitamente;0.0;15769;Macaco/Guariba/Bugio/Prego/Guigó;1;
21060;2021-07-20T15:15:00;SC;Florianópolis;Obtido pelo GPS ou informado explicitamente;0.0;15768;Mico/Sagui/Soinho;1;
21059;2021-07-20T15:12:00;SC;Florianópolis;Obtido pelo GPS ou informado explicitamente;0.0;15767;Mico/Sagui/Soinho;1;
21058;2021-07-18T15:10:00;SC;Florianópolis;Obtido pelo GPS ou informado explicitamente;0.0;15766;Mico/Sagui/Soinho;1;
21057;2021-07-16T15:07:00;SC;Florianópolis;Obtido pelo GPS ou informado explicitamente;-1.0;15765;Macaco/Guariba/Bugio/Prego/Guigó;1;
21042;2021-08-13T17:45:00;RS;Passo do Sobrado;Obtido pelo GPS ou informado explicitamente;4.0;15750;Macaco/Guariba/Bugio/Prego/Guigó;5;
21039;2021-08-13T13:42:00;MG;Luislândia;Coordenadas obtidas a partir do endereço;-1.0;15747;Macaco/Guariba/Bugio/Prego/Guigó;3;
21038;2021-08-15T18:30:00;PR;Maringá;Obtido pelo GPS ou informado explicitamente;0.0;15745;Mico/Sagui/Soinho;1;
21037;2021-08-15T17:20:00;PI;Altos;Obtido pelo GPS ou informado explicitamente;72.9;15744;Macaco/Guariba/Bugio/Prego/Guigó;1;Normal
21020;2021-08-13T10:01:00;RS;Camaquã;Obtido pelo GPS ou informado explicitamente;13.0;15727;Macaco/Guariba/Bugio/Prego/Guigó;1;
21010;2021-08-06T16:02:00;PR;Curitiba;Obtido pelo GPS ou informado explicitamente;0.0;15717;Macaco/Guariba/Bugio/Prego/Guigó;1;
21009;2021-08-10T15:30:00;PR;Guaíra;Obtido pelo GPS ou informado explicitamente;6.1966367;15716;Macaco/Guariba/Bugio/Prego/Guigó;1;
21006;2021-08-11T15:03:57;PR;Araucária;Obtido pelo GPS ou informado explicitamente;50.8;15713;Mico/Sagui/Soinho;1;
21001;2021-08-10T09:48:58;PR;Wenceslau Braz;Obtido pelo GPS ou informado explicitamente;5.1;15708;Macaco/Guariba/Bugio/Prego/Guigó;1;
20941;2021-08-09T13:50:34;RJ;Rio de Janeiro;Obtido pelo GPS ou informado explicitamente;3.44;15640;Mico/Sagui/Soinho;12;Normal
20936;2021-08-09T09:19:00;RS;Camaquã;Obtido pelo GPS ou informado explicitamente;0.0;15635;Macaco/Guariba/Bugio/Prego/Guigó;1;
20930;2021-08-08T17:48:25;RS;Uruguaiana;Obtido pelo GPS ou informado explicitamente;3.9;15629;Macaco/Guariba/Bugio/Prego/Guigó;1;
20927;2021-08-07T13:11:00;RJ;Rio de Janeiro;Obtido pelo GPS ou informado explicitamente;65.0;15626;Mico/Sagui/Soinho;2;Normal
20455;2021-08-06T15:56:05;MG;Unaí;Obtido pelo GPS ou informado explicitamente;65.0;15617;Macaco/Guariba/Bugio/Prego/Guigó;1;
20454;2021-08-04T10:00:00;RS;São Borja;Obtido pelo GPS ou informado explicitamente;0.0;15616;Macaco/Guariba/Bugio/Prego/Guigó;1;
20451;2021-08-05T13:42:00;DF;Brasília;Obtido pelo GPS ou informado explicitamente;30.908;15612;Macaco/Guariba/Bugio/Prego/Guigó;1;
20450;2021-08-04T13:29:00;SP;Valinhos;Obtido pelo GPS ou informado explicitamente;65.0;15611;Macaco/Guariba/Bugio/Prego/Guigó;5;Normal
20428;2021-08-03T11:08:08;RS;Camaquã;Obtido pelo GPS ou informado explicitamente;21.5;15589;Macaco/Guariba/Bugio/Prego/Guigó;1;
20411;2021-08-02T15:34:00;GO;Goiânia;Coordenadas obtidas a partir do endereço;-1.0;15572;Mico/Sagui/Soinho;1;
20409;2021-08-03T11:15:00;PR;Mamborê;Obtido pelo GPS ou informado explicitamente;0.0;15570;Macaco/Guariba/Bugio/Prego/Guigó;1;
20407;2021-07-07T14:16:25;MG;São João da Lagoa;Obtido pelo GPS ou informado explicitamente;7.4;15568;Mico/Sagui/Soinho;1;
20406;2021-07-06T14:07:15;MG;São João da Lagoa;Obtido pelo GPS ou informado explicitamente;4.8;15567;Mico/Sagui/Soinho;1;
20405;2021-07-06T11:26:30;MG;São João da Lagoa;Obtido pelo GPS ou informado explicitamente;1.62;15566;Mico/Sagui/Soinho;1;
20402;2021-08-02T14:24:00;RJ;Teresópolis;Obtido pelo GPS ou informado explicitamente;15.012;15563;Mico/Sagui/Soinho;6;Normal
20400;2021-08-02T10:51:00;RJ;Rio de Janeiro;Coordenadas obtidas a partir do endereço;-1.0;15561;Macaco/Guariba/Bugio/Prego/Guigó;1;Estranho
20388;2021-07-30T15:06:00;PI;Coronel José Dias;Obtido pelo GPS ou informado explicitamente;50.0;15549;Macaco/Guariba/Bugio/Prego/Guigó;3;
20386;2021-07-30T07:37:00;PI;São Raimundo Nonato;Obtido pelo GPS ou informado explicitamente;29.61;15547;Macaco/Guariba/Bugio/Prego/Guigó;1;Normal
20384;2021-07-30T08:08:00;PI;São Raimundo Nonato;Obtido pelo GPS ou informado explicitamente;50.0;15545;Macaco/Guariba/Bugio/Prego/Guigó;8;Normal
20380;2021-08-01T18:33:00;PI;Altos;Obtido pelo GPS ou informado explicitamente;92.9;15541;Macaco/Guariba/Bugio/Prego/Guigó;6;Normal
20372;2021-07-31T20:46:00;RS;Cerro Grande do Sul;Obtido pelo GPS ou informado explicitamente;3.399;15533;Macaco/Guariba/Bugio/Prego/Guigó;1;
20369;2021-07-30T08:18:30;PI;São Raimundo Nonato;Obtido pelo GPS ou informado explicitamente;7.0;15530;Macaco/Guariba/Bugio/Prego/Guigó;8;Normal
20366;2021-07-31T14:21:00;RJ;Rio de Janeiro;Obtido pelo GPS ou informado explicitamente;71.926;15527;Macaco/Guariba/Bugio/Prego/Guigó;30;Normal
20354;2021-07-30T12:06:00;SP;Santos;Coordenadas obtidas a partir do endereço;-1.0;15514;Mico/Sagui/Soinho;60;Normal
20353;2021-07-30T10:49:25;SP;Bom Jesus dos Perdões;Coordenadas obtidas a partir do endereço;;15513;Mico/Sagui/Soinho;1;
20352;2021-07-28T17:44:00;PI;Altos;Obtido pelo GPS ou informado explicitamente;116.1;15512;Macaco/Guariba/Bugio/Prego/Guigó;4;Normal
20351;2021-07-27T13:00:00;RS;Restinga Seca;Obtido pelo GPS ou informado explicitamente;3.453;15511;Macaco/Guariba/Bugio/Prego/Guigó;1;
20340;2021-07-27T15:26:36;SC;Pomerode;Obtido pelo GPS ou informado explicitamente;;15500;Macaco/Guariba/Bugio/Prego/Guigó;1;Doente
20339;2021-07-27T14:06:00;BA;Iraquara;Obtido pelo GPS ou informado explicitamente;4.0;15499;Mico/Sagui/Soinho;1;Normal
20332;2021-07-26T09:30:00;PI;Altos;Obtido pelo GPS ou informado explicitamente;2662.0;15492;Mico/Sagui/Soinho;3;Normal
20331;2021-07-17T11:05:00;SP;Valinhos;Obtido pelo GPS ou informado explicitamente;26.76;15491;Mico/Sagui/Soinho;7;Normal
20330;2021-07-26T15:38:37;RS;Carlos Barbosa;Coordenadas obtidas a partir do endereço;;15490;Macaco/Guariba/Bugio/Prego/Guigó;1;
20321;2021-07-24T16:00:00;RJ;Quissamã;Obtido pelo GPS ou informado explicitamente;0.0;15478;Macaco/Guariba/Bugio/Prego/Guigó;6;Normal
20310;2021-05-01T09:00:00;SP;Valinhos;Obtido pelo GPS ou informado explicitamente;16.884;15465;Mico/Sagui/Soinho;5;Normal
20308;2021-02-24T14:23:00;SP;Cosmópolis;Obtido pelo GPS ou informado explicitamente;0.0;15462;Mico/Sagui/Soinho;1;Normal
20299;2021-07-23T09:31:42;RS;Caxias do Sul;Obtido pelo GPS ou informado explicitamente;14.5;15453;Macaco/Guariba/Bugio/Prego/Guigó;1;
20298;2021-07-23T10:31:00;RS;Nova Hartz;Obtido pelo GPS ou informado explicitamente;4.551;15452;Macaco/Guariba/Bugio/Prego/Guigó;1;Normal
20289;2021-07-22T13:34:00;RS;Amaral Ferrador;Obtido pelo GPS ou informado explicitamente;-1.0;15443;Macaco/Guariba/Bugio/Prego/Guigó;6;Normal
20287;2021-07-22T10:27:00;RS;Chuvisca;Obtido pelo GPS ou informado explicitamente;3.1;15441;Macaco/Guariba/Bugio/Prego/Guigó;1;
20285;2021-07-21T14:50:00;MG;Chapada Gaúcha;Obtido pelo GPS ou informado explicitamente;19.296001;15439;Mico/Sagui/Soinho;4;
20284;2021-07-21T10:18:00;MG;Chapada Gaúcha;Obtido pelo GPS ou informado explicitamente;7.504;15438;Macaco/Guariba/Bugio/Prego/Guigó;2;
20282;2021-07-21T10:18:00;MG;Chapada Gaúcha;Obtido pelo GPS ou informado explicitamente;7.504;15436;Macaco/Guariba/Bugio/Prego/Guigó;2;
20278;2021-07-21T08:27:00;MG;Ubaí;Coordenadas obtidas a partir do endereço;-1.0;15432;Mico/Sagui/Soinho;1;
20275;2021-07-20T18:05:00;PI;Altos;Obtido pelo GPS ou informado explicitamente;64.1;15429;Macaco/Guariba/Bugio/Prego/Guigó;6;Normal
20274;2021-07-20T15:07:00;RS;Riozinho;Obtido pelo GPS ou informado explicitamente;19.6;15428;Macaco/Guariba/Bugio/Prego/Guigó;1;
20264;2021-07-20T10:25:00;RS;Porto Alegre;Obtido pelo GPS ou informado explicitamente;32.099;15418;Macaco/Guariba/Bugio/Prego/Guigó;1;
20246;2021-07-15T11:19:00;SC;Florianópolis;Obtido pelo GPS ou informado explicitamente;0.0;15400;Mico/Sagui/Soinho;1;
20243;2021-07-15T09:11:00;MG;Ubaí;Obtido pelo GPS ou informado explicitamente;4.29;15397;Mico/Sagui/Soinho;5;
20242;2021-07-15T16:52:00;RJ;Petrópolis;Obtido pelo GPS ou informado explicitamente;4.7;15396;Mico/Sagui/Soinho;1;Normal
20236;2021-07-14T18:12:54;SP;Campinas;Obtido pelo GPS ou informado explicitamente;3.9;15390;Mico/Sagui/Soinho;1;
20234;2021-07-15T08:29:00;RS;Amaral Ferrador;Obtido pelo GPS ou informado explicitamente;16.0;15388;Macaco/Guariba/Bugio/Prego/Guigó;1;
20232;2021-07-10T15:50:48;MG;Augusto de Lima;Obtido pelo GPS ou informado explicitamente;5.367;15386;Mico/Sagui/Soinho;4;Normal
20228;2021-07-14T13:56:52;RS;Cerro Grande do Sul;Obtido pelo GPS ou informado explicitamente;32.0;15382;Macaco/Guariba/Bugio/Prego/Guigó;1;
20218;2021-07-13T15:24:00;RS;Rio Pardo;Obtido pelo GPS ou informado explicitamente;0.0;15372;Macaco/Guariba/Bugio/Prego/Guigó;1;
20210;2021-07-12T14:00:00;PR;Curitiba;Obtido pelo GPS ou informado explicitamente;0.0;15364;Macaco/Guariba/Bugio/Prego/Guigó;5;Normal
20208;2021-07-12T14:17:00;SC;Urussanga;Obtido pelo GPS ou informado explicitamente;-1.0;15362;Macaco/Guariba/Bugio/Prego/Guigó;1;
20205;2021-07-08T14:20:06;GO;Goiânia;Obtido pelo GPS ou informado explicitamente;18.6;15359;Mico/Sagui/Soinho;1;
20203;2021-07-12T10:00:00;GO;Goiânia;Obtido pelo GPS ou informado explicitamente;0.0;15357;Mico/Sagui/Soinho;1;
20202;2021-07-12T10:02:00;SC;Florianópolis;Obtido pelo GPS ou informado explicitamente;0.0;15356;Macaco/Guariba/Bugio/Prego/Guigó;1;Estranho
20201;2021-07-11T13:57:00;SC;Florianópolis;Obtido pelo GPS ou informado explicitamente;-1.0;15355;Mico/Sagui/Soinho;1;
20200;2021-07-10T13:54:00;SC;Florianópolis;Obtido pelo GPS ou informado explicitamente;-1.0;15354;Macaco/Guariba/Bugio/Prego/Guigó;1;
20199;2021-07-07T13:52:00;SC;Florianópolis;Coordenadas obtidas a partir do endereço;-1.0;15353;Mico/Sagui/Soinho;1;
20198;2021-07-05T13:50:00;SC;Florianópolis;Obtido pelo GPS ou informado explicitamente;-1.0;15352;Mico/Sagui/Soinho;1;
20197;2021-06-26T13:48:00;SC;Florianópolis;Obtido pelo GPS ou informado explicitamente;-1.0;15351;Mico/Sagui/Soinho;1;
20196;2021-06-25T13:46:00;SC;Florianópolis;Obtido pelo GPS ou informado explicitamente;-1.0;15350;Mico/Sagui/Soinho;1;
20195;2021-06-22T13:43:00;SC;Florianópolis;Obtido pelo GPS ou informado explicitamente;0.0;15349;Mico/Sagui/Soinho;1;
20194;2021-06-20T13:41:00;SC;Florianópolis;Obtido pelo GPS ou informado explicitamente;0.0;15348;Mico/Sagui/Soinho;1;
20193;2021-06-18T13:39:00;SC;Florianópolis;Obtido pelo GPS ou informado explicitamente;-1.0;15347;Mico/Sagui/Soinho;1;
20190;2021-07-11T10:29:51;AL;Maceió;Obtido pelo GPS ou informado explicitamente;22.493;15344;Mico/Sagui/Soinho;1;Normal
20188;2021-07-10T14:22:00;RJ;Teresópolis;Obtido pelo GPS ou informado explicitamente;24.9;15342;Mico/Sagui/Soinho;5;Normal
20186;2021-07-10T12:07:48;PR;São Mateus do Sul;Obtido pelo GPS ou informado explicitamente;3.9;15340;Macaco/Guariba/Bugio/Prego/Guigó;1;
20177;2021-06-30T12:21:00;MG;Sacramento;Coordenadas obtidas a partir do endereço;-1.0;15331;Macaco/Guariba/Bugio/Prego/Guigó;1;
20169;2021-07-08T14:09:00;SC;Morro da Fumaça;Obtido pelo GPS ou informado explicitamente;3.881;15323;Macaco/Guariba/Bugio/Prego/Guigó;1;
20137;2021-07-08T08:57:43;SC;Herval d'Oeste;Obtido pelo GPS ou informado explicitamente;3.22;15291;Macaco/Guariba/Bugio/Prego/Guigó;1;
20123;2021-07-07T10:53:22;RS;Boa Vista do Cadeado;Obtido pelo GPS ou informado explicitamente;6.11;15276;Macaco/Guariba/Bugio/Prego/Guigó;1;
20107;2021-07-07T10:34:47;RS;Cerro Grande do Sul;Obtido pelo GPS ou informado explicitamente;8.0;15260;Macaco/Guariba/Bugio/Prego/Guigó;1;Doente
20100;2021-07-07T10:05:58;DF;Brasília;Obtido pelo GPS ou informado explicitamente;5.36;15253;Mico/Sagui/Soinho;1;Normal
20098;2021-07-06T17:23:00;PI;Altos;Obtido pelo GPS ou informado explicitamente;8.0;15251;Macaco/Guariba/Bugio/Prego/Guigó;6;Normal
20095;2021-07-06T12:30:00;AL;Maceió;Obtido pelo GPS ou informado explicitamente;39.664;15248;Mico/Sagui/Soinho;1;Normal
20094;2021-07-06T12:29:56;AL;Maceió;Obtido pelo GPS ou informado explicitamente;10.233;15247;Mico/Sagui/Soinho;1;Normal
20091;2021-07-06T12:17:27;AL;Maceió;Obtido pelo GPS ou informado explicitamente;27.64;15244;Mico/Sagui/Soinho;1;Normal
20091;2021-07-06T12:17:27;AL;Maceió;Obtido pelo GPS ou informado explicitamente;27.64;15243;Mico/Sagui/Soinho;1;Normal
20090;2021-07-06T12:18:27;AL;Maceió;Obtido pelo GPS ou informado explicitamente;10.083;15242;Mico/Sagui/Soinho;2;Normal
20089;2021-07-06T12:08:10;AL;Maceió;Obtido pelo GPS ou informado explicitamente;23.584;15241;Mico/Sagui/Soinho;1;Normal
20087;2021-07-06T12:19:00;AL;Maceió;Obtido pelo GPS ou informado explicitamente;5.0;15239;Mico/Sagui/Soinho;1;Normal
20086;2021-07-06T12:23:15;AL;Maceió;Obtido pelo GPS ou informado explicitamente;8.509;15238;Mico/Sagui/Soinho;1;Normal
20084;2021-07-06T12:17:09;AL;Maceió;Obtido pelo GPS ou informado explicitamente;17.56;15236;Mico/Sagui/Soinho;3;Normal
20079;2021-07-06T12:11:00;AL;Maceió;Obtido pelo GPS ou informado explicitamente;699.999;15230;Mico/Sagui/Soinho;1;Normal
20076;2021-07-06T12:10:44;AL;Maceió;Obtido pelo GPS ou informado explicitamente;20.027;15226;Mico/Sagui/Soinho;1;Normal
20042;2021-07-03T17:51:21;SC;Petrolândia;Obtido pelo GPS ou informado explicitamente;11.792;15191;Macaco/Guariba/Bugio/Prego/Guigó;1;
20036;2021-07-02T11:03:14;RJ;Rio de Janeiro;Obtido pelo GPS ou informado explicitamente;0.0;15185;Macaco/Guariba/Bugio/Prego/Guigó;4;Normal
20028;2021-07-01T09:29:26;PR;Curitiba;Obtido pelo GPS ou informado explicitamente;65.0;15177;Macaco/Guariba/Bugio/Prego/Guigó;1;
20027;2021-06-30T09:00:00;RS;São Borja;Obtido pelo GPS ou informado explicitamente;0.0;15176;Macaco/Guariba/Bugio/Prego/Guigó;1;
20001;2021-06-29T10:44:00;GO;Goiânia;Obtido pelo GPS ou informado explicitamente;0.0;15149;Macaco/Guariba/Bugio/Prego/Guigó;1;
19997;2021-06-29T08:24:00;MG;Contagem;Coordenadas obtidas a partir do endereço;-1.0;15145;Mico/Sagui/Soinho;1;
19991;2021-06-27T10:57:00;PI;Altos;Obtido pelo GPS ou informado explicitamente;45.6;15139;Macaco/Guariba/Bugio/Prego/Guigó;1;
19990;2021-06-27T10:37:00;PI;Altos;Obtido pelo GPS ou informado explicitamente;45.6;15138;Macaco/Guariba/Bugio/Prego/Guigó;10;Normal
19989;2021-06-27T11:10:00;PI;Altos;Obtido pelo GPS ou informado explicitamente;45.6;15137;Macaco/Guariba/Bugio/Prego/Guigó;2;Normal
19988;2021-06-28T18:45:30;RS;Sertão Santana;Obtido pelo GPS ou informado explicitamente;4.0;15136;Macaco/Guariba/Bugio/Prego/Guigó;1;
19988;2021-06-28T18:45:30;RS;Sertão Santana;Obtido pelo GPS ou informado explicitamente;4.0;15135;Macaco/Guariba/Bugio/Prego/Guigó;1;
19981;2021-06-28T10:06:00;GO;Goiânia;Obtido pelo GPS ou informado explicitamente;6.74;15128;Macaco/Guariba/Bugio/Prego/Guigó;1;
19973;2021-06-25T16:02:54;DF;Brasília;Obtido pelo GPS ou informado explicitamente;65.0;15119;Mico/Sagui/Soinho;1;
19972;2021-06-25T16:00:00;DF;Brasília;Obtido pelo GPS ou informado explicitamente;65.0;15118;Mico/Sagui/Soinho;1;
19969;2021-06-25T12:00:00;GO;Goiânia;Obtido pelo GPS ou informado explicitamente;0.0;15115;Mico/Sagui/Soinho;1;
19968;2021-06-25T10:36:00;SC;Schroeder;Obtido pelo GPS ou informado explicitamente;6.432;15114;Macaco/Guariba/Bugio/Prego/Guigó;1;
19962;2021-06-23T14:04:00;PR;Araucária;Obtido pelo GPS ou informado explicitamente;12.559;15108;Mico/Sagui/Soinho;1;Doente
19948;2021-06-21T09:22:00;SC;Florianópolis;Obtido pelo GPS ou informado explicitamente;0.0;15094;Mico/Sagui/Soinho;1;
19947;2021-06-20T14:19:00;SC;Florianópolis;Obtido pelo GPS ou informado explicitamente;0.0;15093;Mico/Sagui/Soinho;1;
19946;2021-06-18T17:15:00;SC;Florianópolis;Obtido pelo GPS ou informado explicitamente;0.0;15092;Mico/Sagui/Soinho;1;
19928;2021-06-22T15:50:00;GO;Goiânia;Obtido pelo GPS ou informado explicitamente;0.0;15074;Mico/Sagui/Soinho;1;
19918;2021-06-19T13:20:00;PR;Mamborê;Obtido pelo GPS ou informado explicitamente;0.0;15064;Macaco/Guariba/Bugio/Prego/Guigó;1;
19901;2021-06-19T09:03:00;SP;Campinas;Obtido pelo GPS ou informado explicitamente;6.0;15047;Mico/Sagui/Soinho;5;Normal
19896;2021-06-18T10:10:00;SC;Pouso Redondo;Obtido pelo GPS ou informado explicitamente;-1.0;15042;Macaco/Guariba/Bugio/Prego/Guigó;1;
19894;2021-06-18T16:17:00;SC;Florianópolis;Obtido pelo GPS ou informado explicitamente;-1.0;15040;Mico/Sagui/Soinho;1;
19893;2021-06-18T14:23:00;PR;Curitiba;Obtido pelo GPS ou informado explicitamente;0.0;15039;Macaco/Guariba/Bugio/Prego/Guigó;1;
19892;2021-06-18T09:30:00;PR;Missal;Obtido pelo GPS ou informado explicitamente;3.79;15038;Macaco/Guariba/Bugio/Prego/Guigó;1;
19890;2021-06-17T16:09:00;GO;Goiânia;Obtido pelo GPS ou informado explicitamente;0.0;15036;Macaco/Guariba/Bugio/Prego/Guigó;1;
19886;2021-06-17T10:32:48;PR;Piraquara;Obtido pelo GPS ou informado explicitamente;16.0;15032;Macaco/Guariba/Bugio/Prego/Guigó;1;
19885;2021-06-17T10:04:00;AL;Maceió;Obtido pelo GPS ou informado explicitamente;3.9;15031;Mico/Sagui/Soinho;5;Normal
19884;2021-06-15T19:00:01;SP;Campinas;Obtido pelo GPS ou informado explicitamente;3.35;15030;Mico/Sagui/Soinho;1;
19884;2021-06-15T19:00:01;SP;Campinas;Obtido pelo GPS ou informado explicitamente;3.35;15029;Mico/Sagui/Soinho;1;
19880;2021-06-15T12:08:00;SC;Indaial;Obtido pelo GPS ou informado explicitamente;0.0;15025;Macaco/Guariba/Bugio/Prego/Guigó;1;
19878;2021-06-15T19:00:01;SP;Campinas;Obtido pelo GPS ou informado explicitamente;3.35;15023;Mico/Sagui/Soinho;1;
19878;2021-06-15T19:00:01;SP;Campinas;Obtido pelo GPS ou informado explicitamente;3.35;15022;Mico/Sagui/Soinho;1;
19876;2021-06-14T16:46:00;RS;Restinga Seca;Obtido pelo GPS ou informado explicitamente;42.965;15020;Macaco/Guariba/Bugio/Prego/Guigó;1;
19870;2021-06-15T09:28:00;MG;Monsenhor Paulo;Obtido pelo GPS ou informado explicitamente;0.0;15014;Mico/Sagui/Soinho;1;Normal
19869;2021-06-15T08:35:38;RS;Santa Maria;Obtido pelo GPS ou informado explicitamente;;15013;Macaco/Guariba/Bugio/Prego/Guigó;1;
19863;2021-04-13T13:30:00;GO;Goiânia;Obtido pelo GPS ou informado explicitamente;0.0;15007;Mico/Sagui/Soinho;1;
19862;2021-05-20T09:12:00;PR;Foz do Iguaçu;Obtido pelo GPS ou informado explicitamente;6.25;15006;Macaco/Guariba/Bugio/Prego/Guigó;1;
19861;2021-03-31T09:00:00;GO;Goiânia;Obtido pelo GPS ou informado explicitamente;0.0;15005;Mico/Sagui/Soinho;1;
19860;2021-06-14T09:47:45;PR;Tijucas do Sul;Obtido pelo GPS ou informado explicitamente;9.648;15004;Macaco/Guariba/Bugio/Prego/Guigó;1;
19859;2021-03-18T09:15:00;GO;Goiânia;Obtido pelo GPS ou informado explicitamente;0.0;15003;Mico/Sagui/Soinho;1;
19858;2021-05-19T08:21:00;PR;Foz do Iguaçu;Obtido pelo GPS ou informado explicitamente;6.24;15002;Macaco/Guariba/Bugio/Prego/Guigó;2;
19848;2021-06-10T15:14:00;GO;Goiânia;Obtido pelo GPS ou informado explicitamente;65.0;14992;Mico/Sagui/Soinho;1;
19847;2021-06-10T13:17:00;GO;Goiânia;Obtido pelo GPS ou informado explicitamente;0.0;14991;Mico/Sagui/Soinho;1;
19846;2021-06-10T10:49:00;GO;Goiânia;Obtido pelo GPS ou informado explicitamente;0.0;14990;Macaco/Guariba/Bugio/Prego/Guigó;1;
19842;2020-06-01T10:57:05;RJ;Magé;Coordenadas obtidas a partir do endereço;;14986;Mico/Sagui/Soinho;1;Normal
19841;2020-06-09T09:00:00;RJ;Magé;Coordenadas obtidas a partir do endereço;;14985;Mico/Sagui/Soinho;1;Normal
19837;2021-06-09T10:02:00;SC;Florianópolis;Obtido pelo GPS ou informado explicitamente;-1.0;14981;Macaco/Guariba/Bugio/Prego/Guigó;1;
19836;2021-06-01T16:00:00;SC;Florianópolis;Obtido pelo GPS ou informado explicitamente;0.0;14980;Mico/Sagui/Soinho;1;
19835;2021-06-01T15:57:00;SC;Florianópolis;Obtido pelo GPS ou informado explicitamente;0.0;14979;Mico/Sagui/Soinho;1;
19834;2021-05-31T15:50:00;SC;Florianópolis;Obtido pelo GPS ou informado explicitamente;0.0;14978;Mico/Sagui/Soinho;1;
19833;2021-05-29T17:47:00;SC;Florianópolis;Obtido pelo GPS ou informado explicitamente;0.0;14977;Mico/Sagui/Soinho;1;
19832;2021-05-29T15:41:00;SC;Florianópolis;Obtido pelo GPS ou informado explicitamente;0.0;14976;Mico/Sagui/Soinho;1;
19825;2021-06-08T15:01:26;RS;Restinga Seca;Obtido pelo GPS ou informado explicitamente;;14969;Macaco/Guariba/Bugio/Prego/Guigó;1;
19822;2021-06-04T14:30:00;SC;Arvoredo;Obtido pelo GPS ou informado explicitamente;-1.0;14966;Macaco/Guariba/Bugio/Prego/Guigó;1;
19821;2021-06-08T09:55:00;RS;Manoel Viana;Obtido pelo GPS ou informado explicitamente;3.9;14965;Macaco/Guariba/Bugio/Prego/Guigó;1;
19813;2021-06-06T16:15:00;SP;Campinas;Obtido pelo GPS ou informado explicitamente;0.0;14957;Macaco/Guariba/Bugio/Prego/Guigó;1;
19809;2021-06-04T19:25:00;PR;Pato Bragado;Obtido pelo GPS ou informado explicitamente;-1.0;14953;Macaco/Guariba/Bugio/Prego/Guigó;1;
19798;2021-05-18T12:16:00;RJ;Magé;Obtido pelo GPS ou informado explicitamente;0.0;14942;Mico/Sagui/Soinho;1;Estranho
19790;2021-05-18T12:25:00;RJ;Magé;Obtido pelo GPS ou informado explicitamente;0.0;14934;Mico/Sagui/Soinho;1;Normal
19786;2021-06-04T10:48:00;GO;Goiânia;Obtido pelo GPS ou informado explicitamente;0.0;14930;Mico/Sagui/Soinho;1;
19774;2021-06-01T22:00:00;GO;Goiânia;Obtido pelo GPS ou informado explicitamente;0.0;14918;Macaco/Guariba/Bugio/Prego/Guigó;1;
19772;2021-06-02T10:43:00;GO;Goiânia;Obtido pelo GPS ou informado explicitamente;0.0;14916;Mico/Sagui/Soinho;4;Normal
19765;2021-06-01T15:11:26;RJ;Magé;Obtido pelo GPS ou informado explicitamente;16.0;14909;Mico/Sagui/Soinho;1;Normal
19764;2021-05-22T08:00:00;PR;Foz do Iguaçu;Coordenadas obtidas a partir do endereço;;14908;Macaco/Guariba/Bugio/Prego/Guigó;1;Doente
19762;2021-06-01T12:18:00;GO;Goiânia;Obtido pelo GPS ou informado explicitamente;0.0;14906;Mico/Sagui/Soinho;1;
19760;2021-06-01T09:48:00;RS;Linha Nova;Obtido pelo GPS ou informado explicitamente;19.296;14904;Macaco/Guariba/Bugio/Prego/Guigó;1;
19752;2021-05-27T07:26:00;MG;Ipatinga;Obtido pelo GPS ou informado explicitamente;20.082;14896;Mico/Sagui/Soinho;1;
19751;2021-05-26T15:30:00;MG;Juiz de Fora;Coordenadas obtidas a partir do endereço;-1.0;14895;Mico/Sagui/Soinho;3;Normal
19742;2021-05-28T15:03:00;MG;Itapagipe;Coordenadas obtidas a partir do endereço;-1.0;14886;Mico/Sagui/Soinho;1;
19736;2021-05-27T14:14:00;SC;Florianópolis;Obtido pelo GPS ou informado explicitamente;0.0;14880;Mico/Sagui/Soinho;1;
19735;2021-05-27T14:11:00;SC;Florianópolis;Obtido pelo GPS ou informado explicitamente;0.0;14879;Mico/Sagui/Soinho;1;
19734;2021-05-27T09:08:00;SC;Florianópolis;Obtido pelo GPS ou informado explicitamente;0.0;14878;Mico/Sagui/Soinho;1;
19732;2021-05-20T14:05:00;SC;Florianópolis;Obtido pelo GPS ou informado explicitamente;0.0;14876;Mico/Sagui/Soinho;1;
19731;2021-05-19T19:02:00;SC;Florianópolis;Obtido pelo GPS ou informado explicitamente;-1.0;14875;Mico/Sagui/Soinho;1;
19730;2021-05-19T14:00:00;SC;Florianópolis;Obtido pelo GPS ou informado explicitamente;-1.0;14874;Mico/Sagui/Soinho;1;
19729;2021-05-19T13:57:00;SC;Florianópolis;Obtido pelo GPS ou informado explicitamente;53.094;14873;Mico/Sagui/Soinho;1;
19728;2021-05-17T13:49:00;SC;Florianópolis;Obtido pelo GPS ou informado explicitamente;0.0;14872;Mico/Sagui/Soinho;1;
19717;2021-05-27T10:30:00;GO;Goiânia;Obtido pelo GPS ou informado explicitamente;0.0;14861;Mico/Sagui/Soinho;1;
19700;2021-05-23T09:38:54;RJ;Magé;Obtido pelo GPS ou informado explicitamente;8.576;14843;Macaco/Guariba/Bugio/Prego/Guigó;9;Normal
19684;2021-05-25T16:53:16;DF;Brasília;Obtido pelo GPS ou informado explicitamente;64.1;14827;Mico/Sagui/Soinho;10;
19684;2021-05-25T16:53:16;DF;Brasília;Obtido pelo GPS ou informado explicitamente;64.1;14826;Mico/Sagui/Soinho;10;
19672;2021-05-23T08:20:00;RS;Canela;Obtido pelo GPS ou informado explicitamente;3.66;14813;Macaco/Guariba/Bugio/Prego/Guigó;1;Doente
19664;2021-05-24T11:18:30;RS;Alto Feliz;Coordenadas obtidas a partir do endereço;;14805;Macaco/Guariba/Bugio/Prego/Guigó;1;
19654;2021-05-23T09:06:00;RJ;Magé;Obtido pelo GPS ou informado explicitamente;12.054;14795;Macaco/Guariba/Bugio/Prego/Guigó;8;Normal
19640;2021-05-20T15:25:00;SC;Urussanga;Obtido pelo GPS ou informado explicitamente;6.217;14781;Macaco/Guariba/Bugio/Prego/Guigó;1;
19639;2021-04-16T14:59:00;RS;Barão do Triunfo;Obtido pelo GPS ou informado explicitamente;64.1;14780;Macaco/Guariba/Bugio/Prego/Guigó;1;
19633;2021-04-20T11:23:00;RS;Sertão Santana;Obtido pelo GPS ou informado explicitamente;4.0;14774;Macaco/Guariba/Bugio/Prego/Guigó;1;
19629;2021-05-20T10:11:48;DF;Brasília;Obtido pelo GPS ou informado explicitamente;43.987;14770;Mico/Sagui/Soinho;1;
19617;2021-04-16T14:59:00;RS;Barão do Triunfo;Obtido pelo GPS ou informado explicitamente;64.1;14758;Macaco/Guariba/Bugio/Prego/Guigó;1;
19616;2021-05-19T14:02:00;RJ;Teresópolis;Obtido pelo GPS ou informado explicitamente;82.5;14757;Mico/Sagui/Soinho;3;Normal
19610;2021-05-18T17:00:00;SC;São Joaquim;Obtido pelo GPS ou informado explicitamente;-1.0;14751;Macaco/Guariba/Bugio/Prego/Guigó;1;
19609;2021-05-18T11:35:00;SC;Urussanga;Obtido pelo GPS ou informado explicitamente;-1.0;14750;Macaco/Guariba/Bugio/Prego/Guigó;1;
19607;2021-05-18T10:35:00;SC;Urussanga;Obtido pelo GPS ou informado explicitamente;-1.0;14748;Macaco/Guariba/Bugio/Prego/Guigó;1;
19604;2021-05-17T15:54:10;PR;São José dos Pinhais;Coordenadas obtidas a partir do endereço;;14744;Macaco/Guariba/Bugio/Prego/Guigó;1;Doente
19602;2021-04-24T15:14:00;RS;Barra do Ribeiro;Obtido pelo GPS ou informado explicitamente;3.0;14742;Macaco/Guariba/Bugio/Prego/Guigó;1;
19599;2021-05-17T09:04:00;SC;Urussanga;Obtido pelo GPS ou informado explicitamente;9.648;14739;Macaco/Guariba/Bugio/Prego/Guigó;1;
19589;2021-05-15T10:20:20;RJ;Magé;Obtido pelo GPS ou informado explicitamente;14.099;14729;Mico/Sagui/Soinho;2;Normal
19584;2021-05-14T14:30:00;RS;São Marcos;Obtido pelo GPS ou informado explicitamente;0.0;14724;Macaco/Guariba/Bugio/Prego/Guigó;1;
19575;2021-05-14T12:52:00;RJ;Teresópolis;Obtido pelo GPS ou informado explicitamente;19.52;14715;Mico/Sagui/Soinho;1;Normal
19573;2021-05-12T13:26:00;RS;São Francisco de Paula;Obtido pelo GPS ou informado explicitamente;3.9;14713;Macaco/Guariba/Bugio/Prego/Guigó;1;
19572;2021-05-08T10:51:00;GO;Goiânia;Obtido pelo GPS ou informado explicitamente;0.0;14712;Macaco/Guariba/Bugio/Prego/Guigó;3;
19571;2020-12-15T10:23:00;RJ;Teresópolis;Obtido pelo GPS ou informado explicitamente;0.0;14711;Mico/Sagui/Soinho;5;Normal
19568;2021-05-12T15:00:12;RS;Caxias do Sul;Obtido pelo GPS ou informado explicitamente;14.0;14708;Macaco/Guariba/Bugio/Prego/Guigó;2;
19566;2021-05-10T14:13:00;SC;Florianópolis;Obtido pelo GPS ou informado explicitamente;0.0;14706;Mico/Sagui/Soinho;1;
19565;2021-05-12T11:30:16;PE;Bom Jardim;Obtido pelo GPS ou informado explicitamente;6.1;14705;Mico/Sagui/Soinho;1;
19564;2021-05-07T16:47:00;MG;Maria da Fé;Obtido pelo GPS ou informado explicitamente;0.0;14704;Macaco/Guariba/Bugio/Prego/Guigó;1;
19564;2021-05-07T16:47:00;MG;Maria da Fé;Obtido pelo GPS ou informado explicitamente;0.0;14703;Macaco/Guariba/Bugio/Prego/Guigó;1;
19563;2021-05-11T18:15:00;SP;Campinas;Obtido pelo GPS ou informado explicitamente;10.495;14702;Mico/Sagui/Soinho;1;
19562;2021-05-11T10:47:00;RS;Caxias do Sul;Obtido pelo GPS ou informado explicitamente;-1.0;14701;Macaco/Guariba/Bugio/Prego/Guigó;1;
19557;2021-05-06T14:22:00;RS;Paraíso do Sul;Obtido pelo GPS ou informado explicitamente;33.474;14696;Macaco/Guariba/Bugio/Prego/Guigó;1;
19556;2021-05-09T14:00:00;PR;Pato Bragado;Obtido pelo GPS ou informado explicitamente;122.4;14695;Macaco/Guariba/Bugio/Prego/Guigó;1;
19555;2021-05-07T14:46:00;SC;Florianópolis;Obtido pelo GPS ou informado explicitamente;-1.0;14694;Mico/Sagui/Soinho;1;
19554;2021-05-05T15:32:00;SC;Florianópolis;Obtido pelo GPS ou informado explicitamente;0.0;14693;Mico/Sagui/Soinho;1;
19553;2021-05-04T10:29:00;SC;Florianópolis;Obtido pelo GPS ou informado explicitamente;-1.0;14692;Mico/Sagui/Soinho;1;
19552;2021-05-03T14:23:00;SC;Florianópolis;Obtido pelo GPS ou informado explicitamente;-1.0;14691;Mico/Sagui/Soinho;1;
19551;2021-05-02T16:20:00;SC;Florianópolis;Obtido pelo GPS ou informado explicitamente;0.0;14690;Mico/Sagui/Soinho;1;
19550;2021-05-02T14:12:00;SC;Florianópolis;Obtido pelo GPS ou informado explicitamente;0.0;14689;Mico/Sagui/Soinho;1;
19549;2021-04-30T09:03:00;SC;Florianópolis;Obtido pelo GPS ou informado explicitamente;0.0;14688;Mico/Sagui/Soinho;1;
19543;2021-05-10T07:33:00;RJ;Petrópolis;Coordenadas obtidas a partir do endereço;;14682;Mico/Sagui/Soinho;1;Normal
19539;2021-05-09T14:50:00;SP;Campinas;Obtido pelo GPS ou informado explicitamente;82.5;14678;Macaco/Guariba/Bugio/Prego/Guigó;10;Normal
19526;2021-05-07T15:02:00;SP;Campinas;Obtido pelo GPS ou informado explicitamente;0.0;14663;Mico/Sagui/Soinho;1;
19524;2021-04-30T10:54:06;RJ;Magé;Obtido pelo GPS ou informado explicitamente;64.1;14661;Mico/Sagui/Soinho;1;Normal
19514;2021-05-07T08:17:23;RS;Jaquirana;Coordenadas obtidas a partir do endereço;;14651;Macaco/Guariba/Bugio/Prego/Guigó;2;
19391;2021-05-02T09:00:00;SP;Campinas;Coordenadas obtidas a partir do endereço;;14649;Macaco/Guariba/Bugio/Prego/Guigó;2;
19508;2021-05-06T13:53:00;RS;Bom Jesus;Obtido pelo GPS ou informado explicitamente;20.0;14645;Macaco/Guariba/Bugio/Prego/Guigó;1;
19506;2021-05-05T13:28:00;PR;Curitiba;Obtido pelo GPS ou informado explicitamente;0.0;14643;Mico/Sagui/Soinho;1;
19505;2021-05-06T08:56:36;RS;Camaquã;Obtido pelo GPS ou informado explicitamente;17.0;14642;Macaco/Guariba/Bugio/Prego/Guigó;1;
19497;2021-05-02T09:00:00;SP;Campinas;Obtido pelo GPS ou informado explicitamente;0.0;14634;Macaco/Guariba/Bugio/Prego/Guigó;2;
19493;2021-05-05T11:13:08;SP;Campinas;Obtido pelo GPS ou informado explicitamente;17.335;14630;Mico/Sagui/Soinho;4;Normal
19489;2021-05-04T15:57:00;RS;Caxias do Sul;Obtido pelo GPS ou informado explicitamente;16.5;14626;Macaco/Guariba/Bugio/Prego/Guigó;1;
19488;2021-05-04T17:36:04;SC;Urussanga;Obtido pelo GPS ou informado explicitamente;8.576;14625;Macaco/Guariba/Bugio/Prego/Guigó;1;
19487;2021-05-04T14:25:56;SC;Urussanga;Obtido pelo GPS ou informado explicitamente;8.5;14624;Macaco/Guariba/Bugio/Prego/Guigó;1;
19486;2021-05-04T14:23:22;SC;Urussanga;Obtido pelo GPS ou informado explicitamente;3.68;14623;Macaco/Guariba/Bugio/Prego/Guigó;1;
19485;2021-05-04T15:23:00;MG;Arinos;Obtido pelo GPS ou informado explicitamente;12.6;14622;Macaco/Guariba/Bugio/Prego/Guigó;1;
19484;2021-05-04T15:17:13;MG;Arinos;Obtido pelo GPS ou informado explicitamente;10.8;14621;Macaco/Guariba/Bugio/Prego/Guigó;1;
19483;2021-05-04T17:10:27;SC;Urussanga;Obtido pelo GPS ou informado explicitamente;3.43;14620;Macaco/Guariba/Bugio/Prego/Guigó;1;
19482;2021-05-04T14:47:00;RS;Farroupilha;Obtido pelo GPS ou informado explicitamente;11.792;14619;Macaco/Guariba/Bugio/Prego/Guigó;1;
19481;2021-05-04T12:15:00;GO;Goiânia;Obtido pelo GPS ou informado explicitamente;0.0;14618;Macaco/Guariba/Bugio/Prego/Guigó;1;
19480;2021-04-28T09:45:00;SC;Florianópolis;Obtido pelo GPS ou informado explicitamente;26.4;14617;Mico/Sagui/Soinho;1;
19479;2021-04-28T09:25:00;SC;Florianópolis;Obtido pelo GPS ou informado explicitamente;-1.0;14616;Mico/Sagui/Soinho;1;
19478;2021-05-03T17:17:00;RS;Flores da Cunha;Obtido pelo GPS ou informado explicitamente;34.4;14615;Macaco/Guariba/Bugio/Prego/Guigó;1;
19478;2021-05-03T17:17:00;RS;Flores da Cunha;Obtido pelo GPS ou informado explicitamente;34.4;14614;Macaco/Guariba/Bugio/Prego/Guigó;1;
19477;2021-05-03T02:20:00;PR;Maringá;Obtido pelo GPS ou informado explicitamente;24.007;14613;Mico/Sagui/Soinho;1;Estranho
19476;2021-05-04T10:14:41;SP;Campinas;Coordenadas obtidas a partir do endereço;;14612;Macaco/Guariba/Bugio/Prego/Guigó;1;Normal
19452;2021-05-03T18:38:00;BA;Santa Cruz Cabrália;Coordenadas obtidas a partir do endereço;-1.0;14586;Macaco/Guariba/Bugio/Prego/Guigó;1;
19449;2021-05-03T16:04:03;RS;Caxias do Sul;Obtido pelo GPS ou informado explicitamente;3.9;14583;Macaco/Guariba/Bugio/Prego/Guigó;1;
19448;2021-05-03T14:44:56;RS;São Marcos;Obtido pelo GPS ou informado explicitamente;0.0;14582;Macaco/Guariba/Bugio/Prego/Guigó;3;
19446;2021-05-01T15:00:00;RS;Flores da Cunha;Coordenadas obtidas a partir do endereço;-1.0;14580;Macaco/Guariba/Bugio/Prego/Guigó;1;
19442;2021-05-03T10:27:53;RS;Campestre da Serra;Obtido pelo GPS ou informado explicitamente;9.473;14576;Macaco/Guariba/Bugio/Prego/Guigó;2;
19441;2021-05-02T16:00:00;SP;Campinas;Obtido pelo GPS ou informado explicitamente;0.0;14575;Mico/Sagui/Soinho;1;
19440;2021-05-02T09:00:00;SP;Campinas;Obtido pelo GPS ou informado explicitamente;0.0;14574;Macaco/Guariba/Bugio/Prego/Guigó;2;
19438;2021-04-28T16:15:00;SC;Florianópolis;Obtido pelo GPS ou informado explicitamente;-1.0;14572;Mico/Sagui/Soinho;1;
19437;2021-04-28T15:03:00;SC;Florianópolis;Obtido pelo GPS ou informado explicitamente;-1.0;14571;Mico/Sagui/Soinho;1;
19436;2021-05-02T16:49:44;SP;Campinas;Obtido pelo GPS ou informado explicitamente;87.6;14570;Mico/Sagui/Soinho;1;
19435;2021-05-02T15:13:00;SP;Campinas;Obtido pelo GPS ou informado explicitamente;10.005;14569;Mico/Sagui/Soinho;1;
19434;2021-05-02T10:59:29;SC;Urussanga;Obtido pelo GPS ou informado explicitamente;9.648;14568;Macaco/Guariba/Bugio/Prego/Guigó;1;
19433;2021-05-02T10:23:30;SC;Urussanga;Obtido pelo GPS ou informado explicitamente;3.9;14567;Macaco/Guariba/Bugio/Prego/Guigó;1;
19430;2021-05-02T10:15:00;SC;Urussanga;Obtido pelo GPS ou informado explicitamente;3.63;14564;Macaco/Guariba/Bugio/Prego/Guigó;1;
19429;2021-05-02T09:37:00;RS;Feliz;Obtido pelo GPS ou informado explicitamente;128.899;14563;Macaco/Guariba/Bugio/Prego/Guigó;1;
19427;2021-05-01T15:47:38;SC;Itajaí;Obtido pelo GPS ou informado explicitamente;1.1;14561;Mico/Sagui/Soinho;1;Normal
19424;2021-05-01T11:18:00;RS;Nova Petrópolis;Obtido pelo GPS ou informado explicitamente;10.72;14558;Macaco/Guariba/Bugio/Prego/Guigó;1;
19416;2021-04-30T12:00:00;SP;Campinas;Obtido pelo GPS ou informado explicitamente;0.0;14550;Mico/Sagui/Soinho;1;
19414;2021-04-29T15:24:00;RS;São Marcos;Obtido pelo GPS ou informado explicitamente;0.0;14548;Macaco/Guariba/Bugio/Prego/Guigó;1;
19413;2021-04-23T12:53:00;RS;Porto Alegre;Obtido pelo GPS ou informado explicitamente;23.208;14547;Macaco/Guariba/Bugio/Prego/Guigó;1;
19412;2021-04-30T10:42:54;RS;São Marcos;Obtido pelo GPS ou informado explicitamente;0.0;14546;Macaco/Guariba/Bugio/Prego/Guigó;1;
19411;2021-04-30T11:07:00;RJ;Magé;Obtido pelo GPS ou informado explicitamente;56.1;14545;Mico/Sagui/Soinho;4;Normal
19410;2021-04-30T10:34:11;RJ;Magé;Obtido pelo GPS ou informado explicitamente;9.029;14544;Mico/Sagui/Soinho;2;Normal
19409;2021-04-30T10:52:05;RS;Muitos Capões;Obtido pelo GPS ou informado explicitamente;;14543;Macaco/Guariba/Bugio/Prego/Guigó;4;
19408;2021-04-30T10:40:15;RS;Muitos Capões;Obtido pelo GPS ou informado explicitamente;;14542;Macaco/Guariba/Bugio/Prego/Guigó;3;
19406;2021-04-30T10:31:09;RS;Muitos Capões;Obtido pelo GPS ou informado explicitamente;;14540;Macaco/Guariba/Bugio/Prego/Guigó;4;
19404;2021-04-30T10:07:14;RS;Muitos Capões;Obtido pelo GPS ou informado explicitamente;;14538;Macaco/Guariba/Bugio/Prego/Guigó;1;
19403;2021-04-30T09:38:06;RS;Muitos Capões;Obtido pelo GPS ou informado explicitamente;;14537;Macaco/Guariba/Bugio/Prego/Guigó;4;
19402;2021-04-30T08:57:02;RS;Muitos Capões;Obtido pelo GPS ou informado explicitamente;;14536;Macaco/Guariba/Bugio/Prego/Guigó;1;
19401;2021-04-30T09:20:42;SC;Urussanga;Obtido pelo GPS ou informado explicitamente;19.095;14535;Macaco/Guariba/Bugio/Prego/Guigó;1;
19401;2021-04-30T09:20:42;SC;Urussanga;Obtido pelo GPS ou informado explicitamente;19.095;14534;Macaco/Guariba/Bugio/Prego/Guigó;1;
19399;2021-04-30T08:43:39;RS;Muitos Capões;Obtido pelo GPS ou informado explicitamente;;14532;Macaco/Guariba/Bugio/Prego/Guigó;1;
19397;2021-04-30T08:37:27;RS;Muitos Capões;Obtido pelo GPS ou informado explicitamente;;14530;Macaco/Guariba/Bugio/Prego/Guigó;1;
19396;2021-04-30T08:31:36;RS;Muitos Capões;Obtido pelo GPS ou informado explicitamente;;14529;Macaco/Guariba/Bugio/Prego/Guigó;2;
19395;2021-04-29T11:42:19;MG;Curvelo;Obtido pelo GPS ou informado explicitamente;3.9;14528;Mico/Sagui/Soinho;1;
18409;2021-04-27T15:49:00;PR;Quatro Pontes;Coordenadas obtidas a partir do endereço;-1.0;14524;Macaco/Guariba/Bugio/Prego/Guigó;1;
18407;2021-04-29T12:33:00;RS;Cerro Grande do Sul;Obtido pelo GPS ou informado explicitamente;24.0;14522;Macaco/Guariba/Bugio/Prego/Guigó;2;
18406;2021-04-29T12:19:00;RS;Cerro Grande do Sul;Obtido pelo GPS ou informado explicitamente;24.0;14521;Macaco/Guariba/Bugio/Prego/Guigó;1;
18405;2021-04-29T12:01:00;RS;Sertão Santana;Obtido pelo GPS ou informado explicitamente;3.95;14520;Macaco/Guariba/Bugio/Prego/Guigó;1;
18404;2021-04-29T14:31:39;RS;Muitos Capões;Obtido pelo GPS ou informado explicitamente;;14519;Macaco/Guariba/Bugio/Prego/Guigó;3;
18403;2021-04-29T14:06:16;RS;Muitos Capões;Obtido pelo GPS ou informado explicitamente;;14518;Macaco/Guariba/Bugio/Prego/Guigó;1;
18402;2021-04-29T13:31:45;RS;Muitos Capões;Obtido pelo GPS ou informado explicitamente;;14517;Macaco/Guariba/Bugio/Prego/Guigó;1;
18401;2021-04-29T13:06:51;RS;Muitos Capões;Obtido pelo GPS ou informado explicitamente;;14516;Macaco/Guariba/Bugio/Prego/Guigó;1;Doente
18399;2021-04-29T11:37:00;RS;Rolante;Obtido pelo GPS ou informado explicitamente;3.9;14514;Macaco/Guariba/Bugio/Prego/Guigó;1;
18398;2021-04-28T17:04:00;RS;Passo do Sobrado;Obtido pelo GPS ou informado explicitamente;4.516;14513;Macaco/Guariba/Bugio/Prego/Guigó;1;
18397;2021-04-29T10:12:15;RS;Muitos Capões;Obtido pelo GPS ou informado explicitamente;;14512;Macaco/Guariba/Bugio/Prego/Guigó;1;
17890;2021-04-28T10:42:40;RJ;Magé;Obtido pelo GPS ou informado explicitamente;3.9;14492;Mico/Sagui/Soinho;1;Normal
17888;2021-04-28T15:35:00;RS;General Câmara;Obtido pelo GPS ou informado explicitamente;24.0;14490;Macaco/Guariba/Bugio/Prego/Guigó;1;
17885;2021-04-28T15:55:00;RS;Passo do Sobrado;Obtido pelo GPS ou informado explicitamente;9.1;14487;Macaco/Guariba/Bugio/Prego/Guigó;1;
17882;2021-04-28T11:39:00;SC;Lages;Obtido pelo GPS ou informado explicitamente;28.823;14484;Macaco/Guariba/Bugio/Prego/Guigó;1;
17880;2021-04-28T11:42:00;RJ;Magé;Obtido pelo GPS ou informado explicitamente;11.267;14482;Mico/Sagui/Soinho;4;Normal
17879;2021-04-28T11:22:00;RJ;Magé;Obtido pelo GPS ou informado explicitamente;34.637;14481;Mico/Sagui/Soinho;2;Normal
17878;2021-04-20T13:16:00;RS;Rolante;Obtido pelo GPS ou informado explicitamente;3.9;14480;Macaco/Guariba/Bugio/Prego/Guigó;1;
17877;2021-04-28T10:25:00;RS;Guabiju;Obtido pelo GPS ou informado explicitamente;3.216;14479;Macaco/Guariba/Bugio/Prego/Guigó;1;
17876;2021-04-28T10:23:37;RS;Caxias do Sul;Obtido pelo GPS ou informado explicitamente;29.5;14478;Macaco/Guariba/Bugio/Prego/Guigó;1;
17873;2021-04-28T08:42:00;RS;Guabiju;Obtido pelo GPS ou informado explicitamente;9.648001;14475;Macaco/Guariba/Bugio/Prego/Guigó;1;
17871;2021-04-27T15:38:30;RS;Caxias do Sul;Obtido pelo GPS ou informado explicitamente;30.5;14473;Macaco/Guariba/Bugio/Prego/Guigó;1;
17870;2021-04-27T14:39:00;RS;Caxias do Sul;Obtido pelo GPS ou informado explicitamente;8.5;14472;Macaco/Guariba/Bugio/Prego/Guigó;5;
17869;2021-04-27T14:57:00;RS;General Câmara;Obtido pelo GPS ou informado explicitamente;32.0;14471;Macaco/Guariba/Bugio/Prego/Guigó;1;
17868;2021-04-19T14:45:00;RS;Antônio Prado;Obtido pelo GPS ou informado explicitamente;0.0;14470;Macaco/Guariba/Bugio/Prego/Guigó;1;
17867;2021-04-27T14:52:00;RS;Venâncio Aires;Obtido pelo GPS ou informado explicitamente;27.186;14469;Macaco/Guariba/Bugio/Prego/Guigó;1;
17866;2021-04-26T13:45:00;RS;Imigrante;Obtido pelo GPS ou informado explicitamente;0.0;14468;Macaco/Guariba/Bugio/Prego/Guigó;1;
17865;2021-04-26T11:23:00;MG;Várzea da Palma;Obtido pelo GPS ou informado explicitamente;0.0;14467;Macaco/Guariba/Bugio/Prego/Guigó;3;
17863;2021-04-27T10:16:04;MG;Chapada Gaúcha;Obtido pelo GPS ou informado explicitamente;4.0;14465;Macaco/Guariba/Bugio/Prego/Guigó;1;
17862;2021-04-26T14:45:00;SC;Florianópolis;Obtido pelo GPS ou informado explicitamente;-1.0;14464;Macaco/Guariba/Bugio/Prego/Guigó;1;Doente
17861;2021-04-25T09:37:00;SC;Florianópolis;Obtido pelo GPS ou informado explicitamente;-1.0;14463;Mico/Sagui/Soinho;1;
17860;2021-04-24T12:30:00;SC;Florianópolis;Obtido pelo GPS ou informado explicitamente;-1.0;14462;Mico/Sagui/Soinho;1;
17852;2021-04-26T08:51:00;RS;Bom Jesus;Obtido pelo GPS ou informado explicitamente;14.633;14454;Macaco/Guariba/Bugio/Prego/Guigó;1;
17851;2021-04-26T08:41:00;RS;Bom Jesus;Obtido pelo GPS ou informado explicitamente;20.0;14453;Macaco/Guariba/Bugio/Prego/Guigó;1;
17850;2021-04-27T08:26:56;SC;Concórdia;Obtido pelo GPS ou informado explicitamente;4.0;14452;Macaco/Guariba/Bugio/Prego/Guigó;1;
17849;2021-04-26T10:12:00;RS;Bom Jesus;Obtido pelo GPS ou informado explicitamente;3.9;14451;Macaco/Guariba/Bugio/Prego/Guigó;2;
17846;2021-04-25T14:58:00;RJ;Rio de Janeiro;Coordenadas obtidas a partir do endereço;-1.0;14448;Mico/Sagui/Soinho;3;Normal
17845;2021-04-26T16:32:00;RS;Linha Nova;Obtido pelo GPS ou informado explicitamente;11.792;14447;Macaco/Guariba/Bugio/Prego/Guigó;1;
17844;2021-04-26T14:30:00;RS;São Marcos;Obtido pelo GPS ou informado explicitamente;0.0;14446;Macaco/Guariba/Bugio/Prego/Guigó;1;
17842;2021-04-26T11:00:31;RS;Caxias do Sul;Obtido pelo GPS ou informado explicitamente;8.0;14444;Macaco/Guariba/Bugio/Prego/Guigó;1;
17839;2021-04-25T14:59:18;PR;Curitiba;Obtido pelo GPS ou informado explicitamente;65.0;14441;Mico/Sagui/Soinho;1;
17837;2021-04-17T14:00:00;RS;Antônio Prado;Obtido pelo GPS ou informado explicitamente;0.0;14439;Macaco/Guariba/Bugio/Prego/Guigó;1;Doente
17836;2021-04-25T08:30:00;RS;Caxias do Sul;Obtido pelo GPS ou informado explicitamente;0.0;14438;Macaco/Guariba/Bugio/Prego/Guigó;1;
17835;2021-04-23T17:59:00;RS;Caxias do Sul;Obtido pelo GPS ou informado explicitamente;25.0;14437;Macaco/Guariba/Bugio/Prego/Guigó;1;
17826;2021-04-17T10:27:00;RJ;Teresópolis;Obtido pelo GPS ou informado explicitamente;20.4;14428;Mico/Sagui/Soinho;4;Normal
17823;2021-04-18T17:43:00;RJ;Itatiaia;Obtido pelo GPS ou informado explicitamente;21.44;14425;Macaco/Guariba/Bugio/Prego/Guigó;13;Normal
17821;2021-04-18T17:43:00;RJ;Itatiaia;Obtido pelo GPS ou informado explicitamente;21.44;14423;Macaco/Guariba/Bugio/Prego/Guigó;13;Normal
17820;2021-04-18T17:43:00;RJ;Itatiaia;Obtido pelo GPS ou informado explicitamente;21.44;14422;Macaco/Guariba/Bugio/Prego/Guigó;13;Normal
17814;2021-04-09T17:08:00;RJ;Itatiaia;Obtido pelo GPS ou informado explicitamente;15.008;14416;Macaco/Guariba/Bugio/Prego/Guigó;3;Normal
17807;2021-04-24T10:00:00;GO;Pirenópolis;Obtido pelo GPS ou informado explicitamente;0.0;14409;Macaco/Guariba/Bugio/Prego/Guigó;4;Normal
17805;2021-04-24T15:27:00;PR;Curitiba;Obtido pelo GPS ou informado explicitamente;0.0;14407;Mico/Sagui/Soinho;1;
17797;2021-04-23T14:59:36;RS;São Marcos;Obtido pelo GPS ou informado explicitamente;2.16;14399;Macaco/Guariba/Bugio/Prego/Guigó;1;
17796;2021-04-23T14:29:00;RS;São Marcos;Obtido pelo GPS ou informado explicitamente;0.0;14398;Macaco/Guariba/Bugio/Prego/Guigó;1;
17793;2021-04-23T08:58:00;RS;Bom Jesus;Obtido pelo GPS ou informado explicitamente;18.029;14395;Macaco/Guariba/Bugio/Prego/Guigó;1;
17785;2021-04-22T15:36:00;RS;Jaquirana;Obtido pelo GPS ou informado explicitamente;3.79;14387;Macaco/Guariba/Bugio/Prego/Guigó;1;
17784;2021-04-20T09:37:00;SC;Florianópolis;Obtido pelo GPS ou informado explicitamente;-1.0;14386;Mico/Sagui/Soinho;1;
17783;2021-04-22T14:59:53;RS;Venâncio Aires;Obtido pelo GPS ou informado explicitamente;15.008;14385;Macaco/Guariba/Bugio/Prego/Guigó;1;
17782;2021-04-22T14:11:07;RS;São Marcos;Obtido pelo GPS ou informado explicitamente;8.5;14384;Macaco/Guariba/Bugio/Prego/Guigó;1;
17781;2021-04-22T09:29:29;RS;Caxias do Sul;Obtido pelo GPS ou informado explicitamente;33.5;14383;Macaco/Guariba/Bugio/Prego/Guigó;1;
17777;2021-04-20T11:22:00;RS;Camaquã;Obtido pelo GPS ou informado explicitamente;14.0;14379;Macaco/Guariba/Bugio/Prego/Guigó;1;
17776;2021-04-20T11:38:00;RS;Camaquã;Obtido pelo GPS ou informado explicitamente;9.0;14378;Macaco/Guariba/Bugio/Prego/Guigó;4;Normal
17775;2021-04-20T11:34:00;RS;Camaquã;Obtido pelo GPS ou informado explicitamente;21.5;14377;Macaco/Guariba/Bugio/Prego/Guigó;1;
17774;2021-04-20T10:46:00;RS;Camaquã;Obtido pelo GPS ou informado explicitamente;3.67;14376;Macaco/Guariba/Bugio/Prego/Guigó;1;
17773;2021-04-20T12:28:00;PI;Altos;Obtido pelo GPS ou informado explicitamente;82.5;14375;Macaco/Guariba/Bugio/Prego/Guigó;4;Normal
17772;2021-04-21T10:31:00;PI;Altos;Obtido pelo GPS ou informado explicitamente;82.5;14374;Macaco/Guariba/Bugio/Prego/Guigó;5;Normal
17771;2021-04-21T17:26:00;PI;Altos;Obtido pelo GPS ou informado explicitamente;64.1;14373;Macaco/Guariba/Bugio/Prego/Guigó;3;Normal
17769;2021-04-21T10:27:00;RJ;Rio de Janeiro;Coordenadas obtidas a partir do endereço;-1.0;14371;Mico/Sagui/Soinho;1;Normal
17763;2021-04-20T14:19:00;RS;Caxias do Sul;Obtido pelo GPS ou informado explicitamente;17.0;14365;Macaco/Guariba/Bugio/Prego/Guigó;2;
17762;2021-04-20T15:51:00;RS;Cerro Grande do Sul;Coordenadas obtidas a partir do endereço;-1.0;14364;Macaco/Guariba/Bugio/Prego/Guigó;1;
17757;2021-04-09T16:30:00;AL;Maceió;Obtido pelo GPS ou informado explicitamente;0.0;14359;Mico/Sagui/Soinho;1;Doente
17757;2021-04-09T16:30:00;AL;Maceió;Obtido pelo GPS ou informado explicitamente;0.0;14358;Mico/Sagui/Soinho;2;
17753;2021-04-20T10:16:00;SC;Pedras Grandes;Obtido pelo GPS ou informado explicitamente;12.864;14354;Macaco/Guariba/Bugio/Prego/Guigó;2;
17752;2021-04-12T14:21:00;RS;Restinga Seca;Obtido pelo GPS ou informado explicitamente;0.0;14353;Macaco/Guariba/Bugio/Prego/Guigó;1;
17751;2021-04-15T13:00:00;RS;Jaquirana;Obtido pelo GPS ou informado explicitamente;72.9;14352;Macaco/Guariba/Bugio/Prego/Guigó;1;
17747;2021-04-19T09:31:00;PR;Quinta do Sol;Coordenadas obtidas a partir do endereço;;14348;Macaco/Guariba/Bugio/Prego/Guigó;1;
17746;2021-04-15T10:36:00;RS;São Marcos;Obtido pelo GPS ou informado explicitamente;0.0;14347;Macaco/Guariba/Bugio/Prego/Guigó;1;
17745;2021-04-19T09:23:00;RS;São Marcos;Obtido pelo GPS ou informado explicitamente;0.0;14346;Macaco/Guariba/Bugio/Prego/Guigó;1;
17739;2021-04-18T08:20:00;PI;Altos;Obtido pelo GPS ou informado explicitamente;12.776;14340;Macaco/Guariba/Bugio/Prego/Guigó;1;Normal
17738;2021-04-18T09:23:00;PI;Altos;Obtido pelo GPS ou informado explicitamente;12.706;14339;Macaco/Guariba/Bugio/Prego/Guigó;1;Normal
17735;2021-04-16T14:41:06;RS;Caxias do Sul;Obtido pelo GPS ou informado explicitamente;4.0;14336;Macaco/Guariba/Bugio/Prego/Guigó;3;
17726;2021-04-15T14:14:24;RS;Eldorado do Sul;Obtido pelo GPS ou informado explicitamente;5.0;14327;Macaco/Guariba/Bugio/Prego/Guigó;1;
17724;2021-04-15T10:36:00;RS;Bom Jesus;Obtido pelo GPS ou informado explicitamente;20.0;14325;Macaco/Guariba/Bugio/Prego/Guigó;1;
17723;2021-04-15T09:49:00;RS;Guabiju;Obtido pelo GPS ou informado explicitamente;24.0;14324;Macaco/Guariba/Bugio/Prego/Guigó;2;
17720;2021-04-15T08:53:32;RS;Campestre da Serra;Obtido pelo GPS ou informado explicitamente;14.495;14321;Macaco/Guariba/Bugio/Prego/Guigó;1;
17718;2021-04-14T10:08:44;RJ;Magé;Obtido pelo GPS ou informado explicitamente;9.909;14319;Macaco/Guariba/Bugio/Prego/Guigó;2;Normal
17717;2021-04-14T14:00:58;RS;São Francisco de Paula;Obtido pelo GPS ou informado explicitamente;5.0;14318;Macaco/Guariba/Bugio/Prego/Guigó;1;
17716;2021-04-14T16:50:00;RS;São Marcos;Obtido pelo GPS ou informado explicitamente;14.01;14317;Macaco/Guariba/Bugio/Prego/Guigó;1;
17692;2021-01-27T16:00:00;SP;Campinas;Coordenadas obtidas a partir do endereço;-1.0;14290;Mico/Sagui/Soinho;1;Normal
17653;2021-04-14T10:26:00;RJ;Magé;Obtido pelo GPS ou informado explicitamente;27.872;14244;Macaco/Guariba/Bugio/Prego/Guigó;3;Normal
17648;2021-04-14T10:24:20;SC;Lages;Obtido pelo GPS ou informado explicitamente;22.755;14239;Macaco/Guariba/Bugio/Prego/Guigó;1;
17647;2021-04-14T10:08:03;SC;Lages;Obtido pelo GPS ou informado explicitamente;12.136;14238;Macaco/Guariba/Bugio/Prego/Guigó;3;
18389;2021-04-02T11:52:00;PI;Altos;Obtido pelo GPS ou informado explicitamente;77.6;14236;Mico/Sagui/Soinho;2;Normal
17643;2021-04-12T15:36:00;SC;São Joaquim;Obtido pelo GPS ou informado explicitamente;-1.0;14234;Macaco/Guariba/Bugio/Prego/Guigó;2;
17642;2021-04-13T14:18:00;RS;São Marcos;Obtido pelo GPS ou informado explicitamente;38.915;14233;Macaco/Guariba/Bugio/Prego/Guigó;1;
17641;2021-04-13T14:12:19;RS;Jaquirana;Obtido pelo GPS ou informado explicitamente;3.0;14232;Macaco/Guariba/Bugio/Prego/Guigó;2;
17640;2021-04-13T09:05:29;RS;Jaquirana;Obtido pelo GPS ou informado explicitamente;12.5;14231;Macaco/Guariba/Bugio/Prego/Guigó;1;
17639;2021-04-13T11:35:00;SC;Lages;Obtido pelo GPS ou informado explicitamente;-1.0;14230;Macaco/Guariba/Bugio/Prego/Guigó;1;
17638;2021-04-12T14:33:00;RJ;Teresópolis;Obtido pelo GPS ou informado explicitamente;0.0;14229;Mico/Sagui/Soinho;2;Normal
17633;2021-04-12T10:41:00;RS;São Marcos;Obtido pelo GPS ou informado explicitamente;0.0;14224;Macaco/Guariba/Bugio/Prego/Guigó;2;
17631;2021-04-02T16:04:00;RS;São Marcos;Obtido pelo GPS ou informado explicitamente;0.0;14222;Macaco/Guariba/Bugio/Prego/Guigó;1;
17629;2021-04-12T13:57:07;RS;Caxias do Sul;Obtido pelo GPS ou informado explicitamente;26.745;14220;Macaco/Guariba/Bugio/Prego/Guigó;1;
17628;2021-04-08T14:00:00;RS;Restinga Seca;Obtido pelo GPS ou informado explicitamente;30.115;14219;Macaco/Guariba/Bugio/Prego/Guigó;1;
17626;2021-04-11T16:26:40;RS;São Marcos;Obtido pelo GPS ou informado explicitamente;18.509;14217;Macaco/Guariba/Bugio/Prego/Guigó;1;
17626;2021-04-11T16:26:40;RS;São Marcos;Obtido pelo GPS ou informado explicitamente;18.509;14216;Macaco/Guariba/Bugio/Prego/Guigó;2;
17625;2021-04-11T15:06:42;RS;Caxias do Sul;Obtido pelo GPS ou informado explicitamente;23.0;14215;Macaco/Guariba/Bugio/Prego/Guigó;1;
17624;2021-04-11T15:51:49;SC;São José do Cedro;Obtido pelo GPS ou informado explicitamente;3.79;14214;Macaco/Guariba/Bugio/Prego/Guigó;2;
17616;2021-04-08T19:00:00;GO;Goiânia;Obtido pelo GPS ou informado explicitamente;0.0;14206;Macaco/Guariba/Bugio/Prego/Guigó;1;
17615;2021-04-09T15:50:00;RS;Bom Jesus;Obtido pelo GPS ou informado explicitamente;3.916;14205;Macaco/Guariba/Bugio/Prego/Guigó;2;
17613;2021-04-09T10:35:00;RS;Caxias do Sul;Obtido pelo GPS ou informado explicitamente;-1.0;14203;Macaco/Guariba/Bugio/Prego/Guigó;2;
17612;2021-04-09T10:44:42;RS;Caxias do Sul;Obtido pelo GPS ou informado explicitamente;16.0;14202;Macaco/Guariba/Bugio/Prego/Guigó;1;
17611;2021-04-09T14:10:00;RS;Caxias do Sul;Obtido pelo GPS ou informado explicitamente;12.0;14201;Macaco/Guariba/Bugio/Prego/Guigó;1;
17610;2021-04-09T13:49:13;SC;Jaraguá do Sul;Obtido pelo GPS ou informado explicitamente;16.0;14200;Mico/Sagui/Soinho;1;
17609;2021-04-09T11:30:00;PR;Londrina;Obtido pelo GPS ou informado explicitamente;0.0;14199;Macaco/Guariba/Bugio/Prego/Guigó;1;
17608;2021-04-09T09:34:00;PR;Curitiba;Obtido pelo GPS ou informado explicitamente;72.9;14198;Macaco/Guariba/Bugio/Prego/Guigó;1;
17605;2021-04-05T16:00:00;GO;Goiânia;Obtido pelo GPS ou informado explicitamente;0.0;14195;Mico/Sagui/Soinho;1;
17604;2021-03-30T22:00:00;GO;Goiânia;Obtido pelo GPS ou informado explicitamente;0.0;14194;Mico/Sagui/Soinho;1;
17603;2021-03-18T07:00:00;GO;Goiânia;Obtido pelo GPS ou informado explicitamente;0.0;14193;Mico/Sagui/Soinho;1;
17601;2021-04-07T15:00:00;RS;Santa Cruz do Sul;Obtido pelo GPS ou informado explicitamente;15.008;14191;Macaco/Guariba/Bugio/Prego/Guigó;1;
17600;2021-04-08T10:42:00;SC;Lages;Obtido pelo GPS ou informado explicitamente;56.128998;14190;Macaco/Guariba/Bugio/Prego/Guigó;1;
17599;2021-04-08T10:31:54;RS;Campestre da Serra;Obtido pelo GPS ou informado explicitamente;14.34;14189;Macaco/Guariba/Bugio/Prego/Guigó;7;
17598;2021-04-08T10:45:22;PR;Campo Largo;Obtido pelo GPS ou informado explicitamente;;14188;Macaco/Guariba/Bugio/Prego/Guigó;1;Normal
17597;2021-04-08T09:52:08;PI;Teresina;Obtido pelo GPS ou informado explicitamente;16.08;14187;Mico/Sagui/Soinho;1;
17593;2021-04-07T11:45:00;PR;Piraquara;Coordenadas obtidas a partir do endereço;-1.0;14183;Mico/Sagui/Soinho;1;
17592;2021-04-07T13:38:05;RS;Campestre da Serra;Obtido pelo GPS ou informado explicitamente;55.878;14182;Macaco/Guariba/Bugio/Prego/Guigó;1;
17591;2021-04-07T11:10:00;RS;Lagoa Vermelha;Obtido pelo GPS ou informado explicitamente;20.368;14181;Macaco/Guariba/Bugio/Prego/Guigó;1;
17590;2021-04-07T10:28:06;RS;Campestre da Serra;Obtido pelo GPS ou informado explicitamente;11.937;14180;Macaco/Guariba/Bugio/Prego/Guigó;1;
17589;2021-04-06T21:30:00;RS;Morro Reuter;Coordenadas obtidas a partir do endereço;-1.0;14179;Macaco/Guariba/Bugio/Prego/Guigó;1;
17588;2021-04-06T15:47:00;RS;Ciríaco;Obtido pelo GPS ou informado explicitamente;8.0;14178;Macaco/Guariba/Bugio/Prego/Guigó;1;
17580;2021-04-06T15:15:11;RS;Bom Jesus;Obtido pelo GPS ou informado explicitamente;3.9;14170;Macaco/Guariba/Bugio/Prego/Guigó;1;
17579;2021-04-06T14:16:36;RS;São José do Ouro;Obtido pelo GPS ou informado explicitamente;4.136;14169;Macaco/Guariba/Bugio/Prego/Guigó;1;
17578;2021-04-06T11:10:00;RS;Caxias do Sul;Obtido pelo GPS ou informado explicitamente;22.5;14168;Macaco/Guariba/Bugio/Prego/Guigó;1;
17576;2021-04-06T13:15:33;RS;Campestre da Serra;Obtido pelo GPS ou informado explicitamente;16.367;14166;Macaco/Guariba/Bugio/Prego/Guigó;1;
17575;2021-04-06T11:44:00;RS;Porto Alegre;Obtido pelo GPS ou informado explicitamente;12.0;14165;Macaco/Guariba/Bugio/Prego/Guigó;1;
17574;2021-04-06T10:34:00;PR;Londrina;Obtido pelo GPS ou informado explicitamente;0.0;14164;Macaco/Guariba/Bugio/Prego/Guigó;2;
17573;2021-03-09T10:02:00;RS;Antônio Prado;Coordenadas obtidas a partir do endereço;-1.0;14163;Macaco/Guariba/Bugio/Prego/Guigó;1;
17571;2021-04-05T14:39:00;SC;Florianópolis;Obtido pelo GPS ou informado explicitamente;-1.0;14161;Mico/Sagui/Soinho;1;
17570;2021-04-05T11:00:00;RS;Caxias do Sul;Obtido pelo GPS ou informado explicitamente;-1.0;14160;Macaco/Guariba/Bugio/Prego/Guigó;1;
17568;2021-04-03T16:53:00;RS;Caxias do Sul;Obtido pelo GPS ou informado explicitamente;3.79;14158;Macaco/Guariba/Bugio/Prego/Guigó;2;
17567;2021-04-01T19:05:00;SC;Florianópolis;Obtido pelo GPS ou informado explicitamente;-1.0;14157;Mico/Sagui/Soinho;1;
17563;2021-04-05T07:51:31;PR;Piraquara;Coordenadas obtidas a partir do endereço;;14153;Mico/Sagui/Soinho;1;
17554;2021-04-02T10:00:00;RS;Campestre da Serra;Obtido pelo GPS ou informado explicitamente;77.6;14144;Macaco/Guariba/Bugio/Prego/Guigó;1;
17553;2021-04-02T13:52:13;RS;Campestre da Serra;Obtido pelo GPS ou informado explicitamente;49.453;14143;Macaco/Guariba/Bugio/Prego/Guigó;1;
17552;2020-03-25T12:47:00;RJ;Magé;Obtido pelo GPS ou informado explicitamente;0.0;14142;Mico/Sagui/Soinho;1;Normal
17551;2021-03-21T17:44:00;RJ;Rio de Janeiro;Coordenadas obtidas a partir do endereço;-1.0;14141;Mico/Sagui/Soinho;1;Normal
17550;2021-03-26T11:58:00;RJ;Rio de Janeiro;Coordenadas obtidas a partir do endereço;-1.0;14140;Mico/Sagui/Soinho;1;Normal
17547;2021-04-01T18:22:00;RS;Bom Jesus;Obtido pelo GPS ou informado explicitamente;61.6;14137;Macaco/Guariba/Bugio/Prego/Guigó;1;
17546;2021-04-01T16:53:35;RS;Bom Jesus;Obtido pelo GPS ou informado explicitamente;2.66;14136;Macaco/Guariba/Bugio/Prego/Guigó;2;
17545;2021-04-01T15:09:17;SC;Painel;Obtido pelo GPS ou informado explicitamente;36.0;14135;Macaco/Guariba/Bugio/Prego/Guigó;1;
17543;2021-03-28T16:50:00;SC;Florianópolis;Coordenadas obtidas a partir do endereço;-1.0;14133;Mico/Sagui/Soinho;1;
17542;2021-03-27T16:02:00;SC;Florianópolis;Obtido pelo GPS ou informado explicitamente;-1.0;14132;Mico/Sagui/Soinho;1;
17541;2021-04-01T13:37:00;RS;Monte Alegre dos Campos;Obtido pelo GPS ou informado explicitamente;116.1;14131;Macaco/Guariba/Bugio/Prego/Guigó;1;
17540;2021-03-27T10:30:00;SC;Florianópolis;Obtido pelo GPS ou informado explicitamente;0.0;14130;Mico/Sagui/Soinho;1;
17539;2021-03-27T10:00:00;SC;Florianópolis;Obtido pelo GPS ou informado explicitamente;-1.0;14129;Mico/Sagui/Soinho;1;
17538;2021-03-16T09:17:00;SC;Florianópolis;Obtido pelo GPS ou informado explicitamente;12.864;14128;Mico/Sagui/Soinho;1;
17536;2021-04-01T09:42:59;RS;Bom Jesus;Obtido pelo GPS ou informado explicitamente;20.0;14126;Macaco/Guariba/Bugio/Prego/Guigó;1;
17534;2021-03-29T09:25:00;RS;Santa Cruz do Sul;Obtido pelo GPS ou informado explicitamente;0.0;14124;Macaco/Guariba/Bugio/Prego/Guigó;1;
17532;2021-03-31T10:12:35;SC;Jaraguá do Sul;Obtido pelo GPS ou informado explicitamente;0.0;14122;Macaco/Guariba/Bugio/Prego/Guigó;1;
17531;2021-03-15T10:21:00;RS;Muitos Capões;Obtido pelo GPS ou informado explicitamente;-1.0;14121;Macaco/Guariba/Bugio/Prego/Guigó;1;
17530;2021-03-15T10:11:00;RS;Muitos Capões;Obtido pelo GPS ou informado explicitamente;-1.0;14120;Macaco/Guariba/Bugio/Prego/Guigó;3;
17529;2021-03-02T10:02:00;RS;Muitos Capões;Obtido pelo GPS ou informado explicitamente;-1.0;14119;Macaco/Guariba/Bugio/Prego/Guigó;1;
17528;2021-03-12T09:44:00;RS;Muitos Capões;Obtido pelo GPS ou informado explicitamente;-1.0;14118;Macaco/Guariba/Bugio/Prego/Guigó;1;
17527;2021-03-12T09:39:00;RS;Muitos Capões;Obtido pelo GPS ou informado explicitamente;-1.0;14117;Macaco/Guariba/Bugio/Prego/Guigó;1;
17525;2021-03-30T11:02:00;PI;Altos;Obtido pelo GPS ou informado explicitamente;4080.0;14115;Macaco/Guariba/Bugio/Prego/Guigó;1;Normal
17524;2021-03-30T18:34:00;RS;André da Rocha;Obtido pelo GPS ou informado explicitamente;8.7;14114;Macaco/Guariba/Bugio/Prego/Guigó;1;
17523;2021-03-12T16:36:00;RS;Muitos Capões;Obtido pelo GPS ou informado explicitamente;-1.0;14113;Macaco/Guariba/Bugio/Prego/Guigó;1;
17522;2021-03-11T16:30:00;RS;Muitos Capões;Obtido pelo GPS ou informado explicitamente;-1.0;14112;Macaco/Guariba/Bugio/Prego/Guigó;4;
17521;2021-03-11T15:56:00;RS;Muitos Capões;Obtido pelo GPS ou informado explicitamente;-1.0;14111;Macaco/Guariba/Bugio/Prego/Guigó;1;
17520;2021-03-12T15:50:00;RS;Muitos Capões;Obtido pelo GPS ou informado explicitamente;-1.0;14110;Macaco/Guariba/Bugio/Prego/Guigó;1;
17518;2021-03-08T15:20:00;RS;Muitos Capões;Obtido pelo GPS ou informado explicitamente;-1.0;14108;Macaco/Guariba/Bugio/Prego/Guigó;6;
17517;2021-03-26T15:24:36;RS;Guaíba;Obtido pelo GPS ou informado explicitamente;8.0;14107;Macaco/Guariba/Bugio/Prego/Guigó;1;
17516;2021-03-08T15:14:00;RS;Muitos Capões;Obtido pelo GPS ou informado explicitamente;-1.0;14106;Macaco/Guariba/Bugio/Prego/Guigó;1;
17514;2021-03-06T15:08:00;RS;Muitos Capões;Obtido pelo GPS ou informado explicitamente;-1.0;14104;Macaco/Guariba/Bugio/Prego/Guigó;1;
17513;2021-03-06T15:00:00;RS;Muitos Capões;Obtido pelo GPS ou informado explicitamente;-1.0;14103;Macaco/Guariba/Bugio/Prego/Guigó;3;
17512;2021-03-06T14:52:00;RS;Muitos Capões;Coordenadas obtidas a partir do endereço;-1.0;14102;Macaco/Guariba/Bugio/Prego/Guigó;1;
17511;2021-03-06T13:15:00;RS;Muitos Capões;Obtido pelo GPS ou informado explicitamente;-1.0;14101;Macaco/Guariba/Bugio/Prego/Guigó;1;
17510;2021-03-04T14:10:00;RS;Muitos Capões;Obtido pelo GPS ou informado explicitamente;-1.0;14100;Macaco/Guariba/Bugio/Prego/Guigó;1;
17509;2021-03-01T13:45:00;RS;Muitos Capões;Obtido pelo GPS ou informado explicitamente;-1.0;14099;Macaco/Guariba/Bugio/Prego/Guigó;1;
17508;2021-02-27T10:40:00;RS;Muitos Capões;Obtido pelo GPS ou informado explicitamente;-1.0;14098;Macaco/Guariba/Bugio/Prego/Guigó;1;
17507;2021-02-26T13:32:00;RS;Muitos Capões;Obtido pelo GPS ou informado explicitamente;-1.0;14097;Macaco/Guariba/Bugio/Prego/Guigó;2;
17506;2021-02-20T15:24:00;RS;Muitos Capões;Obtido pelo GPS ou informado explicitamente;-1.0;14096;Macaco/Guariba/Bugio/Prego/Guigó;1;
17505;2021-03-30T07:21:15;MG;Planura;Obtido pelo GPS ou informado explicitamente;8.2;14095;Macaco/Guariba/Bugio/Prego/Guigó;1;
17503;2021-03-29T15:18:03;RS;Campestre da Serra;Obtido pelo GPS ou informado explicitamente;3.9;14093;Macaco/Guariba/Bugio/Prego/Guigó;1;
17499;2021-03-28T11:42:00;PI;Altos;Obtido pelo GPS ou informado explicitamente;64.1;14089;Macaco/Guariba/Bugio/Prego/Guigó;1;Normal
17497;2021-03-16T16:18:00;PI;Altos;Obtido pelo GPS ou informado explicitamente;2560.0;14087;Macaco/Guariba/Bugio/Prego/Guigó;4;Normal
17496;2021-03-16T11:23:00;PI;Altos;Obtido pelo GPS ou informado explicitamente;2560.0;14086;Macaco/Guariba/Bugio/Prego/Guigó;7;Normal
17488;2021-03-26T15:36:20;RS;Bom Jesus;Obtido pelo GPS ou informado explicitamente;11.9;14078;Macaco/Guariba/Bugio/Prego/Guigó;1;
17487;2021-02-24T16:24:00;RS;Muitos Capões;Obtido pelo GPS ou informado explicitamente;-1.0;14077;Macaco/Guariba/Bugio/Prego/Guigó;1;
17486;2021-02-16T15:56:00;RS;Muitos Capões;Obtido pelo GPS ou informado explicitamente;-1.0;14076;Macaco/Guariba/Bugio/Prego/Guigó;3;
17482;2021-03-26T12:12:00;RS;Rolante;Obtido pelo GPS ou informado explicitamente;3.85;14072;Macaco/Guariba/Bugio/Prego/Guigó;1;
17481;2021-03-23T22:00:00;GO;Goiânia;Obtido pelo GPS ou informado explicitamente;0.0;14071;Mico/Sagui/Soinho;1;
17478;2021-03-25T11:00:00;SC;Indaial;Obtido pelo GPS ou informado explicitamente;0.0;14068;Macaco/Guariba/Bugio/Prego/Guigó;1;
17477;2021-03-24T14:53:00;SC;São Martinho;Obtido pelo GPS ou informado explicitamente;45.6;14067;Macaco/Guariba/Bugio/Prego/Guigó;1;
17475;2021-03-24T09:05:45;RS;Riozinho;Obtido pelo GPS ou informado explicitamente;11.349761;14065;Macaco/Guariba/Bugio/Prego/Guigó;1;
17474;2021-03-23T15:00:00;RS;Bom Jesus;Obtido pelo GPS ou informado explicitamente;0.0;14064;Macaco/Guariba/Bugio/Prego/Guigó;2;
17473;2021-03-24T07:55:00;MG;Curvelo;Obtido pelo GPS ou informado explicitamente;3.72;14063;Mico/Sagui/Soinho;1;
17470;2021-02-21T16:41:55;RJ;Armação dos Búzios;Obtido pelo GPS ou informado explicitamente;0.0;14060;Mico/Sagui/Soinho;3;Normal
17469;2021-03-22T14:23:00;PR;Cascavel;Obtido pelo GPS ou informado explicitamente;0.0;14059;Mico/Sagui/Soinho;1;
17468;2021-03-23T09:37:27;RS;Bom Jesus;Obtido pelo GPS ou informado explicitamente;7.4;14058;Macaco/Guariba/Bugio/Prego/Guigó;1;
17467;2021-03-23T09:37:27;RS;Bom Jesus;Obtido pelo GPS ou informado explicitamente;7.4;14057;Macaco/Guariba/Bugio/Prego/Guigó;1;
17463;2021-03-22T12:45:00;RS;Lagoa Vermelha;Obtido pelo GPS ou informado explicitamente;5.36;14053;Macaco/Guariba/Bugio/Prego/Guigó;1;
17462;2021-03-22T16:19:18;SC;Correia Pinto;Obtido pelo GPS ou informado explicitamente;4.055;14052;Macaco/Guariba/Bugio/Prego/Guigó;1;
17461;2021-03-19T17:14:00;SC;Campo Belo do Sul;Obtido pelo GPS ou informado explicitamente;-1.0;14051;Macaco/Guariba/Bugio/Prego/Guigó;1;
17460;2021-03-15T09:08:00;SC;Campo Belo do Sul;Obtido pelo GPS ou informado explicitamente;24.9;14050;Macaco/Guariba/Bugio/Prego/Guigó;1;
17456;2021-03-18T10:30:00;PR;Cascavel;Obtido pelo GPS ou informado explicitamente;0.0;14046;Mico/Sagui/Soinho;1;
17450;2021-03-20T18:57:47;PR;Tijucas do Sul;Obtido pelo GPS ou informado explicitamente;4.288;14040;Macaco/Guariba/Bugio/Prego/Guigó;1;
17423;2021-03-19T18:22:51;RS;Santa Maria;Obtido pelo GPS ou informado explicitamente;65.0;14012;Macaco/Guariba/Bugio/Prego/Guigó;1;
17421;2021-03-19T15:32:39;RS;Bom Jesus;Coordenadas obtidas a partir do endereço;;14010;Macaco/Guariba/Bugio/Prego/Guigó;1;
17419;2021-03-19T12:27:00;RJ;Teresópolis;Obtido pelo GPS ou informado explicitamente;17.152;14008;Mico/Sagui/Soinho;5;Normal
17416;2021-03-19T10:43:00;SC;Lages;Coordenadas obtidas a partir do endereço;-1.0;14005;Macaco/Guariba/Bugio/Prego/Guigó;2;
17413;2021-03-19T09:48:00;SC;São José do Cerrito;Obtido pelo GPS ou informado explicitamente;-1.0;14002;Macaco/Guariba/Bugio/Prego/Guigó;1;
17411;2021-03-19T07:41:00;RJ;Seropédica;Obtido pelo GPS ou informado explicitamente;6.0;14000;Mico/Sagui/Soinho;1;
17410;2021-03-13T10:24:00;RJ;Itatiaia;Obtido pelo GPS ou informado explicitamente;43.523;13999;Macaco/Guariba/Bugio/Prego/Guigó;7;Normal
17394;2021-03-18T16:04:00;SC;Urubici;Obtido pelo GPS ou informado explicitamente;10.0;13983;Macaco/Guariba/Bugio/Prego/Guigó;1;
17392;2021-03-10T17:26:00;SC;Campo Belo do Sul;Obtido pelo GPS ou informado explicitamente;11.794774;13981;Macaco/Guariba/Bugio/Prego/Guigó;1;
17391;2021-03-18T16:03:00;SC;Ibirama;Obtido pelo GPS ou informado explicitamente;-1.0;13980;Macaco/Guariba/Bugio/Prego/Guigó;1;
17390;2021-03-18T15:43:10;RJ;Magé;Obtido pelo GPS ou informado explicitamente;15.6;13979;Mico/Sagui/Soinho;1;Normal
17385;2021-02-13T13:20:00;GO;Goiânia;Obtido pelo GPS ou informado explicitamente;0.0;13974;Macaco/Guariba/Bugio/Prego/Guigó;1;
17384;2021-02-12T14:10:00;GO;Goiânia;Obtido pelo GPS ou informado explicitamente;0.0;13973;Macaco/Guariba/Bugio/Prego/Guigó;1;
17383;2021-03-16T16:48:59;SC;Capão Alto;Obtido pelo GPS ou informado explicitamente;15.5;13972;Macaco/Guariba/Bugio/Prego/Guigó;1;
17382;2021-03-16T16:31:28;SC;Capão Alto;Obtido pelo GPS ou informado explicitamente;10.0;13971;Macaco/Guariba/Bugio/Prego/Guigó;1;
17381;2021-02-12T13:06:00;GO;Goiânia;Obtido pelo GPS ou informado explicitamente;0.0;13970;Macaco/Guariba/Bugio/Prego/Guigó;1;
17380;2021-02-10T13:20:00;GO;Goiânia;Obtido pelo GPS ou informado explicitamente;0.0;13969;Mico/Sagui/Soinho;1;
17379;2021-02-02T13:00:00;GO;Goiânia;Obtido pelo GPS ou informado explicitamente;0.0;13968;Macaco/Guariba/Bugio/Prego/Guigó;1;
17377;2021-01-15T14:08:00;GO;Goiânia;Obtido pelo GPS ou informado explicitamente;0.0;13966;Mico/Sagui/Soinho;1;
17376;2021-01-04T13:53:00;GO;Goiânia;Obtido pelo GPS ou informado explicitamente;0.0;13965;Mico/Sagui/Soinho;1;
17375;2021-01-03T09:43:00;GO;Goiânia;Obtido pelo GPS ou informado explicitamente;0.0;13964;Macaco/Guariba/Bugio/Prego/Guigó;1;
17370;2021-03-17T07:41:29;RJ;Magé;Obtido pelo GPS ou informado explicitamente;7.832;13959;Mico/Sagui/Soinho;1;Normal
17369;2021-03-15T15:27:00;RS;Monte Alegre dos Campos;Obtido pelo GPS ou informado explicitamente;12.773166;13958;Macaco/Guariba/Bugio/Prego/Guigó;3;
17368;2021-03-15T14:38:00;RS;Monte Alegre dos Campos;Obtido pelo GPS ou informado explicitamente;19.713194;13957;Macaco/Guariba/Bugio/Prego/Guigó;1;
17367;2021-03-16T16:41:00;RS;Monte Alegre dos Campos;Obtido pelo GPS ou informado explicitamente;7.376;13956;Macaco/Guariba/Bugio/Prego/Guigó;1;
17363;2021-03-16T11:38:41;PR;Pinhais;Coordenadas obtidas a partir do endereço;;13952;Mico/Sagui/Soinho;1;Normal
17361;2021-03-16T07:17:33;RJ;Teresópolis;Obtido pelo GPS ou informado explicitamente;20.0;13950;Mico/Sagui/Soinho;8;Normal
17360;2021-03-16T07:10:57;RJ;Teresópolis;Obtido pelo GPS ou informado explicitamente;39.238;13949;Mico/Sagui/Soinho;7;Normal
17359;2021-03-15T19:00:00;RS;André da Rocha;Coordenadas obtidas a partir do endereço;-1.0;13948;Macaco/Guariba/Bugio/Prego/Guigó;1;
17358;2021-03-15T15:33:45;SC;Capão Alto;Obtido pelo GPS ou informado explicitamente;775.0;13947;Macaco/Guariba/Bugio/Prego/Guigó;1;
17357;2021-03-15T14:21:05;SC;Capão Alto;Obtido pelo GPS ou informado explicitamente;1399.999;13946;Macaco/Guariba/Bugio/Prego/Guigó;1;
17350;2021-03-15T10:52:20;SC;Capão Alto;Obtido pelo GPS ou informado explicitamente;3000.0;13939;Macaco/Guariba/Bugio/Prego/Guigó;1;
17349;2021-03-15T09:57:00;RS;Bom Jesus;Obtido pelo GPS ou informado explicitamente;6.6;13938;Macaco/Guariba/Bugio/Prego/Guigó;1;
17348;2021-03-15T09:20:59;SC;Capão Alto;Obtido pelo GPS ou informado explicitamente;39.0;13937;Macaco/Guariba/Bugio/Prego/Guigó;1;
17347;2021-03-15T09:11:58;RS;Bom Jesus;Obtido pelo GPS ou informado explicitamente;3.9;13936;Macaco/Guariba/Bugio/Prego/Guigó;1;
17346;2021-03-14T08:44:00;RS;Monte Alegre dos Campos;Obtido pelo GPS ou informado explicitamente;8.272938;13935;Macaco/Guariba/Bugio/Prego/Guigó;1;
17342;2021-03-13T16:00:00;GO;Goiânia;Obtido pelo GPS ou informado explicitamente;0.0;13931;Macaco/Guariba/Bugio/Prego/Guigó;1;
17341;2021-03-13T10:55:00;RS;Campestre da Serra;Obtido pelo GPS ou informado explicitamente;87.6;13930;Macaco/Guariba/Bugio/Prego/Guigó;1;
17340;2021-03-13T08:59:06;SC;Capão Alto;Obtido pelo GPS ou informado explicitamente;26.0;13929;Macaco/Guariba/Bugio/Prego/Guigó;1;
17338;2021-03-12T16:41:00;RS;Campestre da Serra;Obtido pelo GPS ou informado explicitamente;7.0;13927;Macaco/Guariba/Bugio/Prego/Guigó;2;
17337;2021-03-12T11:21:41;SC;São José do Cerrito;Obtido pelo GPS ou informado explicitamente;9.648;13926;Macaco/Guariba/Bugio/Prego/Guigó;2;
17336;2021-03-12T10:42:56;SC;Correia Pinto;Obtido pelo GPS ou informado explicitamente;10.0;13925;Macaco/Guariba/Bugio/Prego/Guigó;1;
17335;2021-03-12T08:49:00;SC;Capão Alto;Obtido pelo GPS ou informado explicitamente;0.0;13924;Macaco/Guariba/Bugio/Prego/Guigó;1;
17333;2021-03-12T11:12:00;PE;Paudalho;Coordenadas obtidas a partir do endereço;-1.0;13922;Mico/Sagui/Soinho;1;
17332;2021-03-12T10:36:59;RS;Campestre da Serra;Obtido pelo GPS ou informado explicitamente;77.6;13921;Macaco/Guariba/Bugio/Prego/Guigó;2;
17331;2021-02-27T10:05:00;RS;Lagoa Vermelha;Obtido pelo GPS ou informado explicitamente;24.0;13920;Macaco/Guariba/Bugio/Prego/Guigó;1;
17330;2021-02-22T09:47:00;RS;Barracão;Obtido pelo GPS ou informado explicitamente;4.0;13919;Macaco/Guariba/Bugio/Prego/Guigó;3;
17329;2021-03-12T09:14:00;RS;Capão Bonito do Sul;Obtido pelo GPS ou informado explicitamente;9.6;13918;Macaco/Guariba/Bugio/Prego/Guigó;1;
17326;2021-03-11T18:33:23;RS;André da Rocha;Obtido pelo GPS ou informado explicitamente;11.8;13915;Macaco/Guariba/Bugio/Prego/Guigó;1;
17325;2021-03-11T17:12:39;SC;Campo Belo do Sul;Obtido pelo GPS ou informado explicitamente;21.307364;13914;Macaco/Guariba/Bugio/Prego/Guigó;2;
17324;2021-03-11T17:04:33;RS;Campestre da Serra;Obtido pelo GPS ou informado explicitamente;39.6;13913;Macaco/Guariba/Bugio/Prego/Guigó;1;
17323;2021-03-11T16:42:01;SC;Capão Alto;Obtido pelo GPS ou informado explicitamente;32.0;13912;Macaco/Guariba/Bugio/Prego/Guigó;1;
17322;2021-03-11T11:40:00;SC;Urubici;Obtido pelo GPS ou informado explicitamente;0.0;13911;Macaco/Guariba/Bugio/Prego/Guigó;1;
17321;2021-03-04T14:24:00;SC;Rio do Oeste;Obtido pelo GPS ou informado explicitamente;0.0;13910;Macaco/Guariba/Bugio/Prego/Guigó;1;
17320;2021-03-11T10:30:00;RS;Campestre da Serra;Coordenadas obtidas a partir do endereço;-1.0;13909;Macaco/Guariba/Bugio/Prego/Guigó;1;
17319;2021-03-11T09:42:00;RS;Monte Alegre dos Campos;Obtido pelo GPS ou informado explicitamente;14.539787;13908;Macaco/Guariba/Bugio/Prego/Guigó;1;
17316;2021-03-10T14:47:54;RS;Vacaria;Obtido pelo GPS ou informado explicitamente;8.0;13905;Macaco/Guariba/Bugio/Prego/Guigó;1;
17314;2021-03-10T17:16:00;SC;Capão Alto;Obtido pelo GPS ou informado explicitamente;41.0;13903;Macaco/Guariba/Bugio/Prego/Guigó;1;
17313;2021-03-10T17:26:00;SC;Campo Belo do Sul;Obtido pelo GPS ou informado explicitamente;11.794774;13902;Macaco/Guariba/Bugio/Prego/Guigó;1;
17312;2021-03-10T13:57:23;RS;Vacaria;Obtido pelo GPS ou informado explicitamente;8.0;13901;Macaco/Guariba/Bugio/Prego/Guigó;1;
17311;2021-03-10T09:30:00;RS;Esmeralda;Obtido pelo GPS ou informado explicitamente;0.0;13900;Macaco/Guariba/Bugio/Prego/Guigó;3;
17310;2021-03-10T11:34:00;SC;São José do Cerrito;Obtido pelo GPS ou informado explicitamente;-1.0;13899;Macaco/Guariba/Bugio/Prego/Guigó;1;
17309;2021-03-10T11:27:00;SC;São José do Cerrito;Obtido pelo GPS ou informado explicitamente;-1.0;13898;Macaco/Guariba/Bugio/Prego/Guigó;1;
17307;2021-03-10T10:01:12;RS;Bom Jesus;Obtido pelo GPS ou informado explicitamente;;13896;Macaco/Guariba/Bugio/Prego/Guigó;1;
17304;2021-03-09T11:06:44;RS;Vacaria;Obtido pelo GPS ou informado explicitamente;8.0;13893;Macaco/Guariba/Bugio/Prego/Guigó;2;
17302;2021-03-09T13:27:00;SC;São José do Cerrito;Obtido pelo GPS ou informado explicitamente;9.648;13891;Macaco/Guariba/Bugio/Prego/Guigó;1;
17301;2021-03-09T11:22:35;SC;São José do Cerrito;Obtido pelo GPS ou informado explicitamente;10.505;13890;Macaco/Guariba/Bugio/Prego/Guigó;1;
17301;2021-03-09T11:22:35;SC;São José do Cerrito;Obtido pelo GPS ou informado explicitamente;10.505;13889;Macaco/Guariba/Bugio/Prego/Guigó;1;
17300;2021-03-09T10:17:57;SC;Capão Alto;Obtido pelo GPS ou informado explicitamente;29.0;13888;Macaco/Guariba/Bugio/Prego/Guigó;1;
17299;2021-03-05T16:27:00;RS;Monte Alegre dos Campos;Obtido pelo GPS ou informado explicitamente;9.539868;13887;Macaco/Guariba/Bugio/Prego/Guigó;1;
17298;2021-03-09T08:37:36;RS;Vacaria;Obtido pelo GPS ou informado explicitamente;8.0;13886;Macaco/Guariba/Bugio/Prego/Guigó;1;
17297;2021-03-08T16:47:00;SC;São José do Cerrito;Obtido pelo GPS ou informado explicitamente;-1.0;13885;Macaco/Guariba/Bugio/Prego/Guigó;1;
17296;2021-03-08T16:01:00;SC;São José do Cerrito;Obtido pelo GPS ou informado explicitamente;-1.0;13884;Macaco/Guariba/Bugio/Prego/Guigó;1;
17295;2021-03-08T09:50:00;PR;Curitiba;Obtido pelo GPS ou informado explicitamente;0.0;13883;Mico/Sagui/Soinho;1;
17294;2021-03-08T13:37:35;RS;Igrejinha;Obtido pelo GPS ou informado explicitamente;1.98;13882;Macaco/Guariba/Bugio/Prego/Guigó;1;
17293;2021-03-08T12:27:55;SC;Rio Fortuna;Obtido pelo GPS ou informado explicitamente;4.333;13881;Macaco/Guariba/Bugio/Prego/Guigó;1;Doente
17292;2021-03-06T10:56:00;PI;Altos;Obtido pelo GPS ou informado explicitamente;12.509;13880;Macaco/Guariba/Bugio/Prego/Guigó;2;Normal
17291;2021-03-08T14:30:12;RS;Ipê;Coordenadas obtidas a partir do endereço;;13879;Macaco/Guariba/Bugio/Prego/Guigó;1;
17290;2021-03-08T09:35:06;RS;Vacaria;Obtido pelo GPS ou informado explicitamente;8.0;13878;Macaco/Guariba/Bugio/Prego/Guigó;1;
17289;2021-03-07T13:30:00;RS;Esmeralda;Obtido pelo GPS ou informado explicitamente;0.0;13877;Macaco/Guariba/Bugio/Prego/Guigó;2;
17288;2021-03-08T09:41:23;RS;André da Rocha;Obtido pelo GPS ou informado explicitamente;3.9;13876;Macaco/Guariba/Bugio/Prego/Guigó;1;
17286;2021-03-07T16:10:00;MG;Arinos;Obtido pelo GPS ou informado explicitamente;3.9;13874;Mico/Sagui/Soinho;1;Normal
17285;2021-02-23T13:42:02;SC;Santa Rosa de Lima;Obtido pelo GPS ou informado explicitamente;19.296;13873;Macaco/Guariba/Bugio/Prego/Guigó;2;
17279;2021-01-13T06:08:00;RJ;Itatiaia;Obtido pelo GPS ou informado explicitamente;32.16;13867;Macaco/Guariba/Bugio/Prego/Guigó;7;Normal
17276;2021-01-08T12:12:00;RJ;Itatiaia;Obtido pelo GPS ou informado explicitamente;17.583;13864;Macaco/Guariba/Bugio/Prego/Guigó;5;Normal
17255;2021-01-13T06:08:00;RJ;Itatiaia;Obtido pelo GPS ou informado explicitamente;32.16;13843;Macaco/Guariba/Bugio/Prego/Guigó;7;Normal
17252;2021-01-08T12:12:00;RJ;Itatiaia;Obtido pelo GPS ou informado explicitamente;17.583;13840;Macaco/Guariba/Bugio/Prego/Guigó;5;Normal
17232;2021-03-06T07:39:00;SC;Capão Alto;Obtido pelo GPS ou informado explicitamente;22.5;13820;Macaco/Guariba/Bugio/Prego/Guigó;1;
17230;2021-03-01T15:30:00;RS;Esmeralda;Obtido pelo GPS ou informado explicitamente;0.0;13818;Macaco/Guariba/Bugio/Prego/Guigó;2;
17228;2021-03-05T10:30:00;RS;Esmeralda;Obtido pelo GPS ou informado explicitamente;0.0;13816;Macaco/Guariba/Bugio/Prego/Guigó;1;
17222;2021-03-02T14:36:00;SC;Campo Belo do Sul;Obtido pelo GPS ou informado explicitamente;-1.0;13810;Macaco/Guariba/Bugio/Prego/Guigó;1;
17220;2021-03-04T13:53:00;RS;Monte Alegre dos Campos;Obtido pelo GPS ou informado explicitamente;15.446051;13808;Macaco/Guariba/Bugio/Prego/Guigó;1;
17218;2021-03-04T11:50:00;SC;Lages;Obtido pelo GPS ou informado explicitamente;48.9;13806;Macaco/Guariba/Bugio/Prego/Guigó;1;
17215;2021-03-03T14:36:45;SC;Capão Alto;Obtido pelo GPS ou informado explicitamente;19.0;13803;Macaco/Guariba/Bugio/Prego/Guigó;1;
17214;2021-02-26T18:18:00;RS;Monte Alegre dos Campos;Obtido pelo GPS ou informado explicitamente;28.043756;13802;Macaco/Guariba/Bugio/Prego/Guigó;1;
17213;2021-03-03T15:29:00;RS;Monte Alegre dos Campos;Obtido pelo GPS ou informado explicitamente;11.020166;13801;Macaco/Guariba/Bugio/Prego/Guigó;1;
17211;2021-03-03T14:00:26;RS;Vacaria;Obtido pelo GPS ou informado explicitamente;65.0;13799;Macaco/Guariba/Bugio/Prego/Guigó;1;
17210;2021-03-02T16:50:00;RS;Rolante;Obtido pelo GPS ou informado explicitamente;3.9;13798;Macaco/Guariba/Bugio/Prego/Guigó;1;Estranho
17209;2021-03-03T11:39:00;SC;São José do Cerrito;Obtido pelo GPS ou informado explicitamente;11.792;13797;Macaco/Guariba/Bugio/Prego/Guigó;1;
17208;2021-03-01T15:36:00;SC;Capão Alto;Obtido pelo GPS ou informado explicitamente;-1.0;13796;Macaco/Guariba/Bugio/Prego/Guigó;1;
17207;2021-03-03T11:39:00;SC;Rio Fortuna;Obtido pelo GPS ou informado explicitamente;12.016;13795;Macaco/Guariba/Bugio/Prego/Guigó;1;
17206;2021-03-03T09:50:00;SC;Lages;Obtido pelo GPS ou informado explicitamente;59.163;13794;Macaco/Guariba/Bugio/Prego/Guigó;2;
17202;2021-03-02T11:00:39;RS;Vacaria;Obtido pelo GPS ou informado explicitamente;6.0;13790;Macaco/Guariba/Bugio/Prego/Guigó;1;
17201;2021-03-02T15:14:00;SC;São José do Cerrito;Obtido pelo GPS ou informado explicitamente;-1.0;13789;Macaco/Guariba/Bugio/Prego/Guigó;1;
17200;2021-02-18T09:31:00;SC;Campos Novos;Obtido pelo GPS ou informado explicitamente;3.9;13788;Macaco/Guariba/Bugio/Prego/Guigó;4;
17199;2021-03-02T13:42:00;SC;Lages;Obtido pelo GPS ou informado explicitamente;-1.0;13787;Macaco/Guariba/Bugio/Prego/Guigó;1;
17198;2021-03-02T11:13:00;SC;São José do Cerrito;Obtido pelo GPS ou informado explicitamente;-1.0;13786;Macaco/Guariba/Bugio/Prego/Guigó;1;
17192;2021-03-01T15:13:00;SC;São José do Cerrito;Obtido pelo GPS ou informado explicitamente;4.715;13780;Macaco/Guariba/Bugio/Prego/Guigó;1;
17192;2021-03-01T15:13:00;SC;São José do Cerrito;Obtido pelo GPS ou informado explicitamente;4.715;13779;Macaco/Guariba/Bugio/Prego/Guigó;1;
17192;2021-03-01T15:13:00;SC;São José do Cerrito;Obtido pelo GPS ou informado explicitamente;4.715;13778;Macaco/Guariba/Bugio/Prego/Guigó;1;
17192;2021-03-01T15:13:00;SC;São José do Cerrito;Obtido pelo GPS ou informado explicitamente;4.715;13777;Macaco/Guariba/Bugio/Prego/Guigó;1;
17192;2021-03-01T15:13:00;SC;São José do Cerrito;Obtido pelo GPS ou informado explicitamente;4.715;13776;Macaco/Guariba/Bugio/Prego/Guigó;1;
17191;2021-03-01T16:33:00;SC;São José do Cerrito;Obtido pelo GPS ou informado explicitamente;22.828;13775;Macaco/Guariba/Bugio/Prego/Guigó;1;
17190;2021-03-01T14:20:44;SC;Florianópolis;Obtido pelo GPS ou informado explicitamente;5.36;13774;Mico/Sagui/Soinho;1;
17189;2021-03-01T13:02:00;RS;Rolante;Obtido pelo GPS ou informado explicitamente;4.121;13773;Macaco/Guariba/Bugio/Prego/Guigó;1;Estranho
17188;2021-03-01T13:28:00;SC;São José do Cerrito;Obtido pelo GPS ou informado explicitamente;48.9;13772;Macaco/Guariba/Bugio/Prego/Guigó;1;
17186;2021-02-28T11:40:00;PR;Curitiba;Obtido pelo GPS ou informado explicitamente;0.0;13770;Mico/Sagui/Soinho;1;
17185;2021-02-26T13:46:00;SC;São José do Cerrito;Obtido pelo GPS ou informado explicitamente;9.648;13769;Macaco/Guariba/Bugio/Prego/Guigó;1;
17185;2021-02-26T13:46:00;SC;São José do Cerrito;Obtido pelo GPS ou informado explicitamente;9.648;13768;Macaco/Guariba/Bugio/Prego/Guigó;1;
17184;2021-02-25T16:02:00;RS;Vacaria;Obtido pelo GPS ou informado explicitamente;14.281;13767;Macaco/Guariba/Bugio/Prego/Guigó;2;
17183;2021-02-25T16:10:00;RS;Esmeralda;Obtido pelo GPS ou informado explicitamente;0.0;13766;Macaco/Guariba/Bugio/Prego/Guigó;3;
17182;2021-02-24T10:30:00;RS;Esmeralda;Obtido pelo GPS ou informado explicitamente;0.0;13765;Macaco/Guariba/Bugio/Prego/Guigó;1;
17181;2021-02-28T16:57:00;PR;Arapoti;Obtido pelo GPS ou informado explicitamente;-1.0;13764;Macaco/Guariba/Bugio/Prego/Guigó;1;
17180;2021-02-22T12:00:00;RS;Esmeralda;Obtido pelo GPS ou informado explicitamente;0.0;13763;Macaco/Guariba/Bugio/Prego/Guigó;2;
17178;2021-02-28T10:00:00;RS;Esmeralda;Obtido pelo GPS ou informado explicitamente;0.0;13761;Macaco/Guariba/Bugio/Prego/Guigó;1;
17177;2021-02-27T15:05:48;SC;Correia Pinto;Obtido pelo GPS ou informado explicitamente;8.0;13760;Macaco/Guariba/Bugio/Prego/Guigó;1;
17176;2021-02-27T10:10:00;SC;Lages;Obtido pelo GPS ou informado explicitamente;24.272;13759;Macaco/Guariba/Bugio/Prego/Guigó;1;
17174;2021-02-26T14:44:35;SC;São José do Cerrito;Obtido pelo GPS ou informado explicitamente;16.08;13757;Macaco/Guariba/Bugio/Prego/Guigó;1;
17174;2021-02-26T14:44:35;SC;São José do Cerrito;Obtido pelo GPS ou informado explicitamente;16.08;13756;Macaco/Guariba/Bugio/Prego/Guigó;1;
17174;2021-02-26T14:44:35;SC;São José do Cerrito;Obtido pelo GPS ou informado explicitamente;16.08;13755;Macaco/Guariba/Bugio/Prego/Guigó;1;
17174;2021-02-26T14:44:35;SC;São José do Cerrito;Obtido pelo GPS ou informado explicitamente;16.08;13754;Macaco/Guariba/Bugio/Prego/Guigó;1;
17174;2021-02-26T14:44:35;SC;São José do Cerrito;Obtido pelo GPS ou informado explicitamente;16.08;13753;Macaco/Guariba/Bugio/Prego/Guigó;1;
17174;2021-02-26T14:44:35;SC;São José do Cerrito;Obtido pelo GPS ou informado explicitamente;16.08;13752;Macaco/Guariba/Bugio/Prego/Guigó;1;
17173;2021-02-26T14:44:35;SC;São José do Cerrito;Obtido pelo GPS ou informado explicitamente;16.08;13751;Macaco/Guariba/Bugio/Prego/Guigó;1;
17173;2021-02-26T14:44:35;SC;São José do Cerrito;Obtido pelo GPS ou informado explicitamente;16.08;13750;Macaco/Guariba/Bugio/Prego/Guigó;1;
17173;2021-02-26T14:44:35;SC;São José do Cerrito;Obtido pelo GPS ou informado explicitamente;16.08;13749;Macaco/Guariba/Bugio/Prego/Guigó;1;
17173;2021-02-26T14:44:35;SC;São José do Cerrito;Obtido pelo GPS ou informado explicitamente;16.08;13748;Macaco/Guariba/Bugio/Prego/Guigó;1;
17173;2021-02-26T14:44:35;SC;São José do Cerrito;Obtido pelo GPS ou informado explicitamente;16.08;13747;Macaco/Guariba/Bugio/Prego/Guigó;1;
17173;2021-02-26T14:44:35;SC;São José do Cerrito;Obtido pelo GPS ou informado explicitamente;16.08;13746;Macaco/Guariba/Bugio/Prego/Guigó;1;
17172;2021-02-18T14:30:00;RS;Esmeralda;Obtido pelo GPS ou informado explicitamente;0.0;13745;Macaco/Guariba/Bugio/Prego/Guigó;2;
17171;2021-02-26T09:00:00;SC;Abdon Batista;Obtido pelo GPS ou informado explicitamente;0.0;13744;Macaco/Guariba/Bugio/Prego/Guigó;3;
17170;2021-02-26T15:34:01;SC;Capão Alto;Obtido pelo GPS ou informado explicitamente;26.0;13743;Macaco/Guariba/Bugio/Prego/Guigó;1;
17169;2021-02-26T15:42:00;RS;Esmeralda;Obtido pelo GPS ou informado explicitamente;0.0;13742;Macaco/Guariba/Bugio/Prego/Guigó;3;
17168;2021-02-21T14:00:00;RS;Esmeralda;Obtido pelo GPS ou informado explicitamente;0.0;13741;Macaco/Guariba/Bugio/Prego/Guigó;1;
17165;2021-02-26T13:17:01;SC;Rio Fortuna;Obtido pelo GPS ou informado explicitamente;22.5;13738;Macaco/Guariba/Bugio/Prego/Guigó;1;
17164;2021-02-26T11:18:00;SC;São José do Cerrito;Obtido pelo GPS ou informado explicitamente;6.432;13737;Macaco/Guariba/Bugio/Prego/Guigó;1;
17163;2021-02-24T13:30:00;RS;Esmeralda;Obtido pelo GPS ou informado explicitamente;0.0;13736;Macaco/Guariba/Bugio/Prego/Guigó;1;
17157;2021-02-25T16:49:00;SC;Campo Belo do Sul;Obtido pelo GPS ou informado explicitamente;11.460054;13730;Macaco/Guariba/Bugio/Prego/Guigó;5;
17156;2021-02-25T10:51:00;RS;Esmeralda;Obtido pelo GPS ou informado explicitamente;14.295;13729;Macaco/Guariba/Bugio/Prego/Guigó;1;
17155;2021-02-25T16:11:00;RS;Vacaria;Obtido pelo GPS ou informado explicitamente;11.6;13728;Macaco/Guariba/Bugio/Prego/Guigó;2;
17154;2021-02-25T13:20:53;RS;Esmeralda;Obtido pelo GPS ou informado explicitamente;4.166;13727;Macaco/Guariba/Bugio/Prego/Guigó;1;
17152;2021-02-25T14:41:33;RS;Pinhal da Serra;Obtido pelo GPS ou informado explicitamente;32.079;13725;Macaco/Guariba/Bugio/Prego/Guigó;2;
17151;2021-02-25T14:05:27;RS;Pinhal da Serra;Obtido pelo GPS ou informado explicitamente;48.964;13724;Macaco/Guariba/Bugio/Prego/Guigó;1;
17150;2021-02-25T14:54:00;SC;Campo Belo do Sul;Obtido pelo GPS ou informado explicitamente;5.330288;13723;Macaco/Guariba/Bugio/Prego/Guigó;1;
17149;2021-02-25T15:46:34;RS;Farroupilha;Coordenadas obtidas a partir do endereço;;13722;Macaco/Guariba/Bugio/Prego/Guigó;1;
17148;2021-02-25T11:00:00;SC;São Cristóvão do Sul;Obtido pelo GPS ou informado explicitamente;-1.0;13721;Macaco/Guariba/Bugio/Prego/Guigó;1;
17147;2021-02-24T13:49:00;RS;Pinhal da Serra;Obtido pelo GPS ou informado explicitamente;4.268;13720;Macaco/Guariba/Bugio/Prego/Guigó;5;
17146;2021-02-24T13:49:00;RS;Pinhal da Serra;Obtido pelo GPS ou informado explicitamente;4.268;13719;Macaco/Guariba/Bugio/Prego/Guigó;5;
17145;2021-02-22T11:48:00;SC;Campo Belo do Sul;Obtido pelo GPS ou informado explicitamente;19.629;13718;Macaco/Guariba/Bugio/Prego/Guigó;1;
17143;2021-02-24T14:31:23;RS;Vacaria;Obtido pelo GPS ou informado explicitamente;8.0;13716;Macaco/Guariba/Bugio/Prego/Guigó;1;
17142;2021-02-24T17:11:00;PR;Curitiba;Obtido pelo GPS ou informado explicitamente;29.0;13715;Mico/Sagui/Soinho;1;
17141;2021-02-24T13:32:12;SC;São José do Cerrito;Obtido pelo GPS ou informado explicitamente;9.648;13714;Macaco/Guariba/Bugio/Prego/Guigó;1;
17141;2021-02-24T13:32:12;SC;São José do Cerrito;Obtido pelo GPS ou informado explicitamente;9.648;13713;Macaco/Guariba/Bugio/Prego/Guigó;1;
17140;2021-02-24T16:50:00;SC;São José do Cerrito;Obtido pelo GPS ou informado explicitamente;17.152;13712;Macaco/Guariba/Bugio/Prego/Guigó;1;
17140;2021-02-24T16:50:00;SC;São José do Cerrito;Obtido pelo GPS ou informado explicitamente;17.152;13711;Macaco/Guariba/Bugio/Prego/Guigó;1;
17140;2021-02-24T16:50:00;SC;São José do Cerrito;Obtido pelo GPS ou informado explicitamente;17.152;13710;Macaco/Guariba/Bugio/Prego/Guigó;1;
17138;2021-02-19T19:30:00;RS;Esmeralda;Obtido pelo GPS ou informado explicitamente;5.7;13708;Macaco/Guariba/Bugio/Prego/Guigó;1;
17137;2021-02-24T14:40:00;RS;Pinhal da Serra;Obtido pelo GPS ou informado explicitamente;7.175;13707;Macaco/Guariba/Bugio/Prego/Guigó;1;
17136;2021-02-24T14:26:00;RS;Pinhal da Serra;Obtido pelo GPS ou informado explicitamente;6.946;13706;Macaco/Guariba/Bugio/Prego/Guigó;1;
17135;2021-02-23T14:15:00;RS;Pinhal da Serra;Obtido pelo GPS ou informado explicitamente;6.674;13705;Macaco/Guariba/Bugio/Prego/Guigó;1;
17133;2021-02-24T14:13:33;RS;Muitos Capões;Coordenadas obtidas a partir do endereço;;13703;Macaco/Guariba/Bugio/Prego/Guigó;4;
17132;2021-02-24T14:04:17;RS;Muitos Capões;Coordenadas obtidas a partir do endereço;;13702;Macaco/Guariba/Bugio/Prego/Guigó;1;
17131;2021-02-24T13:48:27;RS;Muitos Capões;Obtido pelo GPS ou informado explicitamente;;13701;Macaco/Guariba/Bugio/Prego/Guigó;1;
17130;2021-02-24T09:33:00;RS;Vacaria;Obtido pelo GPS ou informado explicitamente;8.22;13700;Macaco/Guariba/Bugio/Prego/Guigó;5;
17129;2021-02-24T11:24:16;RS;Vacaria;Obtido pelo GPS ou informado explicitamente;12.0;13699;Macaco/Guariba/Bugio/Prego/Guigó;1;
17128;2021-02-24T11:38:00;SC;São José do Cerrito;Obtido pelo GPS ou informado explicitamente;4.288;13698;Macaco/Guariba/Bugio/Prego/Guigó;1;
17127;2021-02-24T11:41:21;SC;Cerro Negro;Obtido pelo GPS ou informado explicitamente;4.571;13697;Macaco/Guariba/Bugio/Prego/Guigó;5;
17126;2021-02-24T10:13:35;SC;Cerro Negro;Obtido pelo GPS ou informado explicitamente;44.632;13696;Macaco/Guariba/Bugio/Prego/Guigó;1;
17125;2021-02-24T11:02:46;SC;São José do Cerrito;Obtido pelo GPS ou informado explicitamente;7.504;13695;Macaco/Guariba/Bugio/Prego/Guigó;1;
17125;2021-02-24T11:02:46;SC;São José do Cerrito;Obtido pelo GPS ou informado explicitamente;7.504;13694;Macaco/Guariba/Bugio/Prego/Guigó;1;
17124;2021-02-22T10:46:00;SC;Campo Belo do Sul;Obtido pelo GPS ou informado explicitamente;16.622;13693;Macaco/Guariba/Bugio/Prego/Guigó;1;
17121;2021-02-22T16:50:57;RS;Pinhal da Serra;Obtido pelo GPS ou informado explicitamente;4.625;13690;Macaco/Guariba/Bugio/Prego/Guigó;4;
17120;2021-02-23T15:00:00;RS;Vacaria;Obtido pelo GPS ou informado explicitamente;3.9;13689;Macaco/Guariba/Bugio/Prego/Guigó;1;
17119;2021-02-23T16:45:00;SC;Campo Belo do Sul;Obtido pelo GPS ou informado explicitamente;9.860009;13688;Macaco/Guariba/Bugio/Prego/Guigó;2;
17118;2021-02-23T15:17:00;SC;Campo Belo do Sul;Obtido pelo GPS ou informado explicitamente;11.051379;13687;Macaco/Guariba/Bugio/Prego/Guigó;1;
17115;2021-02-23T14:35:00;RS;Monte Alegre dos Campos;Obtido pelo GPS ou informado explicitamente;8.821033;13684;Macaco/Guariba/Bugio/Prego/Guigó;1;
17114;2021-02-23T14:34:54;SC;Cerro Negro;Obtido pelo GPS ou informado explicitamente;31.333;13683;Macaco/Guariba/Bugio/Prego/Guigó;1;
17113;2021-02-23T15:15:00;SC;São José do Cerrito;Obtido pelo GPS ou informado explicitamente;-1.0;13682;Macaco/Guariba/Bugio/Prego/Guigó;1;
17112;2021-02-23T14:21:00;SC;São José do Cerrito;Obtido pelo GPS ou informado explicitamente;-1.0;13681;Macaco/Guariba/Bugio/Prego/Guigó;1;
17111;2021-02-19T11:30:00;RS;Rolante;Obtido pelo GPS ou informado explicitamente;52.4;13680;Macaco/Guariba/Bugio/Prego/Guigó;1;Estranho
17110;2021-02-20T13:35:00;SC;São José do Cerrito;Obtido pelo GPS ou informado explicitamente;0.0;13679;Macaco/Guariba/Bugio/Prego/Guigó;1;
17109;2021-02-22T10:50:00;SC;São José do Cerrito;Obtido pelo GPS ou informado explicitamente;-1.0;13678;Macaco/Guariba/Bugio/Prego/Guigó;1;
17108;2021-02-21T18:20:00;SC;Campo Belo do Sul;Obtido pelo GPS ou informado explicitamente;-1.0;13677;Macaco/Guariba/Bugio/Prego/Guigó;1;
17107;2021-02-23T11:05:00;SC;Campo Belo do Sul;Obtido pelo GPS ou informado explicitamente;6.382489;13676;Macaco/Guariba/Bugio/Prego/Guigó;1;
17106;2021-02-23T10:53:00;SC;Campo Belo do Sul;Obtido pelo GPS ou informado explicitamente;9.281539;13675;Macaco/Guariba/Bugio/Prego/Guigó;3;
17105;2021-02-22T11:15:00;SC;São José do Cerrito;Obtido pelo GPS ou informado explicitamente;-1.0;13674;Macaco/Guariba/Bugio/Prego/Guigó;3;
17104;2021-02-22T10:30:00;SC;Capão Alto;Obtido pelo GPS ou informado explicitamente;-1.0;13673;Macaco/Guariba/Bugio/Prego/Guigó;1;
17103;2021-02-23T09:46:00;RS;Vacaria;Obtido pelo GPS ou informado explicitamente;5.35;13672;Macaco/Guariba/Bugio/Prego/Guigó;3;
17102;2021-02-23T08:39:45;SC;Curitibanos;Obtido pelo GPS ou informado explicitamente;11.5;13671;Macaco/Guariba/Bugio/Prego/Guigó;5;
17101;2021-02-22T15:40:00;SC;Lages;Obtido pelo GPS ou informado explicitamente;15.17;13670;Macaco/Guariba/Bugio/Prego/Guigó;1;
17098;2021-02-22T17:11:00;SC;Campo Belo do Sul;Obtido pelo GPS ou informado explicitamente;5.788815;13667;Macaco/Guariba/Bugio/Prego/Guigó;1;
17097;2021-02-22T17:11:00;SC;Campo Belo do Sul;Obtido pelo GPS ou informado explicitamente;5.788815;13666;Macaco/Guariba/Bugio/Prego/Guigó;1;
17096;2021-02-22T17:17:00;SC;Campo Belo do Sul;Obtido pelo GPS ou informado explicitamente;18.807354;13665;Macaco/Guariba/Bugio/Prego/Guigó;2;
17095;2021-02-22T17:46:00;SC;Santa Rosa de Lima;Obtido pelo GPS ou informado explicitamente;13.936;13664;Macaco/Guariba/Bugio/Prego/Guigó;1;
17093;2021-02-22T17:06:14;RS;Vacaria;Obtido pelo GPS ou informado explicitamente;5.03;13662;Macaco/Guariba/Bugio/Prego/Guigó;2;
17092;2021-02-22T16:02:00;SC;São José do Cerrito;Obtido pelo GPS ou informado explicitamente;13.4;13661;Macaco/Guariba/Bugio/Prego/Guigó;1;
17092;2021-02-22T16:02:00;SC;São José do Cerrito;Obtido pelo GPS ou informado explicitamente;13.4;13660;Macaco/Guariba/Bugio/Prego/Guigó;1;
17092;2021-02-22T16:02:00;SC;São José do Cerrito;Obtido pelo GPS ou informado explicitamente;13.4;13659;Macaco/Guariba/Bugio/Prego/Guigó;1;
17092;2021-02-22T16:02:00;SC;São José do Cerrito;Obtido pelo GPS ou informado explicitamente;13.4;13658;Macaco/Guariba/Bugio/Prego/Guigó;1;
17092;2021-02-22T16:02:00;SC;São José do Cerrito;Obtido pelo GPS ou informado explicitamente;13.4;13657;Macaco/Guariba/Bugio/Prego/Guigó;1;
17092;2021-02-22T16:02:00;SC;São José do Cerrito;Obtido pelo GPS ou informado explicitamente;13.4;13656;Macaco/Guariba/Bugio/Prego/Guigó;1;
17091;2021-02-22T17:06:14;RS;Vacaria;Obtido pelo GPS ou informado explicitamente;5.03;13655;Macaco/Guariba/Bugio/Prego/Guigó;2;
17090;2021-02-22T10:00:00;SC;Cerro Negro;Obtido pelo GPS ou informado explicitamente;4.0;13654;Macaco/Guariba/Bugio/Prego/Guigó;1;
17089;2021-02-22T13:31:00;SC;Santa Cecília;Obtido pelo GPS ou informado explicitamente;5.0;13653;Macaco/Guariba/Bugio/Prego/Guigó;1;
17088;2021-02-22T09:07:52;SC;Correia Pinto;Obtido pelo GPS ou informado explicitamente;3.52;13652;Macaco/Guariba/Bugio/Prego/Guigó;1;
17087;2021-02-19T14:51:04;SC;Anitápolis;Obtido pelo GPS ou informado explicitamente;96.0;13651;Macaco/Guariba/Bugio/Prego/Guigó;1;
17083;2021-02-21T17:12:00;SC;Campo Belo do Sul;Obtido pelo GPS ou informado explicitamente;10.72;13647;Macaco/Guariba/Bugio/Prego/Guigó;4;
17080;2021-02-20T16:05:00;SC;Campo Belo do Sul;Obtido pelo GPS ou informado explicitamente;10.569958;13644;Macaco/Guariba/Bugio/Prego/Guigó;1;
17079;2021-02-19T15:11:00;RS;André da Rocha;Obtido pelo GPS ou informado explicitamente;24.0;13643;Macaco/Guariba/Bugio/Prego/Guigó;1;
17077;2021-02-20T06:37:00;MG;Arinos;Obtido pelo GPS ou informado explicitamente;77.6;13641;Macaco/Guariba/Bugio/Prego/Guigó;2;
17076;2021-02-19T15:15:00;SC;Campo Belo do Sul;Obtido pelo GPS ou informado explicitamente;9.066867;13640;Macaco/Guariba/Bugio/Prego/Guigó;1;
17075;2021-02-19T18:14:00;RS;Pinhal da Serra;Obtido pelo GPS ou informado explicitamente;-1.0;13639;Macaco/Guariba/Bugio/Prego/Guigó;1;
17074;2021-02-19T13:54:29;RS;Pinhal da Serra;Obtido pelo GPS ou informado explicitamente;3.9;13638;Macaco/Guariba/Bugio/Prego/Guigó;1;
17073;2021-02-19T14:02:46;SC;Campo Belo do Sul;Obtido pelo GPS ou informado explicitamente;17.027124;13637;Macaco/Guariba/Bugio/Prego/Guigó;2;
17071;2021-02-19T15:59:03;SC;Lages;Obtido pelo GPS ou informado explicitamente;95.571;13635;Macaco/Guariba/Bugio/Prego/Guigó;1;
17070;2021-02-19T15:50:36;SC;Lages;Obtido pelo GPS ou informado explicitamente;42.476;13634;Macaco/Guariba/Bugio/Prego/Guigó;1;
17069;2021-02-19T15:31:30;SC;Lages;Obtido pelo GPS ou informado explicitamente;16.687;13633;Macaco/Guariba/Bugio/Prego/Guigó;1;
17068;2021-02-19T11:00:00;SC;São José do Cerrito;Obtido pelo GPS ou informado explicitamente;18.224;13632;Macaco/Guariba/Bugio/Prego/Guigó;1;
17067;2021-02-19T15:35:00;SC;São José do Cerrito;Obtido pelo GPS ou informado explicitamente;16.08;13631;Macaco/Guariba/Bugio/Prego/Guigó;5;
16214;2021-02-19T10:31:33;SC;Cerro Negro;Obtido pelo GPS ou informado explicitamente;10.666;13629;Macaco/Guariba/Bugio/Prego/Guigó;4;
16213;2021-02-19T09:01:15;RS;Pinhal da Serra;Obtido pelo GPS ou informado explicitamente;3.79;13628;Macaco/Guariba/Bugio/Prego/Guigó;1;
16211;2021-02-18T15:20:00;RS;Lagoa Vermelha;Obtido pelo GPS ou informado explicitamente;12.0;13626;Macaco/Guariba/Bugio/Prego/Guigó;2;
16210;2021-02-12T10:27:00;SC;São Cristóvão do Sul;Obtido pelo GPS ou informado explicitamente;-1.0;13625;Macaco/Guariba/Bugio/Prego/Guigó;3;
16209;2021-02-18T14:15:00;RS;Pinhal da Serra;Obtido pelo GPS ou informado explicitamente;3.9;13624;Macaco/Guariba/Bugio/Prego/Guigó;1;
16208;2021-02-18T16:00:00;SC;Blumenau;Obtido pelo GPS ou informado explicitamente;0.0;13623;Macaco/Guariba/Bugio/Prego/Guigó;1;
16207;2021-02-18T11:31:43;SC;Correia Pinto;Obtido pelo GPS ou informado explicitamente;15.0;13622;Macaco/Guariba/Bugio/Prego/Guigó;1;
16206;2021-02-18T09:50:41;SC;Correia Pinto;Obtido pelo GPS ou informado explicitamente;3.69;13621;Macaco/Guariba/Bugio/Prego/Guigó;2;
16205;2021-02-17T11:09:00;SC;São Cristóvão do Sul;Obtido pelo GPS ou informado explicitamente;-1.0;13620;Macaco/Guariba/Bugio/Prego/Guigó;1;
16204;2021-02-18T13:55:04;SC;Curitibanos;Coordenadas obtidas a partir do endereço;-1.0;13619;Macaco/Guariba/Bugio/Prego/Guigó;1;
16202;2021-02-18T09:05:00;SC;Campo Belo do Sul;Obtido pelo GPS ou informado explicitamente;2000.0;13617;Macaco/Guariba/Bugio/Prego/Guigó;1;
16200;2021-02-17T08:09:00;SC;São José do Cerrito;Obtido pelo GPS ou informado explicitamente;0.0;13615;Macaco/Guariba/Bugio/Prego/Guigó;1;
16199;2021-02-14T10:00:00;SC;Campos Novos;Obtido pelo GPS ou informado explicitamente;20.646;13614;Macaco/Guariba/Bugio/Prego/Guigó;1;
16198;2021-02-08T13:41:00;SC;Campos Novos;Obtido pelo GPS ou informado explicitamente;20.0;13613;Macaco/Guariba/Bugio/Prego/Guigó;6;
16197;2021-02-08T10:00:00;SC;Campos Novos;Obtido pelo GPS ou informado explicitamente;21.628;13612;Macaco/Guariba/Bugio/Prego/Guigó;3;
16196;2021-02-17T09:30:00;SC;Campo Belo do Sul;Obtido pelo GPS ou informado explicitamente;10.616641;13611;Macaco/Guariba/Bugio/Prego/Guigó;3;
16195;2021-02-17T14:17:00;SC;São José do Cerrito;Obtido pelo GPS ou informado explicitamente;-1.0;13610;Macaco/Guariba/Bugio/Prego/Guigó;1;
16195;2021-02-17T14:17:00;SC;São José do Cerrito;Obtido pelo GPS ou informado explicitamente;-1.0;13609;Macaco/Guariba/Bugio/Prego/Guigó;1;
16195;2021-02-17T14:17:00;SC;São José do Cerrito;Obtido pelo GPS ou informado explicitamente;-1.0;13608;Macaco/Guariba/Bugio/Prego/Guigó;1;
16194;2021-02-17T13:40:00;RJ;Teresópolis;Obtido pelo GPS ou informado explicitamente;14.002;13607;Mico/Sagui/Soinho;5;Normal
16193;2021-02-17T12:10:00;SC;Lages;Obtido pelo GPS ou informado explicitamente;16.687;13606;Macaco/Guariba/Bugio/Prego/Guigó;1;
16192;2021-02-17T13:30:39;RS;Ipê;Coordenadas obtidas a partir do endereço;;13605;Macaco/Guariba/Bugio/Prego/Guigó;1;
16191;2021-02-17T11:43:00;SC;São José do Cerrito;Obtido pelo GPS ou informado explicitamente;19.436;13604;Macaco/Guariba/Bugio/Prego/Guigó;1;
16190;2021-02-17T12:37:00;SC;Campos Novos;Obtido pelo GPS ou informado explicitamente;15.181;13603;Macaco/Guariba/Bugio/Prego/Guigó;1;
16189;2021-02-17T11:12:00;SC;São José do Cerrito;Obtido pelo GPS ou informado explicitamente;-1.0;13602;Macaco/Guariba/Bugio/Prego/Guigó;1;
16188;2021-02-17T10:30:25;SC;Cerro Negro;Obtido pelo GPS ou informado explicitamente;4.343;13601;Macaco/Guariba/Bugio/Prego/Guigó;1;
16185;2021-02-15T15:20:00;SC;São José do Cerrito;Obtido pelo GPS ou informado explicitamente;3.352;13598;Macaco/Guariba/Bugio/Prego/Guigó;1;
16184;2021-02-15T14:04:00;SC;São José do Cerrito;Obtido pelo GPS ou informado explicitamente;19.296;13597;Macaco/Guariba/Bugio/Prego/Guigó;1;
16184;2021-02-15T14:04:00;SC;São José do Cerrito;Obtido pelo GPS ou informado explicitamente;19.296;13596;Macaco/Guariba/Bugio/Prego/Guigó;1;
16184;2021-02-15T14:04:00;SC;São José do Cerrito;Obtido pelo GPS ou informado explicitamente;19.296;13595;Macaco/Guariba/Bugio/Prego/Guigó;1;
16183;2021-02-17T08:58:00;SC;São José do Cerrito;Obtido pelo GPS ou informado explicitamente;0.0;13594;Macaco/Guariba/Bugio/Prego/Guigó;1;
16183;2021-02-17T08:58:00;SC;São José do Cerrito;Obtido pelo GPS ou informado explicitamente;0.0;13593;Macaco/Guariba/Bugio/Prego/Guigó;1;
16180;2021-02-16T16:55:00;SC;Campo Belo do Sul;Obtido pelo GPS ou informado explicitamente;12.587874;13590;Macaco/Guariba/Bugio/Prego/Guigó;2;
16174;2021-02-15T12:00:00;SC;Vargem;Obtido pelo GPS ou informado explicitamente;0.0;13584;Macaco/Guariba/Bugio/Prego/Guigó;3;
16173;2021-02-16T11:32:40;SC;Lages;Obtido pelo GPS ou informado explicitamente;24.272;13583;Macaco/Guariba/Bugio/Prego/Guigó;1;
16172;2021-02-16T11:27:28;SC;Lages;Obtido pelo GPS ou informado explicitamente;51.578;13582;Macaco/Guariba/Bugio/Prego/Guigó;1;
16171;2021-02-16T11:20:55;SC;Lages;Obtido pelo GPS ou informado explicitamente;57.646;13581;Macaco/Guariba/Bugio/Prego/Guigó;1;
16170;2021-02-16T14:42:11;SC;Curitibanos;Obtido pelo GPS ou informado explicitamente;3.42;13580;Macaco/Guariba/Bugio/Prego/Guigó;1;
16167;2021-02-12T10:51:00;PI;Altos;Obtido pelo GPS ou informado explicitamente;72.9;13577;Macaco/Guariba/Bugio/Prego/Guigó;1;Normal
16165;2021-02-15T16:39:00;SC;Campo Belo do Sul;Obtido pelo GPS ou informado explicitamente;1000.0;13575;Macaco/Guariba/Bugio/Prego/Guigó;2;
16164;2021-02-15T16:22:00;SC;Campo Belo do Sul;Obtido pelo GPS ou informado explicitamente;1299.999;13574;Macaco/Guariba/Bugio/Prego/Guigó;1;
16163;2021-02-15T16:13:43;SC;São José do Cerrito;Obtido pelo GPS ou informado explicitamente;11.792;13573;Macaco/Guariba/Bugio/Prego/Guigó;1;
16162;2021-02-15T11:38:00;SC;Campo Belo do Sul;Obtido pelo GPS ou informado explicitamente;4.3349075;13572;Macaco/Guariba/Bugio/Prego/Guigó;3;
16161;2021-02-15T14:18:41;PR;Campo Largo;Obtido pelo GPS ou informado explicitamente;3.786;13571;Macaco/Guariba/Bugio/Prego/Guigó;1;
16160;2021-02-12T15:23:00;SC;Lages;Obtido pelo GPS ou informado explicitamente;-1.0;13570;Macaco/Guariba/Bugio/Prego/Guigó;1;
16159;2021-02-11T08:35:00;SC;Anitápolis;Obtido pelo GPS ou informado explicitamente;0.0;13569;Macaco/Guariba/Bugio/Prego/Guigó;1;
16158;2021-02-11T10:00:00;SC;Anitápolis;Obtido pelo GPS ou informado explicitamente;20.0;13568;Macaco/Guariba/Bugio/Prego/Guigó;1;
16157;2021-02-14T13:45:00;SC;Anitápolis;Obtido pelo GPS ou informado explicitamente;19.0;13567;Macaco/Guariba/Bugio/Prego/Guigó;3;
16155;2021-02-14T10:05:00;SC;Águas Mornas;Obtido pelo GPS ou informado explicitamente;16.5;13565;Macaco/Guariba/Bugio/Prego/Guigó;1;
16151;2021-02-14T07:39:42;SC;Capão Alto;Obtido pelo GPS ou informado explicitamente;54.0;13561;Macaco/Guariba/Bugio/Prego/Guigó;1;
16150;2021-02-13T18:44:01;SC;Ponte Alta;Obtido pelo GPS ou informado explicitamente;4.288;13560;Macaco/Guariba/Bugio/Prego/Guigó;1;
16147;2021-02-13T09:54:05;SC;Curitibanos;Obtido pelo GPS ou informado explicitamente;0.0;13557;Macaco/Guariba/Bugio/Prego/Guigó;2;
16146;2021-02-13T10:00:46;SC;Curitibanos;Obtido pelo GPS ou informado explicitamente;26.5;13556;Macaco/Guariba/Bugio/Prego/Guigó;1;
16142;2021-02-12T10:12:53;SC;Cerro Negro;Obtido pelo GPS ou informado explicitamente;48.0;13552;Macaco/Guariba/Bugio/Prego/Guigó;2;
17066;2021-02-11T17:20:58;PR;Piraquara;Obtido pelo GPS ou informado explicitamente;;13550;Mico/Sagui/Soinho;1;
16139;2021-02-12T08:12:19;SC;Curitibanos;Obtido pelo GPS ou informado explicitamente;0.0;13549;Macaco/Guariba/Bugio/Prego/Guigó;1;
16137;2021-02-11T15:36:00;SC;São José do Cerrito;Obtido pelo GPS ou informado explicitamente;73.606;13546;Macaco/Guariba/Bugio/Prego/Guigó;1;
16136;2021-02-11T12:09:00;SC;São José do Cerrito;Obtido pelo GPS ou informado explicitamente;6.432;13545;Macaco/Guariba/Bugio/Prego/Guigó;1;
16135;2021-02-11T10:26:00;SC;São José do Cerrito;Obtido pelo GPS ou informado explicitamente;9.648;13544;Macaco/Guariba/Bugio/Prego/Guigó;1;
16134;2021-02-11T15:14:19;SC;Lages;Obtido pelo GPS ou informado explicitamente;51.578;13543;Macaco/Guariba/Bugio/Prego/Guigó;1;
16133;2021-02-11T11:09:00;PR;Maringá;Obtido pelo GPS ou informado explicitamente;4.869;13542;Mico/Sagui/Soinho;1;
16132;2021-02-11T11:07:00;PR;Maringá;Obtido pelo GPS ou informado explicitamente;39.6;13541;Macaco/Guariba/Bugio/Prego/Guigó;1;
16131;2021-02-11T11:06:00;PR;Maringá;Obtido pelo GPS ou informado explicitamente;3.9;13540;Macaco/Guariba/Bugio/Prego/Guigó;1;
16129;2021-02-10T10:48:00;MG;Dionísio;Coordenadas obtidas a partir do endereço;0.0;13538;Macaco/Guariba/Bugio/Prego/Guigó;1;
16128;2021-02-10T16:23:00;RS;Capão Bonito do Sul;Obtido pelo GPS ou informado explicitamente;4.0;13537;Macaco/Guariba/Bugio/Prego/Guigó;2;Normal
16127;2021-02-10T15:23:00;RS;Capão Bonito do Sul;Obtido pelo GPS ou informado explicitamente;5.0;13536;Macaco/Guariba/Bugio/Prego/Guigó;1;
16126;2021-02-10T14:44:00;RS;Capão Bonito do Sul;Obtido pelo GPS ou informado explicitamente;6.0;13535;Macaco/Guariba/Bugio/Prego/Guigó;1;
16125;2021-02-10T12:07:00;RS;Capão Bonito do Sul;Obtido pelo GPS ou informado explicitamente;4.0;13534;Macaco/Guariba/Bugio/Prego/Guigó;1;
16124;2021-02-01T10:30:00;RS;Barracão;Obtido pelo GPS ou informado explicitamente;-1.0;13533;Macaco/Guariba/Bugio/Prego/Guigó;4;
16123;2021-02-10T09:07:00;RS;Capão Bonito do Sul;Obtido pelo GPS ou informado explicitamente;-1.0;13532;Macaco/Guariba/Bugio/Prego/Guigó;2;
16120;2021-02-10T17:15:43;SC;São Cristóvão do Sul;Obtido pelo GPS ou informado explicitamente;14.5;13529;Macaco/Guariba/Bugio/Prego/Guigó;1;
16119;2021-02-10T15:26:46;SC;Lages;Obtido pelo GPS ou informado explicitamente;5.0;13528;Macaco/Guariba/Bugio/Prego/Guigó;1;
16118;2021-02-10T10:45:18;MG;Dionísio;Obtido pelo GPS ou informado explicitamente;3.22;13527;Macaco/Guariba/Bugio/Prego/Guigó;1;
16117;2021-02-10T14:02:00;PR;Maringá;Obtido pelo GPS ou informado explicitamente;5.36;13526;Macaco/Guariba/Bugio/Prego/Guigó;1;
16116;2021-02-10T13:44:00;PR;Maringá;Coordenadas obtidas a partir do endereço;-1.0;13525;Macaco/Guariba/Bugio/Prego/Guigó;3;
16115;2021-02-10T11:14:00;SC;Cerro Negro;Obtido pelo GPS ou informado explicitamente;3.906;13524;Macaco/Guariba/Bugio/Prego/Guigó;2;
16114;2021-02-10T08:00:00;SC;Anitápolis;Obtido pelo GPS ou informado explicitamente;0.0;13523;Macaco/Guariba/Bugio/Prego/Guigó;1;
16113;2021-02-08T11:39:00;SC;Blumenau;Coordenadas obtidas a partir do endereço;-1.0;13522;Mico/Sagui/Soinho;1;Doente
16112;2021-02-10T10:43:00;SC;São José do Cerrito;Obtido pelo GPS ou informado explicitamente;0.0;13521;Macaco/Guariba/Bugio/Prego/Guigó;1;
16111;2021-02-10T10:29:00;SC;São José do Cerrito;Obtido pelo GPS ou informado explicitamente;0.0;13520;Macaco/Guariba/Bugio/Prego/Guigó;2;
16110;2021-02-10T10:12:21;RJ;Magé;Obtido pelo GPS ou informado explicitamente;10.056;13519;Mico/Sagui/Soinho;3;Normal
16108;2021-02-09T10:09:49;RS;Monte Alegre dos Campos;Coordenadas obtidas a partir do endereço;;13517;Macaco/Guariba/Bugio/Prego/Guigó;1;
16106;2021-01-24T08:32:00;MG;Salinas;Obtido pelo GPS ou informado explicitamente;18.878;13515;Macaco/Guariba/Bugio/Prego/Guigó;2;Normal
16105;2021-02-08T10:47:00;SC;Cerro Negro;Obtido pelo GPS ou informado explicitamente;0.0;13514;Macaco/Guariba/Bugio/Prego/Guigó;1;
16104;2021-02-05T16:33:00;SC;Palma Sola;Obtido pelo GPS ou informado explicitamente;6.5;13513;Macaco/Guariba/Bugio/Prego/Guigó;2;
16103;2021-02-08T15:59:00;PR;Curitiba;Obtido pelo GPS ou informado explicitamente;65.0;13512;Mico/Sagui/Soinho;1;
16101;2021-02-08T13:58:36;SC;Curitibanos;Obtido pelo GPS ou informado explicitamente;0.0;13510;Macaco/Guariba/Bugio/Prego/Guigó;4;
16100;2021-02-08T11:23:00;SC;São José do Cerrito;Obtido pelo GPS ou informado explicitamente;0.0;13509;Macaco/Guariba/Bugio/Prego/Guigó;1;
16097;2021-02-07T11:49:00;SC;Palmeira;Obtido pelo GPS ou informado explicitamente;2.98;13506;Macaco/Guariba/Bugio/Prego/Guigó;1;
16096;2021-02-06T17:16:07;SC;Campo Belo do Sul;Obtido pelo GPS ou informado explicitamente;5.896;13505;Macaco/Guariba/Bugio/Prego/Guigó;1;
16095;2021-02-06T17:02:10;SC;Campo Belo do Sul;Obtido pelo GPS ou informado explicitamente;12.864;13504;Macaco/Guariba/Bugio/Prego/Guigó;3;
16094;2021-02-06T09:30:00;SC;Campo Belo do Sul;Obtido pelo GPS ou informado explicitamente;8.286876;13503;Macaco/Guariba/Bugio/Prego/Guigó;1;
16093;2021-02-05T16:47:00;SC;Campo Belo do Sul;Obtido pelo GPS ou informado explicitamente;3.79;13502;Macaco/Guariba/Bugio/Prego/Guigó;1;
16092;2021-02-06T12:23:00;SC;Campo Belo do Sul;Obtido pelo GPS ou informado explicitamente;-1.0;13501;Macaco/Guariba/Bugio/Prego/Guigó;2;
16088;2021-02-05T12:20:00;RS;Lagoa Vermelha;Obtido pelo GPS ou informado explicitamente;-1.0;13497;Macaco/Guariba/Bugio/Prego/Guigó;1;
16085;2021-02-05T09:35:00;SC;Curitibanos;Obtido pelo GPS ou informado explicitamente;0.0;13494;Macaco/Guariba/Bugio/Prego/Guigó;1;
16084;2021-02-05T09:10:00;SC;Canoinhas;Obtido pelo GPS ou informado explicitamente;10.366;13493;Macaco/Guariba/Bugio/Prego/Guigó;1;
16083;2021-02-05T11:00:45;SC;Cerro Negro;Obtido pelo GPS ou informado explicitamente;14748.26;13492;Macaco/Guariba/Bugio/Prego/Guigó;2;
16082;2021-02-05T10:54:07;SC;Cerro Negro;Obtido pelo GPS ou informado explicitamente;4.25;13491;Macaco/Guariba/Bugio/Prego/Guigó;2;
16079;2021-02-05T09:21:15;SC;Curitibanos;Obtido pelo GPS ou informado explicitamente;3.666;13488;Macaco/Guariba/Bugio/Prego/Guigó;2;
16074;2021-02-02T16:02:00;SC;Bocaina do Sul;Obtido pelo GPS ou informado explicitamente;21.6;13483;Macaco/Guariba/Bugio/Prego/Guigó;1;
16072;2021-02-02T16:50:00;RS;Lagoa Vermelha;Obtido pelo GPS ou informado explicitamente;24.0;13481;Macaco/Guariba/Bugio/Prego/Guigó;1;
16071;2021-02-04T10:59:00;SC;Lages;Obtido pelo GPS ou informado explicitamente;18.204;13480;Macaco/Guariba/Bugio/Prego/Guigó;1;
16070;2021-02-04T10:44:00;SC;Palmeira;Obtido pelo GPS ou informado explicitamente;0.0;13479;Macaco/Guariba/Bugio/Prego/Guigó;2;
16069;2021-02-03T15:00:00;SC;Curitibanos;Obtido pelo GPS ou informado explicitamente;0.0;13478;Macaco/Guariba/Bugio/Prego/Guigó;1;
16068;2021-02-03T08:37:00;RS;Pinhal da Serra;Obtido pelo GPS ou informado explicitamente;4.0;13477;Macaco/Guariba/Bugio/Prego/Guigó;2;
16067;2021-02-03T08:10:00;PR;Toledo;Coordenadas obtidas a partir do endereço;-1.0;13476;Macaco/Guariba/Bugio/Prego/Guigó;1;
16066;2021-02-02T17:49:00;SC;Palmitos;Obtido pelo GPS ou informado explicitamente;3.9;13475;Macaco/Guariba/Bugio/Prego/Guigó;1;
16064;2021-02-02T09:41:00;RS;Pinhal da Serra;Obtido pelo GPS ou informado explicitamente;3.972;13473;Macaco/Guariba/Bugio/Prego/Guigó;1;
16062;2021-02-02T10:45:00;SC;São José do Cerrito;Obtido pelo GPS ou informado explicitamente;44.823;13471;Macaco/Guariba/Bugio/Prego/Guigó;1;
16060;2021-02-01T10:55:00;RS;Barracão;Obtido pelo GPS ou informado explicitamente;4.0;13469;Macaco/Guariba/Bugio/Prego/Guigó;1;
16059;2021-02-02T07:44:00;RJ;Teresópolis;Obtido pelo GPS ou informado explicitamente;20.0;13468;Mico/Sagui/Soinho;3;Normal
16058;2021-01-29T14:30:00;SC;Campos Novos;Obtido pelo GPS ou informado explicitamente;-1.0;13467;Macaco/Guariba/Bugio/Prego/Guigó;2;
16057;2021-01-20T14:00:00;SC;Campos Novos;Obtido pelo GPS ou informado explicitamente;-1.0;13466;Macaco/Guariba/Bugio/Prego/Guigó;1;
16056;2021-01-29T13:10:00;SC;Ponte Alta do Norte;Obtido pelo GPS ou informado explicitamente;-1.0;13465;Macaco/Guariba/Bugio/Prego/Guigó;1;
16049;2021-01-29T14:40:00;PR;Piên;Obtido pelo GPS ou informado explicitamente;13.936;13458;Macaco/Guariba/Bugio/Prego/Guigó;1;
16046;2021-01-24T17:26:00;PI;Altos;Obtido pelo GPS ou informado explicitamente;12.585;13455;Mico/Sagui/Soinho;1;
16043;2021-01-29T17:03:33;RJ;Magé;Obtido pelo GPS ou informado explicitamente;16.821;13452;Mico/Sagui/Soinho;1;Normal
16042;2021-01-29T15:21:00;SC;Painel;Obtido pelo GPS ou informado explicitamente;3.9;13451;Macaco/Guariba/Bugio/Prego/Guigó;1;
16041;2021-01-29T11:09:48;MG;Urucuia;Obtido pelo GPS ou informado explicitamente;3700.0;13450;Macaco/Guariba/Bugio/Prego/Guigó;1;
16038;2021-01-29T10:23:00;RS;Pinhal da Serra;Obtido pelo GPS ou informado explicitamente;-1.0;13447;Macaco/Guariba/Bugio/Prego/Guigó;2;
16037;2021-01-29T10:54:00;SC;Curitibanos;Obtido pelo GPS ou informado explicitamente;2.1;13446;Macaco/Guariba/Bugio/Prego/Guigó;1;
16036;2021-01-29T08:57:00;SC;Curitibanos;Obtido pelo GPS ou informado explicitamente;7.1;13445;Macaco/Guariba/Bugio/Prego/Guigó;1;
16035;2021-01-29T09:02:00;SC;Curitibanos;Obtido pelo GPS ou informado explicitamente;5.4;13444;Macaco/Guariba/Bugio/Prego/Guigó;1;
16026;2021-01-28T13:39:00;SC;Curitibanos;Obtido pelo GPS ou informado explicitamente;2.1;13435;Macaco/Guariba/Bugio/Prego/Guigó;1;
16025;2021-01-28T13:33:00;SC;Curitibanos;Obtido pelo GPS ou informado explicitamente;2.4;13434;Macaco/Guariba/Bugio/Prego/Guigó;1;
16024;2021-01-28T13:40:00;SC;Curitibanos;Obtido pelo GPS ou informado explicitamente;2299.999;13433;Macaco/Guariba/Bugio/Prego/Guigó;1;
16023;2021-01-27T17:40:00;SC;Itaiópolis;Obtido pelo GPS ou informado explicitamente;3.9;13432;Macaco/Guariba/Bugio/Prego/Guigó;1;
16021;2021-01-26T11:50:00;SC;Blumenau;Obtido pelo GPS ou informado explicitamente;16.841;13430;Mico/Sagui/Soinho;1;
16019;2021-01-14T09:00:00;MG;Ubaí;Obtido pelo GPS ou informado explicitamente;0.0;13428;Mico/Sagui/Soinho;1;
16018;2021-01-15T10:33:00;GO;Goiânia;Obtido pelo GPS ou informado explicitamente;33.826;13427;Mico/Sagui/Soinho;1;
16010;2021-01-25T16:02:00;SC;Palmeira;Obtido pelo GPS ou informado explicitamente;5.36;13419;Macaco/Guariba/Bugio/Prego/Guigó;3;
16007;2021-01-26T13:30:00;SC;São José do Cerrito;Obtido pelo GPS ou informado explicitamente;-1.0;13416;Macaco/Guariba/Bugio/Prego/Guigó;1;
16006;2021-01-01T16:31:44;SC;Águas Mornas;Obtido pelo GPS ou informado explicitamente;33.232;13415;Macaco/Guariba/Bugio/Prego/Guigó;3;Normal
16005;2021-01-26T11:02:39;PR;Cascavel;Obtido pelo GPS ou informado explicitamente;;13414;Mico/Sagui/Soinho;1;
16002;2021-01-25T15:12:00;RS;Pinhal da Serra;Obtido pelo GPS ou informado explicitamente;10.505;13411;Macaco/Guariba/Bugio/Prego/Guigó;1;Normal
16001;2021-01-25T14:42:17;RS;Pinhal da Serra;Obtido pelo GPS ou informado explicitamente;10.184;13410;Macaco/Guariba/Bugio/Prego/Guigó;1;
15999;2021-01-23T17:55:00;SC;Água Doce;Obtido pelo GPS ou informado explicitamente;-1.0;13407;Macaco/Guariba/Bugio/Prego/Guigó;3;
15994;2021-01-23T08:00:00;GO;Goiânia;Obtido pelo GPS ou informado explicitamente;97.1;13402;Macaco/Guariba/Bugio/Prego/Guigó;1;
15993;2021-01-24T08:16:19;RJ;Magé;Obtido pelo GPS ou informado explicitamente;5.976;13401;Mico/Sagui/Soinho;2;Normal
15992;2021-01-23T14:41:00;SC;Curitibanos;Obtido pelo GPS ou informado explicitamente;4.9;13400;Macaco/Guariba/Bugio/Prego/Guigó;1;
15991;2021-01-23T13:34:23;SC;Urupema;Obtido pelo GPS ou informado explicitamente;6.432;13399;Macaco/Guariba/Bugio/Prego/Guigó;1;
15990;2021-01-21T13:41:00;MG;Unaí;Obtido pelo GPS ou informado explicitamente;10.414;13398;Macaco/Guariba/Bugio/Prego/Guigó;5;Normal
15989;2021-01-19T11:20:00;MG;Arinos;Obtido pelo GPS ou informado explicitamente;27.599;13397;Mico/Sagui/Soinho;5;Normal
15987;2021-01-22T14:00:00;RS;Restinga Seca;Obtido pelo GPS ou informado explicitamente;9.333;13395;Macaco/Guariba/Bugio/Prego/Guigó;1;
15984;2021-01-22T13:53:00;SC;Capão Alto;Obtido pelo GPS ou informado explicitamente;7.6;13392;Macaco/Guariba/Bugio/Prego/Guigó;1;
15980;2021-01-10T09:15:00;PR;Guaíra;Obtido pelo GPS ou informado explicitamente;0.0;13388;Macaco/Guariba/Bugio/Prego/Guigó;1;
15977;2021-01-15T13:02:00;SC;Otacílio Costa;Obtido pelo GPS ou informado explicitamente;0.0;13385;Macaco/Guariba/Bugio/Prego/Guigó;1;
15976;2021-01-18T15:56:00;RS;Restinga Seca;Obtido pelo GPS ou informado explicitamente;23.013;13384;Macaco/Guariba/Bugio/Prego/Guigó;1;
15972;2021-01-21T08:27:00;SC;Frei Rogério;Obtido pelo GPS ou informado explicitamente;520.12;13380;Macaco/Guariba/Bugio/Prego/Guigó;1;
15970;2021-01-14T14:30:00;PI;Altos;Coordenadas obtidas a partir do endereço;-1.0;13378;Mico/Sagui/Soinho;2;Normal
15968;2021-01-14T20:56:59;PI;Altos;Coordenadas obtidas a partir do endereço;-1.0;13376;Macaco/Guariba/Bugio/Prego/Guigó;1;Normal
15967;2021-01-12T12:00:00;PI;Altos;Coordenadas obtidas a partir do endereço;-1.0;13375;Macaco/Guariba/Bugio/Prego/Guigó;4;Normal
15966;2021-01-20T14:30:00;RS;Pinhal da Serra;Obtido pelo GPS ou informado explicitamente;0.0;13374;Macaco/Guariba/Bugio/Prego/Guigó;1;Normal
15965;2021-01-20T10:06:00;RS;Pinhal da Serra;Obtido pelo GPS ou informado explicitamente;13.936001;13373;Macaco/Guariba/Bugio/Prego/Guigó;3;Normal
15964;2021-01-20T14:05:00;SC;Angelina;Obtido pelo GPS ou informado explicitamente;2.9;13372;Macaco/Guariba/Bugio/Prego/Guigó;1;
15963;2021-01-20T15:00:00;SC;Florianópolis;Obtido pelo GPS ou informado explicitamente;0.0;13371;Mico/Sagui/Soinho;1;
15962;2021-01-20T14:50:00;DF;Brasília;Obtido pelo GPS ou informado explicitamente;8.0;13370;Mico/Sagui/Soinho;1;Normal
15961;2021-01-20T14:48:29;DF;Brasília;Obtido pelo GPS ou informado explicitamente;16.0;13369;Mico/Sagui/Soinho;1;
15960;2021-01-20T14:25:00;SC;Anita Garibaldi;Coordenadas obtidas a partir do endereço;-1.0;13368;Macaco/Guariba/Bugio/Prego/Guigó;1;
15958;2021-01-19T10:15:00;SC;Palmeira;Obtido pelo GPS ou informado explicitamente;142.5;13366;Macaco/Guariba/Bugio/Prego/Guigó;1;
15957;2021-01-20T11:00:00;SC;São Martinho;Obtido pelo GPS ou informado explicitamente;48.9;13365;Macaco/Guariba/Bugio/Prego/Guigó;1;
15952;2021-01-19T10:48:39;PR;Cruz Machado;Obtido pelo GPS ou informado explicitamente;3.9;13360;Macaco/Guariba/Bugio/Prego/Guigó;1;
15949;2020-12-09T10:11:00;PR;Palmas;Obtido pelo GPS ou informado explicitamente;-1.0;13357;Macaco/Guariba/Bugio/Prego/Guigó;1;
15948;2020-12-08T10:09:00;PR;Palmas;Obtido pelo GPS ou informado explicitamente;-1.0;13356;Macaco/Guariba/Bugio/Prego/Guigó;1;
15947;2020-11-30T10:07:00;PR;Palmas;Obtido pelo GPS ou informado explicitamente;-1.0;13355;Macaco/Guariba/Bugio/Prego/Guigó;1;
15946;2020-11-30T10:03:00;PR;Palmas;Obtido pelo GPS ou informado explicitamente;-1.0;13354;Macaco/Guariba/Bugio/Prego/Guigó;1;
15945;2020-12-27T09:55:00;PR;Palmas;Obtido pelo GPS ou informado explicitamente;-1.0;13353;Macaco/Guariba/Bugio/Prego/Guigó;1;
15945;2020-12-27T09:55:00;PR;Palmas;Obtido pelo GPS ou informado explicitamente;-1.0;13352;Macaco/Guariba/Bugio/Prego/Guigó;1;
15940;2021-01-18T18:24:00;SC;Campos Novos;Coordenadas obtidas a partir do endereço;-1.0;13347;Macaco/Guariba/Bugio/Prego/Guigó;1;
15937;2021-01-12T11:30:00;RS;Restinga Seca;Obtido pelo GPS ou informado explicitamente;12.009;13344;Macaco/Guariba/Bugio/Prego/Guigó;1;
15936;2021-01-18T13:57:00;SC;Curitibanos;Obtido pelo GPS ou informado explicitamente;2200.0;13343;Macaco/Guariba/Bugio/Prego/Guigó;1;
15935;2021-01-18T14:42:54;DF;Brasília;Obtido pelo GPS ou informado explicitamente;32.0;13342;Mico/Sagui/Soinho;1;
15934;2021-01-15T15:48:00;PR;Curitiba;Obtido pelo GPS ou informado explicitamente;0.0;13341;Mico/Sagui/Soinho;1;
15927;2021-01-15T16:19:16;PR;Cruz Machado;Obtido pelo GPS ou informado explicitamente;4.0;13334;Macaco/Guariba/Bugio/Prego/Guigó;1;
15926;2021-01-15T16:23:16;PR;Cruz Machado;Obtido pelo GPS ou informado explicitamente;3.9;13333;Macaco/Guariba/Bugio/Prego/Guigó;1;
15925;2021-01-15T10:23:10;PR;Cruz Machado;Obtido pelo GPS ou informado explicitamente;3.98;13332;Macaco/Guariba/Bugio/Prego/Guigó;1;
15922;2021-01-15T17:47:00;SC;Otacílio Costa;Coordenadas obtidas a partir do endereço;-1.0;13329;Macaco/Guariba/Bugio/Prego/Guigó;1;
15920;2021-01-15T15:30:00;SC;Anita Garibaldi;Coordenadas obtidas a partir do endereço;-1.0;13327;Macaco/Guariba/Bugio/Prego/Guigó;1;
15920;2021-01-15T15:30:00;SC;Anita Garibaldi;Coordenadas obtidas a partir do endereço;-1.0;13326;Macaco/Guariba/Bugio/Prego/Guigó;1;
15919;2021-01-15T15:08:00;SC;Palmeira;Obtido pelo GPS ou informado explicitamente;9.648;13325;Macaco/Guariba/Bugio/Prego/Guigó;1;
15918;2021-01-15T14:57:00;SC;Palmeira;Obtido pelo GPS ou informado explicitamente;112.933;13324;Macaco/Guariba/Bugio/Prego/Guigó;1;
15916;2021-01-15T10:00:00;SC;Brunópolis;Obtido pelo GPS ou informado explicitamente;0.0;13322;Macaco/Guariba/Bugio/Prego/Guigó;1;
15915;2021-01-15T11:47:00;PR;Cantagalo;Obtido pelo GPS ou informado explicitamente;3.923;13321;Macaco/Guariba/Bugio/Prego/Guigó;1;
14954;2021-01-13T14:31:00;SC;Palmeira;Obtido pelo GPS ou informado explicitamente;0.0;13319;Macaco/Guariba/Bugio/Prego/Guigó;6;
14953;2020-12-09T09:00:00;SP;São José do Barreiro;Obtido pelo GPS ou informado explicitamente;0.0;13318;Mico/Sagui/Soinho;1;Estranho
14952;2021-01-14T15:04:55;MG;Urucuia;Obtido pelo GPS ou informado explicitamente;3.9;13317;Macaco/Guariba/Bugio/Prego/Guigó;1;
14950;2021-01-13T21:41:00;PR;Cantagalo;Coordenadas obtidas a partir do endereço;0.0;13315;Macaco/Guariba/Bugio/Prego/Guigó;1;
14946;2021-01-13T16:31:58;MG;Juvenília;Obtido pelo GPS ou informado explicitamente;3.74;13311;Macaco/Guariba/Bugio/Prego/Guigó;1;
14941;2021-01-11T12:57:00;SP;Pindamonhangaba;Obtido pelo GPS ou informado explicitamente;0.0;13306;Macaco/Guariba/Bugio/Prego/Guigó;1;
14940;2021-01-12T17:30:00;MG;Unaí;Obtido pelo GPS ou informado explicitamente;122.4;13305;Mico/Sagui/Soinho;3;Normal
14938;2021-01-12T10:47:23;RJ;Magé;Obtido pelo GPS ou informado explicitamente;9.173;13303;Mico/Sagui/Soinho;1;Normal
14934;2021-01-12T15:10:48;SC;Mafra;Obtido pelo GPS ou informado explicitamente;3.869;13299;Macaco/Guariba/Bugio/Prego/Guigó;1;
15913;2021-01-07T11:48:00;PI;Altos;Obtido pelo GPS ou informado explicitamente;16.0;13297;Mico/Sagui/Soinho;2;Normal
14927;2021-01-12T09:43:22;SC;Curitibanos;Obtido pelo GPS ou informado explicitamente;27.0;13292;Macaco/Guariba/Bugio/Prego/Guigó;1;
14926;2021-01-12T09:25:33;SC;Curitibanos;Obtido pelo GPS ou informado explicitamente;41.0;13291;Macaco/Guariba/Bugio/Prego/Guigó;1;
14925;2021-01-12T09:30:00;PR;Dois Vizinhos;Obtido pelo GPS ou informado explicitamente;92.9;13290;Macaco/Guariba/Bugio/Prego/Guigó;1;
14924;2021-01-12T10:03:00;SC;Bocaina do Sul;Obtido pelo GPS ou informado explicitamente;15.008;13289;Macaco/Guariba/Bugio/Prego/Guigó;1;
14914;2021-01-09T12:21:52;RJ;Magé;Obtido pelo GPS ou informado explicitamente;15.129;13278;Mico/Sagui/Soinho;3;Normal
14908;2021-01-06T17:26:00;RS;São Vicente do Sul;Obtido pelo GPS ou informado explicitamente;26.57;13272;Macaco/Guariba/Bugio/Prego/Guigó;1;
14907;2021-01-05T15:09:00;RS;Pinhal da Serra;Obtido pelo GPS ou informado explicitamente;4.288;13271;Macaco/Guariba/Bugio/Prego/Guigó;4;
14904;2021-01-08T05:30:00;SC;Planalto Alegre;Obtido pelo GPS ou informado explicitamente;9.333;13268;Macaco/Guariba/Bugio/Prego/Guigó;1;
14903;2021-01-07T16:09:00;SC;Caçador;Obtido pelo GPS ou informado explicitamente;-1.0;13267;Macaco/Guariba/Bugio/Prego/Guigó;1;
14901;2020-12-30T09:30:00;RS;São Francisco de Assis;Obtido pelo GPS ou informado explicitamente;-1.0;13265;Macaco/Guariba/Bugio/Prego/Guigó;1;
14893;2021-01-05T14:36:00;PR;Curitiba;Obtido pelo GPS ou informado explicitamente;0.0;13257;Mico/Sagui/Soinho;1;
14891;2021-01-05T16:00:00;SC;Ponte Alta;Obtido pelo GPS ou informado explicitamente;122.4;13255;Macaco/Guariba/Bugio/Prego/Guigó;2;
14885;2021-01-05T14:32:04;RJ;Magé;Obtido pelo GPS ou informado explicitamente;7.988;13249;Mico/Sagui/Soinho;1;Normal
14881;2021-01-05T09:09:00;DF;Brasília;Obtido pelo GPS ou informado explicitamente;24.0;13245;Mico/Sagui/Soinho;1;
14878;2021-01-04T15:11:00;SC;Apiúna;Obtido pelo GPS ou informado explicitamente;8.2;13242;Macaco/Guariba/Bugio/Prego/Guigó;1;
14877;2020-12-17T14:27:55;PR;Cianorte;Obtido pelo GPS ou informado explicitamente;3.42;13241;Macaco/Guariba/Bugio/Prego/Guigó;1;
14876;2021-01-04T11:18:00;SC;Indaial;Obtido pelo GPS ou informado explicitamente;0.0;13240;Macaco/Guariba/Bugio/Prego/Guigó;1;
14875;2021-01-04T13:29:27;PR;Araucária;Obtido pelo GPS ou informado explicitamente;4.236;13239;Mico/Sagui/Soinho;1;
14873;2021-01-03T08:30:00;GO;Goiânia;Obtido pelo GPS ou informado explicitamente;0.0;13237;Macaco/Guariba/Bugio/Prego/Guigó;1;
14867;2021-01-03T06:17:13;RJ;Magé;Obtido pelo GPS ou informado explicitamente;726.206;13231;Mico/Sagui/Soinho;2;Normal
14866;2020-12-31T17:53:00;PI;Altos;Obtido pelo GPS ou informado explicitamente;3104.0;13230;Macaco/Guariba/Bugio/Prego/Guigó;1;Normal
14862;2021-01-01T12:38:00;RJ;Magé;Obtido pelo GPS ou informado explicitamente;453.352;13226;Mico/Sagui/Soinho;1;Normal
14861;2020-12-31T17:12:00;SC;Braço do Trombudo;Obtido pelo GPS ou informado explicitamente;135.6;13225;Macaco/Guariba/Bugio/Prego/Guigó;2;
14860;2020-12-31T16:55:00;SC;Braço do Trombudo;Obtido pelo GPS ou informado explicitamente;3.2;13224;Macaco/Guariba/Bugio/Prego/Guigó;1;
14857;2020-12-30T16:55:43;SC;Ponte Alta;Obtido pelo GPS ou informado explicitamente;12.864;13221;Macaco/Guariba/Bugio/Prego/Guigó;3;
14856;2020-02-04T13:20:00;GO;Goiânia;Obtido pelo GPS ou informado explicitamente;0.0;13220;Mico/Sagui/Soinho;1;
14855;2020-02-05T08:10:00;GO;Goiânia;Obtido pelo GPS ou informado explicitamente;0.0;13219;Mico/Sagui/Soinho;1;
14854;2020-02-05T13:01:00;GO;Goiânia;Obtido pelo GPS ou informado explicitamente;0.0;13218;Mico/Sagui/Soinho;1;
14851;2020-02-10T13:11:00;GO;Goiânia;Obtido pelo GPS ou informado explicitamente;0.0;13215;Macaco/Guariba/Bugio/Prego/Guigó;1;
14850;2020-02-22T07:51:00;GO;Goiânia;Obtido pelo GPS ou informado explicitamente;0.0;13214;Mico/Sagui/Soinho;1;
14849;2020-02-28T08:36:00;GO;Goiânia;Obtido pelo GPS ou informado explicitamente;0.0;13213;Macaco/Guariba/Bugio/Prego/Guigó;1;
14848;2020-04-04T13:23:00;GO;Goiânia;Obtido pelo GPS ou informado explicitamente;0.0;13212;Mico/Sagui/Soinho;1;
14847;2020-05-07T13:59:00;GO;Goiânia;Obtido pelo GPS ou informado explicitamente;0.0;13211;Mico/Sagui/Soinho;1;
14846;2020-07-10T08:48:00;GO;Goiânia;Obtido pelo GPS ou informado explicitamente;0.0;13210;Macaco/Guariba/Bugio/Prego/Guigó;1;
14845;2020-06-29T13:33:00;GO;Goiânia;Obtido pelo GPS ou informado explicitamente;0.0;13209;Mico/Sagui/Soinho;1;
14844;2020-08-25T13:12:00;GO;Goiânia;Obtido pelo GPS ou informado explicitamente;0.0;13208;Macaco/Guariba/Bugio/Prego/Guigó;1;
14843;2020-09-10T08:04:00;GO;Goiânia;Obtido pelo GPS ou informado explicitamente;0.0;13207;Mico/Sagui/Soinho;1;
14842;2020-09-28T13:36:00;GO;Goiânia;Obtido pelo GPS ou informado explicitamente;0.0;13206;Macaco/Guariba/Bugio/Prego/Guigó;1;
14840;2020-12-30T07:54:24;RJ;Magé;Obtido pelo GPS ou informado explicitamente;16.508;13204;Mico/Sagui/Soinho;1;Normal
14839;2020-09-26T14:30:00;GO;Goiânia;Obtido pelo GPS ou informado explicitamente;0.0;13203;Macaco/Guariba/Bugio/Prego/Guigó;1;
14838;2020-09-30T14:07:00;GO;Goiânia;Obtido pelo GPS ou informado explicitamente;0.0;13202;Mico/Sagui/Soinho;1;
14837;2020-12-29T15:46:26;RJ;Magé;Obtido pelo GPS ou informado explicitamente;11.87;13201;Mico/Sagui/Soinho;1;Normal
14836;2020-10-17T09:39:00;GO;Goiânia;Obtido pelo GPS ou informado explicitamente;0.0;13200;Macaco/Guariba/Bugio/Prego/Guigó;1;
14835;2020-12-27T09:11:00;SC;Ponte Serrada;Obtido pelo GPS ou informado explicitamente;20.0;13199;Macaco/Guariba/Bugio/Prego/Guigó;1;
14834;2020-10-16T12:00:00;GO;Goiânia;Obtido pelo GPS ou informado explicitamente;0.0;13198;Macaco/Guariba/Bugio/Prego/Guigó;1;
14833;2020-10-22T14:40:00;GO;Goiânia;Obtido pelo GPS ou informado explicitamente;0.0;13197;Macaco/Guariba/Bugio/Prego/Guigó;1;
14832;2020-10-25T09:34:00;GO;Goiânia;Obtido pelo GPS ou informado explicitamente;0.0;13196;Macaco/Guariba/Bugio/Prego/Guigó;1;
14831;2020-10-30T09:25:00;GO;Goiânia;Obtido pelo GPS ou informado explicitamente;0.0;13195;Macaco/Guariba/Bugio/Prego/Guigó;1;
14830;2020-11-05T09:19:00;GO;Goiânia;Obtido pelo GPS ou informado explicitamente;0.0;13194;Macaco/Guariba/Bugio/Prego/Guigó;2;
14829;2020-11-06T13:06:00;GO;Goiânia;Obtido pelo GPS ou informado explicitamente;0.0;13193;Mico/Sagui/Soinho;1;
14828;2020-11-10T13:58:00;GO;Goiânia;Obtido pelo GPS ou informado explicitamente;0.0;13192;Macaco/Guariba/Bugio/Prego/Guigó;1;
14827;2020-11-14T13:51:00;GO;Goiânia;Obtido pelo GPS ou informado explicitamente;0.0;13191;Mico/Sagui/Soinho;1;
14826;2020-11-18T09:20:00;GO;Goiânia;Obtido pelo GPS ou informado explicitamente;0.0;13190;Mico/Sagui/Soinho;1;
14825;2020-12-29T13:37:43;SC;São Bernardino;Obtido pelo GPS ou informado explicitamente;4.29;13189;Macaco/Guariba/Bugio/Prego/Guigó;1;
14824;2020-12-29T13:29:00;SC;Braço do Trombudo;Obtido pelo GPS ou informado explicitamente;3299.999;13188;Macaco/Guariba/Bugio/Prego/Guigó;1;
14823;2020-12-05T09:18:00;GO;Goiânia;Obtido pelo GPS ou informado explicitamente;0.0;13187;Mico/Sagui/Soinho;1;
14822;2020-12-14T13:04:00;GO;Goiânia;Obtido pelo GPS ou informado explicitamente;0.0;13186;Mico/Sagui/Soinho;1;
14821;2020-12-29T11:00:00;SC;Lages;Obtido pelo GPS ou informado explicitamente;3.9;13185;Macaco/Guariba/Bugio/Prego/Guigó;1;
14818;2020-12-29T07:23:00;SC;Braço do Trombudo;Obtido pelo GPS ou informado explicitamente;2599.999;13182;Macaco/Guariba/Bugio/Prego/Guigó;1;
14817;2020-12-29T07:02:00;SC;Braço do Trombudo;Obtido pelo GPS ou informado explicitamente;906.715;13181;Macaco/Guariba/Bugio/Prego/Guigó;2;
14816;2020-12-28T11:12:00;PR;Cruz Machado;Obtido pelo GPS ou informado explicitamente;-1.0;13180;Macaco/Guariba/Bugio/Prego/Guigó;1;
14814;2020-12-28T09:36:00;SC;Braço do Trombudo;Obtido pelo GPS ou informado explicitamente;874.842;13178;Macaco/Guariba/Bugio/Prego/Guigó;1;
14813;2020-12-28T09:22:14;SC;Braço do Trombudo;Obtido pelo GPS ou informado explicitamente;110.0;13177;Macaco/Guariba/Bugio/Prego/Guigó;1;
14812;2020-12-22T13:51:00;GO;Goiânia;Obtido pelo GPS ou informado explicitamente;0.0;13176;Mico/Sagui/Soinho;1;
14809;2020-12-27T10:01:01;RJ;Magé;Obtido pelo GPS ou informado explicitamente;13.956;13173;Mico/Sagui/Soinho;1;Normal
14807;2020-12-26T17:09:19;SC;Agrolândia;Obtido pelo GPS ou informado explicitamente;3.9;13171;Macaco/Guariba/Bugio/Prego/Guigó;1;
14806;2020-12-26T17:05:46;SC;Agrolândia;Obtido pelo GPS ou informado explicitamente;-1.0;13170;Macaco/Guariba/Bugio/Prego/Guigó;1;
14805;2020-12-26T12:20:46;RJ;Magé;Obtido pelo GPS ou informado explicitamente;1000.0;13169;Mico/Sagui/Soinho;1;Normal
14805;2020-12-26T12:20:46;RJ;Magé;Obtido pelo GPS ou informado explicitamente;1000.0;13168;Mico/Sagui/Soinho;1;Normal
14802;2020-12-26T09:41:16;SC;Braço do Trombudo;Obtido pelo GPS ou informado explicitamente;2500.0;13165;Macaco/Guariba/Bugio/Prego/Guigó;1;
14791;2020-12-05T14:04:00;RJ;Itatiaia;Coordenadas obtidas a partir do endereço;-1.0;13154;Macaco/Guariba/Bugio/Prego/Guigó;7;Normal
14779;2020-11-27T12:03:00;RJ;Itatiaia;Obtido pelo GPS ou informado explicitamente;104.1;13142;Macaco/Guariba/Bugio/Prego/Guigó;1;Normal
14773;2020-12-24T14:11:00;PI;Altos;Obtido pelo GPS ou informado explicitamente;48.0;13136;Macaco/Guariba/Bugio/Prego/Guigó;1;Normal
14772;2020-12-24T12:03:07;SC;Braço do Trombudo;Obtido pelo GPS ou informado explicitamente;82.5;13135;Macaco/Guariba/Bugio/Prego/Guigó;1;
14767;2020-12-22T14:15:00;PR;Curitiba;Obtido pelo GPS ou informado explicitamente;0.0;13130;Mico/Sagui/Soinho;1;
14766;2020-12-23T13:31:00;SC;Braço do Trombudo;Obtido pelo GPS ou informado explicitamente;1399.999;13129;Macaco/Guariba/Bugio/Prego/Guigó;1;
14765;2020-12-17T14:27:04;PR;Cianorte;Obtido pelo GPS ou informado explicitamente;4.011;13128;Macaco/Guariba/Bugio/Prego/Guigó;1;
13830;2020-12-22T15:35:05;SC;São Bernardino;Obtido pelo GPS ou informado explicitamente;0.0;13127;Macaco/Guariba/Bugio/Prego/Guigó;3;
14764;2020-12-15T14:18:00;SC;Agrolândia;Coordenadas obtidas a partir do endereço;-1.0;13126;Macaco/Guariba/Bugio/Prego/Guigó;1;
14763;2020-12-10T16:45:00;SC;Braço do Trombudo;Coordenadas obtidas a partir do endereço;;13125;Macaco/Guariba/Bugio/Prego/Guigó;1;
14762;2020-12-18T07:56:00;PI;Altos;Obtido pelo GPS ou informado explicitamente;40.52;13124;Mico/Sagui/Soinho;6;Normal
14761;2020-12-18T15:29:00;SC;Agrolândia;Coordenadas obtidas a partir do endereço;-1.0;13123;Macaco/Guariba/Bugio/Prego/Guigó;1;
14760;2020-12-10T15:55:00;SC;Braço do Trombudo;Coordenadas obtidas a partir do endereço;-1.0;13122;Macaco/Guariba/Bugio/Prego/Guigó;1;
14758;2020-12-16T11:53:00;PI;Altos;Obtido pelo GPS ou informado explicitamente;32.0;13120;Macaco/Guariba/Bugio/Prego/Guigó;8;Normal
14757;2020-12-15T18:04:00;PI;Altos;Obtido pelo GPS ou informado explicitamente;4000.0;13119;Macaco/Guariba/Bugio/Prego/Guigó;1;Normal
14756;2020-12-12T15:21:00;PI;Altos;Obtido pelo GPS ou informado explicitamente;16.0;13118;Macaco/Guariba/Bugio/Prego/Guigó;1;
14754;2020-12-10T09:06:00;PI;Altos;Obtido pelo GPS ou informado explicitamente;32.0;13116;Mico/Sagui/Soinho;2;
14753;2020-12-17T17:19:00;SC;São Lourenço do Oeste;Obtido pelo GPS ou informado explicitamente;29.0;13115;Macaco/Guariba/Bugio/Prego/Guigó;2;
14752;2020-12-16T19:09:00;SC;Passos Maia;Obtido pelo GPS ou informado explicitamente;4.0823836;13114;Macaco/Guariba/Bugio/Prego/Guigó;1;
13816;2020-12-17T17:10:48;SC;Trombudo Central;Obtido pelo GPS ou informado explicitamente;0.0;13113;Macaco/Guariba/Bugio/Prego/Guigó;1;
13814;2020-12-22T08:40:00;SC;Braço do Trombudo;Obtido pelo GPS ou informado explicitamente;2500.0;13111;Macaco/Guariba/Bugio/Prego/Guigó;1;
13813;2020-12-22T10:05:24;SC;Braço do Trombudo;Obtido pelo GPS ou informado explicitamente;3299.999;13110;Macaco/Guariba/Bugio/Prego/Guigó;1;
13812;2020-12-21T14:40:00;PR;Porto Vitória;Obtido pelo GPS ou informado explicitamente;3.96;13109;Macaco/Guariba/Bugio/Prego/Guigó;1;
13811;2020-12-22T09:25:24;SC;Braço do Trombudo;Obtido pelo GPS ou informado explicitamente;2900.0;13108;Macaco/Guariba/Bugio/Prego/Guigó;1;
13810;2020-12-21T14:44:00;SC;Pouso Redondo;Obtido pelo GPS ou informado explicitamente;0.0;13107;Macaco/Guariba/Bugio/Prego/Guigó;1;
13809;2020-12-14T17:14:18;SC;Trombudo Central;Obtido pelo GPS ou informado explicitamente;0.0;13106;Macaco/Guariba/Bugio/Prego/Guigó;1;
13806;2020-12-10T14:42:54;SC;Trombudo Central;Obtido pelo GPS ou informado explicitamente;;13103;Macaco/Guariba/Bugio/Prego/Guigó;1;
13805;2020-12-16T13:45:00;SC;Passos Maia;Obtido pelo GPS ou informado explicitamente;4.0;13102;Macaco/Guariba/Bugio/Prego/Guigó;1;
13804;2020-12-15T14:02:59;SC;Atalanta;Obtido pelo GPS ou informado explicitamente;;13101;Macaco/Guariba/Bugio/Prego/Guigó;2;
13802;2020-12-21T07:46:00;RN;Natal;Obtido pelo GPS ou informado explicitamente;0.0;13099;Macaco/Guariba/Bugio/Prego/Guigó;1;Doente
13794;2020-08-26T19:43:00;SC;Campo Belo do Sul;Obtido pelo GPS ou informado explicitamente;-1.0;13091;Macaco/Guariba/Bugio/Prego/Guigó;1;
13786;2020-12-19T12:17:38;SC;Braço do Trombudo;Obtido pelo GPS ou informado explicitamente;1000.0;13083;Macaco/Guariba/Bugio/Prego/Guigó;1;
13785;2020-12-19T11:16:34;SC;Braço do Trombudo;Obtido pelo GPS ou informado explicitamente;49.43;13082;Macaco/Guariba/Bugio/Prego/Guigó;1;
13750;2020-12-16T22:08:02;SC;Salete;Obtido pelo GPS ou informado explicitamente;0.0;13045;Macaco/Guariba/Bugio/Prego/Guigó;1;
13749;2020-12-16T18:18:49;SC;Agrolândia;Coordenadas obtidas a partir do endereço;;13044;Macaco/Guariba/Bugio/Prego/Guigó;1;
13747;2020-12-16T12:27:00;SC;Macieira;Obtido pelo GPS ou informado explicitamente;1899.999;13042;Macaco/Guariba/Bugio/Prego/Guigó;1;
13744;2020-12-15T17:14:00;SC;Braço do Trombudo;Obtido pelo GPS ou informado explicitamente;87.6;13039;Macaco/Guariba/Bugio/Prego/Guigó;2;
13728;2020-12-14T10:21:00;SC;Passos Maia;Obtido pelo GPS ou informado explicitamente;20.0;13023;Macaco/Guariba/Bugio/Prego/Guigó;1;
13727;2020-12-14T15:16:00;SC;Passos Maia;Obtido pelo GPS ou informado explicitamente;5.0;13022;Macaco/Guariba/Bugio/Prego/Guigó;1;
13723;2020-12-13T13:23:00;SC;Petrolândia;Obtido pelo GPS ou informado explicitamente;3700.0;13018;Macaco/Guariba/Bugio/Prego/Guigó;1;
13722;2020-12-13T10:52:24;SC;Atalanta;Obtido pelo GPS ou informado explicitamente;15.008;13017;Macaco/Guariba/Bugio/Prego/Guigó;2;
13720;2020-12-12T15:55:07;SC;Braço do Trombudo;Obtido pelo GPS ou informado explicitamente;72.9;13015;Macaco/Guariba/Bugio/Prego/Guigó;3;
13719;2020-12-12T14:05:28;SC;Atalanta;Obtido pelo GPS ou informado explicitamente;21.44;13014;Macaco/Guariba/Bugio/Prego/Guigó;1;
13718;2020-12-10T17:20:00;SC;Abelardo Luz;Obtido pelo GPS ou informado explicitamente;-1.0;13013;Macaco/Guariba/Bugio/Prego/Guigó;1;
13717;2020-12-11T09:35:16;SC;Florianópolis;Obtido pelo GPS ou informado explicitamente;10.697;13012;Mico/Sagui/Soinho;1;
13716;2020-12-10T13:26:00;SC;Atalanta;Obtido pelo GPS ou informado explicitamente;8.576;13011;Macaco/Guariba/Bugio/Prego/Guigó;1;
13715;2020-12-10T13:39:17;DF;Brasília;Obtido pelo GPS ou informado explicitamente;16.0;13010;Mico/Sagui/Soinho;3;Normal
13713;2020-11-26T15:50:00;PI;Altos;Obtido pelo GPS ou informado explicitamente;3216.0;13008;Macaco/Guariba/Bugio/Prego/Guigó;11;Normal
13712;2020-11-26T13:50:00;PI;Altos;Obtido pelo GPS ou informado explicitamente;3216.0;13007;Mico/Sagui/Soinho;3;Normal
13711;2020-11-24T17:23:00;PI;Altos;Obtido pelo GPS ou informado explicitamente;82.5;13006;Macaco/Guariba/Bugio/Prego/Guigó;1;Normal
13709;2020-12-10T09:30:00;SP;Cotia;Coordenadas obtidas a partir do endereço;-1.0;13004;Mico/Sagui/Soinho;7;Normal
13708;2020-12-10T09:19:10;PR;Curitiba;Obtido pelo GPS ou informado explicitamente;82.5;13003;Mico/Sagui/Soinho;1;
13698;2020-12-09T15:40:00;SC;Abelardo Luz;Coordenadas obtidas a partir do endereço;-1.0;12993;Macaco/Guariba/Bugio/Prego/Guigó;1;
13697;2020-12-09T17:26:00;SC;Abelardo Luz;Obtido pelo GPS ou informado explicitamente;-1.0;12992;Macaco/Guariba/Bugio/Prego/Guigó;1;
13696;2020-12-09T15:49:10;SC;Atalanta;Obtido pelo GPS ou informado explicitamente;2799.999;12991;Macaco/Guariba/Bugio/Prego/Guigó;1;
13695;2020-12-09T15:32:53;SC;Atalanta;Obtido pelo GPS ou informado explicitamente;4959.741;12990;Macaco/Guariba/Bugio/Prego/Guigó;1;
13693;2020-12-09T14:00:00;DF;Brasília;Obtido pelo GPS ou informado explicitamente;6.0;12988;Macaco/Guariba/Bugio/Prego/Guigó;1;
13691;2020-11-20T14:26:00;SC;Itaiópolis;Coordenadas obtidas a partir do endereço;-1.0;12986;Macaco/Guariba/Bugio/Prego/Guigó;1;Normal
13690;2020-12-09T10:23:00;DF;Brasília;Obtido pelo GPS ou informado explicitamente;4.0;12985;Mico/Sagui/Soinho;1;Normal
13683;2020-12-08T14:00:07;SC;Braço do Trombudo;Obtido pelo GPS ou informado explicitamente;7.504;12978;Macaco/Guariba/Bugio/Prego/Guigó;1;
13681;2020-12-08T12:47:25;GO;Goiânia;Obtido pelo GPS ou informado explicitamente;3.9;12976;Macaco/Guariba/Bugio/Prego/Guigó;7;Normal
13679;2020-12-08T12:06:00;PR;Porto Rico;Obtido pelo GPS ou informado explicitamente;4699.999;12974;Macaco/Guariba/Bugio/Prego/Guigó;1;
13677;2020-12-08T09:37:00;DF;Brasília;Obtido pelo GPS ou informado explicitamente;6.0;12972;Mico/Sagui/Soinho;2;Normal
13673;2020-12-07T13:00:00;GO;Goiânia;Obtido pelo GPS ou informado explicitamente;65.0;12968;Macaco/Guariba/Bugio/Prego/Guigó;1;
13670;2020-12-07T10:10:00;DF;Brasília;Obtido pelo GPS ou informado explicitamente;0.0;12965;Mico/Sagui/Soinho;1;
13669;2020-10-26T14:30:00;GO;Goiânia;Obtido pelo GPS ou informado explicitamente;52.678;12964;Mico/Sagui/Soinho;1;
13658;2020-12-05T09:54:00;DF;Brasília;Obtido pelo GPS ou informado explicitamente;0.0;12953;Mico/Sagui/Soinho;5;Normal
13655;2018-05-10T10:00:00;AL;Maceió;Obtido pelo GPS ou informado explicitamente;0.0;12950;Mico/Sagui/Soinho;1;Normal
13640;2020-12-04T11:18:09;PR;Curitiba;Obtido pelo GPS ou informado explicitamente;41.55;12932;Mico/Sagui/Soinho;1;
13639;2020-12-04T15:21:00;SC;Atalanta;Coordenadas obtidas a partir do endereço;-1.0;12931;Macaco/Guariba/Bugio/Prego/Guigó;1;
13637;2020-12-04T13:50:00;DF;Brasília;Obtido pelo GPS ou informado explicitamente;8.0;12928;Macaco/Guariba/Bugio/Prego/Guigó;2;Normal
13636;2020-12-04T13:27:22;DF;Brasília;Obtido pelo GPS ou informado explicitamente;6.0;12927;Mico/Sagui/Soinho;5;Normal
13626;2020-12-03T15:29:00;SC;Abelardo Luz;Obtido pelo GPS ou informado explicitamente;0.0;12917;Macaco/Guariba/Bugio/Prego/Guigó;1;
13625;2020-12-03T13:22:00;SC;Abelardo Luz;Obtido pelo GPS ou informado explicitamente;0.0;12916;Macaco/Guariba/Bugio/Prego/Guigó;3;
13624;2020-12-03T16:30:00;PR;Cascavel;Obtido pelo GPS ou informado explicitamente;0.0;12915;Macaco/Guariba/Bugio/Prego/Guigó;1;
13623;2020-12-02T10:30:00;DF;Brasília;Obtido pelo GPS ou informado explicitamente;0.0;12914;Mico/Sagui/Soinho;3;Normal
13622;2020-12-03T15:49:00;DF;Brasília;Obtido pelo GPS ou informado explicitamente;6.0;12913;Mico/Sagui/Soinho;5;Normal
13621;2020-12-03T13:56:00;SC;Petrolândia;Obtido pelo GPS ou informado explicitamente;4.288;12912;Macaco/Guariba/Bugio/Prego/Guigó;1;
13619;2020-12-02T18:05:34;PR;Cascavel;Obtido pelo GPS ou informado explicitamente;;12910;Mico/Sagui/Soinho;1;
13618;2020-12-02T16:09:00;DF;Brasília;Obtido pelo GPS ou informado explicitamente;0.0;12909;Mico/Sagui/Soinho;2;
13617;2020-12-02T16:05:00;GO;Goiânia;Obtido pelo GPS ou informado explicitamente;10.0;12908;Macaco/Guariba/Bugio/Prego/Guigó;6;Normal
13613;2020-12-02T12:12:58;DF;Brasília;Obtido pelo GPS ou informado explicitamente;82.5;12903;Mico/Sagui/Soinho;1;
13612;2020-12-02T11:13:56;PE;Bom Jardim;Obtido pelo GPS ou informado explicitamente;6.8;12902;Mico/Sagui/Soinho;1;
13611;2020-12-02T11:08:34;PE;Bom Jardim;Obtido pelo GPS ou informado explicitamente;6.5;12901;Mico/Sagui/Soinho;1;Estranho
13610;2020-12-02T11:01:32;PE;Bom Jardim;Obtido pelo GPS ou informado explicitamente;9.5;12900;Mico/Sagui/Soinho;1;
13609;2020-12-02T10:56:41;PE;Bom Jardim;Obtido pelo GPS ou informado explicitamente;3.9;12899;Mico/Sagui/Soinho;1;Estranho
13608;2020-12-02T10:52:22;PE;Bom Jardim;Obtido pelo GPS ou informado explicitamente;3.9;12898;Mico/Sagui/Soinho;1;
13592;2020-12-01T18:40:58;DF;Brasília;Obtido pelo GPS ou informado explicitamente;65.0;12882;Mico/Sagui/Soinho;1;
13591;2020-12-01T11:15:15;DF;Brasília;Obtido pelo GPS ou informado explicitamente;48.0;12881;Macaco/Guariba/Bugio/Prego/Guigó;1;Normal
13590;2020-10-27T15:26:00;GO;Goiânia;Obtido pelo GPS ou informado explicitamente;65.0;12880;Mico/Sagui/Soinho;1;
13589;2020-11-30T11:00:00;SC;Mafra;Obtido pelo GPS ou informado explicitamente;-1.0;12879;Macaco/Guariba/Bugio/Prego/Guigó;2;
13587;2020-10-31T11:10:00;GO;Goiânia;Obtido pelo GPS ou informado explicitamente;65.0;12877;Macaco/Guariba/Bugio/Prego/Guigó;1;
13581;2020-11-27T16:33:00;PR;Palmas;Obtido pelo GPS ou informado explicitamente;0.0;12871;Macaco/Guariba/Bugio/Prego/Guigó;2;
13580;2020-11-30T09:46:00;PR;Coronel Domingos Soares;Obtido pelo GPS ou informado explicitamente;-1.0;12870;Macaco/Guariba/Bugio/Prego/Guigó;5;
13578;2020-11-30T09:08:47;PR;Araucária;Obtido pelo GPS ou informado explicitamente;3.916;12868;Mico/Sagui/Soinho;1;
13576;2020-11-29T15:15:00;SC;Rio do Oeste;Obtido pelo GPS ou informado explicitamente;22.512;12866;Macaco/Guariba/Bugio/Prego/Guigó;1;
13569;2020-11-27T18:11:10;DF;Brasília;Obtido pelo GPS ou informado explicitamente;28.418;12859;Mico/Sagui/Soinho;2;
13567;2020-11-27T09:10:00;SC;Abelardo Luz;Obtido pelo GPS ou informado explicitamente;3.7900925;12857;Macaco/Guariba/Bugio/Prego/Guigó;1;
13566;2020-11-26T14:53:00;SC;Vargeão;Obtido pelo GPS ou informado explicitamente;5.707515;12856;Macaco/Guariba/Bugio/Prego/Guigó;1;
13565;2020-11-26T13:00:00;PR;Quinta do Sol;Obtido pelo GPS ou informado explicitamente;0.0;12855;Macaco/Guariba/Bugio/Prego/Guigó;1;
13557;2020-11-18T14:24:00;PR;Palmas;Obtido pelo GPS ou informado explicitamente;0.0;12846;Macaco/Guariba/Bugio/Prego/Guigó;1;
13555;2020-11-25T08:42:00;DF;Brasília;Obtido pelo GPS ou informado explicitamente;0.0;12844;Mico/Sagui/Soinho;1;
13554;2020-11-25T15:32:00;PR;Palmas;Obtido pelo GPS ou informado explicitamente;0.0;12843;Macaco/Guariba/Bugio/Prego/Guigó;1;
13551;2020-11-25T15:40:00;MG;Salinas;Obtido pelo GPS ou informado explicitamente;8.533948;12840;Mico/Sagui/Soinho;1;
13530;2020-11-25T11:28:28;GO;Aparecida de Goiânia;Obtido pelo GPS ou informado explicitamente;;12816;Mico/Sagui/Soinho;1;
13518;2020-11-24T16:00:00;SC;Abelardo Luz;Obtido pelo GPS ou informado explicitamente;5.0;12803;Macaco/Guariba/Bugio/Prego/Guigó;1;
13517;2020-11-24T15:20:00;MG;Divinópolis;Coordenadas obtidas a partir do endereço;-1.0;12802;Mico/Sagui/Soinho;1;
13504;2018-11-07T15:43:00;GO;Goiânia;Coordenadas obtidas a partir do endereço;;12789;Macaco/Guariba/Bugio/Prego/Guigó;1;
13476;2020-11-24T12:30:00;SC;Abelardo Luz;Coordenadas obtidas a partir do endereço;;12756;Macaco/Guariba/Bugio/Prego/Guigó;1;
13454;2020-11-24T09:20:00;PR;São José dos Pinhais;Coordenadas obtidas a partir do endereço;;12732;Macaco/Guariba/Bugio/Prego/Guigó;1;Normal
13453;2020-11-24T10:20:08;PR;Cruz Machado;Obtido pelo GPS ou informado explicitamente;3.9;12731;Macaco/Guariba/Bugio/Prego/Guigó;1;
13446;2020-11-20T14:21:00;PI;Altos;Obtido pelo GPS ou informado explicitamente;3400.0;12724;Mico/Sagui/Soinho;8;Normal
13445;2020-11-20T10:56:00;PI;Altos;Obtido pelo GPS ou informado explicitamente;3400.0;12723;Macaco/Guariba/Bugio/Prego/Guigó;2;Normal
13442;2020-11-21T17:41:00;SC;São José do Cedro;Obtido pelo GPS ou informado explicitamente;0.0;12720;Macaco/Guariba/Bugio/Prego/Guigó;1;
13437;2020-11-05T11:27:00;RJ;Itatiaia;Obtido pelo GPS ou informado explicitamente;13.936;12715;Macaco/Guariba/Bugio/Prego/Guigó;7;Normal
13422;2020-11-07T11:56:00;RJ;Itatiaia;Coordenadas obtidas a partir do endereço;-1.0;12700;Macaco/Guariba/Bugio/Prego/Guigó;5;Normal
13418;2020-11-19T09:22:00;PR;Coronel Domingos Soares;Obtido pelo GPS ou informado explicitamente;0.0;12696;Macaco/Guariba/Bugio/Prego/Guigó;1;
13417;2020-11-20T18:46:41;SC;Rio do Oeste;Obtido pelo GPS ou informado explicitamente;13.936;12695;Macaco/Guariba/Bugio/Prego/Guigó;1;
13414;2020-11-20T12:27:00;SC;Lindóia do Sul;Obtido pelo GPS ou informado explicitamente;0.0;12692;Macaco/Guariba/Bugio/Prego/Guigó;1;
13413;2020-11-19T17:47:00;PR;Palmas;Obtido pelo GPS ou informado explicitamente;0.0;12691;Macaco/Guariba/Bugio/Prego/Guigó;1;
13412;2020-11-20T09:18:31;PR;Clevelândia;Obtido pelo GPS ou informado explicitamente;4600.0;12690;Macaco/Guariba/Bugio/Prego/Guigó;1;
13409;2020-11-18T15:07:00;MG;Divinópolis;Obtido pelo GPS ou informado explicitamente;3.9;12684;Mico/Sagui/Soinho;1;
13407;2020-11-18T10:17:00;PR;Coronel Domingos Soares;Obtido pelo GPS ou informado explicitamente;24.0;12681;Macaco/Guariba/Bugio/Prego/Guigó;1;
13405;2020-11-17T09:20:00;MG;Divinópolis;Coordenadas obtidas a partir do endereço;-1.0;12679;Mico/Sagui/Soinho;1;
13402;2020-11-11T15:37:00;RS;São Francisco de Assis;Obtido pelo GPS ou informado explicitamente;22.707;12676;Macaco/Guariba/Bugio/Prego/Guigó;1;
13401;2020-11-17T09:13:00;PR;Clevelândia;Obtido pelo GPS ou informado explicitamente;5.202802;12675;Macaco/Guariba/Bugio/Prego/Guigó;1;
13400;2020-11-13T10:29:00;PI;Altos;Obtido pelo GPS ou informado explicitamente;55.556;12674;Macaco/Guariba/Bugio/Prego/Guigó;11;Normal
13393;2020-11-14T14:58:00;SC;Abelardo Luz;Obtido pelo GPS ou informado explicitamente;3.72;12667;Macaco/Guariba/Bugio/Prego/Guigó;1;
13391;2020-10-30T10:02:53;SC;Florianópolis;Obtido pelo GPS ou informado explicitamente;8.576;12665;Mico/Sagui/Soinho;1;
13389;2020-11-13T15:30:00;MG;Divinópolis;Coordenadas obtidas a partir do endereço;-1.0;12663;Mico/Sagui/Soinho;1;
13384;2020-11-13T14:18:00;PR;Coronel Domingos Soares;Obtido pelo GPS ou informado explicitamente;6.16;12658;Macaco/Guariba/Bugio/Prego/Guigó;3;
13383;2020-11-13T15:30:39;PR;Coronel Domingos Soares;Obtido pelo GPS ou informado explicitamente;3.6;12657;Macaco/Guariba/Bugio/Prego/Guigó;1;
13382;2020-11-13T11:25:44;PR;Cruz Machado;Obtido pelo GPS ou informado explicitamente;4.383;12656;Macaco/Guariba/Bugio/Prego/Guigó;1;
13381;2020-11-13T08:58:00;PR;Cruz Machado;Obtido pelo GPS ou informado explicitamente;4.04;12655;Macaco/Guariba/Bugio/Prego/Guigó;1;
13380;2020-11-13T08:52:46;PR;Cruz Machado;Obtido pelo GPS ou informado explicitamente;3.9;12654;Macaco/Guariba/Bugio/Prego/Guigó;1;
13379;2020-11-12T10:13:00;SC;Witmarsum;Obtido pelo GPS ou informado explicitamente;0.0;12653;Macaco/Guariba/Bugio/Prego/Guigó;1;
13376;2020-11-11T13:44:50;PR;Coronel Domingos Soares;Obtido pelo GPS ou informado explicitamente;6.4;12650;Macaco/Guariba/Bugio/Prego/Guigó;1;
13375;2020-11-11T14:43:00;PR;Coronel Domingos Soares;Obtido pelo GPS ou informado explicitamente;6.05;12649;Macaco/Guariba/Bugio/Prego/Guigó;1;
13370;2020-11-09T10:05:00;SC;Rio do Sul;Obtido pelo GPS ou informado explicitamente;0.0;12644;Macaco/Guariba/Bugio/Prego/Guigó;2;
13368;2020-11-10T09:00:00;SC;Dona Emma;Obtido pelo GPS ou informado explicitamente;0.0;12641;Macaco/Guariba/Bugio/Prego/Guigó;1;
13367;2020-11-10T09:04:00;PR;Coronel Domingos Soares;Obtido pelo GPS ou informado explicitamente;-1.0;12640;Macaco/Guariba/Bugio/Prego/Guigó;3;
13365;2020-11-10T09:26:19;SC;Presidente Getúlio;Obtido pelo GPS ou informado explicitamente;26.8;12638;Macaco/Guariba/Bugio/Prego/Guigó;1;
13364;2020-11-08T13:30:00;SC;Witmarsum;Obtido pelo GPS ou informado explicitamente;0.0;12637;Macaco/Guariba/Bugio/Prego/Guigó;1;
13363;2020-11-09T13:57:00;SC;Peritiba;Obtido pelo GPS ou informado explicitamente;62.93;12636;Macaco/Guariba/Bugio/Prego/Guigó;1;
13360;2020-11-06T09:27:00;PR;Assis Chateaubriand;Obtido pelo GPS ou informado explicitamente;0.0;12633;Macaco/Guariba/Bugio/Prego/Guigó;1;Normal
13360;2020-11-06T09:27:00;PR;Assis Chateaubriand;Obtido pelo GPS ou informado explicitamente;0.0;12632;Macaco/Guariba/Bugio/Prego/Guigó;1;
13359;2020-11-07T15:22:00;SC;Itaiópolis;Obtido pelo GPS ou informado explicitamente;5.132;12631;Macaco/Guariba/Bugio/Prego/Guigó;1;
13358;2020-11-07T13:46:00;SC;Witmarsum;Obtido pelo GPS ou informado explicitamente;0.0;12630;Macaco/Guariba/Bugio/Prego/Guigó;3;
13355;2020-11-06T14:22:00;PR;Coronel Domingos Soares;Obtido pelo GPS ou informado explicitamente;-1.0;12627;Macaco/Guariba/Bugio/Prego/Guigó;1;
13353;2020-11-06T14:23:00;PR;Coronel Domingos Soares;Obtido pelo GPS ou informado explicitamente;4.0;12625;Macaco/Guariba/Bugio/Prego/Guigó;1;
13352;2020-11-06T11:48:00;PR;Coronel Domingos Soares;Obtido pelo GPS ou informado explicitamente;7.0;12624;Macaco/Guariba/Bugio/Prego/Guigó;1;
13340;2020-11-06T11:02:00;PR;Coronel Domingos Soares;Obtido pelo GPS ou informado explicitamente;3.0;12612;Macaco/Guariba/Bugio/Prego/Guigó;1;
13339;2020-11-06T09:42:00;PR;Coronel Domingos Soares;Obtido pelo GPS ou informado explicitamente;3.0;12611;Macaco/Guariba/Bugio/Prego/Guigó;1;
13338;2020-11-05T11:16:05;SC;Blumenau;Obtido pelo GPS ou informado explicitamente;46.789;12610;Macaco/Guariba/Bugio/Prego/Guigó;1;
13336;2020-11-05T15:37:00;SC;Presidente Getúlio;Obtido pelo GPS ou informado explicitamente;3.73;12608;Macaco/Guariba/Bugio/Prego/Guigó;1;
13335;2020-08-10T15:09:00;SC;Dona Emma;Coordenadas obtidas a partir do endereço;-1.0;12607;Macaco/Guariba/Bugio/Prego/Guigó;1;
13333;2020-11-05T10:37:00;PR;Coronel Domingos Soares;Obtido pelo GPS ou informado explicitamente;0.0;12605;Macaco/Guariba/Bugio/Prego/Guigó;1;
13332;2020-11-04T17:00:00;PR;Coronel Domingos Soares;Obtido pelo GPS ou informado explicitamente;0.0;12604;Macaco/Guariba/Bugio/Prego/Guigó;1;
13332;2020-11-04T17:00:00;PR;Coronel Domingos Soares;Obtido pelo GPS ou informado explicitamente;0.0;12603;Macaco/Guariba/Bugio/Prego/Guigó;1;
13330;2020-11-04T16:46:00;SC;Rio do Oeste;Coordenadas obtidas a partir do endereço;-1.0;12601;Macaco/Guariba/Bugio/Prego/Guigó;1;
13329;2020-11-04T15:46:41;SC;Rio do Oeste;Obtido pelo GPS ou informado explicitamente;110.0;12600;Macaco/Guariba/Bugio/Prego/Guigó;1;Estranho
13282;2020-11-03T15:59:00;RJ;Teresópolis;Obtido pelo GPS ou informado explicitamente;122.4;12552;Mico/Sagui/Soinho;2;Normal
13279;2020-11-03T09:30:08;PR;Cascavel;Obtido pelo GPS ou informado explicitamente;;12549;Mico/Sagui/Soinho;1;
13268;2020-11-01T11:18:00;PI;Altos;Obtido pelo GPS ou informado explicitamente;142.5;12535;Macaco/Guariba/Bugio/Prego/Guigó;1;
13260;2020-10-29T23:01:00;SC;Presidente Getúlio;Obtido pelo GPS ou informado explicitamente;42.0;12527;Macaco/Guariba/Bugio/Prego/Guigó;1;
13255;2020-10-29T09:18:56;SC;Agronômica;Obtido pelo GPS ou informado explicitamente;384.887;12522;Macaco/Guariba/Bugio/Prego/Guigó;1;
13254;2020-10-23T10:50:00;RJ;Queimados;Coordenadas obtidas a partir do endereço;-1.0;12521;Mico/Sagui/Soinho;1;Normal
13249;2020-10-27T10:40:00;PI;Altos;Obtido pelo GPS ou informado explicitamente;4102.0;12516;Macaco/Guariba/Bugio/Prego/Guigó;1;
13248;2020-10-27T16:10:00;PI;Altos;Obtido pelo GPS ou informado explicitamente;4102.0;12515;Macaco/Guariba/Bugio/Prego/Guigó;3;Normal
13247;2020-10-27T16:29:00;PI;Altos;Obtido pelo GPS ou informado explicitamente;4102.0;12514;Mico/Sagui/Soinho;1;Normal
13246;2020-10-27T15:00:00;PR;Coronel Domingos Soares;Obtido pelo GPS ou informado explicitamente;7.0;12513;Macaco/Guariba/Bugio/Prego/Guigó;1;
13245;2020-10-23T15:30:00;PR;São Jorge do Patrocínio;Obtido pelo GPS ou informado explicitamente;10.0;12512;Macaco/Guariba/Bugio/Prego/Guigó;1;
13243;2020-10-23T15:30:00;PR;São Jorge do Patrocínio;Obtido pelo GPS ou informado explicitamente;-1.0;12510;Macaco/Guariba/Bugio/Prego/Guigó;1;
13238;2020-10-24T17:04:00;RJ;Itatiaia;Obtido pelo GPS ou informado explicitamente;19.296;12505;Macaco/Guariba/Bugio/Prego/Guigó;3;Normal
13232;2020-10-24T15:24:00;RJ;Itatiaia;Obtido pelo GPS ou informado explicitamente;10.72;12499;Macaco/Guariba/Bugio/Prego/Guigó;15;Normal
13220;2020-10-27T09:59:10;SC;Florianópolis;Obtido pelo GPS ou informado explicitamente;17.152;12487;Mico/Sagui/Soinho;1;
13219;2020-10-27T09:33:09;PR;Curitiba;Obtido pelo GPS ou informado explicitamente;98.4;12486;Mico/Sagui/Soinho;1;
13207;2020-10-23T16:56:00;PI;Altos;Obtido pelo GPS ou informado explicitamente;3102.0;12474;Macaco/Guariba/Bugio/Prego/Guigó;1;Normal
13204;2020-10-23T11:00:00;PR;Terra Roxa;Obtido pelo GPS ou informado explicitamente;0.0;12471;Macaco/Guariba/Bugio/Prego/Guigó;1;
13198;2020-10-21T17:34:00;MG;Araçuaí;Obtido pelo GPS ou informado explicitamente;3.9;12465;Macaco/Guariba/Bugio/Prego/Guigó;1;
13189;2020-10-15T07:16:00;RJ;Itatiaia;Obtido pelo GPS ou informado explicitamente;116.1;12456;Macaco/Guariba/Bugio/Prego/Guigó;3;Normal
13184;2020-10-20T15:21:00;RJ;Itatiaia;Obtido pelo GPS ou informado explicitamente;128.899;12451;Macaco/Guariba/Bugio/Prego/Guigó;6;Normal
13182;2020-10-20T06:58:00;RJ;Itatiaia;Obtido pelo GPS ou informado explicitamente;82.5;12449;Macaco/Guariba/Bugio/Prego/Guigó;1;Normal
13179;2020-10-19T15:42:00;RJ;Itatiaia;Obtido pelo GPS ou informado explicitamente;12.864;12446;Macaco/Guariba/Bugio/Prego/Guigó;15;Normal
13177;2013-09-07T10:21:00;DF;Brasília;Obtido pelo GPS ou informado explicitamente;0.0;12444;Macaco/Guariba/Bugio/Prego/Guigó;5;Normal
13166;2020-10-19T15:38:00;PI;Altos;Obtido pelo GPS ou informado explicitamente;30.0;12432;Macaco/Guariba/Bugio/Prego/Guigó;7;Normal
13165;2020-10-19T14:16:00;RJ;Petrópolis;Obtido pelo GPS ou informado explicitamente;0.0;12431;Mico/Sagui/Soinho;2;Normal
13164;2020-10-19T10:12:00;PR;Planaltina do Paraná;Obtido pelo GPS ou informado explicitamente;3799.999;12430;Macaco/Guariba/Bugio/Prego/Guigó;1;
13162;2020-10-17T23:20:00;SC;Presidente Getúlio;Obtido pelo GPS ou informado explicitamente;0.0;12428;Macaco/Guariba/Bugio/Prego/Guigó;1;Estranho
13151;2020-10-17T11:41:00;PI;Altos;Obtido pelo GPS ou informado explicitamente;3630.0;12417;Macaco/Guariba/Bugio/Prego/Guigó;1;Normal
13146;2020-10-16T12:11:38;SC;Rio Fortuna;Obtido pelo GPS ou informado explicitamente;28.834;12412;Macaco/Guariba/Bugio/Prego/Guigó;1;
13144;2020-10-15T17:30:00;PR;Matelândia;Obtido pelo GPS ou informado explicitamente;96.0;12410;Macaco/Guariba/Bugio/Prego/Guigó;1;
13143;2020-10-15T09:24:58;SC;Florianópolis;Obtido pelo GPS ou informado explicitamente;5.002;12409;Mico/Sagui/Soinho;1;
13142;2020-10-15T11:42:49;PR;Araucária;Obtido pelo GPS ou informado explicitamente;3.9;12408;Mico/Sagui/Soinho;1;
13131;2020-10-13T09:04:01;PR;Araucária;Obtido pelo GPS ou informado explicitamente;3.9;12397;Mico/Sagui/Soinho;1;
13127;2020-10-12T15:31:10;SC;Ponte Alta;Obtido pelo GPS ou informado explicitamente;3.9;12393;Macaco/Guariba/Bugio/Prego/Guigó;1;
13122;2020-10-11T15:59:00;PI;Altos;Obtido pelo GPS ou informado explicitamente;52.4;12388;Mico/Sagui/Soinho;1;Normal
13120;2020-10-10T16:57:00;PI;Altos;Obtido pelo GPS ou informado explicitamente;22.5;12386;Macaco/Guariba/Bugio/Prego/Guigó;1;Normal
13119;2020-10-10T07:57:00;PI;Altos;Obtido pelo GPS ou informado explicitamente;22.5;12385;Mico/Sagui/Soinho;1;Normal
13118;2020-10-10T07:08:00;PI;Altos;Obtido pelo GPS ou informado explicitamente;22.5;12384;Macaco/Guariba/Bugio/Prego/Guigó;1;
13117;2020-10-10T06:52:00;PI;Altos;Obtido pelo GPS ou informado explicitamente;22.5;12383;Macaco/Guariba/Bugio/Prego/Guigó;1;Normal
13107;2020-10-09T11:12:00;PI;Altos;Obtido pelo GPS ou informado explicitamente;82.5;12373;Macaco/Guariba/Bugio/Prego/Guigó;1;Normal
13106;2020-10-09T11:12:00;PI;Altos;Obtido pelo GPS ou informado explicitamente;82.5;12372;Mico/Sagui/Soinho;1;Normal
13102;2020-10-06T16:45:00;PI;Altos;Obtido pelo GPS ou informado explicitamente;77.6;12368;Macaco/Guariba/Bugio/Prego/Guigó;1;Normal
13101;2020-10-08T06:15:00;PI;Altos;Obtido pelo GPS ou informado explicitamente;77.6;12367;Macaco/Guariba/Bugio/Prego/Guigó;3;Normal
13095;2020-10-07T16:16:00;PI;Altos;Obtido pelo GPS ou informado explicitamente;68.4;12361;Macaco/Guariba/Bugio/Prego/Guigó;2;
13092;2020-10-01T11:00:00;SC;Florianópolis;Obtido pelo GPS ou informado explicitamente;20.0;12358;Macaco/Guariba/Bugio/Prego/Guigó;10;Normal
13057;2020-10-06T10:54:09;SC;Florianópolis;Obtido pelo GPS ou informado explicitamente;3.9;12321;Mico/Sagui/Soinho;3;Normal
13055;2020-10-05T09:44:36;PR;Curitiba;Obtido pelo GPS ou informado explicitamente;3.9;12319;Mico/Sagui/Soinho;1;
13043;2020-10-04T06:57:55;PB;Conde;Obtido pelo GPS ou informado explicitamente;3.61;12307;Mico/Sagui/Soinho;5;Normal
13038;2020-10-01T12:30:00;RJ;Rio de Janeiro;Obtido pelo GPS ou informado explicitamente;20.0;12302;Mico/Sagui/Soinho;2;Normal
13035;2020-10-02T10:02:00;SC;Modelo;Obtido pelo GPS ou informado explicitamente;2599.999;12299;Macaco/Guariba/Bugio/Prego/Guigó;1;
13020;2020-09-30T09:12:54;RS;Nova Petrópolis;Obtido pelo GPS ou informado explicitamente;0.0;12281;Macaco/Guariba/Bugio/Prego/Guigó;1;
13018;2020-09-30T09:23:00;RJ;Rio de Janeiro;Obtido pelo GPS ou informado explicitamente;22.5;12279;Mico/Sagui/Soinho;1;Doente
13015;2020-09-30T09:16:00;RJ;Rio de Janeiro;Obtido pelo GPS ou informado explicitamente;15.693;12276;Mico/Sagui/Soinho;1;Normal
13014;2020-09-29T20:37:58;RJ;Teresópolis;Obtido pelo GPS ou informado explicitamente;;12275;Mico/Sagui/Soinho;3;Normal
13012;2018-11-07T15:43:00;RJ;Guapimirim;Obtido pelo GPS ou informado explicitamente;0.0;12273;Macaco/Guariba/Bugio/Prego/Guigó;2;Normal
13008;2019-05-22T12:11:00;RJ;Itatiaia;Coordenadas obtidas a partir do endereço;;12269;Macaco/Guariba/Bugio/Prego/Guigó;1;
13005;2018-11-07T15:43:00;RJ;Petrópolis;Obtido pelo GPS ou informado explicitamente;0.0;12264;Macaco/Guariba/Bugio/Prego/Guigó;8;Normal
13002;2017-10-10T09:59:00;RJ;Seropédica;Coordenadas obtidas a partir do endereço;;12260;Mico/Sagui/Soinho;1;Doente
13000;2020-09-22T08:30:00;PR;Foz do Iguaçu;Obtido pelo GPS ou informado explicitamente;0.0;12258;Macaco/Guariba/Bugio/Prego/Guigó;1;
12999;2020-09-22T08:30:00;PR;Foz do Iguaçu;Obtido pelo GPS ou informado explicitamente;0.0;12257;Macaco/Guariba/Bugio/Prego/Guigó;1;
12998;2020-09-22T08:30:00;PR;Foz do Iguaçu;Obtido pelo GPS ou informado explicitamente;0.0;12256;Macaco/Guariba/Bugio/Prego/Guigó;1;
12997;2020-09-22T08:30:00;PR;Foz do Iguaçu;Obtido pelo GPS ou informado explicitamente;0.0;12255;Macaco/Guariba/Bugio/Prego/Guigó;1;
12952;2020-09-17T15:19:00;MT;Barão de Melgaço;Obtido pelo GPS ou informado explicitamente;5.1;12207;Macaco/Guariba/Bugio/Prego/Guigó;3;
12951;2020-09-17T15:18:48;MT;Barão de Melgaço;Obtido pelo GPS ou informado explicitamente;6.8;12206;Macaco/Guariba/Bugio/Prego/Guigó;2;
12949;2020-09-20T08:22:00;PI;Altos;Obtido pelo GPS ou informado explicitamente;64.1;12204;Macaco/Guariba/Bugio/Prego/Guigó;1;Normal
12948;2020-09-20T08:29:00;PI;Altos;Obtido pelo GPS ou informado explicitamente;87.6;12203;Macaco/Guariba/Bugio/Prego/Guigó;2;Normal
12934;2020-09-18T11:41:00;PI;Altos;Obtido pelo GPS ou informado explicitamente;68.4;12189;Macaco/Guariba/Bugio/Prego/Guigó;3;Normal
12929;2020-09-17T16:33:00;SC;Itajaí;Obtido pelo GPS ou informado explicitamente;4.62;12184;Macaco/Guariba/Bugio/Prego/Guigó;1;
12926;2020-09-17T16:49:00;PI;Altos;Obtido pelo GPS ou informado explicitamente;30.0;12181;Macaco/Guariba/Bugio/Prego/Guigó;1;
12918;2020-09-15T15:13:00;PR;Londrina;Obtido pelo GPS ou informado explicitamente;0.0;12173;Macaco/Guariba/Bugio/Prego/Guigó;1;
12914;2020-09-15T15:44:00;PI;Altos;Obtido pelo GPS ou informado explicitamente;3216.0;12169;Macaco/Guariba/Bugio/Prego/Guigó;2;Normal
12913;2020-09-15T15:39:00;PI;Altos;Obtido pelo GPS ou informado explicitamente;3216.0;12168;Macaco/Guariba/Bugio/Prego/Guigó;1;Normal
12912;2020-09-15T17:44:00;PI;Altos;Obtido pelo GPS ou informado explicitamente;3216.0;12167;Macaco/Guariba/Bugio/Prego/Guigó;1;Normal
12907;2020-09-07T08:46:00;PR;Foz do Iguaçu;Obtido pelo GPS ou informado explicitamente;0.0;12161;Macaco/Guariba/Bugio/Prego/Guigó;1;
12895;2020-09-10T16:24:00;PI;Altos;Obtido pelo GPS ou informado explicitamente;98.4;12148;Mico/Sagui/Soinho;2;Normal
12885;2020-09-01T10:30:00;RS;Restinga Seca;Obtido pelo GPS ou informado explicitamente;46.787;12138;Macaco/Guariba/Bugio/Prego/Guigó;1;
12882;2020-09-08T09:08:31;PR;Araucária;Obtido pelo GPS ou informado explicitamente;5.0;12135;Mico/Sagui/Soinho;1;
12881;2020-09-07T11:31:00;PI;Altos;Obtido pelo GPS ou informado explicitamente;56.909;12134;Macaco/Guariba/Bugio/Prego/Guigó;19;Normal
12877;2020-09-06T11:49:00;PI;Altos;Obtido pelo GPS ou informado explicitamente;87.6;12130;Macaco/Guariba/Bugio/Prego/Guigó;1;
12876;2020-09-06T11:44:00;PI;Altos;Obtido pelo GPS ou informado explicitamente;87.6;12129;Macaco/Guariba/Bugio/Prego/Guigó;3;Normal
12862;2020-09-05T11:24:00;PI;Altos;Obtido pelo GPS ou informado explicitamente;45.6;12115;Macaco/Guariba/Bugio/Prego/Guigó;1;
12861;2020-09-05T11:01:00;PI;Altos;Obtido pelo GPS ou informado explicitamente;45.6;12114;Macaco/Guariba/Bugio/Prego/Guigó;1;
12848;2020-09-01T17:11:00;PI;Altos;Obtido pelo GPS ou informado explicitamente;52.4;12101;Macaco/Guariba/Bugio/Prego/Guigó;5;
12846;2020-09-01T17:06:00;PI;Altos;Obtido pelo GPS ou informado explicitamente;52.4;12099;Macaco/Guariba/Bugio/Prego/Guigó;1;Normal
12845;2020-09-01T17:06:00;PI;Altos;Obtido pelo GPS ou informado explicitamente;52.4;12098;Macaco/Guariba/Bugio/Prego/Guigó;1;
12843;2020-08-31T11:30:00;MG;Salinas;Obtido pelo GPS ou informado explicitamente;11.871;12096;Mico/Sagui/Soinho;3;
12839;2020-08-27T12:30:00;RS;Charqueadas;Coordenadas obtidas a partir do endereço;-1.0;12092;Macaco/Guariba/Bugio/Prego/Guigó;1;Normal
12837;2020-08-22T08:33:00;PR;Curitiba;Obtido pelo GPS ou informado explicitamente;0.0;12090;Macaco/Guariba/Bugio/Prego/Guigó;1;
12835;2020-08-27T16:16:00;PR;Curitiba;Obtido pelo GPS ou informado explicitamente;0.0;12088;Macaco/Guariba/Bugio/Prego/Guigó;1;
12834;2020-08-27T16:15:00;PR;Curitiba;Obtido pelo GPS ou informado explicitamente;0.0;12087;Macaco/Guariba/Bugio/Prego/Guigó;1;
12833;2020-08-27T20:17:17;PR;Curitiba;Obtido pelo GPS ou informado explicitamente;;12086;Macaco/Guariba/Bugio/Prego/Guigó;1;
12822;2020-08-26T17:46:41;SC;Saudades;Obtido pelo GPS ou informado explicitamente;4.55;12075;Macaco/Guariba/Bugio/Prego/Guigó;1;
12818;2020-08-12T09:40:00;SC;Agrolândia;Obtido pelo GPS ou informado explicitamente;0.0;12071;Macaco/Guariba/Bugio/Prego/Guigó;1;
12815;2020-08-26T09:18:26;PR;Araucária;Obtido pelo GPS ou informado explicitamente;3.9;12068;Macaco/Guariba/Bugio/Prego/Guigó;1;
12814;2020-08-26T09:12:01;PR;Araucária;Obtido pelo GPS ou informado explicitamente;3.94;12067;Macaco/Guariba/Bugio/Prego/Guigó;1;
12813;2020-08-26T09:02:49;PR;Araucária;Obtido pelo GPS ou informado explicitamente;3.933;12066;Macaco/Guariba/Bugio/Prego/Guigó;1;
12811;2020-08-24T15:53:00;PI;Altos;Obtido pelo GPS ou informado explicitamente;36.9;12064;Mico/Sagui/Soinho;1;Normal
12810;2020-08-25T15:32:58;PR;Assis Chateaubriand;Obtido pelo GPS ou informado explicitamente;65.0;12063;Macaco/Guariba/Bugio/Prego/Guigó;1;Doente
12809;2020-08-25T14:01:00;MG;Belo Horizonte;Obtido pelo GPS ou informado explicitamente;20.0;12062;Mico/Sagui/Soinho;3;Normal
12807;2020-08-24T15:40:18;PR;Araucária;Obtido pelo GPS ou informado explicitamente;1399.999;12060;Mico/Sagui/Soinho;1;
12781;2020-01-05T09:54:44;RJ;Guapimirim;Obtido pelo GPS ou informado explicitamente;;12034;Macaco/Guariba/Bugio/Prego/Guigó;5;Normal
12777;2020-05-31T15:38:52;RJ;Teresópolis;Obtido pelo GPS ou informado explicitamente;;12030;Mico/Sagui/Soinho;4;Normal
12758;2020-08-15T07:53:00;PI;Altos;Obtido pelo GPS ou informado explicitamente;36.9;12011;Macaco/Guariba/Bugio/Prego/Guigó;1;
12754;2020-08-13T09:42:00;RS;Santo Augusto;Coordenadas obtidas a partir do endereço;-1.0;12007;Macaco/Guariba/Bugio/Prego/Guigó;1;Normal
12752;2020-08-13T15:08:45;PR;Araucária;Obtido pelo GPS ou informado explicitamente;60.0;12005;Mico/Sagui/Soinho;1;
12750;2020-08-10T09:00:00;RS;Restinga Seca;Obtido pelo GPS ou informado explicitamente;60.306;12003;Macaco/Guariba/Bugio/Prego/Guigó;1;
12749;2020-08-09T22:10:00;RJ;Angra dos Reis;Obtido pelo GPS ou informado explicitamente;-1.0;12002;Macaco/Guariba/Bugio/Prego/Guigó;1;
12748;2020-08-12T16:50:00;PR;Curitiba;Obtido pelo GPS ou informado explicitamente;0.0;12001;Mico/Sagui/Soinho;1;
12742;2020-08-11T15:18:00;SC;Peritiba;Obtido pelo GPS ou informado explicitamente;5.764;11995;Macaco/Guariba/Bugio/Prego/Guigó;1;
12741;2020-08-09T21:28:00;RJ;Angra dos Reis;Obtido pelo GPS ou informado explicitamente;0.0;11994;Macaco/Guariba/Bugio/Prego/Guigó;1;
12740;2020-08-11T09:33:00;PR;Cascavel;Obtido pelo GPS ou informado explicitamente;0.0;11993;Mico/Sagui/Soinho;1;
12738;2020-08-10T10:37:00;PI;Altos;Obtido pelo GPS ou informado explicitamente;68.4;11991;Macaco/Guariba/Bugio/Prego/Guigó;1;
12647;2020-08-10T15:26:59;PR;São José dos Pinhais;Obtido pelo GPS ou informado explicitamente;3.9;11989;Macaco/Guariba/Bugio/Prego/Guigó;1;
12646;2020-08-08T13:58:00;RJ;Teresópolis;Obtido pelo GPS ou informado explicitamente;11.745;11988;Mico/Sagui/Soinho;1;Normal
12640;2020-08-06T10:00:00;RS;Restinga Seca;Obtido pelo GPS ou informado explicitamente;1299.999;11982;Macaco/Guariba/Bugio/Prego/Guigó;1;
12639;2020-08-10T08:56:02;PR;Cascavel;Obtido pelo GPS ou informado explicitamente;;11981;Mico/Sagui/Soinho;1;
12635;2020-08-09T14:00:00;RJ;Petrópolis;Obtido pelo GPS ou informado explicitamente;6.0;11977;Mico/Sagui/Soinho;6;Normal
12630;2020-08-08T08:15:00;PI;Altos;Obtido pelo GPS ou informado explicitamente;92.9;11972;Macaco/Guariba/Bugio/Prego/Guigó;3;Normal
12629;2020-08-08T07:15:00;PI;Altos;Obtido pelo GPS ou informado explicitamente;44.25;11971;Macaco/Guariba/Bugio/Prego/Guigó;1;
12626;2020-08-06T17:45:00;PI;Altos;Obtido pelo GPS ou informado explicitamente;2700.0;11968;Macaco/Guariba/Bugio/Prego/Guigó;1;
12621;2020-08-05T15:48:00;PI;Altos;Obtido pelo GPS ou informado explicitamente;2418.0;11963;Macaco/Guariba/Bugio/Prego/Guigó;1;
12620;2020-08-05T15:43:00;PI;Altos;Obtido pelo GPS ou informado explicitamente;2418.0;11962;Macaco/Guariba/Bugio/Prego/Guigó;2;
12619;2020-08-04T17:06:00;PR;Curitiba;Obtido pelo GPS ou informado explicitamente;0.0;11961;Mico/Sagui/Soinho;1;
12610;2020-08-03T15:26:00;PR;Balsa Nova;Obtido pelo GPS ou informado explicitamente;0.0;11952;Macaco/Guariba/Bugio/Prego/Guigó;5;Normal
12607;2020-08-02T15:28:00;PR;Matelândia;Obtido pelo GPS ou informado explicitamente;-1.0;11948;Macaco/Guariba/Bugio/Prego/Guigó;1;
12602;2020-08-01T07:25:00;PI;Altos;Coordenadas obtidas a partir do endereço;-1.0;11940;Macaco/Guariba/Bugio/Prego/Guigó;1;Estranho
12601;2020-08-02T10:41:00;PI;Altos;Obtido pelo GPS ou informado explicitamente;2799.999;11939;Macaco/Guariba/Bugio/Prego/Guigó;3;Normal
12597;2020-07-31T08:14:00;PI;Altos;Obtido pelo GPS ou informado explicitamente;3606.0;11935;Macaco/Guariba/Bugio/Prego/Guigó;2;Normal
12588;2020-07-29T19:13:00;SC;Itaiópolis;Obtido pelo GPS ou informado explicitamente;3.9;11926;Macaco/Guariba/Bugio/Prego/Guigó;1;
12583;2019-11-23T10:00:00;MG;Salinas;Obtido pelo GPS ou informado explicitamente;12.321;11921;Macaco/Guariba/Bugio/Prego/Guigó;3;Normal
12581;2020-07-28T13:25:08;SC;São José do Cerrito;Obtido pelo GPS ou informado explicitamente;-1.0;11919;Macaco/Guariba/Bugio/Prego/Guigó;1;
12580;2020-07-28T09:05:00;PR;Curitiba;Obtido pelo GPS ou informado explicitamente;0.0;11918;Macaco/Guariba/Bugio/Prego/Guigó;1;
12576;2020-07-24T15:17:21;SC;Capão Alto;Obtido pelo GPS ou informado explicitamente;15.008;11914;Macaco/Guariba/Bugio/Prego/Guigó;1;
12569;2017-09-19T19:41:16;PR;Londrina;Obtido pelo GPS ou informado explicitamente;0.0;11907;Macaco/Guariba/Bugio/Prego/Guigó;10;Normal
12565;2020-07-12T14:24:00;RJ;Rio de Janeiro;Coordenadas obtidas a partir do endereço;-1.0;11903;Macaco/Guariba/Bugio/Prego/Guigó;5;Normal
12564;2020-07-26T14:00:00;MG;Belo Horizonte;Obtido pelo GPS ou informado explicitamente;3.9;11902;Mico/Sagui/Soinho;5;Normal
12561;2020-07-26T10:42:50;RJ;Magé;Obtido pelo GPS ou informado explicitamente;1893.0;11899;Mico/Sagui/Soinho;3;Normal
12557;2020-07-25T07:43:00;BA;Salvador;Obtido pelo GPS ou informado explicitamente;1070.0;11895;Mico/Sagui/Soinho;6;Normal
12553;2020-07-23T17:10:00;SP;Bauru;Coordenadas obtidas a partir do endereço;-1.0;11891;Mico/Sagui/Soinho;2;Normal
12552;2020-07-24T09:28:00;PI;Altos;Obtido pelo GPS ou informado explicitamente;4000.0;11890;Macaco/Guariba/Bugio/Prego/Guigó;3;Normal
12548;2020-07-23T09:45:00;PI;Altos;Obtido pelo GPS ou informado explicitamente;4000.0;11886;Macaco/Guariba/Bugio/Prego/Guigó;1;
12537;2020-06-26T06:30:00;BA;Salvador;Obtido pelo GPS ou informado explicitamente;0.0;11875;Mico/Sagui/Soinho;6;Normal
12536;2020-07-20T08:30:00;PR;Foz do Iguaçu;Obtido pelo GPS ou informado explicitamente;0.0;11874;Macaco/Guariba/Bugio/Prego/Guigó;1;
12533;2020-07-21T16:54:00;RJ;Teresópolis;Obtido pelo GPS ou informado explicitamente;9.648;11871;Macaco/Guariba/Bugio/Prego/Guigó;4;Normal
12532;2020-07-21T14:19:00;PR;Curitiba;Obtido pelo GPS ou informado explicitamente;0.0;11870;Mico/Sagui/Soinho;1;
12518;2020-07-18T10:32:00;PI;Altos;Obtido pelo GPS ou informado explicitamente;23.895;11855;Macaco/Guariba/Bugio/Prego/Guigó;6;Normal
12507;2020-07-16T07:27:00;PI;Altos;Obtido pelo GPS ou informado explicitamente;31.95;11844;Mico/Sagui/Soinho;2;Normal
12506;2020-07-16T07:25:00;PI;Altos;Obtido pelo GPS ou informado explicitamente;30.344;11843;Macaco/Guariba/Bugio/Prego/Guigó;4;Normal
12505;2020-07-14T16:06:23;PR;Araucária;Obtido pelo GPS ou informado explicitamente;34.632;11842;Mico/Sagui/Soinho;1;
12500;2020-07-15T15:45:29;RS;Santo Augusto;Coordenadas obtidas a partir do endereço;-1.0;11837;Macaco/Guariba/Bugio/Prego/Guigó;1;Normal
12493;2020-07-14T08:15:00;PI;Altos;Obtido pelo GPS ou informado explicitamente;23.453;11830;Macaco/Guariba/Bugio/Prego/Guigó;4;Normal
12482;2020-07-09T09:53:00;RJ;Teresópolis;Obtido pelo GPS ou informado explicitamente;2000.0;11819;Mico/Sagui/Soinho;2;Normal
12476;2020-07-06T15:49:00;PR;Foz do Iguaçu;Obtido pelo GPS ou informado explicitamente;0.0;11813;Macaco/Guariba/Bugio/Prego/Guigó;1;
12475;2020-07-12T06:36:00;PI;Altos;Obtido pelo GPS ou informado explicitamente;23.453;11812;Mico/Sagui/Soinho;2;Normal
12474;2020-07-12T17:08:00;PI;Altos;Obtido pelo GPS ou informado explicitamente;23.453;11811;Macaco/Guariba/Bugio/Prego/Guigó;1;
12473;2020-07-12T10:32:53;RJ;Magé;Obtido pelo GPS ou informado explicitamente;2000.0;11810;Mico/Sagui/Soinho;2;Normal
12472;2020-07-11T16:30:00;RJ;Rio de Janeiro;Obtido pelo GPS ou informado explicitamente;20.349;11809;Macaco/Guariba/Bugio/Prego/Guigó;1;Normal
12470;2020-07-09T13:51:00;PR;Pinhais;Obtido pelo GPS ou informado explicitamente;0.0;11807;Mico/Sagui/Soinho;2;Normal
12466;2020-07-09T16:04:52;SC;Nova Itaberaba;Obtido pelo GPS ou informado explicitamente;10.0;11803;Macaco/Guariba/Bugio/Prego/Guigó;1;
12458;2020-07-07T13:35:00;PI;Altos;Obtido pelo GPS ou informado explicitamente;14.198;11795;Macaco/Guariba/Bugio/Prego/Guigó;1;Normal
12457;2020-07-07T06:48:00;PI;Altos;Obtido pelo GPS ou informado explicitamente;14.198;11794;Macaco/Guariba/Bugio/Prego/Guigó;1;
12456;2020-07-03T09:00:00;RS;São Francisco de Assis;Obtido pelo GPS ou informado explicitamente;34.983;11793;Macaco/Guariba/Bugio/Prego/Guigó;1;
12437;2020-07-03T17:34:00;PI;Altos;Obtido pelo GPS ou informado explicitamente;21.901;11774;Macaco/Guariba/Bugio/Prego/Guigó;1;Normal
12436;2020-07-03T17:34:00;PI;Altos;Obtido pelo GPS ou informado explicitamente;21.901;11773;Macaco/Guariba/Bugio/Prego/Guigó;1;
12435;2020-07-03T16:02:00;PR;Cascavel;Obtido pelo GPS ou informado explicitamente;0.0;11772;Macaco/Guariba/Bugio/Prego/Guigó;1;
12431;2020-07-01T09:41:00;SC;Itaiópolis;Obtido pelo GPS ou informado explicitamente;3.9;11768;Macaco/Guariba/Bugio/Prego/Guigó;1;
12430;2020-07-01T09:41:00;SC;Itaiópolis;Obtido pelo GPS ou informado explicitamente;3.9;11767;Macaco/Guariba/Bugio/Prego/Guigó;1;
12429;2020-06-30T10:12:00;PI;Altos;Obtido pelo GPS ou informado explicitamente;4099.999;11766;Macaco/Guariba/Bugio/Prego/Guigó;1;
12427;2020-06-29T16:39:00;BA;Ibotirama;Obtido pelo GPS ou informado explicitamente;3.9;11764;Mico/Sagui/Soinho;1;
12426;2020-06-26T10:00:00;RS;Caxias do Sul;Obtido pelo GPS ou informado explicitamente;15.0;11763;Macaco/Guariba/Bugio/Prego/Guigó;1;
12423;2020-06-24T16:37:00;PI;Altos;Obtido pelo GPS ou informado explicitamente;24.665;11760;Macaco/Guariba/Bugio/Prego/Guigó;2;Normal
12422;2020-06-24T17:46:00;PI;Altos;Obtido pelo GPS ou informado explicitamente;24.665;11759;Macaco/Guariba/Bugio/Prego/Guigó;3;
12421;2020-06-24T14:41:20;PI;Altos;Obtido pelo GPS ou informado explicitamente;26.098;11758;Macaco/Guariba/Bugio/Prego/Guigó;1;
12419;2020-06-24T17:06:00;RJ;Magé;Obtido pelo GPS ou informado explicitamente;14.088;11756;Macaco/Guariba/Bugio/Prego/Guigó;9;Normal
12413;2020-06-25T11:41:25;PR;Tijucas do Sul;Obtido pelo GPS ou informado explicitamente;483.15;11748;Macaco/Guariba/Bugio/Prego/Guigó;1;
12410;2020-06-22T10:05:00;PR;Curitiba;Obtido pelo GPS ou informado explicitamente;0.0;11745;Mico/Sagui/Soinho;1;
12407;2020-06-23T16:11:00;PI;Altos;Obtido pelo GPS ou informado explicitamente;1188.335;11742;Macaco/Guariba/Bugio/Prego/Guigó;1;
12406;2020-06-23T11:35:00;PI;Altos;Obtido pelo GPS ou informado explicitamente;1188.335;11741;Macaco/Guariba/Bugio/Prego/Guigó;1;Normal
12404;2020-06-22T16:00:00;RS;Formigueiro;Obtido pelo GPS ou informado explicitamente;34.809;11739;Macaco/Guariba/Bugio/Prego/Guigó;1;
12401;2020-06-22T13:59:00;PR;Porto Vitória;Obtido pelo GPS ou informado explicitamente;7.075;11736;Macaco/Guariba/Bugio/Prego/Guigó;1;
12400;2020-06-22T16:49:00;SC;Lages;Obtido pelo GPS ou informado explicitamente;4.551;11735;Macaco/Guariba/Bugio/Prego/Guigó;1;
12399;2020-06-22T15:46:25;SC;Campo Alegre;Obtido pelo GPS ou informado explicitamente;3.7900925;11734;Macaco/Guariba/Bugio/Prego/Guigó;1;
12398;2020-06-22T15:16:39;PR;Fazenda Rio Grande;Obtido pelo GPS ou informado explicitamente;3.32;11733;Macaco/Guariba/Bugio/Prego/Guigó;1;
12396;2020-06-22T10:05:00;PR;Curitiba;Obtido pelo GPS ou informado explicitamente;0.0;11731;Mico/Sagui/Soinho;1;
12388;2020-06-20T11:20:00;PI;Altos;Obtido pelo GPS ou informado explicitamente;31.907;11723;Macaco/Guariba/Bugio/Prego/Guigó;1;
12387;2020-06-20T11:53:00;PI;Altos;Obtido pelo GPS ou informado explicitamente;31.907;11722;Macaco/Guariba/Bugio/Prego/Guigó;3;
12384;2020-06-01T13:00:00;SC;Capinzal;Obtido pelo GPS ou informado explicitamente;0.0;11719;Macaco/Guariba/Bugio/Prego/Guigó;1;
12383;2020-06-19T12:45:50;SC;Capão Alto;Coordenadas obtidas a partir do endereço;-1.0;11718;Macaco/Guariba/Bugio/Prego/Guigó;1;
12379;2020-06-18T10:39:00;PI;Altos;Obtido pelo GPS ou informado explicitamente;24.031;11714;Macaco/Guariba/Bugio/Prego/Guigó;6;Normal
12378;2020-06-18T11:37:00;PI;Altos;Obtido pelo GPS ou informado explicitamente;24.031;11713;Macaco/Guariba/Bugio/Prego/Guigó;1;
12376;2020-06-17T11:20:00;PI;Altos;Obtido pelo GPS ou informado explicitamente;18.367;11711;Macaco/Guariba/Bugio/Prego/Guigó;7;Normal
12375;2020-06-17T10:38:00;PI;Altos;Obtido pelo GPS ou informado explicitamente;18.367;11710;Macaco/Guariba/Bugio/Prego/Guigó;2;Normal
12374;2020-06-17T13:45:00;PI;Altos;Obtido pelo GPS ou informado explicitamente;34.438;11709;Mico/Sagui/Soinho;7;Normal
12371;2020-06-16T10:40:00;PI;Altos;Obtido pelo GPS ou informado explicitamente;14.112;11706;Macaco/Guariba/Bugio/Prego/Guigó;1;Normal
12370;2020-06-16T10:30:00;PI;Altos;Obtido pelo GPS ou informado explicitamente;14.112;11705;Macaco/Guariba/Bugio/Prego/Guigó;1;Normal
12369;2020-06-16T10:20:00;PI;Altos;Obtido pelo GPS ou informado explicitamente;14.112;11704;Macaco/Guariba/Bugio/Prego/Guigó;2;Normal
12360;2020-06-14T10:57:00;PI;Altos;Obtido pelo GPS ou informado explicitamente;23.023;11695;Macaco/Guariba/Bugio/Prego/Guigó;1;Normal
12358;2020-06-04T17:34:00;PI;Altos;Obtido pelo GPS ou informado explicitamente;31.907;11693;Macaco/Guariba/Bugio/Prego/Guigó;1;Normal
12355;2020-06-10T09:58:00;PI;Altos;Obtido pelo GPS ou informado explicitamente;31.907;11690;Macaco/Guariba/Bugio/Prego/Guigó;6;Normal
12352;2020-06-11T07:16:00;MG;Barbacena;Coordenadas obtidas a partir do endereço;-1.0;11687;Mico/Sagui/Soinho;1;Estranho
11849;2020-06-08T17:47:00;GO;Colinas do Sul;Obtido pelo GPS ou informado explicitamente;0.0;11676;Mico/Sagui/Soinho;1;Doente
11848;2020-06-03T14:30:00;SC;Vitor Meireles;Coordenadas obtidas a partir do endereço;-1.0;11675;Macaco/Guariba/Bugio/Prego/Guigó;1;
11847;2020-06-08T16:39:19;PR;Curitiba;Obtido pelo GPS ou informado explicitamente;0.0;11674;Mico/Sagui/Soinho;1;
11846;2020-06-08T15:38:29;PR;Lunardelli;Obtido pelo GPS ou informado explicitamente;2367.011;11673;Macaco/Guariba/Bugio/Prego/Guigó;1;
11845;2020-06-08T13:15:00;RJ;Pinheiral;Obtido pelo GPS ou informado explicitamente;3.896;11672;Mico/Sagui/Soinho;3;Normal
11845;2020-06-08T13:15:00;RJ;Pinheiral;Obtido pelo GPS ou informado explicitamente;3.896;11671;Mico/Sagui/Soinho;1;Normal
11844;2020-06-08T10:30:21;PR;Cruz Machado;Obtido pelo GPS ou informado explicitamente;2.083;11669;Macaco/Guariba/Bugio/Prego/Guigó;1;
11828;2020-06-04T16:50:00;PR;Foz do Iguaçu;Obtido pelo GPS ou informado explicitamente;0.0;11652;Macaco/Guariba/Bugio/Prego/Guigó;1;
11827;2020-05-28T14:01:00;PR;União da Vitória;Obtido pelo GPS ou informado explicitamente;0.0;11651;Macaco/Guariba/Bugio/Prego/Guigó;1;
11826;2020-04-28T14:10:00;PR;União da Vitória;Obtido pelo GPS ou informado explicitamente;0.0;11650;Macaco/Guariba/Bugio/Prego/Guigó;1;
11825;2020-06-05T13:49:00;RJ;Rio de Janeiro;Obtido pelo GPS ou informado explicitamente;3.22;11649;Mico/Sagui/Soinho;1;
11824;2020-06-03T15:33:00;MG;São João del Rei;Obtido pelo GPS ou informado explicitamente;0.0;11648;Macaco/Guariba/Bugio/Prego/Guigó;1;Doente
11819;2020-06-04T10:30:00;RJ;Magé;Obtido pelo GPS ou informado explicitamente;1899.999;11643;Mico/Sagui/Soinho;1;Normal
11816;2020-06-03T18:46:00;PI;Altos;Obtido pelo GPS ou informado explicitamente;18.256;11640;Macaco/Guariba/Bugio/Prego/Guigó;3;Normal
11815;2020-06-01T10:42:00;PI;Altos;Obtido pelo GPS ou informado explicitamente;1228.486;11639;Macaco/Guariba/Bugio/Prego/Guigó;4;
11811;2020-06-03T09:18:04;SC;Alto Bela Vista;Obtido pelo GPS ou informado explicitamente;0.0;11635;Macaco/Guariba/Bugio/Prego/Guigó;1;
11810;2020-06-03T09:11:00;SC;Alto Bela Vista;Coordenadas obtidas a partir do endereço;;11634;Macaco/Guariba/Bugio/Prego/Guigó;1;
11809;2020-06-03T09:07:00;SC;Concórdia;Obtido pelo GPS ou informado explicitamente;14007.0;11633;Macaco/Guariba/Bugio/Prego/Guigó;1;
11803;2020-06-01T15:00:53;PR;Cruz Machado;Obtido pelo GPS ou informado explicitamente;2.983;11627;Macaco/Guariba/Bugio/Prego/Guigó;1;
11801;2020-06-01T09:30:00;RS;Formigueiro;Obtido pelo GPS ou informado explicitamente;42.815;11625;Macaco/Guariba/Bugio/Prego/Guigó;1;
11800;2020-06-01T09:33:32;PR;São José dos Pinhais;Coordenadas obtidas a partir do endereço;-1.0;11624;Macaco/Guariba/Bugio/Prego/Guigó;1;
11784;2020-05-28T09:27:00;PI;Altos;Obtido pelo GPS ou informado explicitamente;28.774;11608;Macaco/Guariba/Bugio/Prego/Guigó;4;Normal
11778;2020-05-28T10:23:57;PR;Cruz Machado;Obtido pelo GPS ou informado explicitamente;1.566;11602;Macaco/Guariba/Bugio/Prego/Guigó;1;
11777;2020-05-27T16:00:00;PI;Altos;Obtido pelo GPS ou informado explicitamente;29.691;11601;Macaco/Guariba/Bugio/Prego/Guigó;2;
11774;2020-05-27T10:42:12;RJ;Rio de Janeiro;Obtido pelo GPS ou informado explicitamente;25.308;11598;Macaco/Guariba/Bugio/Prego/Guigó;8;Normal
11774;2020-05-27T10:42:12;RJ;Rio de Janeiro;Obtido pelo GPS ou informado explicitamente;25.308;11597;Macaco/Guariba/Bugio/Prego/Guigó;6;Normal
11773;2020-04-14T11:27:56;PE;Camaragibe;Obtido pelo GPS ou informado explicitamente;21.44;11596;Mico/Sagui/Soinho;1;
11772;2020-05-26T10:23:00;SC;Itaiópolis;Obtido pelo GPS ou informado explicitamente;3.9;11595;Macaco/Guariba/Bugio/Prego/Guigó;1;
11771;2020-05-26T10:14:00;RJ;Teresópolis;Obtido pelo GPS ou informado explicitamente;2000.0;11594;Mico/Sagui/Soinho;2;Normal
11765;2020-05-25T13:17:00;SC;José Boiteux;Coordenadas obtidas a partir do endereço;-1.0;11588;Macaco/Guariba/Bugio/Prego/Guigó;1;
11764;2020-05-25T09:00:00;SC;Ibirama;Obtido pelo GPS ou informado explicitamente;8.129;11587;Macaco/Guariba/Bugio/Prego/Guigó;1;
11757;2020-05-22T16:40:00;MG;Divinópolis;Obtido pelo GPS ou informado explicitamente;0.0;11579;Mico/Sagui/Soinho;1;
12344;2020-04-15T15:21:58;SC;Porto Belo;Obtido pelo GPS ou informado explicitamente;3.9;11561;Macaco/Guariba/Bugio/Prego/Guigó;2;
11734;2020-05-21T11:48:00;PR;Curitiba;Obtido pelo GPS ou informado explicitamente;1467.0;11556;Macaco/Guariba/Bugio/Prego/Guigó;1;
11718;2020-05-21T11:11:41;SC;Canoinhas;Obtido pelo GPS ou informado explicitamente;54.612;11540;Macaco/Guariba/Bugio/Prego/Guigó;1;
11717;2020-05-21T10:38:00;PR;Porto Vitória;Obtido pelo GPS ou informado explicitamente;6.164;11539;Macaco/Guariba/Bugio/Prego/Guigó;1;
11716;2020-05-21T10:33:00;PR;Porto Vitória;Obtido pelo GPS ou informado explicitamente;3.891;11538;Macaco/Guariba/Bugio/Prego/Guigó;1;
11710;2020-05-19T18:15:00;PI;Altos;Obtido pelo GPS ou informado explicitamente;24.341;11532;Macaco/Guariba/Bugio/Prego/Guigó;6;Normal
11709;2020-04-30T17:21:30;SC;Dona Emma;Coordenadas obtidas a partir do endereço;-1.0;11531;Macaco/Guariba/Bugio/Prego/Guigó;1;
11706;2020-05-18T08:49:00;PR;Porto Vitória;Obtido pelo GPS ou informado explicitamente;3.0;11528;Macaco/Guariba/Bugio/Prego/Guigó;1;
11703;2020-05-18T18:05:00;PI;Altos;Obtido pelo GPS ou informado explicitamente;28.781;11525;Macaco/Guariba/Bugio/Prego/Guigó;6;Normal
11699;2020-05-18T15:26:00;SC;Salete;Obtido pelo GPS ou informado explicitamente;5.36;11521;Macaco/Guariba/Bugio/Prego/Guigó;1;
11698;2020-05-16T15:56:00;PR;Porto Vitória;Obtido pelo GPS ou informado explicitamente;6.583;11520;Macaco/Guariba/Bugio/Prego/Guigó;1;
11696;2020-05-17T11:43:00;PI;Altos;Obtido pelo GPS ou informado explicitamente;23.239;11518;Macaco/Guariba/Bugio/Prego/Guigó;1;
11694;2020-05-17T11:25:00;PI;Altos;Obtido pelo GPS ou informado explicitamente;23.239;11516;Macaco/Guariba/Bugio/Prego/Guigó;1;
11685;2020-05-16T10:20:00;PI;Altos;Obtido pelo GPS ou informado explicitamente;19.215;11507;Macaco/Guariba/Bugio/Prego/Guigó;3;Normal
11683;2020-05-16T08:34:00;SC;Rio Fortuna;Obtido pelo GPS ou informado explicitamente;43.329;11505;Macaco/Guariba/Bugio/Prego/Guigó;1;
11679;2020-05-15T12:18:13;SC;Agrolândia;Obtido pelo GPS ou informado explicitamente;12.864;11501;Macaco/Guariba/Bugio/Prego/Guigó;1;
11678;2020-05-14T15:17:13;SC;Papanduva;Obtido pelo GPS ou informado explicitamente;3700.0;11500;Macaco/Guariba/Bugio/Prego/Guigó;1;
11677;2020-05-15T08:41:00;RJ;Magé;Obtido pelo GPS ou informado explicitamente;1923.0;11499;Mico/Sagui/Soinho;1;Normal
11674;2020-05-13T18:36:00;PI;Altos;Obtido pelo GPS ou informado explicitamente;26.752;11496;Macaco/Guariba/Bugio/Prego/Guigó;18;Normal
11671;2020-05-14T15:48:40;PR;Curitiba;Obtido pelo GPS ou informado explicitamente;4.29;11493;Mico/Sagui/Soinho;1;
11670;2020-05-14T14:30:40;SC;Santa Cecília;Obtido pelo GPS ou informado explicitamente;3.9;11492;Macaco/Guariba/Bugio/Prego/Guigó;1;
11669;2020-05-14T08:56:00;SC;Itaiópolis;Obtido pelo GPS ou informado explicitamente;3.9;11491;Macaco/Guariba/Bugio/Prego/Guigó;1;
11668;2020-05-08T14:00:00;RS;Restinga Seca;Obtido pelo GPS ou informado explicitamente;42.745;11490;Macaco/Guariba/Bugio/Prego/Guigó;1;
11661;2020-05-13T15:15:00;PI;Altos;Obtido pelo GPS ou informado explicitamente;27.612;11483;Macaco/Guariba/Bugio/Prego/Guigó;10;Normal
11653;2020-05-12T16:14:00;PR;Porto Vitória;Obtido pelo GPS ou informado explicitamente;4.288;11474;Macaco/Guariba/Bugio/Prego/Guigó;1;
11652;2020-05-08T09:37:00;PR;Porto Vitória;Obtido pelo GPS ou informado explicitamente;6.432;11473;Macaco/Guariba/Bugio/Prego/Guigó;1;
11651;2020-05-12T14:15:00;RJ;Teresópolis;Obtido pelo GPS ou informado explicitamente;0.0;11472;Mico/Sagui/Soinho;1;Estranho
11647;2020-05-11T15:15:00;SC;Itaiópolis;Obtido pelo GPS ou informado explicitamente;3.9;11468;Macaco/Guariba/Bugio/Prego/Guigó;1;
11646;2020-05-11T14:17:00;SC;Mafra;Obtido pelo GPS ou informado explicitamente;4.551;11467;Macaco/Guariba/Bugio/Prego/Guigó;1;
11645;2020-05-11T13:45:00;SC;Itaiópolis;Obtido pelo GPS ou informado explicitamente;3.881;11466;Macaco/Guariba/Bugio/Prego/Guigó;1;
11644;2020-05-11T12:36:08;RJ;Teresópolis;Obtido pelo GPS ou informado explicitamente;45.683;11465;Mico/Sagui/Soinho;2;Normal
11641;2020-05-09T09:58:09;SC;Campo Alegre;Obtido pelo GPS ou informado explicitamente;3.216;11462;Macaco/Guariba/Bugio/Prego/Guigó;1;
11638;2020-05-10T08:53:14;SC;Itaiópolis;Obtido pelo GPS ou informado explicitamente;3.216;11459;Macaco/Guariba/Bugio/Prego/Guigó;1;
11635;2020-05-09T16:51:46;SC;Ituporanga;Obtido pelo GPS ou informado explicitamente;7.504;11456;Macaco/Guariba/Bugio/Prego/Guigó;1;
11633;2020-05-09T10:54:30;RJ;Rio de Janeiro;Obtido pelo GPS ou informado explicitamente;66.886;11454;Macaco/Guariba/Bugio/Prego/Guigó;3;Normal
11630;2019-11-12T11:22:00;PR;Teixeira Soares;Obtido pelo GPS ou informado explicitamente;7.5;11451;Macaco/Guariba/Bugio/Prego/Guigó;1;
11629;2020-05-08T09:13:30;RS;Nova Petrópolis;Obtido pelo GPS ou informado explicitamente;-1.0;11450;Macaco/Guariba/Bugio/Prego/Guigó;1;
11622;2019-11-25T09:01:37;RS;Protásio Alves;Obtido pelo GPS ou informado explicitamente;;11443;Macaco/Guariba/Bugio/Prego/Guigó;1;
11616;2020-05-06T08:02:00;SC;Lontras;Obtido pelo GPS ou informado explicitamente;-1.0;11437;Macaco/Guariba/Bugio/Prego/Guigó;1;
11615;2020-05-07T06:57:00;SC;Lontras;Obtido pelo GPS ou informado explicitamente;-1.0;11436;Macaco/Guariba/Bugio/Prego/Guigó;3;
11614;2020-05-06T19:04:58;RJ;Rio de Janeiro;Obtido pelo GPS ou informado explicitamente;65.0;11435;Mico/Sagui/Soinho;12;Normal
11611;2020-05-06T14:23:05;RS;Restinga Seca;Obtido pelo GPS ou informado explicitamente;3.0;11432;Macaco/Guariba/Bugio/Prego/Guigó;7;Normal
11611;2020-05-06T14:23:05;RS;Restinga Seca;Obtido pelo GPS ou informado explicitamente;3.0;11431;Macaco/Guariba/Bugio/Prego/Guigó;1;
11609;2020-05-06T11:29:33;SC;Pomerode;Obtido pelo GPS ou informado explicitamente;;11429;Macaco/Guariba/Bugio/Prego/Guigó;2;
11608;2020-05-05T08:34:07;SC;Rio Fortuna;Obtido pelo GPS ou informado explicitamente;3500.0;11428;Macaco/Guariba/Bugio/Prego/Guigó;1;
11604;2020-04-28T15:08:06;SC;Santa Rosa de Lima;Obtido pelo GPS ou informado explicitamente;;11424;Macaco/Guariba/Bugio/Prego/Guigó;1;
11602;2020-05-05T09:46:32;PR;Cruz Machado;Obtido pelo GPS ou informado explicitamente;3.68;11422;Macaco/Guariba/Bugio/Prego/Guigó;1;
11600;2020-04-17T16:54:45;SC;Presidente Getúlio;Obtido pelo GPS ou informado explicitamente;0.0;11420;Macaco/Guariba/Bugio/Prego/Guigó;1;
11599;2020-05-04T15:36:38;PR;Cascavel;Obtido pelo GPS ou informado explicitamente;;11419;Mico/Sagui/Soinho;1;
11595;2020-05-04T14:29:20;SC;Campo Alegre;Obtido pelo GPS ou informado explicitamente;3.7900925;11415;Macaco/Guariba/Bugio/Prego/Guigó;1;
11594;2020-05-03T16:43:52;PR;Bituruna;Obtido pelo GPS ou informado explicitamente;3.216;11414;Macaco/Guariba/Bugio/Prego/Guigó;1;
11593;2020-05-04T14:09:02;PR;Cruz Machado;Obtido pelo GPS ou informado explicitamente;13.653;11413;Macaco/Guariba/Bugio/Prego/Guigó;1;
11592;2020-05-01T11:32:56;PR;Bituruna;Obtido pelo GPS ou informado explicitamente;3.216;11412;Macaco/Guariba/Bugio/Prego/Guigó;1;
11591;2020-05-04T13:31:59;SC;Major Vieira;Obtido pelo GPS ou informado explicitamente;28.823;11411;Macaco/Guariba/Bugio/Prego/Guigó;1;
11590;2020-05-04T11:25:28;PR;Cascavel;Obtido pelo GPS ou informado explicitamente;;11410;Macaco/Guariba/Bugio/Prego/Guigó;1;
11589;2020-05-04T10:58:09;SC;Mafra;Obtido pelo GPS ou informado explicitamente;;11409;Macaco/Guariba/Bugio/Prego/Guigó;1;
11588;2020-05-04T10:01:59;RS;Caxias do Sul;Obtido pelo GPS ou informado explicitamente;-1.0;11408;Macaco/Guariba/Bugio/Prego/Guigó;1;
11587;2020-05-04T09:45:08;RS;Caxias do Sul;Obtido pelo GPS ou informado explicitamente;-1.0;11407;Macaco/Guariba/Bugio/Prego/Guigó;1;
11586;2020-05-03T13:40:06;PR;Cascavel;Obtido pelo GPS ou informado explicitamente;;11406;Macaco/Guariba/Bugio/Prego/Guigó;1;
11585;2020-05-04T08:30:52;PR;Cascavel;Obtido pelo GPS ou informado explicitamente;;11405;Mico/Sagui/Soinho;1;
11583;2020-05-02T14:01:00;SC;Blumenau;Coordenadas obtidas a partir do endereço;-1.0;11403;Macaco/Guariba/Bugio/Prego/Guigó;1;
11582;2020-05-04T01:10:30;SC;Florianópolis;Obtido pelo GPS ou informado explicitamente;47.995;11402;Mico/Sagui/Soinho;2;
11575;2020-05-03T11:02:54;PI;Altos;Obtido pelo GPS ou informado explicitamente;24.456;11395;Mico/Sagui/Soinho;3;Normal
11567;2020-05-02T11:09:36;SC;Santa Cecília;Obtido pelo GPS ou informado explicitamente;12.0;11387;Macaco/Guariba/Bugio/Prego/Guigó;1;
11566;2020-05-02T10:06:56;SC;Santa Cecília;Obtido pelo GPS ou informado explicitamente;10.0;11386;Macaco/Guariba/Bugio/Prego/Guigó;6;
11556;2020-04-30T19:36:47;PR;Mandirituba;Coordenadas obtidas a partir do endereço;;11376;Macaco/Guariba/Bugio/Prego/Guigó;1;
11555;2020-04-30T14:43:41;PR;União da Vitória;Obtido pelo GPS ou informado explicitamente;8.61;11375;Macaco/Guariba/Bugio/Prego/Guigó;1;
11554;2020-04-30T16:42:41;PR;União da Vitória;Obtido pelo GPS ou informado explicitamente;0.0;11374;Macaco/Guariba/Bugio/Prego/Guigó;1;
11553;2020-04-30T14:52:18;SC;Campo Alegre;Obtido pelo GPS ou informado explicitamente;3.7900925;11373;Macaco/Guariba/Bugio/Prego/Guigó;1;
11552;2020-04-30T14:48:43;SC;Campo Alegre;Obtido pelo GPS ou informado explicitamente;3.7900925;11372;Macaco/Guariba/Bugio/Prego/Guigó;1;
11551;2020-04-30T15:38:22;PR;Tijucas do Sul;Obtido pelo GPS ou informado explicitamente;73.03;11371;Macaco/Guariba/Bugio/Prego/Guigó;1;
11550;2020-04-30T14:20:40;SC;Vitor Meireles;Obtido pelo GPS ou informado explicitamente;5.04;11370;Macaco/Guariba/Bugio/Prego/Guigó;2;
11549;2020-04-30T14:09:42;SC;Apiúna;Obtido pelo GPS ou informado explicitamente;-1.0;11369;Macaco/Guariba/Bugio/Prego/Guigó;1;
11548;2020-04-30T09:42:13;PR;Cruz Machado;Obtido pelo GPS ou informado explicitamente;2.44;11368;Macaco/Guariba/Bugio/Prego/Guigó;1;
11537;2020-04-29T13:52:04;SC;Itaiópolis;Obtido pelo GPS ou informado explicitamente;4.25;11356;Macaco/Guariba/Bugio/Prego/Guigó;1;
11536;2020-04-29T14:10:46;PR;Araucária;Obtido pelo GPS ou informado explicitamente;10.5;11355;Mico/Sagui/Soinho;1;
11535;2020-04-29T14:14:50;PR;Araucária;Obtido pelo GPS ou informado explicitamente;55.894;11354;Mico/Sagui/Soinho;1;
11534;2020-04-29T09:44:12;SC;Itaiópolis;Obtido pelo GPS ou informado explicitamente;5.166;11353;Macaco/Guariba/Bugio/Prego/Guigó;1;
11530;2020-04-28T15:29:05;SC;Itaiópolis;Obtido pelo GPS ou informado explicitamente;5.375;11349;Macaco/Guariba/Bugio/Prego/Guigó;1;
11526;2020-04-28T14:37:26;SC;Vitor Meireles;Obtido pelo GPS ou informado explicitamente;;11345;Macaco/Guariba/Bugio/Prego/Guigó;1;
11525;2020-04-28T09:52:08;PR;São José dos Pinhais;Obtido pelo GPS ou informado explicitamente;39.004;11344;Macaco/Guariba/Bugio/Prego/Guigó;1;
11524;2020-04-28T11:06:35;PR;Tijucas do Sul;Obtido pelo GPS ou informado explicitamente;3.9;11343;Macaco/Guariba/Bugio/Prego/Guigó;1;
11522;2020-04-27T16:55:10;PR;Porto Vitória;Obtido pelo GPS ou informado explicitamente;7.403;11341;Macaco/Guariba/Bugio/Prego/Guigó;1;
11521;2020-04-27T16:52:41;PR;Porto Vitória;Obtido pelo GPS ou informado explicitamente;4.581;11340;Macaco/Guariba/Bugio/Prego/Guigó;1;
11520;2020-04-27T16:50:59;PR;Porto Vitória;Obtido pelo GPS ou informado explicitamente;6.432;11339;Macaco/Guariba/Bugio/Prego/Guigó;1;
11519;2020-04-27T16:48:44;PR;Porto Vitória;Obtido pelo GPS ou informado explicitamente;6.311;11338;Macaco/Guariba/Bugio/Prego/Guigó;1;
11518;2020-04-27T17:56:20;SC;Aurora;Obtido pelo GPS ou informado explicitamente;2599.999;11337;Macaco/Guariba/Bugio/Prego/Guigó;1;
11517;2020-04-27T18:08:30;PR;Tijucas do Sul;Obtido pelo GPS ou informado explicitamente;3.0;11336;Macaco/Guariba/Bugio/Prego/Guigó;1;
11516;2020-04-27T17:43:12;PR;Foz do Iguaçu;Obtido pelo GPS ou informado explicitamente;0.0;11335;Macaco/Guariba/Bugio/Prego/Guigó;1;Estranho
11515;2020-04-27T16:22:01;RS;Formigueiro;Obtido pelo GPS ou informado explicitamente;1700.0;11334;Macaco/Guariba/Bugio/Prego/Guigó;1;
11514;2020-04-27T14:01:25;PR;Porto Vitória;Obtido pelo GPS ou informado explicitamente;3.212;11333;Macaco/Guariba/Bugio/Prego/Guigó;1;
11513;2020-04-27T15:21:50;PR;Tijucas do Sul;Coordenadas obtidas a partir do endereço;-1.0;11332;Macaco/Guariba/Bugio/Prego/Guigó;1;
11511;2020-04-27T13:50:14;PR;Guaraniaçu;Obtido pelo GPS ou informado explicitamente;1899.999;11330;Macaco/Guariba/Bugio/Prego/Guigó;1;
11505;2020-03-16T09:18:17;PR;Foz do Iguaçu;Obtido pelo GPS ou informado explicitamente;3.22;11324;Macaco/Guariba/Bugio/Prego/Guigó;1;
11504;2020-04-26T15:53:23;PR;Porto Vitória;Obtido pelo GPS ou informado explicitamente;8.569;11323;Macaco/Guariba/Bugio/Prego/Guigó;2;
11503;2020-04-26T13:04:46;SC;São Domingos;Obtido pelo GPS ou informado explicitamente;10.5;11322;Macaco/Guariba/Bugio/Prego/Guigó;1;
11492;2020-04-24T14:39:11;SC;Mondaí;Obtido pelo GPS ou informado explicitamente;0.0;11311;Macaco/Guariba/Bugio/Prego/Guigó;1;
11490;2020-04-24T11:39:12;SC;Blumenau;Coordenadas obtidas a partir do endereço;-1.0;11309;Macaco/Guariba/Bugio/Prego/Guigó;1;
11488;2020-04-24T09:35:15;SC;Itaiópolis;Obtido pelo GPS ou informado explicitamente;12.0;11307;Macaco/Guariba/Bugio/Prego/Guigó;1;
11486;2020-04-23T14:55:07;RS;Restinga Seca;Obtido pelo GPS ou informado explicitamente;76.281;11305;Macaco/Guariba/Bugio/Prego/Guigó;1;
11485;2020-04-23T14:30:02;SC;Porto Belo;Coordenadas obtidas a partir do endereço;-1.0;11304;Macaco/Guariba/Bugio/Prego/Guigó;2;
11484;2020-04-23T10:05:35;SC;Blumenau;Obtido pelo GPS ou informado explicitamente;24.0;11303;Macaco/Guariba/Bugio/Prego/Guigó;1;
11483;2020-04-22T14:49:10;PR;Cruz Machado;Obtido pelo GPS ou informado explicitamente;3.9;11302;Macaco/Guariba/Bugio/Prego/Guigó;1;
11482;2020-04-22T15:30:50;PR;Quitandinha;Obtido pelo GPS ou informado explicitamente;;11301;Macaco/Guariba/Bugio/Prego/Guigó;1;
11480;2020-04-17T14:31:06;SC;Indaial;Obtido pelo GPS ou informado explicitamente;4.288;11299;Macaco/Guariba/Bugio/Prego/Guigó;1;
11479;2020-04-17T15:26:58;SC;Porto Belo;Obtido pelo GPS ou informado explicitamente;3000.0;11298;Macaco/Guariba/Bugio/Prego/Guigó;1;
11478;2020-04-17T15:17:52;SC;Porto Belo;Obtido pelo GPS ou informado explicitamente;20.5;11297;Macaco/Guariba/Bugio/Prego/Guigó;1;
11477;2020-04-15T16:42:35;SC;Porto Belo;Obtido pelo GPS ou informado explicitamente;3.9;11296;Macaco/Guariba/Bugio/Prego/Guigó;2;
11476;2020-04-21T17:48:51;PR;Curitiba;Obtido pelo GPS ou informado explicitamente;0.0;11295;Macaco/Guariba/Bugio/Prego/Guigó;1;
11475;2020-04-22T09:40:15;SC;Apiúna;Obtido pelo GPS ou informado explicitamente;-1.0;11294;Macaco/Guariba/Bugio/Prego/Guigó;2;
11474;2020-04-22T09:35:55;SC;Apiúna;Obtido pelo GPS ou informado explicitamente;-1.0;11293;Macaco/Guariba/Bugio/Prego/Guigó;1;
11471;2020-04-20T15:56:09;SC;Presidente Nereu;Obtido pelo GPS ou informado explicitamente;;11290;Macaco/Guariba/Bugio/Prego/Guigó;1;
11470;2020-04-20T15:43:01;SC;Ascurra;Obtido pelo GPS ou informado explicitamente;;11289;Macaco/Guariba/Bugio/Prego/Guigó;1;
11467;2020-04-20T09:57:59;SC;Blumenau;Coordenadas obtidas a partir do endereço;-1.0;11286;Macaco/Guariba/Bugio/Prego/Guigó;1;
11465;2020-04-18T12:10:58;SC;Campo Alegre;Obtido pelo GPS ou informado explicitamente;5.36;11284;Macaco/Guariba/Bugio/Prego/Guigó;1;
11464;2020-04-18T11:41:34;SC;Campo Alegre;Obtido pelo GPS ou informado explicitamente;3.216;11283;Macaco/Guariba/Bugio/Prego/Guigó;1;
11463;2020-04-18T11:16:29;SC;Campo Alegre;Obtido pelo GPS ou informado explicitamente;3.216;11282;Macaco/Guariba/Bugio/Prego/Guigó;1;
11462;2020-04-17T14:51:41;SC;Itaiópolis;Obtido pelo GPS ou informado explicitamente;5.8;11281;Macaco/Guariba/Bugio/Prego/Guigó;1;
11461;2020-04-17T10:16:33;SC;Camboriú;Obtido pelo GPS ou informado explicitamente;3.216;11280;Macaco/Guariba/Bugio/Prego/Guigó;1;
11460;2020-04-17T09:17:40;SC;Mafra;Obtido pelo GPS ou informado explicitamente;8.0;11279;Macaco/Guariba/Bugio/Prego/Guigó;1;
11459;2020-04-17T09:59:10;PR;São Mateus do Sul;Obtido pelo GPS ou informado explicitamente;3.9;11278;Macaco/Guariba/Bugio/Prego/Guigó;1;Doente
11458;2020-04-17T08:13:15;SC;José Boiteux;Obtido pelo GPS ou informado explicitamente;13.936;11277;Macaco/Guariba/Bugio/Prego/Guigó;1;
11457;2020-04-16T13:57:50;RS;Barra do Ribeiro;Obtido pelo GPS ou informado explicitamente;16.0;11276;Macaco/Guariba/Bugio/Prego/Guigó;1;
11456;2020-04-16T13:57:50;RS;Barra do Ribeiro;Obtido pelo GPS ou informado explicitamente;16.0;11275;Macaco/Guariba/Bugio/Prego/Guigó;1;
11455;2020-04-16T13:40:11;PR;Bituruna;Obtido pelo GPS ou informado explicitamente;3.216;11274;Macaco/Guariba/Bugio/Prego/Guigó;1;
11451;2020-04-15T18:12:07;SC;Rio do Sul;Obtido pelo GPS ou informado explicitamente;6.432;11269;Macaco/Guariba/Bugio/Prego/Guigó;1;
11450;2020-04-16T14:36:38;SC;Lontras;Obtido pelo GPS ou informado explicitamente;;11268;Macaco/Guariba/Bugio/Prego/Guigó;1;
11449;2020-04-15T13:58:33;SC;Campo Alegre;Obtido pelo GPS ou informado explicitamente;3.216;11267;Macaco/Guariba/Bugio/Prego/Guigó;2;
11448;2020-04-16T09:35:03;SC;Itaiópolis;Obtido pelo GPS ou informado explicitamente;9.648001;11266;Macaco/Guariba/Bugio/Prego/Guigó;3;
11445;2020-04-15T14:58:03;SC;José Boiteux;Obtido pelo GPS ou informado explicitamente;2400.0;11263;Macaco/Guariba/Bugio/Prego/Guigó;1;
11443;2020-04-15T13:50:39;SC;Itaiópolis;Obtido pelo GPS ou informado explicitamente;3.9;11261;Macaco/Guariba/Bugio/Prego/Guigó;1;
11440;2020-04-14T13:40:42;SC;Apiúna;Obtido pelo GPS ou informado explicitamente;-1.0;11257;Macaco/Guariba/Bugio/Prego/Guigó;1;
11439;2020-04-14T11:23:48;PR;Cruz Machado;Obtido pelo GPS ou informado explicitamente;14.563;11256;Macaco/Guariba/Bugio/Prego/Guigó;1;
11438;2020-04-14T09:53:41;PR;Cruz Machado;Obtido pelo GPS ou informado explicitamente;7.888;11255;Macaco/Guariba/Bugio/Prego/Guigó;1;
11437;2020-04-14T11:27:56;PE;Camaragibe;Obtido pelo GPS ou informado explicitamente;21.44;11254;Mico/Sagui/Soinho;1;
11436;2020-04-14T11:27:56;PE;Camaragibe;Obtido pelo GPS ou informado explicitamente;21.44;11253;Mico/Sagui/Soinho;1;
11435;2020-04-14T11:25:31;SC;Blumenau;Coordenadas obtidas a partir do endereço;-1.0;11252;Mico/Sagui/Soinho;1;
11434;2020-04-13T11:08:44;SC;Blumenau;Obtido pelo GPS ou informado explicitamente;88.055;11251;Macaco/Guariba/Bugio/Prego/Guigó;1;
11433;2020-04-13T14:40:26;SC;Abdon Batista;Obtido pelo GPS ou informado explicitamente;3.7900925;11250;Macaco/Guariba/Bugio/Prego/Guigó;2;
11432;2020-04-13T14:40:26;SC;Abdon Batista;Obtido pelo GPS ou informado explicitamente;3.7900925;11249;Macaco/Guariba/Bugio/Prego/Guigó;2;
11419;2020-04-13T17:10:00;SC;Apiúna;Obtido pelo GPS ou informado explicitamente;50.0;11236;Macaco/Guariba/Bugio/Prego/Guigó;1;
11418;2020-04-13T15:51:59;SC;Presidente Getúlio;Coordenadas obtidas a partir do endereço;-1.0;11235;Macaco/Guariba/Bugio/Prego/Guigó;1;
11417;2020-03-26T15:06:07;SC;Porto União;Obtido pelo GPS ou informado explicitamente;3.79;11234;Macaco/Guariba/Bugio/Prego/Guigó;2;
11416;2020-04-13T13:55:07;SC;Itaiópolis;Obtido pelo GPS ou informado explicitamente;6.583;11233;Macaco/Guariba/Bugio/Prego/Guigó;1;
11415;2020-04-13T14:19:09;PR;São Mateus do Sul;Obtido pelo GPS ou informado explicitamente;3.9;11232;Macaco/Guariba/Bugio/Prego/Guigó;1;
11414;2020-04-13T14:13:05;PR;São Mateus do Sul;Obtido pelo GPS ou informado explicitamente;3.9;11231;Macaco/Guariba/Bugio/Prego/Guigó;1;
11413;2020-04-11T14:15:48;PR;Bituruna;Obtido pelo GPS ou informado explicitamente;3.216;11230;Macaco/Guariba/Bugio/Prego/Guigó;1;
11412;2020-04-11T14:10:59;PR;Bituruna;Obtido pelo GPS ou informado explicitamente;3.216;11229;Macaco/Guariba/Bugio/Prego/Guigó;1;
11411;2020-04-11T14:06:45;PR;Bituruna;Obtido pelo GPS ou informado explicitamente;3.216;11228;Macaco/Guariba/Bugio/Prego/Guigó;1;
11410;2020-04-11T15:05:08;PR;Bituruna;Obtido pelo GPS ou informado explicitamente;3.216;11227;Macaco/Guariba/Bugio/Prego/Guigó;1;
11409;2020-04-13T11:28:38;SC;Santa Terezinha;Obtido pelo GPS ou informado explicitamente;5.6;11226;Macaco/Guariba/Bugio/Prego/Guigó;1;
11408;2020-04-13T11:29:55;SC;Mafra;Obtido pelo GPS ou informado explicitamente;;11225;Macaco/Guariba/Bugio/Prego/Guigó;1;
11407;2020-04-13T10:18:33;RS;Agudo;Obtido pelo GPS ou informado explicitamente;67.315;11224;Macaco/Guariba/Bugio/Prego/Guigó;1;Normal
11407;2020-04-13T10:18:33;RS;Agudo;Obtido pelo GPS ou informado explicitamente;67.315;11223;Macaco/Guariba/Bugio/Prego/Guigó;1;
11402;2020-04-11T15:26:27;RJ;São Gonçalo;Obtido pelo GPS ou informado explicitamente;4.32;11216;Mico/Sagui/Soinho;15;Normal
11401;2020-04-12T10:42:58;RJ;Rio de Janeiro;Obtido pelo GPS ou informado explicitamente;15.177;11215;Mico/Sagui/Soinho;8;Normal
11400;2020-04-11T16:48:26;SC;Lontras;Obtido pelo GPS ou informado explicitamente;3400.0;11214;Macaco/Guariba/Bugio/Prego/Guigó;1;
11398;2020-04-11T15:01:53;SC;Rio do Sul;Obtido pelo GPS ou informado explicitamente;1000.0;11212;Macaco/Guariba/Bugio/Prego/Guigó;1;
11397;2020-04-11T10:01:17;PR;Cruz Machado;Obtido pelo GPS ou informado explicitamente;6.0;11211;Macaco/Guariba/Bugio/Prego/Guigó;1;
11392;2020-04-10T09:07:18;RJ;Rio de Janeiro;Obtido pelo GPS ou informado explicitamente;3.92;11206;Mico/Sagui/Soinho;1;Normal
11391;2020-04-09T13:50:15;PR;Paula Freitas;Obtido pelo GPS ou informado explicitamente;8.0;11205;Macaco/Guariba/Bugio/Prego/Guigó;1;
11390;2020-04-09T13:51:47;PR;Paula Freitas;Obtido pelo GPS ou informado explicitamente;8.0;11204;Macaco/Guariba/Bugio/Prego/Guigó;1;
11389;2020-04-09T14:08:25;SC;Indaial;Obtido pelo GPS ou informado explicitamente;3.216;11203;Macaco/Guariba/Bugio/Prego/Guigó;1;
11388;2020-04-09T11:27:48;PR;Cruz Machado;Obtido pelo GPS ou informado explicitamente;13.653;11202;Macaco/Guariba/Bugio/Prego/Guigó;1;
11387;2020-04-09T08:58:02;PR;Cruz Machado;Obtido pelo GPS ou informado explicitamente;8.09;11201;Macaco/Guariba/Bugio/Prego/Guigó;1;
11385;2020-04-09T12:20:31;SC;Blumenau;Coordenadas obtidas a partir do endereço;-1.0;11199;Macaco/Guariba/Bugio/Prego/Guigó;1;
11384;2020-04-09T11:23:46;RJ;Rio de Janeiro;Obtido pelo GPS ou informado explicitamente;10.0;11198;Mico/Sagui/Soinho;3;Normal
11383;2020-04-09T10:28:15;PR;Paula Freitas;Obtido pelo GPS ou informado explicitamente;3200.0;11197;Macaco/Guariba/Bugio/Prego/Guigó;1;
11382;2020-04-09T10:20:22;PR;Paula Freitas;Obtido pelo GPS ou informado explicitamente;2700.0;11196;Macaco/Guariba/Bugio/Prego/Guigó;1;
11381;2020-04-08T15:41:40;SC;Rio do Sul;Coordenadas obtidas a partir do endereço;-1.0;11195;Macaco/Guariba/Bugio/Prego/Guigó;1;
11380;2020-04-08T13:36:50;SC;Campo Alegre;Obtido pelo GPS ou informado explicitamente;3.7900925;11194;Macaco/Guariba/Bugio/Prego/Guigó;1;
11379;2020-04-08T12:00:16;PR;Mandirituba;Obtido pelo GPS ou informado explicitamente;3.9;11193;Macaco/Guariba/Bugio/Prego/Guigó;1;
11378;2020-04-08T09:08:19;PR;Cruz Machado;Obtido pelo GPS ou informado explicitamente;9.102;11192;Macaco/Guariba/Bugio/Prego/Guigó;1;
11377;2020-04-07T11:58:26;SC;Blumenau;Obtido pelo GPS ou informado explicitamente;50.56;11191;Mico/Sagui/Soinho;1;
11376;2020-04-07T14:23:51;PR;Porto Vitória;Obtido pelo GPS ou informado explicitamente;3.892;11190;Macaco/Guariba/Bugio/Prego/Guigó;1;
11375;2020-04-07T16:19:47;SC;Itaiópolis;Obtido pelo GPS ou informado explicitamente;4.4;11189;Macaco/Guariba/Bugio/Prego/Guigó;1;
11373;2020-04-07T17:24:14;SC;Apiúna;Obtido pelo GPS ou informado explicitamente;-1.0;11187;Macaco/Guariba/Bugio/Prego/Guigó;1;
11372;2020-04-07T08:08:00;SC;Apiúna;Obtido pelo GPS ou informado explicitamente;50.0;11186;Macaco/Guariba/Bugio/Prego/Guigó;1;
11370;2020-04-07T10:57:59;SC;Papanduva;Obtido pelo GPS ou informado explicitamente;-1.0;11184;Macaco/Guariba/Bugio/Prego/Guigó;1;
11369;2020-04-07T09:47:33;RJ;Rio de Janeiro;Obtido pelo GPS ou informado explicitamente;9.5;11183;Mico/Sagui/Soinho;6;Normal
11365;2020-04-06T16:55:02;PR;Tijucas do Sul;Coordenadas obtidas a partir do endereço;-1.0;11179;Macaco/Guariba/Bugio/Prego/Guigó;1;
11364;2020-04-06T16:48:52;PR;Tijucas do Sul;Coordenadas obtidas a partir do endereço;-1.0;11178;Macaco/Guariba/Bugio/Prego/Guigó;1;
11363;2020-04-06T13:52:33;SC;Itaiópolis;Obtido pelo GPS ou informado explicitamente;3.933;11177;Macaco/Guariba/Bugio/Prego/Guigó;1;
11362;2020-04-06T14:55:20;PR;Piên;Obtido pelo GPS ou informado explicitamente;19.296001;11176;Macaco/Guariba/Bugio/Prego/Guigó;1;
11361;2020-04-06T14:48:59;PR;Piên;Obtido pelo GPS ou informado explicitamente;20.368;11175;Macaco/Guariba/Bugio/Prego/Guigó;1;
11360;2020-04-01T13:30:00;PR;Piên;Obtido pelo GPS ou informado explicitamente;36.901;11174;Macaco/Guariba/Bugio/Prego/Guigó;1;Estranho
11359;2020-03-31T08:53:00;PR;Piên;Obtido pelo GPS ou informado explicitamente;77.6;11173;Macaco/Guariba/Bugio/Prego/Guigó;1;
11358;2020-03-30T10:03:50;PR;Piên;Obtido pelo GPS ou informado explicitamente;3299.999;11172;Macaco/Guariba/Bugio/Prego/Guigó;1;
11357;2020-03-30T09:21:42;PR;Piên;Obtido pelo GPS ou informado explicitamente;18.224;11171;Macaco/Guariba/Bugio/Prego/Guigó;1;
11356;2020-04-06T10:08:49;PR;Cruz Machado;Obtido pelo GPS ou informado explicitamente;6.068;11170;Macaco/Guariba/Bugio/Prego/Guigó;1;
11355;2020-04-06T09:35:32;SC;Itaiópolis;Obtido pelo GPS ou informado explicitamente;4.416;11169;Macaco/Guariba/Bugio/Prego/Guigó;1;
11354;2020-04-06T08:47:15;SC;Papanduva;Obtido pelo GPS ou informado explicitamente;18.224;11168;Macaco/Guariba/Bugio/Prego/Guigó;1;
11352;2020-04-04T12:10:29;PR;São Mateus do Sul;Obtido pelo GPS ou informado explicitamente;3.9;11166;Macaco/Guariba/Bugio/Prego/Guigó;1;
11351;2020-04-04T18:25:51;SC;Blumenau;Obtido pelo GPS ou informado explicitamente;50.003;11165;Macaco/Guariba/Bugio/Prego/Guigó;1;
11350;2020-04-03T12:57:01;SC;Blumenau;Obtido pelo GPS ou informado explicitamente;1700.0;11164;Macaco/Guariba/Bugio/Prego/Guigó;1;
11349;2020-04-03T14:20:06;SC;Campo Alegre;Obtido pelo GPS ou informado explicitamente;3.216;11163;Macaco/Guariba/Bugio/Prego/Guigó;1;
11341;2020-04-04T11:09:06;SC;Itaiópolis;Obtido pelo GPS ou informado explicitamente;3.96;11155;Macaco/Guariba/Bugio/Prego/Guigó;1;
11335;2020-04-03T20:43:32;SC;Jacinto Machado;Obtido pelo GPS ou informado explicitamente;0.0;11149;Macaco/Guariba/Bugio/Prego/Guigó;1;
11330;2020-04-03T20:40:41;RJ;Rio de Janeiro;Coordenadas obtidas a partir do endereço;-1.0;11144;Mico/Sagui/Soinho;8;Normal
11325;2020-04-03T19:47:56;RJ;Rio de Janeiro;Obtido pelo GPS ou informado explicitamente;14.86;11139;Mico/Sagui/Soinho;7;Normal
11324;2020-04-03T19:49:36;RJ;Rio de Janeiro;Coordenadas obtidas a partir do endereço;;11138;Mico/Sagui/Soinho;6;Normal
11318;2020-04-03T19:44:42;RJ;Rio de Janeiro;Coordenadas obtidas a partir do endereço;-1.0;11132;Macaco/Guariba/Bugio/Prego/Guigó;8;Normal
11314;2020-04-03T19:39:17;RJ;Rio de Janeiro;Obtido pelo GPS ou informado explicitamente;122.4;11128;Mico/Sagui/Soinho;2;Normal
11313;2020-04-03T19:38:05;RJ;Rio de Janeiro;Obtido pelo GPS ou informado explicitamente;65.0;11127;Macaco/Guariba/Bugio/Prego/Guigó;3;Normal
11311;2020-04-03T19:40:56;RJ;Rio de Janeiro;Obtido pelo GPS ou informado explicitamente;14.595;11125;Mico/Sagui/Soinho;5;Normal
11310;2020-04-03T17:43:54;SC;Ibirama;Coordenadas obtidas a partir do endereço;-1.0;11124;Macaco/Guariba/Bugio/Prego/Guigó;1;
11309;2020-04-03T16:05:08;RS;Restinga Seca;Obtido pelo GPS ou informado explicitamente;87.6;11123;Macaco/Guariba/Bugio/Prego/Guigó;5;Normal
11309;2020-04-03T16:05:08;RS;Restinga Seca;Obtido pelo GPS ou informado explicitamente;87.6;11122;Macaco/Guariba/Bugio/Prego/Guigó;1;
11308;2020-04-03T14:50:52;SC;Itaiópolis;Obtido pelo GPS ou informado explicitamente;3.9;11121;Macaco/Guariba/Bugio/Prego/Guigó;1;
11307;2020-04-03T13:58:38;SC;Mafra;Obtido pelo GPS ou informado explicitamente;;11120;Macaco/Guariba/Bugio/Prego/Guigó;1;
11305;2020-04-03T10:08:52;SC;Santa Terezinha;Obtido pelo GPS ou informado explicitamente;10.0;11118;Macaco/Guariba/Bugio/Prego/Guigó;1;
11303;2020-04-02T14:43:18;PR;Bituruna;Obtido pelo GPS ou informado explicitamente;4199.999;11116;Macaco/Guariba/Bugio/Prego/Guigó;1;
11302;2020-04-02T14:37:37;PR;Bituruna;Obtido pelo GPS ou informado explicitamente;4199.999;11115;Macaco/Guariba/Bugio/Prego/Guigó;1;
11301;2020-04-02T14:43:34;PR;União da Vitória;Obtido pelo GPS ou informado explicitamente;4.67;11114;Macaco/Guariba/Bugio/Prego/Guigó;1;
11300;2020-04-02T15:02:13;SC;Campo Alegre;Obtido pelo GPS ou informado explicitamente;3.216;11113;Macaco/Guariba/Bugio/Prego/Guigó;1;
11299;2020-04-02T13:00:10;SC;Rio do Sul;Obtido pelo GPS ou informado explicitamente;-1.0;11112;Macaco/Guariba/Bugio/Prego/Guigó;1;
11298;2020-04-02T12:52:47;SC;Rio do Sul;Obtido pelo GPS ou informado explicitamente;16.778;11111;Macaco/Guariba/Bugio/Prego/Guigó;1;
11297;2020-04-01T18:39:45;SC;Rio do Sul;Obtido pelo GPS ou informado explicitamente;72.816;11110;Macaco/Guariba/Bugio/Prego/Guigó;1;
11296;2020-04-01T18:39:45;SC;Rio do Sul;Obtido pelo GPS ou informado explicitamente;72.816;11109;Macaco/Guariba/Bugio/Prego/Guigó;1;
11295;2020-04-02T10:29:58;SC;Mafra;Obtido pelo GPS ou informado explicitamente;8.0;11108;Macaco/Guariba/Bugio/Prego/Guigó;2;
11294;2020-04-02T10:31:07;SC;Pomerode;Obtido pelo GPS ou informado explicitamente;;11107;Macaco/Guariba/Bugio/Prego/Guigó;1;
11293;2020-04-02T09:11:50;SC;Rio das Antas;Obtido pelo GPS ou informado explicitamente;65.0;11106;Macaco/Guariba/Bugio/Prego/Guigó;1;
11292;2020-04-01T16:17:44;SC;Papanduva;Obtido pelo GPS ou informado explicitamente;82.5;11105;Macaco/Guariba/Bugio/Prego/Guigó;2;
11291;2020-04-01T10:22:03;PR;Cruz Machado;Obtido pelo GPS ou informado explicitamente;6.068;11104;Macaco/Guariba/Bugio/Prego/Guigó;1;
11290;2020-04-01T12:44:10;SC;Blumenau;Coordenadas obtidas a partir do endereço;-1.0;11103;Macaco/Guariba/Bugio/Prego/Guigó;1;
11289;2020-04-01T11:12:40;SC;Canoinhas;Obtido pelo GPS ou informado explicitamente;13.653;11102;Macaco/Guariba/Bugio/Prego/Guigó;1;
11288;2020-04-01T10:45:32;SC;Mafra;Obtido pelo GPS ou informado explicitamente;;11101;Macaco/Guariba/Bugio/Prego/Guigó;1;
11287;2020-04-01T10:17:47;SC;Itaiópolis;Obtido pelo GPS ou informado explicitamente;5.0;11100;Macaco/Guariba/Bugio/Prego/Guigó;1;
11286;2020-04-01T09:39:56;SC;Itaiópolis;Obtido pelo GPS ou informado explicitamente;4.5;11099;Macaco/Guariba/Bugio/Prego/Guigó;1;
11285;2020-04-01T09:36:02;SC;Itaiópolis;Obtido pelo GPS ou informado explicitamente;6.928;11098;Macaco/Guariba/Bugio/Prego/Guigó;1;
11284;2020-03-31T16:02:37;SC;Camboriú;Obtido pelo GPS ou informado explicitamente;3.216;11097;Macaco/Guariba/Bugio/Prego/Guigó;1;
11283;2020-03-31T16:47:54;PI;Altos;Obtido pelo GPS ou informado explicitamente;16.0;11096;Macaco/Guariba/Bugio/Prego/Guigó;3;Normal
11282;2020-03-31T15:43:49;SC;Campo Alegre;Obtido pelo GPS ou informado explicitamente;3.216;11095;Macaco/Guariba/Bugio/Prego/Guigó;1;
11281;2020-03-31T15:12:40;SC;Campo Alegre;Obtido pelo GPS ou informado explicitamente;3.216;11094;Macaco/Guariba/Bugio/Prego/Guigó;2;
11280;2020-03-31T14:09:02;SC;Campo Alegre;Obtido pelo GPS ou informado explicitamente;3.216;11093;Macaco/Guariba/Bugio/Prego/Guigó;1;
11279;2020-03-31T13:36:23;SC;Campo Alegre;Obtido pelo GPS ou informado explicitamente;3.216;11092;Macaco/Guariba/Bugio/Prego/Guigó;4;
11278;2020-03-31T16:44:26;PI;Altos;Obtido pelo GPS ou informado explicitamente;16.0;11091;Macaco/Guariba/Bugio/Prego/Guigó;6;Normal
11277;2020-03-31T16:17:51;SC;Indaial;Obtido pelo GPS ou informado explicitamente;0.0;11090;Macaco/Guariba/Bugio/Prego/Guigó;1;
11276;2020-03-31T14:02:23;SC;Itaiópolis;Obtido pelo GPS ou informado explicitamente;3.9;11089;Macaco/Guariba/Bugio/Prego/Guigó;1;Doente
11275;2020-03-31T13:51:42;SC;Itaiópolis;Obtido pelo GPS ou informado explicitamente;3.9;11088;Macaco/Guariba/Bugio/Prego/Guigó;1;
11274;2020-03-31T13:12:40;SC;Blumenau;Coordenadas obtidas a partir do endereço;-1.0;11087;Macaco/Guariba/Bugio/Prego/Guigó;1;
11272;2020-03-31T11:04:05;SC;Itajaí;Obtido pelo GPS ou informado explicitamente;329.85;11085;Macaco/Guariba/Bugio/Prego/Guigó;1;
11271;2020-03-31T08:55:24;PR;Araucária;Obtido pelo GPS ou informado explicitamente;3.9;11084;Macaco/Guariba/Bugio/Prego/Guigó;1;
11269;2020-03-30T07:17:11;SC;Indaial;Obtido pelo GPS ou informado explicitamente;0.0;11082;Macaco/Guariba/Bugio/Prego/Guigó;1;
11268;2020-03-17T09:05:06;PR;Mandirituba;Obtido pelo GPS ou informado explicitamente;7.504;11081;Macaco/Guariba/Bugio/Prego/Guigó;1;
11267;2020-03-16T09:45:13;PR;Mandirituba;Obtido pelo GPS ou informado explicitamente;11.792;11080;Macaco/Guariba/Bugio/Prego/Guigó;1;
11266;2020-03-17T09:03:14;PR;Mandirituba;Obtido pelo GPS ou informado explicitamente;10.72;11079;Macaco/Guariba/Bugio/Prego/Guigó;1;
11265;2020-03-29T18:40:53;SC;Campo Alegre;Obtido pelo GPS ou informado explicitamente;3.216;11078;Macaco/Guariba/Bugio/Prego/Guigó;1;
11264;2020-03-28T08:29:47;SC;Campo Alegre;Obtido pelo GPS ou informado explicitamente;4.288;11077;Macaco/Guariba/Bugio/Prego/Guigó;1;
11260;2020-03-30T10:12:18;SC;Mafra;Obtido pelo GPS ou informado explicitamente;5.166;11073;Macaco/Guariba/Bugio/Prego/Guigó;1;
11259;2020-03-30T14:46:40;SC;Porto União;Obtido pelo GPS ou informado explicitamente;5.5087147;11072;Macaco/Guariba/Bugio/Prego/Guigó;2;
11258;2020-03-30T14:55:30;PR;Agudos do Sul;Coordenadas obtidas a partir do endereço;-1.0;11071;Macaco/Guariba/Bugio/Prego/Guigó;1;
11257;2020-03-30T14:49:33;PR;Agudos do Sul;Coordenadas obtidas a partir do endereço;-1.0;11070;Macaco/Guariba/Bugio/Prego/Guigó;1;
11256;2020-03-30T14:41:04;SC;Rio Negrinho;Obtido pelo GPS ou informado explicitamente;4.288;11069;Macaco/Guariba/Bugio/Prego/Guigó;1;
11255;2020-03-30T14:41:25;PR;Agudos do Sul;Coordenadas obtidas a partir do endereço;-1.0;11068;Macaco/Guariba/Bugio/Prego/Guigó;1;
11254;2020-03-30T13:47:42;SC;Itaiópolis;Obtido pelo GPS ou informado explicitamente;5.5;11067;Macaco/Guariba/Bugio/Prego/Guigó;1;
11253;2020-03-30T12:57:00;SC;Santa Terezinha;Obtido pelo GPS ou informado explicitamente;5.36;11066;Macaco/Guariba/Bugio/Prego/Guigó;3;
11252;2020-03-30T09:42:34;PR;Cruz Machado;Obtido pelo GPS ou informado explicitamente;4.551;11065;Macaco/Guariba/Bugio/Prego/Guigó;1;
11248;2020-03-26T16:16:16;SC;Indaial;Obtido pelo GPS ou informado explicitamente;3.216;11061;Macaco/Guariba/Bugio/Prego/Guigó;3;
11246;2020-03-29T18:56:46;SC;Pomerode;Obtido pelo GPS ou informado explicitamente;;11059;Macaco/Guariba/Bugio/Prego/Guigó;1;
11245;2020-03-29T14:03:40;PR;Araucária;Obtido pelo GPS ou informado explicitamente;9.0;11058;Mico/Sagui/Soinho;1;
11240;2020-03-28T15:08:26;SC;Itaiópolis;Obtido pelo GPS ou informado explicitamente;6.142;11053;Macaco/Guariba/Bugio/Prego/Guigó;1;
11238;2020-03-28T11:43:44;SC;Mafra;Obtido pelo GPS ou informado explicitamente;5.0;11051;Macaco/Guariba/Bugio/Prego/Guigó;2;
11237;2020-03-28T12:31:56;SC;Blumenau;Obtido pelo GPS ou informado explicitamente;0.0;11050;Macaco/Guariba/Bugio/Prego/Guigó;1;
11236;2020-03-27T16:32:58;SC;Itaiópolis;Obtido pelo GPS ou informado explicitamente;5.166;11049;Macaco/Guariba/Bugio/Prego/Guigó;1;
11235;2020-03-27T16:30:57;SC;Três Barras;Obtido pelo GPS ou informado explicitamente;0.0;11048;Macaco/Guariba/Bugio/Prego/Guigó;2;
11234;2020-03-27T16:20:24;SC;Três Barras;Obtido pelo GPS ou informado explicitamente;0.0;11047;Macaco/Guariba/Bugio/Prego/Guigó;1;
11233;2020-03-27T15:56:51;SC;Três Barras;Obtido pelo GPS ou informado explicitamente;0.0;11046;Macaco/Guariba/Bugio/Prego/Guigó;1;
11232;2020-03-27T12:15:01;PR;Agudos do Sul;Obtido pelo GPS ou informado explicitamente;3.0;11045;Macaco/Guariba/Bugio/Prego/Guigó;1;
11231;2020-03-27T11:15:10;SC;Mafra;Obtido pelo GPS ou informado explicitamente;;11044;Macaco/Guariba/Bugio/Prego/Guigó;1;Normal
11230;2020-03-27T09:01:12;SC;Camboriú;Obtido pelo GPS ou informado explicitamente;3.216;11043;Macaco/Guariba/Bugio/Prego/Guigó;1;
11229;2020-03-27T08:57:29;SC;Canoinhas;Obtido pelo GPS ou informado explicitamente;10.62;11041;Macaco/Guariba/Bugio/Prego/Guigó;1;
11228;2020-03-27T08:06:07;PR;Araucária;Obtido pelo GPS ou informado explicitamente;-1.0;11040;Macaco/Guariba/Bugio/Prego/Guigó;1;
11224;2020-03-26T16:13:27;SC;Itaiópolis;Obtido pelo GPS ou informado explicitamente;4.5;11036;Macaco/Guariba/Bugio/Prego/Guigó;1;
11223;2020-03-26T14:12:48;SC;Itaiópolis;Obtido pelo GPS ou informado explicitamente;4.1;11035;Macaco/Guariba/Bugio/Prego/Guigó;1;
11222;2020-03-26T16:17:58;SC;Indaial;Coordenadas obtidas a partir do endereço;-1.0;11034;Macaco/Guariba/Bugio/Prego/Guigó;1;
11221;2020-03-26T15:40:08;PR;União da Vitória;Obtido pelo GPS ou informado explicitamente;0.0;11033;Macaco/Guariba/Bugio/Prego/Guigó;1;
11220;2020-03-26T15:25:40;SC;Indaial;Coordenadas obtidas a partir do endereço;-1.0;11032;Macaco/Guariba/Bugio/Prego/Guigó;2;
11219;2020-03-03T14:11:29;PR;Rio Negro;Obtido pelo GPS ou informado explicitamente;;11031;Macaco/Guariba/Bugio/Prego/Guigó;1;
11218;2020-03-26T14:04:08;SC;Braço do Trombudo;Obtido pelo GPS ou informado explicitamente;1203.752;11030;Macaco/Guariba/Bugio/Prego/Guigó;1;
11216;2020-03-26T09:47:26;PR;União da Vitória;Obtido pelo GPS ou informado explicitamente;26.800001;11028;Macaco/Guariba/Bugio/Prego/Guigó;1;
11215;2020-03-25T14:08:58;PR;Cruz Machado;Obtido pelo GPS ou informado explicitamente;9.102;11027;Macaco/Guariba/Bugio/Prego/Guigó;1;
11214;2020-03-26T08:21:03;RS;São Sepé;Obtido pelo GPS ou informado explicitamente;77.6;11026;Macaco/Guariba/Bugio/Prego/Guigó;1;
11213;2020-02-14T14:24:54;PR;Araucária;Obtido pelo GPS ou informado explicitamente;;11025;Macaco/Guariba/Bugio/Prego/Guigó;1;
11212;2020-03-25T10:04:11;PR;Porto Vitória;Obtido pelo GPS ou informado explicitamente;9.5;11024;Macaco/Guariba/Bugio/Prego/Guigó;1;
11210;2020-03-25T11:08:06;SC;Rio Negrinho;Obtido pelo GPS ou informado explicitamente;6.0;11022;Macaco/Guariba/Bugio/Prego/Guigó;1;
11209;2020-03-25T08:42:03;SC;Blumenau;Obtido pelo GPS ou informado explicitamente;110.0;11021;Macaco/Guariba/Bugio/Prego/Guigó;1;
11208;2020-03-23T11:36:19;PR;Piên;Obtido pelo GPS ou informado explicitamente;1899.999;11020;Macaco/Guariba/Bugio/Prego/Guigó;1;
11207;2020-03-23T09:21:45;PR;Piên;Obtido pelo GPS ou informado explicitamente;28.173;11019;Macaco/Guariba/Bugio/Prego/Guigó;1;
11206;2020-03-20T15:43:44;PR;Piên;Obtido pelo GPS ou informado explicitamente;15.008;11018;Macaco/Guariba/Bugio/Prego/Guigó;1;
11205;2020-03-18T13:43:34;PR;Piên;Obtido pelo GPS ou informado explicitamente;74.065;11017;Macaco/Guariba/Bugio/Prego/Guigó;1;
11204;2020-03-18T09:50:24;PR;Piên;Obtido pelo GPS ou informado explicitamente;15.008;11016;Macaco/Guariba/Bugio/Prego/Guigó;1;
11203;2020-03-25T09:54:45;SC;Itaiópolis;Obtido pelo GPS ou informado explicitamente;17.5;11015;Macaco/Guariba/Bugio/Prego/Guigó;1;
11202;2020-03-25T09:10:28;SC;Itaiópolis;Obtido pelo GPS ou informado explicitamente;7.0;11014;Macaco/Guariba/Bugio/Prego/Guigó;1;
11201;2020-03-25T10:11:45;SC;Dona Emma;Obtido pelo GPS ou informado explicitamente;915.124;11013;Macaco/Guariba/Bugio/Prego/Guigó;1;
11199;2020-03-23T11:04:03;SC;Campo Alegre;Obtido pelo GPS ou informado explicitamente;24.656;11011;Macaco/Guariba/Bugio/Prego/Guigó;1;
11198;2020-03-24T16:14:58;PR;Agudos do Sul;Coordenadas obtidas a partir do endereço;-1.0;11010;Macaco/Guariba/Bugio/Prego/Guigó;1;
11197;2020-03-24T16:11:35;PR;Agudos do Sul;Coordenadas obtidas a partir do endereço;-1.0;11009;Macaco/Guariba/Bugio/Prego/Guigó;3;
11196;2020-03-24T15:30:01;SC;Papanduva;Obtido pelo GPS ou informado explicitamente;2099.999;11008;Macaco/Guariba/Bugio/Prego/Guigó;1;
11195;2020-03-24T15:22:00;SC;Papanduva;Obtido pelo GPS ou informado explicitamente;20.0;11007;Macaco/Guariba/Bugio/Prego/Guigó;1;
11194;2020-03-24T13:58:56;SC;Porto União;Obtido pelo GPS ou informado explicitamente;16.0;11006;Macaco/Guariba/Bugio/Prego/Guigó;1;
11193;2020-03-24T09:22:40;SC;Mafra;Obtido pelo GPS ou informado explicitamente;3.92;11005;Macaco/Guariba/Bugio/Prego/Guigó;2;
11192;2020-03-24T09:22:40;SC;Mafra;Obtido pelo GPS ou informado explicitamente;3.92;11004;Macaco/Guariba/Bugio/Prego/Guigó;2;
11191;2020-03-24T11:03:02;SC;Mafra;Obtido pelo GPS ou informado explicitamente;;11003;Macaco/Guariba/Bugio/Prego/Guigó;1;
11190;2020-03-24T10:06:17;SC;Itaiópolis;Obtido pelo GPS ou informado explicitamente;17.0;11002;Macaco/Guariba/Bugio/Prego/Guigó;1;
11187;2020-03-23T15:02:48;SC;Blumenau;Obtido pelo GPS ou informado explicitamente;75.0;10999;Macaco/Guariba/Bugio/Prego/Guigó;1;
11186;2020-03-23T13:54:00;SC;Blumenau;Obtido pelo GPS ou informado explicitamente;110.0;10998;Macaco/Guariba/Bugio/Prego/Guigó;1;
11185;2020-03-23T16:28:19;PR;Cruz Machado;Obtido pelo GPS ou informado explicitamente;10.619;10997;Macaco/Guariba/Bugio/Prego/Guigó;1;
11184;2020-03-23T14:18:56;PR;Cruz Machado;Obtido pelo GPS ou informado explicitamente;4.551;10996;Macaco/Guariba/Bugio/Prego/Guigó;1;
11182;2020-03-23T14:54:47;PR;Morretes;Obtido pelo GPS ou informado explicitamente;7.93;10994;Mico/Sagui/Soinho;1;
11180;2020-03-23T13:21:52;PR;Paula Freitas;Obtido pelo GPS ou informado explicitamente;;10992;Macaco/Guariba/Bugio/Prego/Guigó;1;
11179;2020-03-23T12:10:52;SC;Blumenau;Coordenadas obtidas a partir do endereço;-1.0;10991;Macaco/Guariba/Bugio/Prego/Guigó;1;
11178;2020-03-23T12:07:39;SC;Blumenau;Coordenadas obtidas a partir do endereço;-1.0;10990;Macaco/Guariba/Bugio/Prego/Guigó;1;
11177;2020-03-23T10:46:04;SC;Santa Terezinha;Obtido pelo GPS ou informado explicitamente;9.5;10989;Macaco/Guariba/Bugio/Prego/Guigó;1;
11176;2020-03-23T09:50:00;SC;Itaiópolis;Obtido pelo GPS ou informado explicitamente;11.5;10988;Macaco/Guariba/Bugio/Prego/Guigó;1;
11175;2020-03-23T10:14:33;SC;Apiúna;Obtido pelo GPS ou informado explicitamente;4.42;10987;Macaco/Guariba/Bugio/Prego/Guigó;1;
11174;2020-03-23T09:39:14;PR;Quitandinha;Obtido pelo GPS ou informado explicitamente;11.97;10986;Macaco/Guariba/Bugio/Prego/Guigó;1;
11173;2020-03-22T14:47:15;SC;Porto União;Obtido pelo GPS ou informado explicitamente;5.3699026;10985;Macaco/Guariba/Bugio/Prego/Guigó;1;
11171;2020-03-21T14:19:31;PR;Paula Freitas;Obtido pelo GPS ou informado explicitamente;8.0;10983;Macaco/Guariba/Bugio/Prego/Guigó;1;
11170;2020-03-21T14:16:18;PR;Paula Freitas;Obtido pelo GPS ou informado explicitamente;12.0;10982;Macaco/Guariba/Bugio/Prego/Guigó;1;
11169;2020-03-21T10:27:47;SC;Canoinhas;Obtido pelo GPS ou informado explicitamente;0.0;10981;Macaco/Guariba/Bugio/Prego/Guigó;1;
11168;2020-03-21T10:18:52;SC;Canoinhas;Obtido pelo GPS ou informado explicitamente;31.857;10980;Macaco/Guariba/Bugio/Prego/Guigó;2;
11167;2020-03-21T10:24:33;PR;Curitiba;Obtido pelo GPS ou informado explicitamente;0.0;10979;Macaco/Guariba/Bugio/Prego/Guigó;1;Doente
11165;2020-03-19T14:16:05;PR;Paula Freitas;Obtido pelo GPS ou informado explicitamente;8.0;10977;Macaco/Guariba/Bugio/Prego/Guigó;1;
11164;2020-03-20T10:17:18;PR;Itambaracá;Obtido pelo GPS ou informado explicitamente;135.96;10976;Macaco/Guariba/Bugio/Prego/Guigó;1;
11163;2020-03-20T14:27:19;SC;Mafra;Obtido pelo GPS ou informado explicitamente;11.833;10975;Macaco/Guariba/Bugio/Prego/Guigó;1;
11162;2020-02-27T17:07:07;SC;Capão Alto;Obtido pelo GPS ou informado explicitamente;3.76;10974;Macaco/Guariba/Bugio/Prego/Guigó;1;
11161;2020-03-19T13:30:33;SC;Campo Alegre;Obtido pelo GPS ou informado explicitamente;20.368;10973;Macaco/Guariba/Bugio/Prego/Guigó;1;
11159;2020-03-19T14:56:34;PR;Bituruna;Obtido pelo GPS ou informado explicitamente;3.216;10971;Macaco/Guariba/Bugio/Prego/Guigó;1;
11157;2020-03-16T19:12:53;SC;Xanxerê;Obtido pelo GPS ou informado explicitamente;15.0;10969;Macaco/Guariba/Bugio/Prego/Guigó;1;
11155;2020-03-18T13:34:23;PR;Agudos do Sul;Coordenadas obtidas a partir do endereço;;10967;Macaco/Guariba/Bugio/Prego/Guigó;1;
11154;2020-03-18T09:37:50;SC;Itaiópolis;Obtido pelo GPS ou informado explicitamente;9.0;10966;Macaco/Guariba/Bugio/Prego/Guigó;1;
11153;2020-03-18T09:35:36;SC;Itaiópolis;Obtido pelo GPS ou informado explicitamente;12.5;10965;Macaco/Guariba/Bugio/Prego/Guigó;1;
11152;2020-03-18T10:07:01;SC;Indaial;Obtido pelo GPS ou informado explicitamente;0.0;10964;Macaco/Guariba/Bugio/Prego/Guigó;1;
11151;2020-03-18T09:54:02;SC;Indaial;Obtido pelo GPS ou informado explicitamente;0.0;10963;Macaco/Guariba/Bugio/Prego/Guigó;1;
11150;2020-03-18T08:40:46;SC;Canoinhas;Obtido pelo GPS ou informado explicitamente;10.619;10962;Macaco/Guariba/Bugio/Prego/Guigó;1;
11149;2020-03-17T13:58:08;PR;Cruz Machado;Obtido pelo GPS ou informado explicitamente;4.551;10961;Macaco/Guariba/Bugio/Prego/Guigó;1;
11148;2020-03-17T08:18:06;PR;Mallet;Obtido pelo GPS ou informado explicitamente;3.9;10960;Macaco/Guariba/Bugio/Prego/Guigó;1;
11147;2020-03-17T14:14:30;PR;Diamante do Norte;Obtido pelo GPS ou informado explicitamente;20.0;10959;Macaco/Guariba/Bugio/Prego/Guigó;1;
11146;2020-03-17T10:11:05;SC;Campo Alegre;Obtido pelo GPS ou informado explicitamente;13.936001;10958;Macaco/Guariba/Bugio/Prego/Guigó;1;
11145;2020-03-17T09:51:09;SC;Campo Alegre;Obtido pelo GPS ou informado explicitamente;21.44;10957;Macaco/Guariba/Bugio/Prego/Guigó;1;
11144;2020-03-04T16:00:00;SC;Canoinhas;Obtido pelo GPS ou informado explicitamente;;10956;Macaco/Guariba/Bugio/Prego/Guigó;1;
10659;2020-03-17T10:18:39;SC;Canoinhas;Obtido pelo GPS ou informado explicitamente;28.823;10953;Macaco/Guariba/Bugio/Prego/Guigó;1;
10658;2020-03-17T13:37:17;SC;Mafra;Obtido pelo GPS ou informado explicitamente;18.224;10952;Macaco/Guariba/Bugio/Prego/Guigó;1;
10654;2020-03-16T20:39:59;PR;União da Vitória;Obtido pelo GPS ou informado explicitamente;0.0;10948;Macaco/Guariba/Bugio/Prego/Guigó;1;
10653;2020-03-16T20:37:07;PR;União da Vitória;Obtido pelo GPS ou informado explicitamente;0.0;10947;Macaco/Guariba/Bugio/Prego/Guigó;1;
10652;2020-03-16T20:32:16;PR;União da Vitória;Obtido pelo GPS ou informado explicitamente;0.0;10946;Macaco/Guariba/Bugio/Prego/Guigó;1;
10649;2020-03-16T15:45:30;SC;Camboriú;Obtido pelo GPS ou informado explicitamente;3.216;10943;Macaco/Guariba/Bugio/Prego/Guigó;1;
10648;2020-03-15T11:53:30;PR;União da Vitória;Obtido pelo GPS ou informado explicitamente;18.51;10942;Macaco/Guariba/Bugio/Prego/Guigó;1;
10647;2020-03-16T16:15:50;SC;Lontras;Obtido pelo GPS ou informado explicitamente;;10941;Macaco/Guariba/Bugio/Prego/Guigó;1;
10646;2020-03-16T16:05:23;SC;Lontras;Obtido pelo GPS ou informado explicitamente;;10940;Macaco/Guariba/Bugio/Prego/Guigó;1;
10645;2020-03-16T15:54:45;PR;Tijucas do Sul;Coordenadas obtidas a partir do endereço;-1.0;10939;Macaco/Guariba/Bugio/Prego/Guigó;2;Normal
10644;2020-03-16T15:35:36;SC;Lontras;Obtido pelo GPS ou informado explicitamente;;10938;Macaco/Guariba/Bugio/Prego/Guigó;1;
10643;2020-03-16T13:48:08;PR;São Mateus do Sul;Obtido pelo GPS ou informado explicitamente;3.9;10937;Macaco/Guariba/Bugio/Prego/Guigó;1;
10642;2020-03-16T14:30:57;SC;Porto União;Obtido pelo GPS ou informado explicitamente;4.0;10936;Macaco/Guariba/Bugio/Prego/Guigó;1;
10641;2020-03-16T14:50:04;SC;Itajaí;Obtido pelo GPS ou informado explicitamente;5.4;10935;Macaco/Guariba/Bugio/Prego/Guigó;1;
10640;2020-03-16T14:39:54;SC;Itajaí;Obtido pelo GPS ou informado explicitamente;5.0;10934;Macaco/Guariba/Bugio/Prego/Guigó;1;
10639;2020-03-16T14:43:27;PR;Coronel Domingos Soares;Obtido pelo GPS ou informado explicitamente;72.9;10933;Macaco/Guariba/Bugio/Prego/Guigó;5;Normal
10638;2020-03-16T11:08:55;PR;Cruz Machado;Obtido pelo GPS ou informado explicitamente;13.653;10932;Macaco/Guariba/Bugio/Prego/Guigó;1;
10636;2020-03-16T10:47:23;SC;Canoinhas;Obtido pelo GPS ou informado explicitamente;13.653;10930;Macaco/Guariba/Bugio/Prego/Guigó;1;
10635;2020-03-16T09:27:49;PR;Mandirituba;Obtido pelo GPS ou informado explicitamente;3.0;10929;Macaco/Guariba/Bugio/Prego/Guigó;1;
10634;2020-03-13T16:24:28;PR;Piên;Obtido pelo GPS ou informado explicitamente;9.648001;10928;Macaco/Guariba/Bugio/Prego/Guigó;1;
10633;2020-03-13T15:56:03;PR;Piên;Obtido pelo GPS ou informado explicitamente;343.722;10927;Macaco/Guariba/Bugio/Prego/Guigó;1;
10632;2020-03-12T09:49:52;PR;Piên;Obtido pelo GPS ou informado explicitamente;11.792;10926;Macaco/Guariba/Bugio/Prego/Guigó;1;
10631;2020-03-12T15:20:23;PR;Piên;Obtido pelo GPS ou informado explicitamente;18.224;10925;Macaco/Guariba/Bugio/Prego/Guigó;1;
10630;2020-03-12T15:05:03;PR;Piên;Obtido pelo GPS ou informado explicitamente;498.703;10924;Macaco/Guariba/Bugio/Prego/Guigó;1;
10629;2020-03-12T14:59:42;PR;Piên;Obtido pelo GPS ou informado explicitamente;19.296001;10923;Macaco/Guariba/Bugio/Prego/Guigó;1;
10628;2020-03-16T08:11:58;PR;Cruz Machado;Obtido pelo GPS ou informado explicitamente;6.068;10922;Macaco/Guariba/Bugio/Prego/Guigó;1;
10627;2020-03-15T14:30:07;SC;Campo Alegre;Obtido pelo GPS ou informado explicitamente;3.216;10921;Macaco/Guariba/Bugio/Prego/Guigó;2;
10626;2020-03-15T11:05:07;PR;São Mateus do Sul;Obtido pelo GPS ou informado explicitamente;3.9;10920;Macaco/Guariba/Bugio/Prego/Guigó;1;
10624;2020-03-14T19:37:31;PR;Tijucas do Sul;Obtido pelo GPS ou informado explicitamente;0.0;10918;Macaco/Guariba/Bugio/Prego/Guigó;1;Normal
10622;2020-03-13T18:57:21;SC;Capão Alto;Obtido pelo GPS ou informado explicitamente;38.592;10916;Macaco/Guariba/Bugio/Prego/Guigó;1;
10621;2019-11-07T18:34:13;PR;Marilena;Obtido pelo GPS ou informado explicitamente;10.72;10915;Macaco/Guariba/Bugio/Prego/Guigó;5;Normal
10618;2020-03-13T16:32:02;PR;União da Vitória;Obtido pelo GPS ou informado explicitamente;8.0;10912;Macaco/Guariba/Bugio/Prego/Guigó;2;
10617;2020-03-13T16:28:35;PR;União da Vitória;Obtido pelo GPS ou informado explicitamente;24.0;10911;Macaco/Guariba/Bugio/Prego/Guigó;2;
10616;2020-03-13T14:21:25;SC;Campo Alegre;Obtido pelo GPS ou informado explicitamente;3.216;10910;Macaco/Guariba/Bugio/Prego/Guigó;1;
10615;2020-03-13T15:08:46;SC;Santa Terezinha;Obtido pelo GPS ou informado explicitamente;3.216;10909;Macaco/Guariba/Bugio/Prego/Guigó;1;
10614;2020-02-11T10:49:12;SC;Rio Negrinho;Obtido pelo GPS ou informado explicitamente;24.27;10908;Macaco/Guariba/Bugio/Prego/Guigó;1;
10612;2020-03-13T14:52:07;SC;Rio Negrinho;Obtido pelo GPS ou informado explicitamente;0.0;10906;Macaco/Guariba/Bugio/Prego/Guigó;1;
10610;2020-03-13T11:50:16;SC;Indaial;Coordenadas obtidas a partir do endereço;-1.0;10904;Macaco/Guariba/Bugio/Prego/Guigó;1;
10609;2020-03-13T11:25:36;SC;Modelo;Obtido pelo GPS ou informado explicitamente;2599.999;10903;Macaco/Guariba/Bugio/Prego/Guigó;1;
10604;2020-03-13T10:20:36;SC;Modelo;Obtido pelo GPS ou informado explicitamente;0.0;10898;Macaco/Guariba/Bugio/Prego/Guigó;1;
10603;2020-03-13T08:56:20;SC;Papanduva;Obtido pelo GPS ou informado explicitamente;3.22;10897;Macaco/Guariba/Bugio/Prego/Guigó;2;
10602;2020-03-13T10:01:34;PR;Agudos do Sul;Coordenadas obtidas a partir do endereço;-1.0;10896;Macaco/Guariba/Bugio/Prego/Guigó;4;
10601;2020-03-13T08:56:20;SC;Papanduva;Obtido pelo GPS ou informado explicitamente;3.22;10895;Macaco/Guariba/Bugio/Prego/Guigó;2;
10599;2020-03-12T18:31:54;SC;Capão Alto;Obtido pelo GPS ou informado explicitamente;82.5;10893;Macaco/Guariba/Bugio/Prego/Guigó;1;
10598;2020-03-12T17:06:25;SC;Matos Costa;Obtido pelo GPS ou informado explicitamente;18.5;10892;Macaco/Guariba/Bugio/Prego/Guigó;3;
10597;2020-03-12T17:16:13;SC;Matos Costa;Obtido pelo GPS ou informado explicitamente;16.5;10891;Macaco/Guariba/Bugio/Prego/Guigó;1;
10596;2020-03-12T13:39:16;PR;Antônio Olinto;Obtido pelo GPS ou informado explicitamente;11.285;10890;Macaco/Guariba/Bugio/Prego/Guigó;2;
10595;2020-03-12T13:41:03;SC;Blumenau;Obtido pelo GPS ou informado explicitamente;0.0;10889;Macaco/Guariba/Bugio/Prego/Guigó;1;
10594;2020-03-12T09:27:13;SC;Mafra;Obtido pelo GPS ou informado explicitamente;5.166;10888;Macaco/Guariba/Bugio/Prego/Guigó;1;
10593;2020-03-12T09:22:04;SC;Mafra;Obtido pelo GPS ou informado explicitamente;5.166;10887;Macaco/Guariba/Bugio/Prego/Guigó;1;
10591;2020-03-10T15:59:07;PR;Piên;Obtido pelo GPS ou informado explicitamente;27.872002;10885;Macaco/Guariba/Bugio/Prego/Guigó;1;
10590;2020-03-10T15:16:54;PR;Piên;Obtido pelo GPS ou informado explicitamente;12.864;10884;Macaco/Guariba/Bugio/Prego/Guigó;1;
10589;2020-03-10T14:03:07;PR;Piên;Obtido pelo GPS ou informado explicitamente;127.071;10883;Macaco/Guariba/Bugio/Prego/Guigó;1;
10588;2020-03-11T17:01:00;SC;Campo Alegre;Obtido pelo GPS ou informado explicitamente;5.0;10882;Macaco/Guariba/Bugio/Prego/Guigó;1;
10587;2020-03-11T16:47:00;SC;Campo Alegre;Obtido pelo GPS ou informado explicitamente;5.0;10881;Macaco/Guariba/Bugio/Prego/Guigó;1;
10586;2020-03-11T18:14:10;SC;Campo Alegre;Obtido pelo GPS ou informado explicitamente;5.0;10880;Macaco/Guariba/Bugio/Prego/Guigó;1;
10585;2020-03-11T18:13:01;SC;Campo Alegre;Obtido pelo GPS ou informado explicitamente;5.0;10879;Macaco/Guariba/Bugio/Prego/Guigó;1;
10584;2020-03-12T10:36:58;PR;Antônio Olinto;Obtido pelo GPS ou informado explicitamente;6.0;10878;Macaco/Guariba/Bugio/Prego/Guigó;1;
10583;2020-03-12T10:11:05;PR;Antônio Olinto;Obtido pelo GPS ou informado explicitamente;6.5;10877;Macaco/Guariba/Bugio/Prego/Guigó;2;
10581;2020-03-12T10:21:02;SC;Canoinhas;Obtido pelo GPS ou informado explicitamente;15.17;10875;Macaco/Guariba/Bugio/Prego/Guigó;1;
10579;2020-03-06T10:06:43;SC;Pomerode;Obtido pelo GPS ou informado explicitamente;;10873;Macaco/Guariba/Bugio/Prego/Guigó;1;Estranho
10578;2020-02-29T09:52:15;SC;Pomerode;Obtido pelo GPS ou informado explicitamente;;10872;Macaco/Guariba/Bugio/Prego/Guigó;1;Doente
10577;2020-03-12T07:59:12;PR;Porto Rico;Obtido pelo GPS ou informado explicitamente;2700.0;10871;Macaco/Guariba/Bugio/Prego/Guigó;1;
10576;2020-03-11T17:06:46;PR;Araucária;Obtido pelo GPS ou informado explicitamente;11.0;10870;Macaco/Guariba/Bugio/Prego/Guigó;1;
10575;2020-03-11T18:57:18;SC;Indaial;Obtido pelo GPS ou informado explicitamente;0.0;10869;Macaco/Guariba/Bugio/Prego/Guigó;1;
10574;2020-03-11T18:47:22;SC;Indaial;Obtido pelo GPS ou informado explicitamente;0.0;10868;Macaco/Guariba/Bugio/Prego/Guigó;1;
10573;2020-03-11T17:17:43;SC;Mafra;Obtido pelo GPS ou informado explicitamente;5.0;10867;Macaco/Guariba/Bugio/Prego/Guigó;1;
10572;2020-03-11T16:02:51;SC;Itaiópolis;Obtido pelo GPS ou informado explicitamente;10.0;10866;Macaco/Guariba/Bugio/Prego/Guigó;1;
10571;2020-03-11T16:01:22;PR;Balsa Nova;Obtido pelo GPS ou informado explicitamente;8.888;10865;Macaco/Guariba/Bugio/Prego/Guigó;1;
10568;2020-03-11T14:17:08;SC;Blumenau;Obtido pelo GPS ou informado explicitamente;39.56;10862;Macaco/Guariba/Bugio/Prego/Guigó;1;
10566;2020-03-11T11:21:15;SC;Papanduva;Obtido pelo GPS ou informado explicitamente;-1.0;10860;Macaco/Guariba/Bugio/Prego/Guigó;1;
10565;2020-03-11T08:37:06;SC;Camboriú;Obtido pelo GPS ou informado explicitamente;3.216;10859;Macaco/Guariba/Bugio/Prego/Guigó;1;
10564;2020-03-10T23:40:28;PR;União da Vitória;Obtido pelo GPS ou informado explicitamente;0.0;10858;Macaco/Guariba/Bugio/Prego/Guigó;1;
10563;2020-03-10T17:02:13;PR;União da Vitória;Obtido pelo GPS ou informado explicitamente;9.35;10857;Macaco/Guariba/Bugio/Prego/Guigó;1;
10562;2020-03-10T23:59:52;PR;União da Vitória;Obtido pelo GPS ou informado explicitamente;0.0;10856;Macaco/Guariba/Bugio/Prego/Guigó;1;
10561;2020-03-10T23:53:42;PR;União da Vitória;Obtido pelo GPS ou informado explicitamente;0.0;10855;Macaco/Guariba/Bugio/Prego/Guigó;1;
10560;2020-03-11T00:03:59;PR;União da Vitória;Obtido pelo GPS ou informado explicitamente;0.0;10854;Macaco/Guariba/Bugio/Prego/Guigó;1;
10559;2020-03-10T19:29:36;PR;Araucária;Obtido pelo GPS ou informado explicitamente;11.166;10853;Macaco/Guariba/Bugio/Prego/Guigó;1;Normal
10558;2020-03-10T15:29:33;PR;Balsa Nova;Obtido pelo GPS ou informado explicitamente;7.0;10852;Macaco/Guariba/Bugio/Prego/Guigó;1;
10555;2020-03-10T15:35:03;SC;Blumenau;Obtido pelo GPS ou informado explicitamente;42.0;10849;Macaco/Guariba/Bugio/Prego/Guigó;1;
10554;2020-03-10T14:44:27;SC;Campo Alegre;Obtido pelo GPS ou informado explicitamente;11.249644;10848;Macaco/Guariba/Bugio/Prego/Guigó;1;
10553;2020-03-10T13:53:17;PR;Curitiba;Obtido pelo GPS ou informado explicitamente;35.14;10847;Macaco/Guariba/Bugio/Prego/Guigó;1;Doente
10552;2020-03-10T13:27:32;PR;Curitiba;Obtido pelo GPS ou informado explicitamente;40.962;10846;Macaco/Guariba/Bugio/Prego/Guigó;1;
10549;2020-03-10T11:55:31;SC;Blumenau;Coordenadas obtidas a partir do endereço;-1.0;10843;Macaco/Guariba/Bugio/Prego/Guigó;1;
10548;2020-03-10T08:48:46;SC;Mafra;Obtido pelo GPS ou informado explicitamente;65.0;10842;Macaco/Guariba/Bugio/Prego/Guigó;1;
10547;2020-03-09T10:39:40;SC;Blumenau;Obtido pelo GPS ou informado explicitamente;1399.999;10841;Mico/Sagui/Soinho;1;
10546;2020-03-10T10:09:28;SC;Mafra;Obtido pelo GPS ou informado explicitamente;3.9;10840;Macaco/Guariba/Bugio/Prego/Guigó;1;
10545;2020-03-10T10:33:14;SC;Campo Alegre;Obtido pelo GPS ou informado explicitamente;8.845342;10839;Macaco/Guariba/Bugio/Prego/Guigó;1;
10544;2020-03-10T10:12:19;PR;Antônio Olinto;Obtido pelo GPS ou informado explicitamente;0.0;10838;Macaco/Guariba/Bugio/Prego/Guigó;1;
10543;2020-03-09T16:21:25;PR;Balsa Nova;Obtido pelo GPS ou informado explicitamente;7.0;10837;Macaco/Guariba/Bugio/Prego/Guigó;1;
10542;2020-03-09T16:12:30;PR;Balsa Nova;Obtido pelo GPS ou informado explicitamente;9.335;10836;Macaco/Guariba/Bugio/Prego/Guigó;1;
10541;2020-03-09T17:29:13;SC;Canoinhas;Obtido pelo GPS ou informado explicitamente;;10835;Macaco/Guariba/Bugio/Prego/Guigó;1;
10540;2020-03-09T16:47:56;SC;Campo Alegre;Obtido pelo GPS ou informado explicitamente;19.624;10834;Macaco/Guariba/Bugio/Prego/Guigó;1;
10539;2020-03-09T09:42:14;SC;Santa Terezinha;Obtido pelo GPS ou informado explicitamente;8.5;10833;Macaco/Guariba/Bugio/Prego/Guigó;1;
10538;2020-03-09T16:28:23;SC;Campo Alegre;Obtido pelo GPS ou informado explicitamente;-1.0;10832;Macaco/Guariba/Bugio/Prego/Guigó;1;
10537;2019-11-21T16:27:02;PR;Ponta Grossa;Obtido pelo GPS ou informado explicitamente;-1.0;10831;Macaco/Guariba/Bugio/Prego/Guigó;1;
10536;2019-11-21T16:23:49;PR;Ponta Grossa;Obtido pelo GPS ou informado explicitamente;-1.0;10830;Macaco/Guariba/Bugio/Prego/Guigó;1;
10535;2020-03-09T16:21:31;MG;Barbacena;Obtido pelo GPS ou informado explicitamente;0.0;10829;Mico/Sagui/Soinho;1;
10534;2020-03-09T15:53:43;PR;Piên;Obtido pelo GPS ou informado explicitamente;5.36;10828;Macaco/Guariba/Bugio/Prego/Guigó;1;
10533;2020-03-06T15:20:31;PR;Piên;Obtido pelo GPS ou informado explicitamente;13.936001;10827;Macaco/Guariba/Bugio/Prego/Guigó;1;
10532;2020-03-06T15:14:55;PR;Piên;Obtido pelo GPS ou informado explicitamente;6.432;10826;Macaco/Guariba/Bugio/Prego/Guigó;1;
10531;2020-03-06T11:00:00;PR;Piên;Obtido pelo GPS ou informado explicitamente;18.224;10825;Macaco/Guariba/Bugio/Prego/Guigó;1;Doente
10530;2020-03-09T15:10:43;PR;Tijucas do Sul;Obtido pelo GPS ou informado explicitamente;84.48;10824;Macaco/Guariba/Bugio/Prego/Guigó;2;
10529;2020-03-09T14:09:42;SC;Papanduva;Obtido pelo GPS ou informado explicitamente;28.535921;10823;Macaco/Guariba/Bugio/Prego/Guigó;1;
10528;2020-03-09T14:23:06;PR;Piên;Obtido pelo GPS ou informado explicitamente;0.0;10822;Macaco/Guariba/Bugio/Prego/Guigó;1;
10526;2020-03-09T10:19:25;SC;Mafra;Obtido pelo GPS ou informado explicitamente;3.9;10820;Macaco/Guariba/Bugio/Prego/Guigó;2;
10525;2020-03-09T11:17:01;SC;Campo Alegre;Obtido pelo GPS ou informado explicitamente;3.216;10819;Macaco/Guariba/Bugio/Prego/Guigó;2;
10524;2020-03-09T09:56:35;SC;Campo Alegre;Obtido pelo GPS ou informado explicitamente;3.22;10818;Macaco/Guariba/Bugio/Prego/Guigó;1;
10523;2020-03-09T09:50:26;SC;Blumenau;Obtido pelo GPS ou informado explicitamente;30.634;10817;Macaco/Guariba/Bugio/Prego/Guigó;1;
10522;2020-03-07T15:37:43;SC;Blumenau;Obtido pelo GPS ou informado explicitamente;265.168;10816;Macaco/Guariba/Bugio/Prego/Guigó;1;
10521;2020-03-09T10:13:57;PR;Balsa Nova;Obtido pelo GPS ou informado explicitamente;10.0;10815;Macaco/Guariba/Bugio/Prego/Guigó;1;
10520;2020-03-09T10:09:02;PR;Balsa Nova;Obtido pelo GPS ou informado explicitamente;9.2;10814;Macaco/Guariba/Bugio/Prego/Guigó;1;
10519;2020-03-09T10:01:29;PR;Balsa Nova;Obtido pelo GPS ou informado explicitamente;10.571;10813;Macaco/Guariba/Bugio/Prego/Guigó;1;
10518;2020-03-09T10:42:10;SC;Indaial;Obtido pelo GPS ou informado explicitamente;15.008;10812;Macaco/Guariba/Bugio/Prego/Guigó;1;
10517;2020-03-09T10:11:24;SC;São Bento do Sul;Obtido pelo GPS ou informado explicitamente;3.0;10811;Macaco/Guariba/Bugio/Prego/Guigó;1;
10516;2020-03-09T09:20:46;SC;Santa Terezinha;Obtido pelo GPS ou informado explicitamente;3.216;10810;Macaco/Guariba/Bugio/Prego/Guigó;1;
10515;2020-03-09T09:36:37;PR;Araucária;Obtido pelo GPS ou informado explicitamente;3.94;10809;Macaco/Guariba/Bugio/Prego/Guigó;1;
10514;2020-03-09T08:41:41;PR;Mandirituba;Obtido pelo GPS ou informado explicitamente;3.729;10808;Macaco/Guariba/Bugio/Prego/Guigó;1;
10511;2020-03-09T07:37:00;SC;Mafra;Obtido pelo GPS ou informado explicitamente;;10805;Macaco/Guariba/Bugio/Prego/Guigó;1;
10494;2020-03-08T11:24:12;SC;Campo Alegre;Obtido pelo GPS ou informado explicitamente;10.0;10788;Macaco/Guariba/Bugio/Prego/Guigó;1;
10489;2020-03-07T20:16:28;PR;Paula Freitas;Obtido pelo GPS ou informado explicitamente;;10783;Macaco/Guariba/Bugio/Prego/Guigó;1;Doente
10488;2020-03-07T15:20:40;PR;Paula Freitas;Obtido pelo GPS ou informado explicitamente;16.0;10782;Macaco/Guariba/Bugio/Prego/Guigó;1;
10487;2020-03-07T14:17:33;PR;União da Vitória;Obtido pelo GPS ou informado explicitamente;4.7;10781;Macaco/Guariba/Bugio/Prego/Guigó;1;
10486;2020-03-04T11:49:41;PR;União da Vitória;Obtido pelo GPS ou informado explicitamente;11.85;10780;Macaco/Guariba/Bugio/Prego/Guigó;1;
10484;2020-03-07T10:37:59;PR;Paula Freitas;Obtido pelo GPS ou informado explicitamente;16.0;10778;Macaco/Guariba/Bugio/Prego/Guigó;3;
10482;2020-03-07T11:10:38;PR;Goioxim;Obtido pelo GPS ou informado explicitamente;16.514;10776;Macaco/Guariba/Bugio/Prego/Guigó;1;
10481;2020-03-06T17:24:44;SC;Blumenau;Obtido pelo GPS ou informado explicitamente;0.0;10775;Macaco/Guariba/Bugio/Prego/Guigó;1;
10480;2020-03-06T14:32:34;SC;Campo Alegre;Obtido pelo GPS ou informado explicitamente;5.0;10774;Macaco/Guariba/Bugio/Prego/Guigó;1;
10476;2020-03-06T15:50:54;PE;Camaragibe;Coordenadas obtidas a partir do endereço;-1.0;10770;Mico/Sagui/Soinho;1;Doente
10475;2020-03-06T14:49:13;RS;Agudo;Obtido pelo GPS ou informado explicitamente;41.931;10769;Macaco/Guariba/Bugio/Prego/Guigó;1;
10474;2020-03-06T14:36:14;RS;São Pedro do Sul;Coordenadas obtidas a partir do endereço;-1.0;10768;Macaco/Guariba/Bugio/Prego/Guigó;1;
10473;2020-03-06T13:09:11;SC;Mafra;Obtido pelo GPS ou informado explicitamente;;10767;Macaco/Guariba/Bugio/Prego/Guigó;3;
10471;2020-03-06T12:42:43;SC;Mafra;Obtido pelo GPS ou informado explicitamente;;10765;Macaco/Guariba/Bugio/Prego/Guigó;1;
10470;2020-03-06T10:37:33;SC;Canoinhas;Obtido pelo GPS ou informado explicitamente;13.653;10764;Macaco/Guariba/Bugio/Prego/Guigó;1;
10469;2020-03-06T11:39:48;SC;Mafra;Obtido pelo GPS ou informado explicitamente;;10763;Macaco/Guariba/Bugio/Prego/Guigó;1;
10468;2020-03-06T11:28:11;PE;Camaragibe;Obtido pelo GPS ou informado explicitamente;92.9;10762;Mico/Sagui/Soinho;1;
10467;2020-02-18T12:24:26;PR;Piên;Obtido pelo GPS ou informado explicitamente;5.5;10761;Macaco/Guariba/Bugio/Prego/Guigó;1;
10466;2020-03-06T11:10:02;SC;Blumenau;Coordenadas obtidas a partir do endereço;-1.0;10760;Macaco/Guariba/Bugio/Prego/Guigó;2;
10464;2020-03-06T09:53:03;SC;Campo Alegre;Obtido pelo GPS ou informado explicitamente;10.0;10758;Macaco/Guariba/Bugio/Prego/Guigó;1;
10463;2020-03-06T09:58:53;SC;Campo Alegre;Obtido pelo GPS ou informado explicitamente;10.0;10757;Macaco/Guariba/Bugio/Prego/Guigó;1;
10462;2020-03-06T09:24:26;PR;Lapa;Obtido pelo GPS ou informado explicitamente;2400.0;10756;Macaco/Guariba/Bugio/Prego/Guigó;1;
10461;2020-03-05T17:21:39;PR;São Mateus do Sul;Obtido pelo GPS ou informado explicitamente;3.9;10755;Macaco/Guariba/Bugio/Prego/Guigó;1;
10460;2020-03-06T09:01:14;SC;Mafra;Obtido pelo GPS ou informado explicitamente;24.0;10754;Macaco/Guariba/Bugio/Prego/Guigó;1;
10459;2020-03-06T08:43:29;SC;Abelardo Luz;Coordenadas obtidas a partir do endereço;-1.0;10753;Macaco/Guariba/Bugio/Prego/Guigó;1;
10458;2020-03-05T14:52:19;PR;São Mateus do Sul;Obtido pelo GPS ou informado explicitamente;3.7900925;10752;Macaco/Guariba/Bugio/Prego/Guigó;1;
10455;2020-03-05T15:32:21;SC;Canoinhas;Obtido pelo GPS ou informado explicitamente;7.585;10749;Macaco/Guariba/Bugio/Prego/Guigó;1;
10454;2020-03-05T11:10:55;PR;Balsa Nova;Obtido pelo GPS ou informado explicitamente;8.285;10748;Macaco/Guariba/Bugio/Prego/Guigó;1;
10453;2020-03-05T10:51:24;SC;Mafra;Obtido pelo GPS ou informado explicitamente;16.0;10747;Macaco/Guariba/Bugio/Prego/Guigó;1;
10452;2020-03-05T08:56:42;SC;Blumenau;Obtido pelo GPS ou informado explicitamente;1700.0;10746;Macaco/Guariba/Bugio/Prego/Guigó;1;
10451;2020-03-05T08:53:48;PR;Antônio Olinto;Obtido pelo GPS ou informado explicitamente;8.8;10745;Macaco/Guariba/Bugio/Prego/Guigó;2;
10450;2020-02-10T14:15:33;SC;Rio Negrinho;Obtido pelo GPS ou informado explicitamente;53.24;10744;Macaco/Guariba/Bugio/Prego/Guigó;1;
10448;2020-03-04T19:54:02;SC;Indaial;Obtido pelo GPS ou informado explicitamente;0.0;10742;Macaco/Guariba/Bugio/Prego/Guigó;1;
10446;2020-03-04T11:47:57;SC;Indaial;Obtido pelo GPS ou informado explicitamente;3.216;10740;Macaco/Guariba/Bugio/Prego/Guigó;1;
10445;2020-03-04T19:32:27;SC;Indaial;Obtido pelo GPS ou informado explicitamente;0.0;10739;Macaco/Guariba/Bugio/Prego/Guigó;1;
10444;2020-03-03T15:56:09;SC;Indaial;Obtido pelo GPS ou informado explicitamente;0.0;10738;Macaco/Guariba/Bugio/Prego/Guigó;3;
10442;2020-02-11T09:03:47;PR;Agudos do Sul;Coordenadas obtidas a partir do endereço;;10736;Macaco/Guariba/Bugio/Prego/Guigó;1;
10441;2020-03-04T09:32:26;PR;Agudos do Sul;Obtido pelo GPS ou informado explicitamente;4.33;10735;Macaco/Guariba/Bugio/Prego/Guigó;1;
10440;2020-02-18T09:28:01;PR;Agudos do Sul;Obtido pelo GPS ou informado explicitamente;;10734;Macaco/Guariba/Bugio/Prego/Guigó;1;
10439;2020-02-19T08:47:11;PR;Agudos do Sul;Coordenadas obtidas a partir do endereço;;10733;Macaco/Guariba/Bugio/Prego/Guigó;1;
10438;2020-02-19T08:50:22;PR;Agudos do Sul;Coordenadas obtidas a partir do endereço;;10732;Macaco/Guariba/Bugio/Prego/Guigó;1;
10437;2020-03-04T11:48:14;PR;Araucária;Obtido pelo GPS ou informado explicitamente;13.0;10731;Macaco/Guariba/Bugio/Prego/Guigó;1;
10436;2020-03-04T08:16:01;SC;Blumenau;Obtido pelo GPS ou informado explicitamente;92.9;10730;Macaco/Guariba/Bugio/Prego/Guigó;2;
10435;2020-03-04T11:17:44;SC;Mafra;Obtido pelo GPS ou informado explicitamente;;10729;Macaco/Guariba/Bugio/Prego/Guigó;1;
10434;2020-03-04T10:29:20;SC;Campo Alegre;Obtido pelo GPS ou informado explicitamente;3.7900925;10728;Macaco/Guariba/Bugio/Prego/Guigó;1;
10433;2020-03-04T09:55:13;SC;Campo Alegre;Obtido pelo GPS ou informado explicitamente;8.153467;10727;Macaco/Guariba/Bugio/Prego/Guigó;1;
10432;2020-03-04T09:36:18;SC;Campo Alegre;Obtido pelo GPS ou informado explicitamente;9.408925;10726;Macaco/Guariba/Bugio/Prego/Guigó;1;
10431;2020-03-04T08:57:38;SC;Campo Alegre;Obtido pelo GPS ou informado explicitamente;7.0039616;10725;Macaco/Guariba/Bugio/Prego/Guigó;1;
10429;2020-03-03T14:50:15;SC;Mafra;Obtido pelo GPS ou informado explicitamente;16.0;10723;Macaco/Guariba/Bugio/Prego/Guigó;1;
10428;2020-02-11T14:54:06;PR;Pitanga;Obtido pelo GPS ou informado explicitamente;6.371;10722;Macaco/Guariba/Bugio/Prego/Guigó;4;
10427;2020-02-11T14:29:42;PR;Pitanga;Obtido pelo GPS ou informado explicitamente;4.551;10721;Macaco/Guariba/Bugio/Prego/Guigó;1;
10426;2020-03-03T18:09:46;SC;Doutor Pedrinho;Obtido pelo GPS ou informado explicitamente;;10720;Macaco/Guariba/Bugio/Prego/Guigó;1;
10425;2020-03-03T15:52:31;SC;Irineópolis;Obtido pelo GPS ou informado explicitamente;4000.0;10719;Macaco/Guariba/Bugio/Prego/Guigó;5;
10399;2020-03-03T14:40:16;SC;Campo Alegre;Obtido pelo GPS ou informado explicitamente;20.0;10693;Macaco/Guariba/Bugio/Prego/Guigó;1;
10386;2020-03-02T17:12:01;SC;Santa Terezinha;Obtido pelo GPS ou informado explicitamente;3.216;10680;Macaco/Guariba/Bugio/Prego/Guigó;2;
10385;2020-03-02T18:39:34;SC;Blumenau;Obtido pelo GPS ou informado explicitamente;0.0;10679;Macaco/Guariba/Bugio/Prego/Guigó;1;
10384;2020-03-02T15:31:55;PR;Imbituva;Obtido pelo GPS ou informado explicitamente;3000.0;10678;Macaco/Guariba/Bugio/Prego/Guigó;1;
10383;2020-03-03T11:26:57;SC;Canoinhas;Obtido pelo GPS ou informado explicitamente;18.204;10677;Macaco/Guariba/Bugio/Prego/Guigó;1;
10383;2020-03-03T11:26:57;SC;Canoinhas;Obtido pelo GPS ou informado explicitamente;18.204;10676;Macaco/Guariba/Bugio/Prego/Guigó;1;
10383;2020-03-03T11:26:57;SC;Canoinhas;Obtido pelo GPS ou informado explicitamente;18.204;10675;Macaco/Guariba/Bugio/Prego/Guigó;1;
10383;2020-03-03T11:26:57;SC;Canoinhas;Obtido pelo GPS ou informado explicitamente;18.204;10674;Macaco/Guariba/Bugio/Prego/Guigó;1;
10382;2020-03-03T09:32:41;SC;Santa Terezinha;Obtido pelo GPS ou informado explicitamente;9.648;10673;Macaco/Guariba/Bugio/Prego/Guigó;1;
10381;2020-03-03T11:58:50;SC;Campo Belo do Sul;Obtido pelo GPS ou informado explicitamente;100.0;10672;Macaco/Guariba/Bugio/Prego/Guigó;7;Normal
10380;2020-03-03T11:58:57;SC;Mafra;Obtido pelo GPS ou informado explicitamente;16.0;10671;Macaco/Guariba/Bugio/Prego/Guigó;1;
10379;2020-03-03T11:22:41;SC;Mafra;Obtido pelo GPS ou informado explicitamente;;10670;Macaco/Guariba/Bugio/Prego/Guigó;1;
10375;2020-03-03T09:49:57;SC;Campo Alegre;Obtido pelo GPS ou informado explicitamente;14.964235;10666;Macaco/Guariba/Bugio/Prego/Guigó;1;
10373;2020-03-02T17:13:36;SC;Santa Terezinha;Obtido pelo GPS ou informado explicitamente;10.5;10664;Macaco/Guariba/Bugio/Prego/Guigó;1;
10372;2020-03-02T14:27:47;SC;Canoinhas;Obtido pelo GPS ou informado explicitamente;56.129;10663;Macaco/Guariba/Bugio/Prego/Guigó;1;
10369;2020-03-02T16:59:17;SC;Campos Novos;Obtido pelo GPS ou informado explicitamente;0.0;10660;Macaco/Guariba/Bugio/Prego/Guigó;1;
10368;2020-03-02T15:49:13;SC;Porto União;Obtido pelo GPS ou informado explicitamente;3.7900925;10659;Macaco/Guariba/Bugio/Prego/Guigó;1;
10367;2020-03-02T16:10:04;SC;Peritiba;Coordenadas obtidas a partir do endereço;-1.0;10658;Macaco/Guariba/Bugio/Prego/Guigó;1;
10366;2019-09-20T09:03:32;SC;Peritiba;Obtido pelo GPS ou informado explicitamente;5.4;10657;Macaco/Guariba/Bugio/Prego/Guigó;1;
10365;2020-03-02T16:48:15;PR;Piên;Obtido pelo GPS ou informado explicitamente;60.737;10656;Macaco/Guariba/Bugio/Prego/Guigó;1;
10364;2020-03-02T14:29:25;PR;Piên;Obtido pelo GPS ou informado explicitamente;9.648001;10655;Macaco/Guariba/Bugio/Prego/Guigó;1;
10363;2020-03-02T18:01:14;PR;Piên;Obtido pelo GPS ou informado explicitamente;0.0;10654;Macaco/Guariba/Bugio/Prego/Guigó;1;
10362;2020-03-02T16:55:56;SC;Itaiópolis;Obtido pelo GPS ou informado explicitamente;15.0;10653;Macaco/Guariba/Bugio/Prego/Guigó;1;
10360;2020-03-02T15:50:24;PR;Paulo Frontin;Obtido pelo GPS ou informado explicitamente;-1.0;10651;Macaco/Guariba/Bugio/Prego/Guigó;1;
10359;2020-03-02T14:37:21;PR;Quitandinha;Obtido pelo GPS ou informado explicitamente;24.656;10650;Macaco/Guariba/Bugio/Prego/Guigó;1;
10358;2020-03-02T14:35:58;PR;Cruz Machado;Obtido pelo GPS ou informado explicitamente;8.191;10649;Macaco/Guariba/Bugio/Prego/Guigó;2;
10357;2020-03-02T10:27:41;SC;Timbó;Obtido pelo GPS ou informado explicitamente;1799.999;10648;Macaco/Guariba/Bugio/Prego/Guigó;2;
10356;2020-03-02T14:46:48;SC;Peritiba;Coordenadas obtidas a partir do endereço;-1.0;10647;Macaco/Guariba/Bugio/Prego/Guigó;1;
10355;2020-03-02T14:11:16;SC;Indaial;Coordenadas obtidas a partir do endereço;-1.0;10646;Macaco/Guariba/Bugio/Prego/Guigó;1;
10354;2020-03-01T13:58:27;SC;Mafra;Obtido pelo GPS ou informado explicitamente;;10645;Macaco/Guariba/Bugio/Prego/Guigó;1;
10353;2020-02-22T13:54:02;PR;Piên;Obtido pelo GPS ou informado explicitamente;0.0;10644;Macaco/Guariba/Bugio/Prego/Guigó;1;
10352;2020-02-22T13:46:13;PR;Piên;Obtido pelo GPS ou informado explicitamente;0.0;10643;Macaco/Guariba/Bugio/Prego/Guigó;1;
10351;2020-03-02T13:38:19;PR;Piên;Obtido pelo GPS ou informado explicitamente;0.0;10642;Macaco/Guariba/Bugio/Prego/Guigó;1;
10350;2020-02-29T13:32:41;PR;Piên;Obtido pelo GPS ou informado explicitamente;0.0;10641;Macaco/Guariba/Bugio/Prego/Guigó;1;
10349;2020-03-02T11:41:56;PR;Jaguariaíva;Obtido pelo GPS ou informado explicitamente;3.9;10640;Macaco/Guariba/Bugio/Prego/Guigó;3;
10348;2020-03-02T11:40:52;PR;Jaguariaíva;Obtido pelo GPS ou informado explicitamente;4.288;10639;Macaco/Guariba/Bugio/Prego/Guigó;3;
10347;2020-02-29T13:18:33;PR;Piên;Obtido pelo GPS ou informado explicitamente;0.0;10638;Macaco/Guariba/Bugio/Prego/Guigó;1;
10346;2020-03-02T09:59:21;SC;Campo Alegre;Obtido pelo GPS ou informado explicitamente;3.7900925;10637;Macaco/Guariba/Bugio/Prego/Guigó;1;
10345;2020-03-02T13:07:09;PR;Piên;Obtido pelo GPS ou informado explicitamente;0.0;10636;Macaco/Guariba/Bugio/Prego/Guigó;1;
10344;2020-03-02T11:28:08;PR;Balsa Nova;Obtido pelo GPS ou informado explicitamente;15.8;10635;Macaco/Guariba/Bugio/Prego/Guigó;1;
10343;2020-02-22T15:00:00;SC;Blumenau;Coordenadas obtidas a partir do endereço;;10634;Macaco/Guariba/Bugio/Prego/Guigó;1;
10342;2020-02-29T12:05:16;PR;Piên;Obtido pelo GPS ou informado explicitamente;0.0;10633;Macaco/Guariba/Bugio/Prego/Guigó;1;
10341;2019-01-25T09:16:43;PR;Maringá;Coordenadas obtidas a partir do endereço;;10632;Mico/Sagui/Soinho;1;
10340;2020-03-02T08:55:46;SC;Blumenau;Coordenadas obtidas a partir do endereço;-1.0;10631;Macaco/Guariba/Bugio/Prego/Guigó;1;
10339;2020-02-29T14:27:49;PR;São Mateus do Sul;Obtido pelo GPS ou informado explicitamente;3.9;10630;Macaco/Guariba/Bugio/Prego/Guigó;1;
10338;2020-02-29T13:49:54;PR;São Mateus do Sul;Obtido pelo GPS ou informado explicitamente;3.9;10629;Macaco/Guariba/Bugio/Prego/Guigó;1;
10337;2020-02-29T10:38:27;PR;São Mateus do Sul;Obtido pelo GPS ou informado explicitamente;3.9;10628;Macaco/Guariba/Bugio/Prego/Guigó;1;
10336;2020-02-29T10:25:19;PR;São Mateus do Sul;Obtido pelo GPS ou informado explicitamente;3.9;10627;Macaco/Guariba/Bugio/Prego/Guigó;1;
10335;2020-02-29T10:17:43;PR;São Mateus do Sul;Obtido pelo GPS ou informado explicitamente;3.9;10626;Macaco/Guariba/Bugio/Prego/Guigó;1;
10334;2020-02-29T10:08:46;PR;São Mateus do Sul;Obtido pelo GPS ou informado explicitamente;3.9;10625;Macaco/Guariba/Bugio/Prego/Guigó;1;
10333;2020-03-01T08:48:52;SC;Mafra;Obtido pelo GPS ou informado explicitamente;6.0;10624;Macaco/Guariba/Bugio/Prego/Guigó;1;
10332;2020-03-01T09:16:43;SC;Mafra;Obtido pelo GPS ou informado explicitamente;3.216;10623;Macaco/Guariba/Bugio/Prego/Guigó;1;
10331;2020-02-29T10:02:15;PR;União da Vitória;Obtido pelo GPS ou informado explicitamente;18.204;10622;Macaco/Guariba/Bugio/Prego/Guigó;1;
10329;2020-02-29T13:56:17;SC;Itaiópolis;Obtido pelo GPS ou informado explicitamente;7.5;10620;Macaco/Guariba/Bugio/Prego/Guigó;1;
10328;2020-02-29T13:20:38;PR;Mallet;Obtido pelo GPS ou informado explicitamente;21.0;10619;Macaco/Guariba/Bugio/Prego/Guigó;1;
10327;2020-02-29T13:20:38;PR;Mallet;Obtido pelo GPS ou informado explicitamente;21.0;10618;Macaco/Guariba/Bugio/Prego/Guigó;1;
10326;2020-02-29T13:05:22;PR;Antônio Olinto;Obtido pelo GPS ou informado explicitamente;3599.999;10617;Macaco/Guariba/Bugio/Prego/Guigó;1;
10325;2020-02-29T10:54:33;SC;Itaiópolis;Obtido pelo GPS ou informado explicitamente;8.5;10616;Macaco/Guariba/Bugio/Prego/Guigó;1;
10324;2020-02-28T18:07:13;PR;Araucária;Obtido pelo GPS ou informado explicitamente;27.0;10615;Macaco/Guariba/Bugio/Prego/Guigó;1;
10323;2020-02-18T15:26:18;PR;Araucária;Obtido pelo GPS ou informado explicitamente;12.5;10614;Macaco/Guariba/Bugio/Prego/Guigó;2;
10322;2020-02-28T20:08:10;PR;Campo Largo;Obtido pelo GPS ou informado explicitamente;6.4;10613;Macaco/Guariba/Bugio/Prego/Guigó;1;
10321;2020-02-28T16:34:41;SC;Mafra;Obtido pelo GPS ou informado explicitamente;5.0;10612;Macaco/Guariba/Bugio/Prego/Guigó;1;
10320;2020-02-28T15:25:32;PR;Rebouças;Obtido pelo GPS ou informado explicitamente;0.0;10611;Macaco/Guariba/Bugio/Prego/Guigó;1;
10318;2020-02-28T13:52:26;SC;Blumenau;Obtido pelo GPS ou informado explicitamente;0.0;10609;Macaco/Guariba/Bugio/Prego/Guigó;1;
10316;2020-02-28T10:28:11;SC;Itaiópolis;Obtido pelo GPS ou informado explicitamente;3154.0;10607;Macaco/Guariba/Bugio/Prego/Guigó;1;
10315;2020-02-28T11:46:28;SC;Mafra;Obtido pelo GPS ou informado explicitamente;14.5;10606;Macaco/Guariba/Bugio/Prego/Guigó;1;
10314;2020-02-28T11:25:16;SC;Mafra;Obtido pelo GPS ou informado explicitamente;3.9;10605;Macaco/Guariba/Bugio/Prego/Guigó;1;
10312;2020-02-28T09:39:48;PR;São Mateus do Sul;Obtido pelo GPS ou informado explicitamente;3.9;10603;Macaco/Guariba/Bugio/Prego/Guigó;1;
10311;2020-02-28T11:31:13;SC;Blumenau;Coordenadas obtidas a partir do endereço;-1.0;10602;Macaco/Guariba/Bugio/Prego/Guigó;1;
10310;2020-02-28T10:55:43;SC;Indaial;Obtido pelo GPS ou informado explicitamente;0.0;10601;Macaco/Guariba/Bugio/Prego/Guigó;1;
10309;2020-02-28T10:22:18;PR;Piên;Obtido pelo GPS ou informado explicitamente;0.0;10600;Macaco/Guariba/Bugio/Prego/Guigó;1;
10308;2020-02-27T10:11:25;PR;Piên;Obtido pelo GPS ou informado explicitamente;0.0;10599;Macaco/Guariba/Bugio/Prego/Guigó;1;
10307;2020-02-28T10:03:02;PR;Piên;Obtido pelo GPS ou informado explicitamente;8.0;10598;Macaco/Guariba/Bugio/Prego/Guigó;1;
10276;2020-02-27T15:00:38;PR;Antônio Olinto;Obtido pelo GPS ou informado explicitamente;28.0;10567;Macaco/Guariba/Bugio/Prego/Guigó;1;
10275;2020-02-27T16:07:23;PR;Balsa Nova;Obtido pelo GPS ou informado explicitamente;13.776;10566;Macaco/Guariba/Bugio/Prego/Guigó;1;
10274;2020-02-27T15:59:34;PR;Balsa Nova;Obtido pelo GPS ou informado explicitamente;8.714;10565;Macaco/Guariba/Bugio/Prego/Guigó;1;
10273;2020-02-27T15:58:32;PR;Antônio Olinto;Obtido pelo GPS ou informado explicitamente;98.0;10564;Macaco/Guariba/Bugio/Prego/Guigó;1;
10272;2020-02-25T18:39:00;PR;Paulo Frontin;Obtido pelo GPS ou informado explicitamente;-1.0;10563;Macaco/Guariba/Bugio/Prego/Guigó;1;
10271;2020-02-25T18:34:00;PR;Paulo Frontin;Obtido pelo GPS ou informado explicitamente;-1.0;10562;Macaco/Guariba/Bugio/Prego/Guigó;1;
10270;2020-02-27T14:26:30;PR;Mallet;Obtido pelo GPS ou informado explicitamente;8.6;10561;Macaco/Guariba/Bugio/Prego/Guigó;1;
10269;2020-02-25T18:27:00;PR;Paulo Frontin;Obtido pelo GPS ou informado explicitamente;-1.0;10560;Macaco/Guariba/Bugio/Prego/Guigó;1;
10268;2020-02-25T18:11:00;PR;Paulo Frontin;Obtido pelo GPS ou informado explicitamente;-1.0;10559;Macaco/Guariba/Bugio/Prego/Guigó;1;
10267;2020-02-27T14:27:31;PR;Bituruna;Obtido pelo GPS ou informado explicitamente;3.216;10558;Macaco/Guariba/Bugio/Prego/Guigó;1;
10266;2020-02-27T14:06:20;PR;Bituruna;Obtido pelo GPS ou informado explicitamente;3.216;10557;Macaco/Guariba/Bugio/Prego/Guigó;1;
10265;2020-02-27T13:28:56;SC;Indaial;Coordenadas obtidas a partir do endereço;-1.0;10556;Macaco/Guariba/Bugio/Prego/Guigó;1;
10264;2020-02-27T10:49:17;PR;Balsa Nova;Obtido pelo GPS ou informado explicitamente;12.275;10555;Macaco/Guariba/Bugio/Prego/Guigó;1;
10263;2020-02-27T10:32:12;PR;Contenda;Obtido pelo GPS ou informado explicitamente;3.9;10554;Macaco/Guariba/Bugio/Prego/Guigó;1;
10262;2020-02-27T09:02:42;SC;Campo Alegre;Obtido pelo GPS ou informado explicitamente;11.182102;10553;Macaco/Guariba/Bugio/Prego/Guigó;1;
10261;2020-02-27T09:25:25;PR;Quitandinha;Obtido pelo GPS ou informado explicitamente;8.58;10552;Macaco/Guariba/Bugio/Prego/Guigó;1;
10260;2020-02-26T09:06:20;PR;Quitandinha;Obtido pelo GPS ou informado explicitamente;20.368;10551;Macaco/Guariba/Bugio/Prego/Guigó;2;
10259;2020-02-27T09:13:42;PR;Antônio Olinto;Obtido pelo GPS ou informado explicitamente;0.0;10550;Macaco/Guariba/Bugio/Prego/Guigó;1;
10258;2020-02-24T12:46:30;SC;Blumenau;Obtido pelo GPS ou informado explicitamente;14.553;10549;Macaco/Guariba/Bugio/Prego/Guigó;1;
10252;2020-02-26T14:02:52;SC;Campo Alegre;Obtido pelo GPS ou informado explicitamente;18.674522;10543;Macaco/Guariba/Bugio/Prego/Guigó;1;
10251;2020-02-26T15:56:34;PR;São Mateus do Sul;Obtido pelo GPS ou informado explicitamente;4.441;10542;Macaco/Guariba/Bugio/Prego/Guigó;1;
10250;2020-02-21T16:26:37;PR;São Mateus do Sul;Obtido pelo GPS ou informado explicitamente;0.0;10541;Macaco/Guariba/Bugio/Prego/Guigó;1;
10249;2020-02-26T15:44:04;PR;Balsa Nova;Coordenadas obtidas a partir do endereço;-1.0;10540;Macaco/Guariba/Bugio/Prego/Guigó;1;
10248;2020-02-26T14:42:24;PR;Balsa Nova;Obtido pelo GPS ou informado explicitamente;10.2;10539;Macaco/Guariba/Bugio/Prego/Guigó;1;
10247;2020-02-26T14:30:19;SC;Itaiópolis;Obtido pelo GPS ou informado explicitamente;10.5;10538;Macaco/Guariba/Bugio/Prego/Guigó;1;
10246;2020-02-23T15:11:28;PR;São Mateus do Sul;Obtido pelo GPS ou informado explicitamente;8.576;10537;Macaco/Guariba/Bugio/Prego/Guigó;1;
10245;2020-02-26T11:57:07;SC;Blumenau;Coordenadas obtidas a partir do endereço;-1.0;10536;Macaco/Guariba/Bugio/Prego/Guigó;1;
10244;2020-02-26T11:27:42;SC;Cocal do Sul;Obtido pelo GPS ou informado explicitamente;23.027;10535;Macaco/Guariba/Bugio/Prego/Guigó;1;
10243;2020-02-26T11:18:33;SC;Cocal do Sul;Obtido pelo GPS ou informado explicitamente;3.9;10534;Macaco/Guariba/Bugio/Prego/Guigó;1;
10242;2020-02-26T10:48:54;SC;Campo Alegre;Obtido pelo GPS ou informado explicitamente;11.734845;10533;Macaco/Guariba/Bugio/Prego/Guigó;1;
10240;2020-02-25T16:35:48;SC;Indaial;Obtido pelo GPS ou informado explicitamente;3.216;10531;Macaco/Guariba/Bugio/Prego/Guigó;1;Estranho
10239;2020-02-25T15:39:58;SC;Campo Alegre;Obtido pelo GPS ou informado explicitamente;26.8;10530;Macaco/Guariba/Bugio/Prego/Guigó;1;
10238;2020-02-25T14:23:55;SC;Campo Alegre;Obtido pelo GPS ou informado explicitamente;16.08;10529;Macaco/Guariba/Bugio/Prego/Guigó;1;
10236;2020-02-24T10:03:25;SC;Indaial;Obtido pelo GPS ou informado explicitamente;3.216;10527;Macaco/Guariba/Bugio/Prego/Guigó;1;
10235;2020-02-25T08:28:32;BA;Floresta Azul;Coordenadas obtidas a partir do endereço;-1.0;10526;Mico/Sagui/Soinho;3;
10235;2020-02-25T08:28:32;BA;Floresta Azul;Coordenadas obtidas a partir do endereço;-1.0;10525;Mico/Sagui/Soinho;3;
10234;2020-02-21T16:41:00;PR;Paulo Frontin;Obtido pelo GPS ou informado explicitamente;-1.0;10524;Macaco/Guariba/Bugio/Prego/Guigó;1;
10233;2020-02-21T16:32:00;PR;Paulo Frontin;Obtido pelo GPS ou informado explicitamente;-1.0;10523;Macaco/Guariba/Bugio/Prego/Guigó;1;
10232;2020-02-21T16:25:00;PR;Paulo Frontin;Obtido pelo GPS ou informado explicitamente;-1.0;10522;Macaco/Guariba/Bugio/Prego/Guigó;1;
10231;2020-02-21T16:19:00;PR;Paulo Frontin;Obtido pelo GPS ou informado explicitamente;-1.0;10521;Macaco/Guariba/Bugio/Prego/Guigó;1;
10230;2020-02-21T16:13:00;PR;Paulo Frontin;Obtido pelo GPS ou informado explicitamente;-1.0;10520;Macaco/Guariba/Bugio/Prego/Guigó;1;
10229;2020-02-21T16:08:00;PR;Paulo Frontin;Obtido pelo GPS ou informado explicitamente;-1.0;10519;Macaco/Guariba/Bugio/Prego/Guigó;1;
10228;2020-02-21T15:01:00;PR;Paulo Frontin;Obtido pelo GPS ou informado explicitamente;-1.0;10518;Macaco/Guariba/Bugio/Prego/Guigó;1;
10227;2020-02-21T14:56:00;PR;Paulo Frontin;Obtido pelo GPS ou informado explicitamente;-1.0;10517;Macaco/Guariba/Bugio/Prego/Guigó;1;
10226;2020-02-21T14:44:00;PR;Paulo Frontin;Obtido pelo GPS ou informado explicitamente;-1.0;10516;Macaco/Guariba/Bugio/Prego/Guigó;1;
10224;2020-02-24T16:49:15;SC;Doutor Pedrinho;Obtido pelo GPS ou informado explicitamente;;10514;Macaco/Guariba/Bugio/Prego/Guigó;2;
10222;2020-02-24T14:26:23;PR;Antônio Olinto;Obtido pelo GPS ou informado explicitamente;6.0;10512;Macaco/Guariba/Bugio/Prego/Guigó;1;
10221;2020-02-24T13:58:04;SC;Campo Alegre;Obtido pelo GPS ou informado explicitamente;-1.0;10511;Macaco/Guariba/Bugio/Prego/Guigó;1;
10220;2020-02-24T09:25:49;PR;Paulo Frontin;Obtido pelo GPS ou informado explicitamente;-1.0;10510;Macaco/Guariba/Bugio/Prego/Guigó;1;
10219;2020-02-24T09:20:55;PR;Paulo Frontin;Obtido pelo GPS ou informado explicitamente;-1.0;10509;Macaco/Guariba/Bugio/Prego/Guigó;1;
10218;2020-02-23T17:22:46;SC;Indaial;Obtido pelo GPS ou informado explicitamente;16.0;10508;Macaco/Guariba/Bugio/Prego/Guigó;1;
10215;2020-02-22T14:05:35;PR;Mallet;Obtido pelo GPS ou informado explicitamente;17.0;10505;Macaco/Guariba/Bugio/Prego/Guigó;2;
10214;2020-02-22T10:14:08;SC;Campo Alegre;Obtido pelo GPS ou informado explicitamente;3.573;10504;Macaco/Guariba/Bugio/Prego/Guigó;1;
10213;2020-02-22T10:14:08;SC;Campo Alegre;Obtido pelo GPS ou informado explicitamente;3.573;10503;Macaco/Guariba/Bugio/Prego/Guigó;1;
10212;2020-02-22T10:14:08;SC;Campo Alegre;Obtido pelo GPS ou informado explicitamente;3.573;10502;Macaco/Guariba/Bugio/Prego/Guigó;1;
10211;2020-02-22T09:19:08;SC;Campo Alegre;Obtido pelo GPS ou informado explicitamente;3.93;10501;Macaco/Guariba/Bugio/Prego/Guigó;2;
10210;2020-02-22T09:16:59;SC;Campo Alegre;Obtido pelo GPS ou informado explicitamente;3.93;10500;Macaco/Guariba/Bugio/Prego/Guigó;2;
10209;2020-02-22T11:03:36;PR;Mallet;Obtido pelo GPS ou informado explicitamente;96.0;10499;Macaco/Guariba/Bugio/Prego/Guigó;1;
10208;2020-02-22T11:02:22;PR;Cruz Machado;Obtido pelo GPS ou informado explicitamente;-1.0;10498;Macaco/Guariba/Bugio/Prego/Guigó;1;
10207;2020-02-22T10:33:08;SC;Pomerode;Obtido pelo GPS ou informado explicitamente;;10497;Macaco/Guariba/Bugio/Prego/Guigó;1;
10205;2020-02-21T17:58:47;SC;Frei Rogério;Obtido pelo GPS ou informado explicitamente;;10495;Macaco/Guariba/Bugio/Prego/Guigó;1;
10204;2020-02-21T16:11:06;SC;Indaial;Obtido pelo GPS ou informado explicitamente;3.216;10494;Mico/Sagui/Soinho;1;
10203;2020-02-21T16:29:54;SC;São Bento do Sul;Obtido pelo GPS ou informado explicitamente;5.36;10493;Macaco/Guariba/Bugio/Prego/Guigó;1;
10202;2020-02-21T10:25:18;SC;São Bento do Sul;Obtido pelo GPS ou informado explicitamente;3.0;10492;Macaco/Guariba/Bugio/Prego/Guigó;1;
10201;2020-02-21T09:45:21;SC;São Bento do Sul;Obtido pelo GPS ou informado explicitamente;5.406;10491;Macaco/Guariba/Bugio/Prego/Guigó;1;
10200;2020-02-21T16:45:55;SC;Campo Alegre;Obtido pelo GPS ou informado explicitamente;-1.0;10490;Macaco/Guariba/Bugio/Prego/Guigó;1;
10199;2020-02-21T15:58:55;SC;Mafra;Coordenadas obtidas a partir do endereço;-1.0;10489;Macaco/Guariba/Bugio/Prego/Guigó;1;
10198;2020-02-21T15:00:59;PR;São Mateus do Sul;Obtido pelo GPS ou informado explicitamente;4.931;10488;Macaco/Guariba/Bugio/Prego/Guigó;1;
10197;2020-02-21T13:59:53;PR;São Mateus do Sul;Obtido pelo GPS ou informado explicitamente;3.9;10487;Macaco/Guariba/Bugio/Prego/Guigó;1;
10196;2020-02-21T10:28:36;PR;São Mateus do Sul;Obtido pelo GPS ou informado explicitamente;5.36;10486;Macaco/Guariba/Bugio/Prego/Guigó;1;
10194;2020-02-21T15:44:00;SC;Mafra;Coordenadas obtidas a partir do endereço;-1.0;10484;Macaco/Guariba/Bugio/Prego/Guigó;1;
10192;2020-02-21T15:34:08;PR;São José dos Pinhais;Obtido pelo GPS ou informado explicitamente;94.36;10482;Macaco/Guariba/Bugio/Prego/Guigó;1;
10186;2020-02-21T12:11:27;SC;Camboriú;Obtido pelo GPS ou informado explicitamente;3.216;10476;Macaco/Guariba/Bugio/Prego/Guigó;1;
10185;2020-02-21T12:38:58;SC;Blumenau;Coordenadas obtidas a partir do endereço;;10475;Macaco/Guariba/Bugio/Prego/Guigó;1;
10184;2020-02-21T11:00:57;SC;Campo Alegre;Obtido pelo GPS ou informado explicitamente;10.010355;10474;Macaco/Guariba/Bugio/Prego/Guigó;1;
10183;2020-02-21T10:19:17;SC;Campo Alegre;Obtido pelo GPS ou informado explicitamente;7.1408014;10473;Macaco/Guariba/Bugio/Prego/Guigó;1;
10177;2020-02-21T11:32:34;PR;Campina do Simão;Coordenadas obtidas a partir do endereço;;10467;Macaco/Guariba/Bugio/Prego/Guigó;1;
10175;2020-02-20T11:17:47;PR;Antônio Olinto;Obtido pelo GPS ou informado explicitamente;26.16;10465;Macaco/Guariba/Bugio/Prego/Guigó;1;
10174;2020-02-20T11:10:34;PR;Antônio Olinto;Obtido pelo GPS ou informado explicitamente;28.8;10464;Macaco/Guariba/Bugio/Prego/Guigó;1;
10173;2019-10-04T09:42:02;PR;Ibiporã;Obtido pelo GPS ou informado explicitamente;;10463;Macaco/Guariba/Bugio/Prego/Guigó;1;
10172;2020-02-19T15:10:05;PR;São Mateus do Sul;Obtido pelo GPS ou informado explicitamente;3.9;10462;Macaco/Guariba/Bugio/Prego/Guigó;1;
10171;2020-02-20T15:28:11;SC;Campo Alegre;Obtido pelo GPS ou informado explicitamente;15.219;10461;Macaco/Guariba/Bugio/Prego/Guigó;1;
10169;2020-02-20T18:33:23;SC;Porto União;Obtido pelo GPS ou informado explicitamente;;10459;Macaco/Guariba/Bugio/Prego/Guigó;1;
10168;2019-10-03T12:00:00;RJ;Macaé;Obtido pelo GPS ou informado explicitamente;0.0;10458;Macaco/Guariba/Bugio/Prego/Guigó;3;
10167;2020-02-15T15:33:53;PR;Piên;Obtido pelo GPS ou informado explicitamente;0.0;10457;Macaco/Guariba/Bugio/Prego/Guigó;1;
10166;2020-02-20T15:04:53;PR;Mallet;Obtido pelo GPS ou informado explicitamente;2400.0;10456;Macaco/Guariba/Bugio/Prego/Guigó;2;
10152;2020-02-20T13:44:08;SC;Campo Alegre;Obtido pelo GPS ou informado explicitamente;-1.0;10442;Macaco/Guariba/Bugio/Prego/Guigó;4;
10151;2020-02-20T10:24:37;SC;Blumenau;Obtido pelo GPS ou informado explicitamente;44.0;10441;Macaco/Guariba/Bugio/Prego/Guigó;2;
10150;2020-02-20T09:51:39;SC;Blumenau;Obtido pelo GPS ou informado explicitamente;82.5;10440;Macaco/Guariba/Bugio/Prego/Guigó;1;
10149;2020-02-20T11:12:28;SC;Canoinhas;Obtido pelo GPS ou informado explicitamente;0.0;10439;Macaco/Guariba/Bugio/Prego/Guigó;1;
10148;2020-02-20T09:04:15;SC;Campo Alegre;Obtido pelo GPS ou informado explicitamente;5.0;10438;Macaco/Guariba/Bugio/Prego/Guigó;1;
10147;2020-02-20T08:52:44;SC;Mafra;Obtido pelo GPS ou informado explicitamente;3054.0;10437;Macaco/Guariba/Bugio/Prego/Guigó;1;
10145;2020-02-14T21:17:55;SC;São Martinho;Obtido pelo GPS ou informado explicitamente;-1.0;10435;Macaco/Guariba/Bugio/Prego/Guigó;1;
10144;2020-02-20T08:50:14;PR;Mallet;Obtido pelo GPS ou informado explicitamente;23.0;10434;Macaco/Guariba/Bugio/Prego/Guigó;3;
10143;2020-02-19T18:04:51;SC;Capão Alto;Obtido pelo GPS ou informado explicitamente;15.008;10433;Macaco/Guariba/Bugio/Prego/Guigó;1;
10142;2020-02-19T16:58:27;PR;Mallet;Obtido pelo GPS ou informado explicitamente;3200.0;10432;Macaco/Guariba/Bugio/Prego/Guigó;2;
10141;2020-02-19T16:48:13;SC;Indaial;Obtido pelo GPS ou informado explicitamente;0.0;10431;Macaco/Guariba/Bugio/Prego/Guigó;1;
10140;2020-02-19T16:43:36;PR;Turvo;Obtido pelo GPS ou informado explicitamente;-1.0;10430;Macaco/Guariba/Bugio/Prego/Guigó;1;
10139;2020-02-19T14:31:30;SC;Campo Alegre;Obtido pelo GPS ou informado explicitamente;104.1;10429;Macaco/Guariba/Bugio/Prego/Guigó;1;
10133;2020-02-19T14:40:20;PR;Campo Largo;Coordenadas obtidas a partir do endereço;-1.0;10423;Macaco/Guariba/Bugio/Prego/Guigó;1;
10132;2020-02-19T13:51:12;SC;Itaiópolis;Obtido pelo GPS ou informado explicitamente;3.76;10422;Macaco/Guariba/Bugio/Prego/Guigó;1;
10131;2020-02-19T13:54:50;SC;São Bento do Sul;Obtido pelo GPS ou informado explicitamente;3.216;10421;Macaco/Guariba/Bugio/Prego/Guigó;1;
10129;2020-02-18T16:54:21;PR;Cruz Machado;Obtido pelo GPS ou informado explicitamente;19.721;10419;Macaco/Guariba/Bugio/Prego/Guigó;4;Normal
10128;2020-02-19T14:04:44;PR;Goioxim;Coordenadas obtidas a partir do endereço;-1.0;10418;Macaco/Guariba/Bugio/Prego/Guigó;1;
10127;2020-02-19T09:16:58;SC;Campo Alegre;Obtido pelo GPS ou informado explicitamente;0.0;10417;Macaco/Guariba/Bugio/Prego/Guigó;1;
10126;2020-02-19T12:09:31;PE;Timbaúba;Obtido pelo GPS ou informado explicitamente;3.76;10416;Mico/Sagui/Soinho;4;Normal
10125;2020-02-19T09:48:03;SC;Campo Alegre;Obtido pelo GPS ou informado explicitamente;0.0;10415;Macaco/Guariba/Bugio/Prego/Guigó;1;
10124;2020-02-19T10:00:23;PR;Paula Freitas;Obtido pelo GPS ou informado explicitamente;3730.0;10414;Macaco/Guariba/Bugio/Prego/Guigó;1;
10123;2020-02-19T09:03:29;SC;Mafra;Obtido pelo GPS ou informado explicitamente;61.0;10413;Macaco/Guariba/Bugio/Prego/Guigó;1;
10122;2020-02-19T08:50:50;SC;Benedito Novo;Obtido pelo GPS ou informado explicitamente;24.656;10412;Macaco/Guariba/Bugio/Prego/Guigó;1;
10122;2020-02-19T08:50:50;SC;Benedito Novo;Obtido pelo GPS ou informado explicitamente;24.656;10411;Macaco/Guariba/Bugio/Prego/Guigó;1;
10121;2020-02-17T14:37:39;SC;Benedito Novo;Obtido pelo GPS ou informado explicitamente;11.792;10410;Macaco/Guariba/Bugio/Prego/Guigó;1;
10121;2020-02-17T14:37:39;SC;Benedito Novo;Obtido pelo GPS ou informado explicitamente;11.792;10409;Macaco/Guariba/Bugio/Prego/Guigó;1;
10120;2020-02-17T14:30:14;SC;Benedito Novo;Obtido pelo GPS ou informado explicitamente;16.08;10408;Macaco/Guariba/Bugio/Prego/Guigó;1;
10119;2020-02-19T09:35:07;PR;Goioxim;Obtido pelo GPS ou informado explicitamente;12.0;10407;Macaco/Guariba/Bugio/Prego/Guigó;1;
10118;2020-02-18T14:43:40;PR;Balsa Nova;Obtido pelo GPS ou informado explicitamente;11.6;10406;Macaco/Guariba/Bugio/Prego/Guigó;1;
10116;2020-02-08T14:40:28;PE;Camaragibe;Obtido pelo GPS ou informado explicitamente;23.742;10404;Mico/Sagui/Soinho;1;Doente
10115;2020-02-18T17:22:30;SC;Blumenau;Obtido pelo GPS ou informado explicitamente;0.0;10403;Macaco/Guariba/Bugio/Prego/Guigó;2;
10113;2020-02-18T16:46:13;SC;Indaial;Obtido pelo GPS ou informado explicitamente;0.0;10400;Macaco/Guariba/Bugio/Prego/Guigó;1;
10112;2020-02-18T15:03:15;PR;Balsa Nova;Obtido pelo GPS ou informado explicitamente;13.285;10399;Macaco/Guariba/Bugio/Prego/Guigó;1;
10111;2020-02-18T14:32:34;PR;Balsa Nova;Obtido pelo GPS ou informado explicitamente;15.47;10398;Macaco/Guariba/Bugio/Prego/Guigó;1;
10110;2020-02-18T14:29:40;PR;Balsa Nova;Obtido pelo GPS ou informado explicitamente;13.4;10397;Macaco/Guariba/Bugio/Prego/Guigó;1;
10109;2020-02-18T14:26:18;PR;Balsa Nova;Obtido pelo GPS ou informado explicitamente;13.357;10396;Macaco/Guariba/Bugio/Prego/Guigó;1;
10108;2020-02-18T14:23:25;PR;Balsa Nova;Obtido pelo GPS ou informado explicitamente;13.574;10395;Macaco/Guariba/Bugio/Prego/Guigó;1;
10107;2020-02-18T14:18:43;PR;Balsa Nova;Obtido pelo GPS ou informado explicitamente;26.186;10394;Macaco/Guariba/Bugio/Prego/Guigó;1;
10106;2020-02-18T14:10:17;PR;Balsa Nova;Obtido pelo GPS ou informado explicitamente;5.363;10393;Macaco/Guariba/Bugio/Prego/Guigó;1;
10105;2020-02-18T16:19:55;SC;Campo Alegre;Obtido pelo GPS ou informado explicitamente;-1.0;10392;Macaco/Guariba/Bugio/Prego/Guigó;3;
10101;2020-02-18T15:49:50;MS;Miranda;Coordenadas obtidas a partir do endereço;;10386;Macaco/Guariba/Bugio/Prego/Guigó;1;
10089;2020-02-18T15:49:54;MS;Naviraí;Coordenadas obtidas a partir do endereço;;10374;Macaco/Guariba/Bugio/Prego/Guigó;1;
10088;2020-02-18T15:52:52;MS;Cassilândia;Coordenadas obtidas a partir do endereço;;10373;Macaco/Guariba/Bugio/Prego/Guigó;1;
10082;2020-02-18T15:49:51;MS;Campo Grande;Obtido pelo GPS ou informado explicitamente;;10367;Macaco/Guariba/Bugio/Prego/Guigó;3;
10070;2020-02-18T13:47:27;PA;Paragominas;Obtido pelo GPS ou informado explicitamente;;10355;Mico/Sagui/Soinho;1;Normal
10042;2020-02-18T14:47:35;PE;Camaragibe;Obtido pelo GPS ou informado explicitamente;26.895;10327;Mico/Sagui/Soinho;1;
10039;2020-02-18T14:10:33;PR;São Mateus do Sul;Obtido pelo GPS ou informado explicitamente;5.972;10324;Macaco/Guariba/Bugio/Prego/Guigó;1;
10024;2020-02-18T14:42:24;PE;Camaragibe;Obtido pelo GPS ou informado explicitamente;60.0;10308;Mico/Sagui/Soinho;1;
10023;2020-02-18T14:42:49;PE;Camaragibe;Obtido pelo GPS ou informado explicitamente;4.5;10307;Macaco/Guariba/Bugio/Prego/Guigó;1;
10006;2020-02-18T13:35:31;SC;Brusque;Obtido pelo GPS ou informado explicitamente;-1.0;10290;Macaco/Guariba/Bugio/Prego/Guigó;1;
10005;2020-02-18T13:32:20;PR;Antônio Olinto;Obtido pelo GPS ou informado explicitamente;10.666;10289;Macaco/Guariba/Bugio/Prego/Guigó;1;
10000;2020-02-17T13:44:54;PR;São Mateus do Sul;Obtido pelo GPS ou informado explicitamente;3.631;10284;Macaco/Guariba/Bugio/Prego/Guigó;1;
9991;2020-02-17T14:50:39;PR;São Mateus do Sul;Obtido pelo GPS ou informado explicitamente;3.7900925;10275;Macaco/Guariba/Bugio/Prego/Guigó;1;
9990;2020-02-17T14:48:29;PR;São Mateus do Sul;Obtido pelo GPS ou informado explicitamente;3.7900925;10274;Macaco/Guariba/Bugio/Prego/Guigó;1;
9989;2020-02-17T14:41:30;PR;São Mateus do Sul;Obtido pelo GPS ou informado explicitamente;3.7900925;10273;Macaco/Guariba/Bugio/Prego/Guigó;1;
9986;2020-02-18T11:16:58;PR;Balsa Nova;Obtido pelo GPS ou informado explicitamente;16.0;10270;Macaco/Guariba/Bugio/Prego/Guigó;1;
9981;2020-02-18T10:49:57;PR;Antônio Olinto;Obtido pelo GPS ou informado explicitamente;11.666;10265;Macaco/Guariba/Bugio/Prego/Guigó;1;
9980;2020-02-18T08:49:17;PR;Antônio Olinto;Obtido pelo GPS ou informado explicitamente;10.027;10264;Macaco/Guariba/Bugio/Prego/Guigó;1;
9978;2020-02-18T09:03:50;SC;Campo Alegre;Obtido pelo GPS ou informado explicitamente;7.6975045;10262;Macaco/Guariba/Bugio/Prego/Guigó;1;
9977;2020-02-18T09:21:43;SC;Campo Alegre;Obtido pelo GPS ou informado explicitamente;0.0;10261;Macaco/Guariba/Bugio/Prego/Guigó;1;
9976;2020-02-17T16:02:31;PR;Contenda;Obtido pelo GPS ou informado explicitamente;3513.0;10260;Macaco/Guariba/Bugio/Prego/Guigó;1;
9975;2020-02-18T08:07:59;SC;Mafra;Obtido pelo GPS ou informado explicitamente;1472.515;10259;Macaco/Guariba/Bugio/Prego/Guigó;1;
9974;2020-02-15T15:41:30;SC;São Bento do Sul;Obtido pelo GPS ou informado explicitamente;;10258;Macaco/Guariba/Bugio/Prego/Guigó;1;
9973;2020-02-17T07:47:29;SC;São Bento do Sul;Obtido pelo GPS ou informado explicitamente;3.0;10257;Macaco/Guariba/Bugio/Prego/Guigó;1;
9972;2020-02-17T16:09:00;PR;Paulo Frontin;Obtido pelo GPS ou informado explicitamente;-1.0;10256;Macaco/Guariba/Bugio/Prego/Guigó;1;
9971;2020-02-17T16:41:27;PR;Antônio Olinto;Obtido pelo GPS ou informado explicitamente;0.0;10255;Macaco/Guariba/Bugio/Prego/Guigó;1;
9970;2020-02-17T16:32:07;PR;Antônio Olinto;Obtido pelo GPS ou informado explicitamente;0.0;10254;Macaco/Guariba/Bugio/Prego/Guigó;1;
9969;2020-02-17T15:56:11;SC;Ibirama;Obtido pelo GPS ou informado explicitamente;;10253;Macaco/Guariba/Bugio/Prego/Guigó;1;
9968;2020-02-15T11:54:00;SC;Campo Belo do Sul;Obtido pelo GPS ou informado explicitamente;4.5;10252;Macaco/Guariba/Bugio/Prego/Guigó;1;
9967;2020-02-17T15:58:11;PR;Paulo Frontin;Obtido pelo GPS ou informado explicitamente;-1.0;10251;Macaco/Guariba/Bugio/Prego/Guigó;1;
9966;2020-02-14T15:48:59;PR;Paulo Frontin;Obtido pelo GPS ou informado explicitamente;-1.0;10250;Macaco/Guariba/Bugio/Prego/Guigó;1;
9965;2020-02-17T14:25:03;PR;São Mateus do Sul;Obtido pelo GPS ou informado explicitamente;4.0;10249;Macaco/Guariba/Bugio/Prego/Guigó;1;
9964;2020-02-17T14:18:34;PR;São Mateus do Sul;Obtido pelo GPS ou informado explicitamente;3.9;10248;Macaco/Guariba/Bugio/Prego/Guigó;1;
9963;2020-02-17T15:33:58;PR;Paulo Frontin;Obtido pelo GPS ou informado explicitamente;-1.0;10247;Macaco/Guariba/Bugio/Prego/Guigó;1;
9962;2020-02-14T15:07:17;PR;Paulo Frontin;Obtido pelo GPS ou informado explicitamente;;10246;Macaco/Guariba/Bugio/Prego/Guigó;1;
9961;2020-02-16T12:35:15;PR;Antônio Olinto;Coordenadas obtidas a partir do endereço;-1.0;10245;Macaco/Guariba/Bugio/Prego/Guigó;1;
9960;2020-02-17T13:35:13;PR;Antônio Olinto;Obtido pelo GPS ou informado explicitamente;0.0;10244;Macaco/Guariba/Bugio/Prego/Guigó;1;
9959;2020-02-17T13:18:07;PR;Contenda;Obtido pelo GPS ou informado explicitamente;18.2;10243;Macaco/Guariba/Bugio/Prego/Guigó;2;
9958;2020-02-17T11:04:54;PR;Contenda;Obtido pelo GPS ou informado explicitamente;12.1;10242;Macaco/Guariba/Bugio/Prego/Guigó;1;
9957;2020-02-15T16:06:02;PR;Contenda;Obtido pelo GPS ou informado explicitamente;13.0;10241;Macaco/Guariba/Bugio/Prego/Guigó;4;
9956;2020-02-15T13:49:26;PR;Contenda;Obtido pelo GPS ou informado explicitamente;11.3;10240;Macaco/Guariba/Bugio/Prego/Guigó;4;
9955;2020-02-14T16:02:07;PR;Contenda;Obtido pelo GPS ou informado explicitamente;3699.0;10239;Macaco/Guariba/Bugio/Prego/Guigó;1;
9954;2020-02-14T15:58:55;PR;Contenda;Obtido pelo GPS ou informado explicitamente;3699.0;10238;Macaco/Guariba/Bugio/Prego/Guigó;1;
9953;2020-02-14T15:27:20;PR;Contenda;Obtido pelo GPS ou informado explicitamente;7.7;10237;Macaco/Guariba/Bugio/Prego/Guigó;1;
9952;2020-02-13T15:42:51;PR;Contenda;Obtido pelo GPS ou informado explicitamente;3750.0;10236;Macaco/Guariba/Bugio/Prego/Guigó;1;
9951;2020-02-17T10:01:31;SC;Porto União;Obtido pelo GPS ou informado explicitamente;4.288;10235;Macaco/Guariba/Bugio/Prego/Guigó;1;
9950;2020-02-17T12:11:52;PE;Itapissuma;Coordenadas obtidas a partir do endereço;-1.0;10234;Mico/Sagui/Soinho;1;
9949;2020-02-17T09:05:43;PR;São Mateus do Sul;Obtido pelo GPS ou informado explicitamente;3.0;10233;Macaco/Guariba/Bugio/Prego/Guigó;1;
9948;2020-02-17T09:47:07;PR;São Mateus do Sul;Obtido pelo GPS ou informado explicitamente;3.391;10232;Macaco/Guariba/Bugio/Prego/Guigó;1;
9947;2020-02-17T11:24:07;PR;São Mateus do Sul;Obtido pelo GPS ou informado explicitamente;4.2;10231;Macaco/Guariba/Bugio/Prego/Guigó;1;
9946;2020-02-17T10:20:02;SC;Blumenau;Coordenadas obtidas a partir do endereço;;10230;Macaco/Guariba/Bugio/Prego/Guigó;1;
9945;2020-02-13T09:59:58;SC;Blumenau;Obtido pelo GPS ou informado explicitamente;705.269;10229;Macaco/Guariba/Bugio/Prego/Guigó;2;
9944;2020-02-17T09:11:56;SC;Campo Alegre;Obtido pelo GPS ou informado explicitamente;0.0;10228;Macaco/Guariba/Bugio/Prego/Guigó;1;
9943;2020-02-17T09:41:09;PR;Araucária;Obtido pelo GPS ou informado explicitamente;3.9;10227;Macaco/Guariba/Bugio/Prego/Guigó;1;
9942;2020-02-17T09:44:49;PR;Mallet;Obtido pelo GPS ou informado explicitamente;15.0;10226;Macaco/Guariba/Bugio/Prego/Guigó;1;
9941;2020-02-17T10:25:37;PR;Campina do Simão;Obtido pelo GPS ou informado explicitamente;3.9;10225;Macaco/Guariba/Bugio/Prego/Guigó;1;
9940;2020-02-17T09:07:04;SC;Campo Alegre;Obtido pelo GPS ou informado explicitamente;8.767836;10224;Macaco/Guariba/Bugio/Prego/Guigó;1;
9937;2020-02-16T20:11:19;SC;Pomerode;Obtido pelo GPS ou informado explicitamente;;10221;Macaco/Guariba/Bugio/Prego/Guigó;1;
9935;2020-02-16T16:39:18;PR;Santa Maria do Oeste;Obtido pelo GPS ou informado explicitamente;2599.999;10219;Macaco/Guariba/Bugio/Prego/Guigó;1;
9933;2020-02-16T10:49:03;PR;São Mateus do Sul;Obtido pelo GPS ou informado explicitamente;3.9;10217;Macaco/Guariba/Bugio/Prego/Guigó;1;
9932;2020-02-16T10:43:11;PR;São Mateus do Sul;Obtido pelo GPS ou informado explicitamente;3.9;10216;Macaco/Guariba/Bugio/Prego/Guigó;1;
9931;2020-02-16T10:38:04;PR;São Mateus do Sul;Obtido pelo GPS ou informado explicitamente;3.9;10215;Macaco/Guariba/Bugio/Prego/Guigó;1;
9930;2020-02-16T10:32:02;PR;São Mateus do Sul;Obtido pelo GPS ou informado explicitamente;3.9;10214;Macaco/Guariba/Bugio/Prego/Guigó;1;
9929;2020-02-16T08:46:20;PR;São Mateus do Sul;Obtido pelo GPS ou informado explicitamente;3.9;10213;Macaco/Guariba/Bugio/Prego/Guigó;1;
9927;2020-02-16T15:48:07;SC;Blumenau;Obtido pelo GPS ou informado explicitamente;3.9;10211;Macaco/Guariba/Bugio/Prego/Guigó;1;
9925;2020-02-16T09:54:05;SC;Campo Alegre;Obtido pelo GPS ou informado explicitamente;4.56;10209;Macaco/Guariba/Bugio/Prego/Guigó;2;
9920;2020-02-15T16:17:42;RJ;Rio de Janeiro;Obtido pelo GPS ou informado explicitamente;52.625;10203;Mico/Sagui/Soinho;6;Normal
9919;2020-02-15T15:10:06;SC;São Bento do Sul;Obtido pelo GPS ou informado explicitamente;4.288;10202;Macaco/Guariba/Bugio/Prego/Guigó;1;
9918;2020-02-15T14:06:38;SC;Timbó;Obtido pelo GPS ou informado explicitamente;3.9;10201;Macaco/Guariba/Bugio/Prego/Guigó;1;
9917;2020-02-15T14:19:03;PR;Quitandinha;Coordenadas obtidas a partir do endereço;-1.0;10200;Macaco/Guariba/Bugio/Prego/Guigó;1;
9916;2020-02-15T14:09:46;PR;Quitandinha;Obtido pelo GPS ou informado explicitamente;5.67;10199;Macaco/Guariba/Bugio/Prego/Guigó;1;
9915;2020-02-15T11:23:42;PR;São Mateus do Sul;Obtido pelo GPS ou informado explicitamente;3.9;10198;Macaco/Guariba/Bugio/Prego/Guigó;1;
9914;2020-02-15T10:44:36;PR;Mallet;Obtido pelo GPS ou informado explicitamente;3000.0;10197;Macaco/Guariba/Bugio/Prego/Guigó;1;
9912;2020-02-14T17:18:25;PR;Mallet;Obtido pelo GPS ou informado explicitamente;17.0;10195;Macaco/Guariba/Bugio/Prego/Guigó;2;
9910;2020-02-14T15:56:50;PR;Araucária;Obtido pelo GPS ou informado explicitamente;3.9;10193;Macaco/Guariba/Bugio/Prego/Guigó;1;
9909;2020-02-14T13:33:25;PR;Guaraniaçu;Obtido pelo GPS ou informado explicitamente;3.9;10192;Macaco/Guariba/Bugio/Prego/Guigó;1;
9908;2020-02-14T16:14:45;SC;Itaiópolis;Obtido pelo GPS ou informado explicitamente;11.0;10191;Macaco/Guariba/Bugio/Prego/Guigó;1;
9907;2020-02-14T14:12:11;PR;Mallet;Obtido pelo GPS ou informado explicitamente;18.0;10190;Macaco/Guariba/Bugio/Prego/Guigó;1;
9905;2020-02-14T16:40:19;SC;Pomerode;Obtido pelo GPS ou informado explicitamente;;10188;Macaco/Guariba/Bugio/Prego/Guigó;1;
9903;2020-02-14T14:00:51;SC;Campo Alegre;Obtido pelo GPS ou informado explicitamente;5350.91;10186;Macaco/Guariba/Bugio/Prego/Guigó;1;
9901;2020-02-14T08:52:38;PR;Ibiporã;Obtido pelo GPS ou informado explicitamente;10.0;10184;Macaco/Guariba/Bugio/Prego/Guigó;5;Normal
9900;2020-02-14T10:01:15;SC;Campo Alegre;Obtido pelo GPS ou informado explicitamente;3.763;10183;Macaco/Guariba/Bugio/Prego/Guigó;1;
9899;2020-02-14T10:44:40;SC;Pomerode;Obtido pelo GPS ou informado explicitamente;65.0;10182;Macaco/Guariba/Bugio/Prego/Guigó;1;
9898;2020-02-14T09:17:22;PR;Rio Azul;Obtido pelo GPS ou informado explicitamente;13.936001;10181;Macaco/Guariba/Bugio/Prego/Guigó;1;
9897;2020-02-14T09:07:32;PR;Rio Azul;Coordenadas obtidas a partir do endereço;-1.0;10180;Macaco/Guariba/Bugio/Prego/Guigó;1;
9896;2020-02-14T10:11:31;SC;Canoinhas;Obtido pelo GPS ou informado explicitamente;15.499;10179;Macaco/Guariba/Bugio/Prego/Guigó;1;
9894;2020-02-13T23:35:22;SC;Mafra;Obtido pelo GPS ou informado explicitamente;;10177;Macaco/Guariba/Bugio/Prego/Guigó;1;
9892;2020-02-13T18:16:07;SC;Indaial;Obtido pelo GPS ou informado explicitamente;2.633;10175;Macaco/Guariba/Bugio/Prego/Guigó;1;
9891;2020-02-13T19:05:12;PR;Araucária;Obtido pelo GPS ou informado explicitamente;3.9;10174;Macaco/Guariba/Bugio/Prego/Guigó;1;
9890;2020-02-13T18:48:00;SC;Canoinhas;Obtido pelo GPS ou informado explicitamente;;10173;Macaco/Guariba/Bugio/Prego/Guigó;1;
9889;2020-02-13T17:03:00;SC;Mafra;Obtido pelo GPS ou informado explicitamente;9.952;10172;Macaco/Guariba/Bugio/Prego/Guigó;1;
9888;2020-02-13T17:47:22;SC;Pomerode;Obtido pelo GPS ou informado explicitamente;;10171;Macaco/Guariba/Bugio/Prego/Guigó;1;
9887;2020-02-13T16:30:50;SC;Três Barras;Obtido pelo GPS ou informado explicitamente;9.648;10170;Macaco/Guariba/Bugio/Prego/Guigó;1;
9886;2020-02-13T12:06:57;PR;Paulo Frontin;Obtido pelo GPS ou informado explicitamente;5.36;10169;Macaco/Guariba/Bugio/Prego/Guigó;1;
9885;2020-02-13T12:01:41;PR;Paulo Frontin;Obtido pelo GPS ou informado explicitamente;4.288;10168;Macaco/Guariba/Bugio/Prego/Guigó;1;
9884;2020-02-13T12:59:40;PR;São Mateus do Sul;Obtido pelo GPS ou informado explicitamente;1.86;10167;Macaco/Guariba/Bugio/Prego/Guigó;2;
9883;2020-02-13T12:01:29;PR;Piên;Obtido pelo GPS ou informado explicitamente;0.0;10166;Macaco/Guariba/Bugio/Prego/Guigó;1;
9880;2020-02-13T08:29:16;PR;Balsa Nova;Obtido pelo GPS ou informado explicitamente;7.0;10163;Macaco/Guariba/Bugio/Prego/Guigó;1;
9879;2020-02-10T11:32:50;SC;Pedras Grandes;Obtido pelo GPS ou informado explicitamente;92.9;10162;Macaco/Guariba/Bugio/Prego/Guigó;1;
9878;2020-02-11T18:30:12;PR;Contenda;Obtido pelo GPS ou informado explicitamente;12.1;10161;Macaco/Guariba/Bugio/Prego/Guigó;1;
9877;2020-02-12T17:08:52;PE;Camaragibe;Obtido pelo GPS ou informado explicitamente;23.6;10160;Mico/Sagui/Soinho;1;Doente
9876;2020-02-12T16:34:08;PR;Paulo Frontin;Obtido pelo GPS ou informado explicitamente;-1.0;10159;Macaco/Guariba/Bugio/Prego/Guigó;1;
9874;2020-02-12T10:16:17;PR;Antônio Olinto;Obtido pelo GPS ou informado explicitamente;6.33;10157;Macaco/Guariba/Bugio/Prego/Guigó;1;
9870;2020-02-12T11:45:05;PR;São Mateus do Sul;Obtido pelo GPS ou informado explicitamente;3.9;10153;Macaco/Guariba/Bugio/Prego/Guigó;1;
9869;2020-02-12T11:42:10;PR;São Mateus do Sul;Obtido pelo GPS ou informado explicitamente;3.9;10152;Macaco/Guariba/Bugio/Prego/Guigó;1;
9865;2020-02-11T14:56:50;SC;Porto União;Obtido pelo GPS ou informado explicitamente;17.152;10148;Macaco/Guariba/Bugio/Prego/Guigó;2;
9864;2020-02-12T08:10:45;PR;Piên;Obtido pelo GPS ou informado explicitamente;0.0;10147;Macaco/Guariba/Bugio/Prego/Guigó;1;
9863;2020-02-11T17:11:21;PR;Bituruna;Obtido pelo GPS ou informado explicitamente;3.216;10146;Macaco/Guariba/Bugio/Prego/Guigó;5;
9862;2020-02-11T16:44:31;PR;Bituruna;Obtido pelo GPS ou informado explicitamente;4.288;10145;Macaco/Guariba/Bugio/Prego/Guigó;5;
9861;2020-02-11T16:39:28;PR;Bituruna;Obtido pelo GPS ou informado explicitamente;3.216;10144;Macaco/Guariba/Bugio/Prego/Guigó;5;
9860;2020-02-11T16:33:52;PR;Bituruna;Obtido pelo GPS ou informado explicitamente;3.216;10143;Macaco/Guariba/Bugio/Prego/Guigó;3;
9859;2020-02-11T16:24:46;PR;Bituruna;Obtido pelo GPS ou informado explicitamente;5.36;10142;Macaco/Guariba/Bugio/Prego/Guigó;5;
9858;2020-02-11T16:24:46;PR;Bituruna;Obtido pelo GPS ou informado explicitamente;5.36;10141;Macaco/Guariba/Bugio/Prego/Guigó;5;
9857;2020-02-11T15:10:37;PR;Mallet;Obtido pelo GPS ou informado explicitamente;3.9;10140;Macaco/Guariba/Bugio/Prego/Guigó;1;
9856;2020-02-11T16:06:30;SC;Dona Emma;Obtido pelo GPS ou informado explicitamente;;10139;Macaco/Guariba/Bugio/Prego/Guigó;2;
9855;2020-02-11T14:35:34;SC;Campo Alegre;Obtido pelo GPS ou informado explicitamente;5.0;10138;Macaco/Guariba/Bugio/Prego/Guigó;1;
9854;2020-02-11T14:53:32;SC;Blumenau;Obtido pelo GPS ou informado explicitamente;52.4;10137;Macaco/Guariba/Bugio/Prego/Guigó;1;
9853;2020-02-11T10:14:00;SC;Campo Alegre;Obtido pelo GPS ou informado explicitamente;3.763;10136;Macaco/Guariba/Bugio/Prego/Guigó;1;
9852;2020-02-11T12:42:51;SC;Mafra;Obtido pelo GPS ou informado explicitamente;13.6;10135;Macaco/Guariba/Bugio/Prego/Guigó;1;
9851;2020-02-10T10:53:21;SC;Blumenau;Obtido pelo GPS ou informado explicitamente;2084.247;10134;Macaco/Guariba/Bugio/Prego/Guigó;1;
9850;2020-02-11T11:50:06;PR;São Mateus do Sul;Obtido pelo GPS ou informado explicitamente;3.9;10133;Macaco/Guariba/Bugio/Prego/Guigó;1;
9849;2020-02-11T09:59:56;PR;Piên;Obtido pelo GPS ou informado explicitamente;0.0;10132;Macaco/Guariba/Bugio/Prego/Guigó;1;
9848;2020-02-10T14:52:31;SC;Benedito Novo;Obtido pelo GPS ou informado explicitamente;13.936001;10131;Macaco/Guariba/Bugio/Prego/Guigó;1;
9847;2020-02-10T14:44:46;SC;Benedito Novo;Obtido pelo GPS ou informado explicitamente;15.008;10130;Macaco/Guariba/Bugio/Prego/Guigó;1;
9846;2020-02-10T13:57:29;SC;Benedito Novo;Obtido pelo GPS ou informado explicitamente;23.584;10129;Macaco/Guariba/Bugio/Prego/Guigó;1;
9843;2020-02-10T20:05:07;PR;São Mateus do Sul;Obtido pelo GPS ou informado explicitamente;3.9;10126;Macaco/Guariba/Bugio/Prego/Guigó;1;
9842;2020-02-10T15:05:45;PR;São Mateus do Sul;Obtido pelo GPS ou informado explicitamente;3.98;10125;Macaco/Guariba/Bugio/Prego/Guigó;1;
9841;2020-02-10T14:34:29;SC;Mafra;Obtido pelo GPS ou informado explicitamente;96.0;10124;Macaco/Guariba/Bugio/Prego/Guigó;3;
9840;2020-02-10T16:27:21;PR;União da Vitória;Obtido pelo GPS ou informado explicitamente;19.95;10123;Macaco/Guariba/Bugio/Prego/Guigó;1;
9839;2020-02-10T14:41:05;SC;Mafra;Obtido pelo GPS ou informado explicitamente;8.576;10122;Macaco/Guariba/Bugio/Prego/Guigó;1;
9838;2020-02-10T14:38:56;SC;Mafra;Obtido pelo GPS ou informado explicitamente;9.648001;10121;Macaco/Guariba/Bugio/Prego/Guigó;1;
9837;2020-02-10T16:15:51;PR;Balsa Nova;Obtido pelo GPS ou informado explicitamente;13.2;10120;Macaco/Guariba/Bugio/Prego/Guigó;1;
9836;2020-02-10T15:42:28;PR;Mallet;Obtido pelo GPS ou informado explicitamente;96.0;10119;Macaco/Guariba/Bugio/Prego/Guigó;2;
9835;2020-02-10T15:07:46;PR;Mallet;Obtido pelo GPS ou informado explicitamente;26.0;10118;Macaco/Guariba/Bugio/Prego/Guigó;2;
9834;2020-02-10T14:32:24;PR;Contenda;Obtido pelo GPS ou informado explicitamente;135.6;10117;Macaco/Guariba/Bugio/Prego/Guigó;1;
9833;2020-02-10T14:14:37;SC;Três Barras;Obtido pelo GPS ou informado explicitamente;0.0;10116;Macaco/Guariba/Bugio/Prego/Guigó;1;
9832;2020-02-10T11:44:50;SC;Campo Alegre;Obtido pelo GPS ou informado explicitamente;7.20845;10115;Macaco/Guariba/Bugio/Prego/Guigó;2;
9831;2020-02-10T11:40:55;SC;Campo Alegre;Obtido pelo GPS ou informado explicitamente;6.421711;10114;Macaco/Guariba/Bugio/Prego/Guigó;2;
9830;2020-02-10T10:05:51;PR;Contenda;Obtido pelo GPS ou informado explicitamente;10.4;10113;Macaco/Guariba/Bugio/Prego/Guigó;1;
9829;2020-02-08T17:56:45;PR;Contenda;Obtido pelo GPS ou informado explicitamente;8.1;10112;Macaco/Guariba/Bugio/Prego/Guigó;1;
9828;2020-02-07T17:03:34;PR;Contenda;Obtido pelo GPS ou informado explicitamente;68.4;10111;Macaco/Guariba/Bugio/Prego/Guigó;1;
9827;2020-02-07T16:32:44;PR;Contenda;Obtido pelo GPS ou informado explicitamente;10.1;10110;Macaco/Guariba/Bugio/Prego/Guigó;1;
9826;2020-02-10T09:22:01;SC;Campo Alegre;Obtido pelo GPS ou informado explicitamente;3.216;10109;Macaco/Guariba/Bugio/Prego/Guigó;1;
9825;2020-02-10T09:57:16;PR;Antônio Olinto;Obtido pelo GPS ou informado explicitamente;5.6;10108;Macaco/Guariba/Bugio/Prego/Guigó;1;
9821;2020-02-06T17:00:00;SC;Indaial;Obtido pelo GPS ou informado explicitamente;0.0;10104;Macaco/Guariba/Bugio/Prego/Guigó;1;
9799;2020-02-10T08:41:01;PR;Piên;Obtido pelo GPS ou informado explicitamente;0.0;10082;Macaco/Guariba/Bugio/Prego/Guigó;1;
9798;2020-02-10T00:00:00;SC;Pomerode;Obtido pelo GPS ou informado explicitamente;;10081;Macaco/Guariba/Bugio/Prego/Guigó;1;
9797;2020-02-08T09:26:16;SC;Pomerode;Obtido pelo GPS ou informado explicitamente;;10080;Macaco/Guariba/Bugio/Prego/Guigó;1;
9796;2020-02-08T08:57:20;SC;Pomerode;Obtido pelo GPS ou informado explicitamente;;10079;Macaco/Guariba/Bugio/Prego/Guigó;1;
9794;2020-02-09T15:20:54;SC;Campo Alegre;Obtido pelo GPS ou informado explicitamente;3.9;10077;Macaco/Guariba/Bugio/Prego/Guigó;1;
9793;2020-02-09T10:49:14;PR;São Mateus do Sul;Obtido pelo GPS ou informado explicitamente;6.61;10076;Macaco/Guariba/Bugio/Prego/Guigó;1;
9792;2020-02-09T10:45:20;PR;São Mateus do Sul;Obtido pelo GPS ou informado explicitamente;4.288;10075;Macaco/Guariba/Bugio/Prego/Guigó;1;
9791;2020-02-09T10:39:07;PR;São Mateus do Sul;Obtido pelo GPS ou informado explicitamente;4.288;10074;Macaco/Guariba/Bugio/Prego/Guigó;1;Estranho
9790;2020-02-09T12:35:51;PR;Paulo Frontin;Obtido pelo GPS ou informado explicitamente;4.288;10073;Macaco/Guariba/Bugio/Prego/Guigó;1;
9789;2020-02-09T15:39:40;RJ;Teresópolis;Obtido pelo GPS ou informado explicitamente;128.9;10072;Mico/Sagui/Soinho;2;Normal
9788;2020-02-09T07:51:32;PR;São Mateus do Sul;Obtido pelo GPS ou informado explicitamente;4.65;10071;Macaco/Guariba/Bugio/Prego/Guigó;1;Estranho
9786;2020-02-07T19:16:00;SC;São Bento do Sul;Obtido pelo GPS ou informado explicitamente;-1.0;10069;Macaco/Guariba/Bugio/Prego/Guigó;1;
9785;2020-02-08T10:32:56;SC;São Bento do Sul;Obtido pelo GPS ou informado explicitamente;5.36;10068;Macaco/Guariba/Bugio/Prego/Guigó;1;
9755;2020-02-07T19:08:14;SC;Mafra;Obtido pelo GPS ou informado explicitamente;;10038;Macaco/Guariba/Bugio/Prego/Guigó;1;
9754;2020-02-06T14:01:44;SC;São José do Cerrito;Coordenadas obtidas a partir do endereço;;10037;Macaco/Guariba/Bugio/Prego/Guigó;1;
9753;2020-02-07T16:58:34;SC;São José do Cerrito;Coordenadas obtidas a partir do endereço;;10036;Macaco/Guariba/Bugio/Prego/Guigó;1;
9752;2020-02-07T15:23:34;PR;Piên;Obtido pelo GPS ou informado explicitamente;0.0;10035;Macaco/Guariba/Bugio/Prego/Guigó;1;Doente
9751;2020-02-07T15:29:39;SC;Blumenau;Obtido pelo GPS ou informado explicitamente;1799.999;10034;Macaco/Guariba/Bugio/Prego/Guigó;1;
9750;2020-02-07T14:37:32;PR;Antônio Olinto;Obtido pelo GPS ou informado explicitamente;0.0;10033;Macaco/Guariba/Bugio/Prego/Guigó;1;
9749;2020-02-07T15:20:15;PR;Antônio Olinto;Obtido pelo GPS ou informado explicitamente;0.0;10032;Macaco/Guariba/Bugio/Prego/Guigó;1;
9747;2020-02-07T13:44:28;SC;Campo Alegre;Obtido pelo GPS ou informado explicitamente;5.0;10030;Macaco/Guariba/Bugio/Prego/Guigó;1;
9737;2020-02-07T11:21:10;PR;São Mateus do Sul;Obtido pelo GPS ou informado explicitamente;3.9;10020;Macaco/Guariba/Bugio/Prego/Guigó;1;
9736;2020-02-07T11:05:30;PR;São Mateus do Sul;Obtido pelo GPS ou informado explicitamente;3.9;10019;Macaco/Guariba/Bugio/Prego/Guigó;1;
9734;2020-02-07T12:37:50;SC;Pomerode;Obtido pelo GPS ou informado explicitamente;;10017;Macaco/Guariba/Bugio/Prego/Guigó;1;
9732;2020-02-07T11:09:36;SC;Luiz Alves;Obtido pelo GPS ou informado explicitamente;0.0;10015;Macaco/Guariba/Bugio/Prego/Guigó;1;
9731;2020-02-07T10:16:58;PR;Lapa;Obtido pelo GPS ou informado explicitamente;3500.0;10014;Macaco/Guariba/Bugio/Prego/Guigó;1;
9727;2020-02-07T08:56:27;PR;Mallet;Obtido pelo GPS ou informado explicitamente;11.0;10010;Macaco/Guariba/Bugio/Prego/Guigó;1;
9725;2020-02-06T16:32:40;PR;Balsa Nova;Obtido pelo GPS ou informado explicitamente;4.285;10008;Macaco/Guariba/Bugio/Prego/Guigó;1;
9724;2020-02-06T20:17:09;PR;São Mateus do Sul;Obtido pelo GPS ou informado explicitamente;3.9;10007;Macaco/Guariba/Bugio/Prego/Guigó;1;
9723;2020-02-06T17:42:25;PR;São Mateus do Sul;Obtido pelo GPS ou informado explicitamente;3.9;10006;Macaco/Guariba/Bugio/Prego/Guigó;1;
9722;2020-02-06T17:37:11;PR;São Mateus do Sul;Obtido pelo GPS ou informado explicitamente;3.9;10005;Macaco/Guariba/Bugio/Prego/Guigó;1;
9721;2020-01-30T09:28:13;SC;Blumenau;Obtido pelo GPS ou informado explicitamente;65.319;10004;Macaco/Guariba/Bugio/Prego/Guigó;1;
9713;2020-02-06T15:40:59;PR;Paulo Frontin;Obtido pelo GPS ou informado explicitamente;4.0;9996;Macaco/Guariba/Bugio/Prego/Guigó;1;Estranho
9712;2020-02-06T16:20:58;PR;São Mateus do Sul;Obtido pelo GPS ou informado explicitamente;4.533;9995;Macaco/Guariba/Bugio/Prego/Guigó;2;
9711;2020-02-06T15:25:09;PR;Araucária;Obtido pelo GPS ou informado explicitamente;4.551;9994;Macaco/Guariba/Bugio/Prego/Guigó;1;
9710;2020-02-06T15:05:19;PR;Contenda;Obtido pelo GPS ou informado explicitamente;9.6;9993;Macaco/Guariba/Bugio/Prego/Guigó;1;
9709;2020-02-06T15:01:01;PR;Contenda;Obtido pelo GPS ou informado explicitamente;12.3;9992;Macaco/Guariba/Bugio/Prego/Guigó;1;
9708;2020-02-06T14:57:57;PR;Contenda;Obtido pelo GPS ou informado explicitamente;7.1;9991;Macaco/Guariba/Bugio/Prego/Guigó;1;
9707;2020-02-06T14:56:33;PR;Contenda;Obtido pelo GPS ou informado explicitamente;9.4;9990;Macaco/Guariba/Bugio/Prego/Guigó;1;
9706;2020-02-06T15:25:55;PR;Paulo Frontin;Obtido pelo GPS ou informado explicitamente;4.288;9989;Macaco/Guariba/Bugio/Prego/Guigó;1;
9704;2020-02-06T15:04:50;PR;Lapa;Obtido pelo GPS ou informado explicitamente;18.5;9987;Macaco/Guariba/Bugio/Prego/Guigó;1;
9702;2020-02-06T15:25:31;PR;Campo Largo;Obtido pelo GPS ou informado explicitamente;3.9;9985;Macaco/Guariba/Bugio/Prego/Guigó;1;
9701;2020-02-06T16:40:26;SC;Pomerode;Obtido pelo GPS ou informado explicitamente;;9984;Macaco/Guariba/Bugio/Prego/Guigó;3;
9700;2020-02-06T15:12:38;PR;Paulo Frontin;Obtido pelo GPS ou informado explicitamente;5.428;9983;Macaco/Guariba/Bugio/Prego/Guigó;1;
9699;2020-02-06T15:02:40;PR;Paulo Frontin;Obtido pelo GPS ou informado explicitamente;4.4;9982;Macaco/Guariba/Bugio/Prego/Guigó;1;
9698;2020-02-06T14:45:56;PR;Piên;Obtido pelo GPS ou informado explicitamente;-1.0;9981;Macaco/Guariba/Bugio/Prego/Guigó;1;
9696;2020-02-06T14:27:43;PR;Agudos do Sul;Obtido pelo GPS ou informado explicitamente;-1.0;9979;Macaco/Guariba/Bugio/Prego/Guigó;1;
9694;2020-02-06T14:24:19;PR;Piên;Obtido pelo GPS ou informado explicitamente;-1.0;9977;Macaco/Guariba/Bugio/Prego/Guigó;1;
9693;2020-02-06T13:49:59;SC;São Bento do Sul;Obtido pelo GPS ou informado explicitamente;7.27;9976;Macaco/Guariba/Bugio/Prego/Guigó;1;
9692;2020-02-06T13:50:25;SC;São José do Cerrito;Coordenadas obtidas a partir do endereço;;9975;Macaco/Guariba/Bugio/Prego/Guigó;1;
9690;2020-02-06T12:20:18;PR;Contenda;Obtido pelo GPS ou informado explicitamente;12.5;9973;Macaco/Guariba/Bugio/Prego/Guigó;1;
9688;2020-02-06T12:22:12;SC;Mafra;Obtido pelo GPS ou informado explicitamente;;9971;Macaco/Guariba/Bugio/Prego/Guigó;3;
9684;2020-02-05T11:28:47;SC;Pomerode;Obtido pelo GPS ou informado explicitamente;;9967;Macaco/Guariba/Bugio/Prego/Guigó;1;
9682;2020-02-06T09:35:28;PR;Contenda;Obtido pelo GPS ou informado explicitamente;22.967;9965;Macaco/Guariba/Bugio/Prego/Guigó;1;
9681;2020-02-05T13:19:31;PR;Antônio Olinto;Obtido pelo GPS ou informado explicitamente;6.333;9964;Macaco/Guariba/Bugio/Prego/Guigó;1;Normal
9680;2020-02-06T08:43:12;SC;São Bento do Sul;Obtido pelo GPS ou informado explicitamente;6.151;9963;Macaco/Guariba/Bugio/Prego/Guigó;1;
9679;2020-02-05T13:16:38;PR;Antônio Olinto;Obtido pelo GPS ou informado explicitamente;7.0;9962;Macaco/Guariba/Bugio/Prego/Guigó;1;
9677;2020-02-06T08:57:23;SC;Pomerode;Obtido pelo GPS ou informado explicitamente;;9960;Macaco/Guariba/Bugio/Prego/Guigó;2;
9676;2020-02-05T14:51:26;PR;Paulo Frontin;Obtido pelo GPS ou informado explicitamente;3500.0;9959;Macaco/Guariba/Bugio/Prego/Guigó;2;
9675;2020-02-05T15:29:08;SC;Capão Alto;Obtido pelo GPS ou informado explicitamente;3200.0;9958;Macaco/Guariba/Bugio/Prego/Guigó;1;Estranho
9674;2020-02-05T15:12:25;SC;Luiz Alves;Obtido pelo GPS ou informado explicitamente;0.0;9957;Macaco/Guariba/Bugio/Prego/Guigó;1;
9673;2020-02-05T15:26:56;SC;Timbó;Obtido pelo GPS ou informado explicitamente;17.732;9956;Macaco/Guariba/Bugio/Prego/Guigó;1;
9672;2020-02-05T14:56:49;SC;São Bento do Sul;Obtido pelo GPS ou informado explicitamente;3.216;9955;Macaco/Guariba/Bugio/Prego/Guigó;1;
9671;2020-02-05T14:16:10;SC;Rio Negrinho;Obtido pelo GPS ou informado explicitamente;24.0;9954;Macaco/Guariba/Bugio/Prego/Guigó;1;
9670;2020-02-05T09:58:13;PR;Lapa;Obtido pelo GPS ou informado explicitamente;2799.999;9953;Macaco/Guariba/Bugio/Prego/Guigó;1;
9669;2020-02-05T12:17:47;SC;Pomerode;Obtido pelo GPS ou informado explicitamente;;9952;Macaco/Guariba/Bugio/Prego/Guigó;1;
9668;2020-02-05T10:22:56;SC;Benedito Novo;Obtido pelo GPS ou informado explicitamente;18.76;9951;Macaco/Guariba/Bugio/Prego/Guigó;1;
9667;2020-02-05T09:42:10;SC;Itaiópolis;Obtido pelo GPS ou informado explicitamente;3.9;9950;Macaco/Guariba/Bugio/Prego/Guigó;1;
9666;2020-02-05T09:42:10;SC;Itaiópolis;Obtido pelo GPS ou informado explicitamente;3.9;9949;Macaco/Guariba/Bugio/Prego/Guigó;1;
9665;2020-02-05T09:37:29;SC;Itaiópolis;Obtido pelo GPS ou informado explicitamente;3.9;9948;Macaco/Guariba/Bugio/Prego/Guigó;1;
9664;2020-02-05T09:37:29;SC;Itaiópolis;Obtido pelo GPS ou informado explicitamente;3.9;9947;Macaco/Guariba/Bugio/Prego/Guigó;1;
9663;2020-02-03T16:22:48;PR;Antônio Olinto;Obtido pelo GPS ou informado explicitamente;9.166;9946;Macaco/Guariba/Bugio/Prego/Guigó;1;
9662;2020-02-03T15:36:55;PR;Antônio Olinto;Obtido pelo GPS ou informado explicitamente;7.0;9945;Macaco/Guariba/Bugio/Prego/Guigó;1;
9651;2020-02-04T18:07:07;SC;Itajaí;Obtido pelo GPS ou informado explicitamente;-1.0;9934;Macaco/Guariba/Bugio/Prego/Guigó;1;
9650;2020-02-04T18:22:26;SC;Itajaí;Coordenadas obtidas a partir do endereço;;9933;Macaco/Guariba/Bugio/Prego/Guigó;1;
9649;2020-02-04T15:18:29;PR;São Mateus do Sul;Obtido pelo GPS ou informado explicitamente;3.0;9932;Macaco/Guariba/Bugio/Prego/Guigó;1;
9648;2020-02-04T15:12:30;PR;São Mateus do Sul;Obtido pelo GPS ou informado explicitamente;3.0;9931;Macaco/Guariba/Bugio/Prego/Guigó;1;
9647;2020-02-04T15:43:59;PR;Piên;Obtido pelo GPS ou informado explicitamente;21.691;9930;Macaco/Guariba/Bugio/Prego/Guigó;1;Estranho
9646;2020-02-04T14:49:09;PE;Camaragibe;Coordenadas obtidas a partir do endereço;-1.0;9929;Mico/Sagui/Soinho;1;Doente
9645;2020-02-03T17:28:52;PR;Contenda;Obtido pelo GPS ou informado explicitamente;10.6;9928;Macaco/Guariba/Bugio/Prego/Guigó;1;
9644;2020-02-04T08:57:51;SC;Aurora;Obtido pelo GPS ou informado explicitamente;11.321779;9927;Macaco/Guariba/Bugio/Prego/Guigó;1;
9642;2020-02-04T09:36:49;PR;Mallet;Obtido pelo GPS ou informado explicitamente;3.05;9925;Macaco/Guariba/Bugio/Prego/Guigó;1;
9641;2020-02-04T10:27:42;SC;Pomerode;Obtido pelo GPS ou informado explicitamente;;9924;Macaco/Guariba/Bugio/Prego/Guigó;1;
9640;2020-02-04T09:25:49;SC;São Bento do Sul;Obtido pelo GPS ou informado explicitamente;3.216;9923;Macaco/Guariba/Bugio/Prego/Guigó;1;
9638;2020-02-03T18:15:26;PR;São Mateus do Sul;Obtido pelo GPS ou informado explicitamente;3.9;9921;Macaco/Guariba/Bugio/Prego/Guigó;1;
9637;2020-02-03T19:02:57;SC;São José do Cerrito;Obtido pelo GPS ou informado explicitamente;;9920;Macaco/Guariba/Bugio/Prego/Guigó;1;
9635;2020-02-03T14:51:32;PR;Balsa Nova;Obtido pelo GPS ou informado explicitamente;11.0;9918;Macaco/Guariba/Bugio/Prego/Guigó;1;
9634;2020-02-03T14:47:47;PR;Balsa Nova;Obtido pelo GPS ou informado explicitamente;8.0;9917;Macaco/Guariba/Bugio/Prego/Guigó;1;
9633;2020-02-03T14:32:50;PR;Balsa Nova;Obtido pelo GPS ou informado explicitamente;8.634;9916;Macaco/Guariba/Bugio/Prego/Guigó;1;
9632;2020-02-03T14:57:45;PR;São Mateus do Sul;Obtido pelo GPS ou informado explicitamente;3.9;9915;Macaco/Guariba/Bugio/Prego/Guigó;1;
9631;2020-02-03T14:52:58;PR;São Mateus do Sul;Obtido pelo GPS ou informado explicitamente;4.116;9914;Macaco/Guariba/Bugio/Prego/Guigó;1;
9630;2020-02-03T14:24:06;PR;Balsa Nova;Obtido pelo GPS ou informado explicitamente;2299.999;9913;Macaco/Guariba/Bugio/Prego/Guigó;1;
9629;2020-02-03T14:19:16;PR;Contenda;Obtido pelo GPS ou informado explicitamente;9.2;9912;Macaco/Guariba/Bugio/Prego/Guigó;3;
9628;2020-02-03T11:38:23;SC;Camboriú;Obtido pelo GPS ou informado explicitamente;1093.089;9911;Macaco/Guariba/Bugio/Prego/Guigó;1;
9627;2020-02-03T11:54:43;PR;Piên;Obtido pelo GPS ou informado explicitamente;0.0;9910;Macaco/Guariba/Bugio/Prego/Guigó;2;
9626;2020-02-03T11:43:57;PR;Balsa Nova;Coordenadas obtidas a partir do endereço;-1.0;9909;Macaco/Guariba/Bugio/Prego/Guigó;1;
9625;2020-02-03T10:08:04;PR;Antônio Olinto;Obtido pelo GPS ou informado explicitamente;5.8;9908;Macaco/Guariba/Bugio/Prego/Guigó;1;
9624;2020-02-03T09:45:21;PR;Antônio Olinto;Obtido pelo GPS ou informado explicitamente;5.4;9907;Macaco/Guariba/Bugio/Prego/Guigó;1;Normal
9623;2020-02-03T09:40:23;PR;Antônio Olinto;Obtido pelo GPS ou informado explicitamente;6.166;9906;Macaco/Guariba/Bugio/Prego/Guigó;1;
9622;2020-02-03T09:35:45;PR;Antônio Olinto;Obtido pelo GPS ou informado explicitamente;7.0;9905;Macaco/Guariba/Bugio/Prego/Guigó;1;
9621;2020-02-03T10:13:45;PR;Pitanga;Obtido pelo GPS ou informado explicitamente;3.9;9904;Macaco/Guariba/Bugio/Prego/Guigó;3;
9620;2020-02-02T14:50:09;SC;Rio Negrinho;Obtido pelo GPS ou informado explicitamente;32.0;9903;Macaco/Guariba/Bugio/Prego/Guigó;2;
9619;2020-02-02T15:44:22;SC;Rio Negrinho;Obtido pelo GPS ou informado explicitamente;65.0;9902;Macaco/Guariba/Bugio/Prego/Guigó;1;
9618;2020-01-30T13:57:00;SC;São Bento do Sul;Obtido pelo GPS ou informado explicitamente;;9901;Macaco/Guariba/Bugio/Prego/Guigó;2;
9617;2020-01-29T19:44:46;SC;São Bento do Sul;Obtido pelo GPS ou informado explicitamente;;9900;Macaco/Guariba/Bugio/Prego/Guigó;1;
9616;2020-01-29T16:07:12;SC;São Bento do Sul;Obtido pelo GPS ou informado explicitamente;;9899;Macaco/Guariba/Bugio/Prego/Guigó;1;
9615;2020-01-28T09:06:16;SC;São Bento do Sul;Obtido pelo GPS ou informado explicitamente;;9898;Macaco/Guariba/Bugio/Prego/Guigó;1;
9614;2020-01-27T15:40:48;SC;São Bento do Sul;Obtido pelo GPS ou informado explicitamente;;9897;Macaco/Guariba/Bugio/Prego/Guigó;1;
9613;2020-01-27T14:25:49;SC;São Bento do Sul;Obtido pelo GPS ou informado explicitamente;;9896;Macaco/Guariba/Bugio/Prego/Guigó;1;
9612;2020-01-27T12:15:22;SC;São Bento do Sul;Obtido pelo GPS ou informado explicitamente;;9895;Macaco/Guariba/Bugio/Prego/Guigó;1;
9611;2020-01-27T08:44:34;SC;São Bento do Sul;Obtido pelo GPS ou informado explicitamente;;9894;Macaco/Guariba/Bugio/Prego/Guigó;1;
9610;2020-01-26T18:25:08;SC;São Bento do Sul;Obtido pelo GPS ou informado explicitamente;;9893;Macaco/Guariba/Bugio/Prego/Guigó;1;
9609;2020-01-26T17:16:12;SC;São Bento do Sul;Obtido pelo GPS ou informado explicitamente;;9892;Macaco/Guariba/Bugio/Prego/Guigó;1;
9608;2020-01-26T16:49:33;SC;São Bento do Sul;Obtido pelo GPS ou informado explicitamente;;9891;Macaco/Guariba/Bugio/Prego/Guigó;1;
9607;2020-01-26T16:45:20;SC;São Bento do Sul;Obtido pelo GPS ou informado explicitamente;;9890;Macaco/Guariba/Bugio/Prego/Guigó;1;
9606;2020-02-02T10:52:00;PR;Araucária;Obtido pelo GPS ou informado explicitamente;0.0;9889;Macaco/Guariba/Bugio/Prego/Guigó;1;
9605;2020-02-01T18:45:00;SC;Campo Alegre;Obtido pelo GPS ou informado explicitamente;-1.0;9888;Macaco/Guariba/Bugio/Prego/Guigó;1;Doente
9604;2020-02-02T10:37:20;PR;Araucária;Obtido pelo GPS ou informado explicitamente;3618.338;9887;Macaco/Guariba/Bugio/Prego/Guigó;2;
9601;2020-02-01T19:15:22;SC;Lebon Régis;Obtido pelo GPS ou informado explicitamente;14.5;9884;Macaco/Guariba/Bugio/Prego/Guigó;1;
9600;2020-02-01T15:19:10;PR;Cruz Machado;Obtido pelo GPS ou informado explicitamente;20.732;9883;Macaco/Guariba/Bugio/Prego/Guigó;1;
9599;2020-02-01T17:11:57;PR;Mallet;Obtido pelo GPS ou informado explicitamente;96.0;9882;Macaco/Guariba/Bugio/Prego/Guigó;1;
9598;2020-02-01T16:33:06;PR;Mallet;Obtido pelo GPS ou informado explicitamente;96.0;9881;Macaco/Guariba/Bugio/Prego/Guigó;5;
9597;2020-02-01T15:53:03;PR;Mallet;Obtido pelo GPS ou informado explicitamente;551.078;9880;Macaco/Guariba/Bugio/Prego/Guigó;1;
9596;2020-02-01T12:45:24;SC;Luiz Alves;Obtido pelo GPS ou informado explicitamente;5.428;9879;Macaco/Guariba/Bugio/Prego/Guigó;1;
9595;2020-02-01T10:10:00;PR;São Mateus do Sul;Obtido pelo GPS ou informado explicitamente;3.9;9878;Macaco/Guariba/Bugio/Prego/Guigó;1;
9593;2020-02-01T10:04:24;PR;São Mateus do Sul;Obtido pelo GPS ou informado explicitamente;3.9;9876;Macaco/Guariba/Bugio/Prego/Guigó;1;
9592;2020-01-31T16:06:06;PR;São Mateus do Sul;Obtido pelo GPS ou informado explicitamente;3.9;9875;Macaco/Guariba/Bugio/Prego/Guigó;1;
9591;2020-01-31T16:02:28;PR;São Mateus do Sul;Obtido pelo GPS ou informado explicitamente;3.9;9874;Macaco/Guariba/Bugio/Prego/Guigó;1;
9590;2020-02-01T14:27:00;SC;Campo Alegre;Obtido pelo GPS ou informado explicitamente;3.9;9873;Macaco/Guariba/Bugio/Prego/Guigó;1;
9589;2020-02-01T14:49:26;PR;Araucária;Obtido pelo GPS ou informado explicitamente;0.0;9872;Mico/Sagui/Soinho;1;
9587;2020-02-01T12:12:49;SC;Pomerode;Obtido pelo GPS ou informado explicitamente;;9870;Macaco/Guariba/Bugio/Prego/Guigó;1;
9585;2020-02-01T09:52:45;SC;Campo Alegre;Obtido pelo GPS ou informado explicitamente;11.792;9868;Macaco/Guariba/Bugio/Prego/Guigó;1;
9584;2020-02-01T09:28:37;SC;Campo Alegre;Obtido pelo GPS ou informado explicitamente;13.721;9867;Macaco/Guariba/Bugio/Prego/Guigó;1;
9583;2020-01-31T20:41:52;SC;Pomerode;Obtido pelo GPS ou informado explicitamente;;9866;Macaco/Guariba/Bugio/Prego/Guigó;1;
9582;2020-01-31T20:32:31;SC;Pomerode;Obtido pelo GPS ou informado explicitamente;;9865;Macaco/Guariba/Bugio/Prego/Guigó;1;
9581;2020-01-31T16:37:02;PR;Lunardelli;Obtido pelo GPS ou informado explicitamente;54.0;9864;Macaco/Guariba/Bugio/Prego/Guigó;1;
9580;2020-01-31T15:29:17;PR;Contenda;Obtido pelo GPS ou informado explicitamente;9.7;9863;Macaco/Guariba/Bugio/Prego/Guigó;1;
9579;2020-01-31T16:34:41;PR;Mallet;Obtido pelo GPS ou informado explicitamente;1472.409;9862;Macaco/Guariba/Bugio/Prego/Guigó;1;
9578;2020-01-31T15:13:47;PR;Mallet;Obtido pelo GPS ou informado explicitamente;95.888;9861;Macaco/Guariba/Bugio/Prego/Guigó;1;
9577;2020-01-31T16:26:35;PR;Rio Azul;Obtido pelo GPS ou informado explicitamente;4.6;9860;Macaco/Guariba/Bugio/Prego/Guigó;1;
9576;2020-01-31T17:46:48;SC;Pomerode;Obtido pelo GPS ou informado explicitamente;;9859;Macaco/Guariba/Bugio/Prego/Guigó;1;
9575;2020-01-31T16:46:13;SC;Campo Alegre;Obtido pelo GPS ou informado explicitamente;10.0;9858;Macaco/Guariba/Bugio/Prego/Guigó;1;
9574;2020-01-31T17:20:12;SC;Pomerode;Obtido pelo GPS ou informado explicitamente;;9857;Macaco/Guariba/Bugio/Prego/Guigó;2;
9573;2020-01-31T11:12:40;PR;Turvo;Obtido pelo GPS ou informado explicitamente;16.08;9856;Macaco/Guariba/Bugio/Prego/Guigó;1;
9572;2020-01-31T09:51:29;PR;Turvo;Obtido pelo GPS ou informado explicitamente;22.512001;9855;Macaco/Guariba/Bugio/Prego/Guigó;1;
9571;2020-01-31T16:53:50;SC;Pomerode;Obtido pelo GPS ou informado explicitamente;;9854;Macaco/Guariba/Bugio/Prego/Guigó;1;
9570;2020-01-31T11:00:00;SC;Pomerode;Obtido pelo GPS ou informado explicitamente;;9853;Macaco/Guariba/Bugio/Prego/Guigó;1;
9569;2020-01-31T14:18:22;PR;São Mateus do Sul;Obtido pelo GPS ou informado explicitamente;5.17;9852;Macaco/Guariba/Bugio/Prego/Guigó;1;
9568;2020-01-31T14:06:00;SC;São Bento do Sul;Obtido pelo GPS ou informado explicitamente;-1.0;9851;Macaco/Guariba/Bugio/Prego/Guigó;1;
9567;2020-01-31T12:27:52;PR;Contenda;Obtido pelo GPS ou informado explicitamente;17.8;9850;Macaco/Guariba/Bugio/Prego/Guigó;1;
9565;2020-01-31T11:12:41;SC;Campo Alegre;Obtido pelo GPS ou informado explicitamente;-1.0;9848;Macaco/Guariba/Bugio/Prego/Guigó;1;
9564;2020-01-31T10:49:38;PR;São Mateus do Sul;Obtido pelo GPS ou informado explicitamente;3.9;9847;Macaco/Guariba/Bugio/Prego/Guigó;1;
9563;2020-01-31T08:32:00;SC;São Bento do Sul;Obtido pelo GPS ou informado explicitamente;-1.0;9846;Macaco/Guariba/Bugio/Prego/Guigó;1;
9562;2020-01-31T10:46:40;RJ;Barra do Piraí;Obtido pelo GPS ou informado explicitamente;77.6;9845;Mico/Sagui/Soinho;1;
9561;2020-01-31T10:19:30;PR;Quitandinha;Coordenadas obtidas a partir do endereço;;9844;Macaco/Guariba/Bugio/Prego/Guigó;1;
9560;2020-01-31T09:14:35;PR;São João do Triunfo;Obtido pelo GPS ou informado explicitamente;96.0;9843;Macaco/Guariba/Bugio/Prego/Guigó;1;
9559;2020-01-31T09:57:26;PR;Campo Largo;Obtido pelo GPS ou informado explicitamente;-1.0;9842;Macaco/Guariba/Bugio/Prego/Guigó;1;
9558;2020-01-31T09:40:50;SC;São Bento do Sul;Obtido pelo GPS ou informado explicitamente;3.216;9841;Macaco/Guariba/Bugio/Prego/Guigó;1;
9557;2020-01-31T09:03:01;SC;São Bento do Sul;Obtido pelo GPS ou informado explicitamente;3.216;9840;Macaco/Guariba/Bugio/Prego/Guigó;1;
9556;2020-01-31T09:18:58;PR;Piên;Obtido pelo GPS ou informado explicitamente;-1.0;9839;Macaco/Guariba/Bugio/Prego/Guigó;1;
9555;2020-01-31T09:16:24;PR;Piên;Obtido pelo GPS ou informado explicitamente;-1.0;9838;Macaco/Guariba/Bugio/Prego/Guigó;1;
9554;2020-01-31T09:12:14;PR;Piên;Obtido pelo GPS ou informado explicitamente;-1.0;9837;Macaco/Guariba/Bugio/Prego/Guigó;1;
9553;2019-12-31T14:22:35;SC;Jaraguá do Sul;Obtido pelo GPS ou informado explicitamente;9.65;9836;Macaco/Guariba/Bugio/Prego/Guigó;1;
9552;2020-01-31T07:41:58;SC;Luiz Alves;Obtido pelo GPS ou informado explicitamente;16.0;9835;Macaco/Guariba/Bugio/Prego/Guigó;1;
9550;2020-01-30T18:33:00;SC;Pomerode;Obtido pelo GPS ou informado explicitamente;;9833;Macaco/Guariba/Bugio/Prego/Guigó;1;
9549;2020-01-30T18:16:18;SC;Pomerode;Obtido pelo GPS ou informado explicitamente;;9832;Macaco/Guariba/Bugio/Prego/Guigó;2;
9548;2020-01-30T15:15:24;SC;Campo Alegre;Obtido pelo GPS ou informado explicitamente;13.413956;9831;Macaco/Guariba/Bugio/Prego/Guigó;4;
9547;2020-01-30T14:13:03;PR;Piraí do Sul;Obtido pelo GPS ou informado explicitamente;9.5;9830;Macaco/Guariba/Bugio/Prego/Guigó;1;
9546;2020-01-30T14:10:09;PR;Piraí do Sul;Obtido pelo GPS ou informado explicitamente;12.5;9829;Macaco/Guariba/Bugio/Prego/Guigó;1;
9545;2020-01-30T14:07:30;PR;Piraí do Sul;Obtido pelo GPS ou informado explicitamente;10.0;9828;Macaco/Guariba/Bugio/Prego/Guigó;1;
9544;2020-01-30T13:50:00;PR;Piraí do Sul;Obtido pelo GPS ou informado explicitamente;11.0;9827;Macaco/Guariba/Bugio/Prego/Guigó;1;
9543;2020-01-30T15:19:30;SC;Campo Alegre;Obtido pelo GPS ou informado explicitamente;4.223;9826;Macaco/Guariba/Bugio/Prego/Guigó;1;
9542;2020-01-30T14:50:17;SC;Campo Alegre;Obtido pelo GPS ou informado explicitamente;3.9;9825;Macaco/Guariba/Bugio/Prego/Guigó;1;
9541;2020-01-30T15:33:56;PR;Curitiba;Obtido pelo GPS ou informado explicitamente;41.029;9824;Mico/Sagui/Soinho;1;
9540;2020-01-29T10:24:50;PR;Pitanga;Obtido pelo GPS ou informado explicitamente;11.792;9823;Macaco/Guariba/Bugio/Prego/Guigó;1;
9539;2020-01-29T10:13:10;PR;Pitanga;Obtido pelo GPS ou informado explicitamente;12.864;9822;Macaco/Guariba/Bugio/Prego/Guigó;1;
9538;2020-01-30T10:18:10;PR;Mallet;Obtido pelo GPS ou informado explicitamente;3.9;9821;Macaco/Guariba/Bugio/Prego/Guigó;6;
9523;2020-01-26T16:25:47;SC;São Bento do Sul;Obtido pelo GPS ou informado explicitamente;;9806;Macaco/Guariba/Bugio/Prego/Guigó;1;
9522;2020-01-30T09:48:28;PR;Turvo;Obtido pelo GPS ou informado explicitamente;0.0;9805;Macaco/Guariba/Bugio/Prego/Guigó;1;
9521;2020-01-26T11:42:15;SC;São Bento do Sul;Obtido pelo GPS ou informado explicitamente;;9804;Macaco/Guariba/Bugio/Prego/Guigó;1;
9520;2020-01-26T15:12:33;SC;São Bento do Sul;Obtido pelo GPS ou informado explicitamente;;9803;Macaco/Guariba/Bugio/Prego/Guigó;1;
9519;2020-01-26T12:16:28;SC;São Bento do Sul;Obtido pelo GPS ou informado explicitamente;;9802;Macaco/Guariba/Bugio/Prego/Guigó;1;
9518;2020-01-30T09:29:25;SC;Campo Alegre;Obtido pelo GPS ou informado explicitamente;9.768933;9801;Macaco/Guariba/Bugio/Prego/Guigó;1;
9517;2020-01-26T10:55:33;SC;São Bento do Sul;Obtido pelo GPS ou informado explicitamente;;9800;Macaco/Guariba/Bugio/Prego/Guigó;1;
9516;2020-01-26T09:00:11;SC;São Bento do Sul;Obtido pelo GPS ou informado explicitamente;;9799;Macaco/Guariba/Bugio/Prego/Guigó;1;
9515;2020-01-25T14:07:45;SC;São Bento do Sul;Obtido pelo GPS ou informado explicitamente;;9798;Macaco/Guariba/Bugio/Prego/Guigó;1;
9514;2020-01-30T09:52:46;PR;Lapa;Obtido pelo GPS ou informado explicitamente;-1.0;9797;Macaco/Guariba/Bugio/Prego/Guigó;2;
9513;2020-01-25T13:13:43;SC;São Bento do Sul;Obtido pelo GPS ou informado explicitamente;;9796;Macaco/Guariba/Bugio/Prego/Guigó;1;
9510;2020-01-29T16:44:42;SC;Campo Alegre;Obtido pelo GPS ou informado explicitamente;3.9;9793;Macaco/Guariba/Bugio/Prego/Guigó;2;
9509;2020-01-29T15:50:04;SC;São Martinho;Obtido pelo GPS ou informado explicitamente;7.504;9792;Macaco/Guariba/Bugio/Prego/Guigó;1;
9508;2020-01-29T15:14:10;PR;Lapa;Obtido pelo GPS ou informado explicitamente;12.0;9791;Macaco/Guariba/Bugio/Prego/Guigó;1;
9506;2020-01-29T14:44:45;PR;Antônio Olinto;Obtido pelo GPS ou informado explicitamente;8.0;9789;Macaco/Guariba/Bugio/Prego/Guigó;1;
9505;2020-01-29T16:02:07;RS;São Francisco de Assis;Coordenadas obtidas a partir do endereço;;9788;Macaco/Guariba/Bugio/Prego/Guigó;1;
9504;2020-01-28T11:27:48;SC;Benedito Novo;Obtido pelo GPS ou informado explicitamente;68.4;9787;Macaco/Guariba/Bugio/Prego/Guigó;1;
9503;2020-01-29T10:00:28;PR;São Mateus do Sul;Obtido pelo GPS ou informado explicitamente;3.9;9786;Macaco/Guariba/Bugio/Prego/Guigó;1;
9502;2020-01-29T13:56:44;SC;Benedito Novo;Obtido pelo GPS ou informado explicitamente;3.216;9785;Macaco/Guariba/Bugio/Prego/Guigó;1;
9500;2020-01-29T11:40:29;PR;Piên;Obtido pelo GPS ou informado explicitamente;3000.0;9783;Macaco/Guariba/Bugio/Prego/Guigó;2;
9498;2020-01-29T11:22:26;PR;Mallet;Obtido pelo GPS ou informado explicitamente;18.0;9781;Macaco/Guariba/Bugio/Prego/Guigó;1;
9497;2020-01-29T10:13:48;PR;Mallet;Obtido pelo GPS ou informado explicitamente;30.0;9780;Macaco/Guariba/Bugio/Prego/Guigó;1;
9496;2020-01-29T09:53:34;PR;Mallet;Obtido pelo GPS ou informado explicitamente;33.0;9779;Macaco/Guariba/Bugio/Prego/Guigó;1;
9495;2020-01-27T14:32:13;PR;Lapa;Obtido pelo GPS ou informado explicitamente;8.576;9778;Macaco/Guariba/Bugio/Prego/Guigó;1;
9494;2020-01-27T08:57:43;PR;Lapa;Obtido pelo GPS ou informado explicitamente;12.864;9777;Macaco/Guariba/Bugio/Prego/Guigó;1;
9493;2020-01-09T14:46:57;PR;Lapa;Obtido pelo GPS ou informado explicitamente;8.576;9776;Macaco/Guariba/Bugio/Prego/Guigó;4;
9492;2020-01-29T10:43:03;SC;Campo Alegre;Obtido pelo GPS ou informado explicitamente;-1.0;9775;Macaco/Guariba/Bugio/Prego/Guigó;1;
9491;2020-01-29T10:17:14;SC;Campo Alegre;Obtido pelo GPS ou informado explicitamente;-1.0;9774;Macaco/Guariba/Bugio/Prego/Guigó;1;
9490;2020-01-29T10:12:32;PR;Turvo;Obtido pelo GPS ou informado explicitamente;-1.0;9773;Macaco/Guariba/Bugio/Prego/Guigó;1;
9489;2020-01-29T10:07:36;SC;Campo Alegre;Obtido pelo GPS ou informado explicitamente;-1.0;9772;Macaco/Guariba/Bugio/Prego/Guigó;1;
9488;2020-01-29T10:17:58;PE;Camaragibe;Obtido pelo GPS ou informado explicitamente;27.0;9771;Mico/Sagui/Soinho;1;
9487;2020-01-28T16:35:42;SC;Campo Alegre;Coordenadas obtidas a partir do endereço;-1.0;9770;Macaco/Guariba/Bugio/Prego/Guigó;1;
9486;2020-01-28T11:32:36;SC;Campo Alegre;Obtido pelo GPS ou informado explicitamente;15.986886;9769;Macaco/Guariba/Bugio/Prego/Guigó;1;
9485;2020-01-27T09:41:45;SC;Campo Alegre;Obtido pelo GPS ou informado explicitamente;10.247264;9768;Macaco/Guariba/Bugio/Prego/Guigó;2;
9484;2020-01-29T08:04:44;SC;Brusque;Obtido pelo GPS ou informado explicitamente;0.0;9767;Macaco/Guariba/Bugio/Prego/Guigó;1;
9483;2020-01-29T09:19:46;PR;Mallet;Obtido pelo GPS ou informado explicitamente;96.0;9766;Macaco/Guariba/Bugio/Prego/Guigó;1;
9482;2020-01-29T08:44:58;PR;Antônio Olinto;Obtido pelo GPS ou informado explicitamente;4.4;9765;Macaco/Guariba/Bugio/Prego/Guigó;1;
9481;2020-01-28T09:42:39;SC;Pomerode;Obtido pelo GPS ou informado explicitamente;;9764;Macaco/Guariba/Bugio/Prego/Guigó;1;
9480;2020-01-24T14:37:37;PR;Pitanga;Obtido pelo GPS ou informado explicitamente;9.959;9763;Macaco/Guariba/Bugio/Prego/Guigó;2;
9479;2020-01-28T09:23:51;SC;Pomerode;Obtido pelo GPS ou informado explicitamente;;9762;Macaco/Guariba/Bugio/Prego/Guigó;1;
9478;2020-01-29T09:08:33;SC;Pomerode;Obtido pelo GPS ou informado explicitamente;;9761;Macaco/Guariba/Bugio/Prego/Guigó;1;
9477;2020-01-29T07:44:47;SC;Campo Alegre;Obtido pelo GPS ou informado explicitamente;-1.0;9760;Macaco/Guariba/Bugio/Prego/Guigó;1;
9475;2020-01-28T20:51:22;SC;Blumenau;Obtido pelo GPS ou informado explicitamente;;9758;Macaco/Guariba/Bugio/Prego/Guigó;3;
9474;2020-01-28T20:59:44;SC;Blumenau;Coordenadas obtidas a partir do endereço;;9757;Macaco/Guariba/Bugio/Prego/Guigó;1;Doente
9473;2020-01-25T13:38:42;SC;Pomerode;Coordenadas obtidas a partir do endereço;;9756;Macaco/Guariba/Bugio/Prego/Guigó;2;
9472;2020-01-25T14:12:15;SC;Pomerode;Coordenadas obtidas a partir do endereço;;9755;Macaco/Guariba/Bugio/Prego/Guigó;1;
9471;2020-01-25T17:09:05;SC;Pomerode;Coordenadas obtidas a partir do endereço;;9754;Macaco/Guariba/Bugio/Prego/Guigó;1;
9470;2020-01-28T18:13:18;PR;Mallet;Obtido pelo GPS ou informado explicitamente;96.0;9753;Macaco/Guariba/Bugio/Prego/Guigó;1;
9469;2020-01-28T14:22:39;PR;Mallet;Obtido pelo GPS ou informado explicitamente;96.0;9752;Macaco/Guariba/Bugio/Prego/Guigó;1;
9468;2020-01-28T14:37:46;SC;Massaranduba;Obtido pelo GPS ou informado explicitamente;48.0;9751;Macaco/Guariba/Bugio/Prego/Guigó;1;
9466;2020-01-28T16:52:42;PR;Araucária;Obtido pelo GPS ou informado explicitamente;3.84;9749;Macaco/Guariba/Bugio/Prego/Guigó;1;
9464;2020-01-28T14:02:36;PR;Turvo;Obtido pelo GPS ou informado explicitamente;0.0;9747;Macaco/Guariba/Bugio/Prego/Guigó;1;
9463;2020-01-28T13:57:57;PR;Turvo;Obtido pelo GPS ou informado explicitamente;8.576;9746;Macaco/Guariba/Bugio/Prego/Guigó;1;
9462;2020-01-28T10:24:32;PR;Turvo;Obtido pelo GPS ou informado explicitamente;3.216;9745;Macaco/Guariba/Bugio/Prego/Guigó;1;
9461;2020-01-27T09:40:00;SC;Major Vieira;Obtido pelo GPS ou informado explicitamente;-1.0;9744;Macaco/Guariba/Bugio/Prego/Guigó;1;
9460;2020-01-28T10:58:04;PR;Araucária;Obtido pelo GPS ou informado explicitamente;4.5;9743;Macaco/Guariba/Bugio/Prego/Guigó;1;
9459;2020-01-28T14:01:42;PR;São Mateus do Sul;Obtido pelo GPS ou informado explicitamente;3.9;9742;Macaco/Guariba/Bugio/Prego/Guigó;1;
9458;2020-01-28T13:55:31;PR;São Mateus do Sul;Obtido pelo GPS ou informado explicitamente;3.9;9741;Macaco/Guariba/Bugio/Prego/Guigó;1;
9457;2020-01-28T11:29:38;SC;Benedito Novo;Obtido pelo GPS ou informado explicitamente;3.216;9740;Macaco/Guariba/Bugio/Prego/Guigó;1;
9456;2020-01-28T15:13:01;SC;Mafra;Coordenadas obtidas a partir do endereço;-1.0;9739;Macaco/Guariba/Bugio/Prego/Guigó;1;
9454;2020-01-28T14:23:45;PE;Limoeiro;Coordenadas obtidas a partir do endereço;-1.0;9737;Mico/Sagui/Soinho;1;
9453;2020-01-28T13:43:50;PR;Campo do Tenente;Coordenadas obtidas a partir do endereço;-1.0;9736;Macaco/Guariba/Bugio/Prego/Guigó;1;
9452;2020-01-28T13:28:17;PR;Piên;Obtido pelo GPS ou informado explicitamente;-1.0;9735;Macaco/Guariba/Bugio/Prego/Guigó;1;
9451;2020-01-28T13:25:46;PR;Piên;Obtido pelo GPS ou informado explicitamente;-1.0;9734;Macaco/Guariba/Bugio/Prego/Guigó;1;
9450;2020-01-28T13:19:36;PR;Piên;Obtido pelo GPS ou informado explicitamente;14.565;9733;Macaco/Guariba/Bugio/Prego/Guigó;1;
9448;2020-01-28T11:06:10;SC;Luiz Alves;Obtido pelo GPS ou informado explicitamente;5.6;9731;Macaco/Guariba/Bugio/Prego/Guigó;1;
9447;2020-01-28T09:08:46;SC;Luiz Alves;Obtido pelo GPS ou informado explicitamente;771.101;9730;Macaco/Guariba/Bugio/Prego/Guigó;1;
9446;2020-01-28T08:55:43;SC;Luiz Alves;Obtido pelo GPS ou informado explicitamente;9.857;9729;Macaco/Guariba/Bugio/Prego/Guigó;1;
9445;2020-01-28T09:42:19;SC;Gaspar;Obtido pelo GPS ou informado explicitamente;3.9;9728;Macaco/Guariba/Bugio/Prego/Guigó;1;
9444;2020-01-27T10:59:32;SC;Pomerode;Obtido pelo GPS ou informado explicitamente;;9727;Macaco/Guariba/Bugio/Prego/Guigó;1;
9443;2020-01-27T10:43:49;SC;Pomerode;Obtido pelo GPS ou informado explicitamente;;9726;Macaco/Guariba/Bugio/Prego/Guigó;1;
9442;2020-01-28T09:12:09;PR;Palmas;Obtido pelo GPS ou informado explicitamente;0.0;9725;Macaco/Guariba/Bugio/Prego/Guigó;1;
9441;2020-01-27T10:15:01;SC;Campo Alegre;Obtido pelo GPS ou informado explicitamente;6.432;9724;Macaco/Guariba/Bugio/Prego/Guigó;1;
9440;2020-01-27T09:03:38;SC;Campo Alegre;Obtido pelo GPS ou informado explicitamente;3.216;9723;Macaco/Guariba/Bugio/Prego/Guigó;1;
9436;2020-01-27T17:26:48;SC;Mafra;Obtido pelo GPS ou informado explicitamente;10.0;9719;Macaco/Guariba/Bugio/Prego/Guigó;1;
9435;2020-01-27T19:09:16;PR;Mallet;Obtido pelo GPS ou informado explicitamente;24.0;9718;Macaco/Guariba/Bugio/Prego/Guigó;1;
9434;2020-01-27T17:58:06;PR;São Mateus do Sul;Obtido pelo GPS ou informado explicitamente;3.9;9717;Macaco/Guariba/Bugio/Prego/Guigó;1;
9433;2020-01-27T16:50:59;SC;Blumenau;Obtido pelo GPS ou informado explicitamente;0.0;9716;Macaco/Guariba/Bugio/Prego/Guigó;1;
9432;2020-01-27T17:43:03;SC;São José do Cerrito;Obtido pelo GPS ou informado explicitamente;;9715;Macaco/Guariba/Bugio/Prego/Guigó;1;
9431;2020-01-27T16:36:20;PR;Cândido de Abreu;Obtido pelo GPS ou informado explicitamente;0.0;9714;Macaco/Guariba/Bugio/Prego/Guigó;1;
9430;2020-01-27T14:02:13;SC;Campo Alegre;Obtido pelo GPS ou informado explicitamente;30.0;9713;Macaco/Guariba/Bugio/Prego/Guigó;1;
9429;2020-01-27T15:25:03;PR;São Mateus do Sul;Obtido pelo GPS ou informado explicitamente;3.9;9712;Macaco/Guariba/Bugio/Prego/Guigó;1;
9428;2020-01-27T09:45:28;SC;Jaraguá do Sul;Obtido pelo GPS ou informado explicitamente;2900.0;9711;Macaco/Guariba/Bugio/Prego/Guigó;2;
9427;2020-01-26T22:15:17;PR;Antônio Olinto;Obtido pelo GPS ou informado explicitamente;10.166;9710;Macaco/Guariba/Bugio/Prego/Guigó;1;
9426;2020-01-27T13:21:25;PR;Antônio Olinto;Obtido pelo GPS ou informado explicitamente;8.333;9709;Macaco/Guariba/Bugio/Prego/Guigó;1;
9425;2020-01-27T13:11:43;PR;Antônio Olinto;Obtido pelo GPS ou informado explicitamente;7.333;9708;Macaco/Guariba/Bugio/Prego/Guigó;1;
9424;2020-01-27T12:16:02;PR;Antônio Olinto;Obtido pelo GPS ou informado explicitamente;6.0;9707;Macaco/Guariba/Bugio/Prego/Guigó;1;
9423;2020-01-27T10:21:50;PR;Antônio Olinto;Obtido pelo GPS ou informado explicitamente;93.0;9706;Macaco/Guariba/Bugio/Prego/Guigó;1;
9422;2020-01-27T13:58:36;SC;Itaiópolis;Obtido pelo GPS ou informado explicitamente;6.25;9705;Macaco/Guariba/Bugio/Prego/Guigó;1;
9421;2020-01-27T15:14:17;PR;União da Vitória;Obtido pelo GPS ou informado explicitamente;0.0;9704;Macaco/Guariba/Bugio/Prego/Guigó;1;
9420;2020-01-27T14:05:19;SC;Içara;Obtido pelo GPS ou informado explicitamente;0.0;9703;Macaco/Guariba/Bugio/Prego/Guigó;1;
9419;2020-01-27T12:36:45;PR;Araucária;Obtido pelo GPS ou informado explicitamente;3.72;9702;Macaco/Guariba/Bugio/Prego/Guigó;1;
9418;2020-01-27T13:52:27;PR;Paulo Frontin;Obtido pelo GPS ou informado explicitamente;-1.0;9701;Macaco/Guariba/Bugio/Prego/Guigó;1;
9417;2020-01-27T12:08:41;PR;Contenda;Obtido pelo GPS ou informado explicitamente;3806.0;9700;Macaco/Guariba/Bugio/Prego/Guigó;1;
9416;2020-01-27T10:52:44;PR;Paulo Frontin;Obtido pelo GPS ou informado explicitamente;3.9;9699;Macaco/Guariba/Bugio/Prego/Guigó;1;
9415;2020-01-27T13:24:46;SC;Rodeio;Obtido pelo GPS ou informado explicitamente;-1.0;9698;Macaco/Guariba/Bugio/Prego/Guigó;1;
9413;2020-01-27T11:47:31;SC;Cerro Negro;Obtido pelo GPS ou informado explicitamente;10.0;9696;Macaco/Guariba/Bugio/Prego/Guigó;1;
9412;2020-01-27T10:00:42;SC;Blumenau;Obtido pelo GPS ou informado explicitamente;3799.999;9695;Macaco/Guariba/Bugio/Prego/Guigó;2;
9411;2020-01-27T11:23:54;PR;Piên;Obtido pelo GPS ou informado explicitamente;3578.643;9694;Macaco/Guariba/Bugio/Prego/Guigó;1;
9410;2020-01-27T10:48:38;PR;São Mateus do Sul;Obtido pelo GPS ou informado explicitamente;3.9;9693;Macaco/Guariba/Bugio/Prego/Guigó;1;
9409;2020-01-27T09:30:47;PR;São Mateus do Sul;Obtido pelo GPS ou informado explicitamente;3.9;9692;Macaco/Guariba/Bugio/Prego/Guigó;1;
9408;2020-01-27T08:51:35;PR;São Mateus do Sul;Obtido pelo GPS ou informado explicitamente;1.9;9691;Macaco/Guariba/Bugio/Prego/Guigó;1;
9407;2020-01-27T08:49:11;PR;Mallet;Obtido pelo GPS ou informado explicitamente;1442.326;9690;Macaco/Guariba/Bugio/Prego/Guigó;1;
9406;2020-01-27T08:25:12;PR;Mallet;Obtido pelo GPS ou informado explicitamente;19.0;9689;Macaco/Guariba/Bugio/Prego/Guigó;1;
9405;2020-01-25T18:34:46;SC;Pomerode;Obtido pelo GPS ou informado explicitamente;;9688;Macaco/Guariba/Bugio/Prego/Guigó;1;
9404;2020-01-25T13:40:23;SC;Pomerode;Obtido pelo GPS ou informado explicitamente;;9687;Macaco/Guariba/Bugio/Prego/Guigó;1;
9403;2020-01-25T13:50:18;SC;Pomerode;Obtido pelo GPS ou informado explicitamente;;9686;Macaco/Guariba/Bugio/Prego/Guigó;1;
9402;2020-01-25T12:23:49;SC;Pomerode;Obtido pelo GPS ou informado explicitamente;;9685;Macaco/Guariba/Bugio/Prego/Guigó;1;
9401;2020-01-25T11:52:42;SC;Pomerode;Obtido pelo GPS ou informado explicitamente;;9684;Macaco/Guariba/Bugio/Prego/Guigó;2;
9400;2020-01-26T14:36:03;SC;Campo Alegre;Obtido pelo GPS ou informado explicitamente;3.9;9683;Macaco/Guariba/Bugio/Prego/Guigó;1;
9397;2020-01-26T14:22:01;PR;Quitandinha;Obtido pelo GPS ou informado explicitamente;;9680;Macaco/Guariba/Bugio/Prego/Guigó;1;
9396;2020-01-26T10:58:19;SC;Luiz Alves;Obtido pelo GPS ou informado explicitamente;7.333;9679;Macaco/Guariba/Bugio/Prego/Guigó;1;
9395;2020-01-26T10:54:41;SC;Luiz Alves;Obtido pelo GPS ou informado explicitamente;12.0;9678;Macaco/Guariba/Bugio/Prego/Guigó;1;
9394;2020-01-26T10:50:28;SC;Luiz Alves;Obtido pelo GPS ou informado explicitamente;6.4;9677;Macaco/Guariba/Bugio/Prego/Guigó;1;
9393;2020-01-26T12:08:12;PR;Quitandinha;Obtido pelo GPS ou informado explicitamente;24.0;9676;Macaco/Guariba/Bugio/Prego/Guigó;1;
9392;2020-01-26T10:28:48;SC;Rio Negrinho;Obtido pelo GPS ou informado explicitamente;23.93;9675;Macaco/Guariba/Bugio/Prego/Guigó;1;
9391;2020-01-26T07:47:42;PR;São Mateus do Sul;Obtido pelo GPS ou informado explicitamente;3.9;9674;Macaco/Guariba/Bugio/Prego/Guigó;1;
9388;2020-01-25T15:12:25;SC;Benedito Novo;Obtido pelo GPS ou informado explicitamente;5.36;9671;Macaco/Guariba/Bugio/Prego/Guigó;1;
9387;2020-01-25T12:50:58;SC;Benedito Novo;Obtido pelo GPS ou informado explicitamente;6.432;9670;Macaco/Guariba/Bugio/Prego/Guigó;1;
9386;2020-01-25T15:02:27;PR;Santa Maria do Oeste;Obtido pelo GPS ou informado explicitamente;25.0;9669;Macaco/Guariba/Bugio/Prego/Guigó;1;
9385;2020-01-25T15:55:28;PR;Quitandinha;Obtido pelo GPS ou informado explicitamente;;9668;Macaco/Guariba/Bugio/Prego/Guigó;1;
9384;2020-01-25T15:49:04;PR;Mallet;Obtido pelo GPS ou informado explicitamente;3.9;9667;Macaco/Guariba/Bugio/Prego/Guigó;1;
9383;2020-01-25T14:29:51;SC;Campo Alegre;Obtido pelo GPS ou informado explicitamente;10.0;9666;Macaco/Guariba/Bugio/Prego/Guigó;1;
9380;2020-01-25T12:55:10;PR;São Mateus do Sul;Obtido pelo GPS ou informado explicitamente;3.9;9663;Macaco/Guariba/Bugio/Prego/Guigó;1;
9379;2020-01-25T11:09:58;PR;Rio Azul;Obtido pelo GPS ou informado explicitamente;4.288;9662;Macaco/Guariba/Bugio/Prego/Guigó;2;
9378;2020-01-25T12:01:55;PR;Piên;Obtido pelo GPS ou informado explicitamente;17.152;9661;Macaco/Guariba/Bugio/Prego/Guigó;1;
9377;2020-01-25T11:13:21;PR;Rio Azul;Obtido pelo GPS ou informado explicitamente;17.0;9660;Macaco/Guariba/Bugio/Prego/Guigó;1;
9376;2020-01-25T08:40:36;PE;Camaragibe;Obtido pelo GPS ou informado explicitamente;100.0;9659;Mico/Sagui/Soinho;1;
9375;2020-01-25T07:37:41;SC;Campo Alegre;Obtido pelo GPS ou informado explicitamente;10.0;9658;Macaco/Guariba/Bugio/Prego/Guigó;2;
9374;2020-01-24T18:50:00;SC;Campo Alegre;Obtido pelo GPS ou informado explicitamente;3.786;9657;Macaco/Guariba/Bugio/Prego/Guigó;1;
9373;2020-01-24T14:32:03;PR;São Mateus do Sul;Obtido pelo GPS ou informado explicitamente;3.9;9656;Macaco/Guariba/Bugio/Prego/Guigó;1;
9372;2020-01-24T16:10:49;SC;Mafra;Obtido pelo GPS ou informado explicitamente;3799.999;9655;Macaco/Guariba/Bugio/Prego/Guigó;1;
9371;2020-01-24T16:21:51;PR;Piên;Obtido pelo GPS ou informado explicitamente;-1.0;9654;Macaco/Guariba/Bugio/Prego/Guigó;1;
9370;2020-01-24T16:16:18;PR;Piên;Obtido pelo GPS ou informado explicitamente;-1.0;9653;Macaco/Guariba/Bugio/Prego/Guigó;1;
9369;2020-01-24T15:35:10;SC;Blumenau;Obtido pelo GPS ou informado explicitamente;56.0;9652;Macaco/Guariba/Bugio/Prego/Guigó;1;
9368;2020-01-24T14:26:45;PR;Paulo Frontin;Obtido pelo GPS ou informado explicitamente;4.288;9651;Macaco/Guariba/Bugio/Prego/Guigó;1;
9367;2020-01-24T14:09:41;SC;Campo Alegre;Obtido pelo GPS ou informado explicitamente;0.0;9650;Macaco/Guariba/Bugio/Prego/Guigó;1;
9366;2020-01-24T14:44:56;PR;Balsa Nova;Coordenadas obtidas a partir do endereço;-1.0;9649;Macaco/Guariba/Bugio/Prego/Guigó;1;
9365;2020-01-24T14:31:44;PR;Balsa Nova;Coordenadas obtidas a partir do endereço;-1.0;9648;Macaco/Guariba/Bugio/Prego/Guigó;1;
9364;2020-01-24T14:16:08;PR;Balsa Nova;Coordenadas obtidas a partir do endereço;-1.0;9647;Macaco/Guariba/Bugio/Prego/Guigó;1;
9363;2020-01-24T10:07:08;PR;Pitanga;Obtido pelo GPS ou informado explicitamente;8.576;9646;Macaco/Guariba/Bugio/Prego/Guigó;1;
9362;2020-01-24T09:40:12;PR;Pitanga;Obtido pelo GPS ou informado explicitamente;4.13;9645;Macaco/Guariba/Bugio/Prego/Guigó;1;
9361;2020-01-24T09:57:26;PR;Campo do Tenente;Obtido pelo GPS ou informado explicitamente;12.864;9644;Macaco/Guariba/Bugio/Prego/Guigó;1;
9360;2020-01-24T09:47:35;SC;Campo Alegre;Obtido pelo GPS ou informado explicitamente;3.216;9643;Macaco/Guariba/Bugio/Prego/Guigó;1;
9359;2020-01-24T09:37:09;PR;Palmeira;Obtido pelo GPS ou informado explicitamente;3.9;9642;Macaco/Guariba/Bugio/Prego/Guigó;1;
9358;2020-01-23T20:35:46;SC;Campo Alegre;Obtido pelo GPS ou informado explicitamente;6.432;9641;Macaco/Guariba/Bugio/Prego/Guigó;1;
9357;2020-01-23T15:13:50;PR;Piraí do Sul;Obtido pelo GPS ou informado explicitamente;10.0;9640;Macaco/Guariba/Bugio/Prego/Guigó;1;
9356;2020-01-23T15:10:36;PR;Piraí do Sul;Obtido pelo GPS ou informado explicitamente;12.0;9639;Macaco/Guariba/Bugio/Prego/Guigó;1;
9354;2020-01-23T16:54:22;PR;Mallet;Obtido pelo GPS ou informado explicitamente;15.0;9637;Macaco/Guariba/Bugio/Prego/Guigó;3;
9353;2020-01-23T16:35:29;PR;Mallet;Obtido pelo GPS ou informado explicitamente;30.0;9636;Macaco/Guariba/Bugio/Prego/Guigó;1;
9352;2020-01-23T14:10:33;SC;Campo Alegre;Obtido pelo GPS ou informado explicitamente;3.763;9635;Macaco/Guariba/Bugio/Prego/Guigó;1;
9351;2020-01-23T16:28:11;PR;Antônio Olinto;Obtido pelo GPS ou informado explicitamente;0.0;9634;Macaco/Guariba/Bugio/Prego/Guigó;1;
9350;2020-01-23T10:24:31;PR;São Mateus do Sul;Obtido pelo GPS ou informado explicitamente;3.94;9633;Macaco/Guariba/Bugio/Prego/Guigó;1;
9349;2020-01-23T10:03:59;PR;Antônio Olinto;Obtido pelo GPS ou informado explicitamente;5.2;9632;Macaco/Guariba/Bugio/Prego/Guigó;1;
9348;2020-01-23T17:02:48;SC;Pomerode;Obtido pelo GPS ou informado explicitamente;;9631;Macaco/Guariba/Bugio/Prego/Guigó;1;
9347;2020-01-23T15:11:49;SC;Santa Cecília;Obtido pelo GPS ou informado explicitamente;0.0;9630;Macaco/Guariba/Bugio/Prego/Guigó;1;
9346;2020-01-23T15:02:08;SC;Santa Cecília;Obtido pelo GPS ou informado explicitamente;3.94;9629;Macaco/Guariba/Bugio/Prego/Guigó;1;
9345;2020-01-23T15:36:17;PR;Piên;Obtido pelo GPS ou informado explicitamente;-1.0;9628;Macaco/Guariba/Bugio/Prego/Guigó;1;
9344;2020-01-23T09:58:13;PR;Campo do Tenente;Obtido pelo GPS ou informado explicitamente;3.22;9627;Macaco/Guariba/Bugio/Prego/Guigó;1;
9343;2020-01-23T14:27:26;PR;Palmeira;Obtido pelo GPS ou informado explicitamente;10.72;9626;Macaco/Guariba/Bugio/Prego/Guigó;1;
9342;2020-01-23T13:13:34;PE;Gravatá;Obtido pelo GPS ou informado explicitamente;23.638;9625;Mico/Sagui/Soinho;1;Normal
9341;2020-01-23T12:19:56;PE;Limoeiro;Coordenadas obtidas a partir do endereço;-1.0;9624;Macaco/Guariba/Bugio/Prego/Guigó;2;
9340;2020-01-23T11:51:01;PR;Mallet;Obtido pelo GPS ou informado explicitamente;20.0;9623;Macaco/Guariba/Bugio/Prego/Guigó;1;
9339;2020-01-23T12:55:05;SC;Pomerode;Obtido pelo GPS ou informado explicitamente;;9622;Macaco/Guariba/Bugio/Prego/Guigó;2;
9338;2020-01-23T12:02:55;PE;Gravatá;Obtido pelo GPS ou informado explicitamente;29.051;9621;Mico/Sagui/Soinho;6;Normal
9336;2020-01-23T08:10:26;SC;São Bento do Sul;Obtido pelo GPS ou informado explicitamente;;9619;Macaco/Guariba/Bugio/Prego/Guigó;1;
9335;2020-01-23T07:35:55;SC;São Bento do Sul;Obtido pelo GPS ou informado explicitamente;;9618;Macaco/Guariba/Bugio/Prego/Guigó;1;
9334;2020-01-22T08:32:39;SC;São Bento do Sul;Obtido pelo GPS ou informado explicitamente;;9617;Macaco/Guariba/Bugio/Prego/Guigó;1;
9333;2020-01-22T07:46:51;SC;São Bento do Sul;Obtido pelo GPS ou informado explicitamente;;9616;Macaco/Guariba/Bugio/Prego/Guigó;1;
9332;2020-01-23T11:05:28;PR;Teixeira Soares;Obtido pelo GPS ou informado explicitamente;3.9;9615;Macaco/Guariba/Bugio/Prego/Guigó;1;
9331;2020-01-21T10:15:37;SC;São Bento do Sul;Obtido pelo GPS ou informado explicitamente;;9614;Macaco/Guariba/Bugio/Prego/Guigó;1;
9330;2020-01-21T09:07:18;SC;São Bento do Sul;Obtido pelo GPS ou informado explicitamente;;9613;Macaco/Guariba/Bugio/Prego/Guigó;1;
9329;2020-01-21T08:24:50;SC;São Bento do Sul;Obtido pelo GPS ou informado explicitamente;;9612;Macaco/Guariba/Bugio/Prego/Guigó;1;
9328;2020-01-21T08:16:47;SC;São Bento do Sul;Obtido pelo GPS ou informado explicitamente;;9611;Macaco/Guariba/Bugio/Prego/Guigó;1;
9327;2020-01-20T14:21:37;SC;São Bento do Sul;Obtido pelo GPS ou informado explicitamente;;9610;Macaco/Guariba/Bugio/Prego/Guigó;1;
9326;2020-01-20T13:46:29;SC;São Bento do Sul;Obtido pelo GPS ou informado explicitamente;;9609;Macaco/Guariba/Bugio/Prego/Guigó;1;
9325;2020-01-22T16:17:36;PR;São Mateus do Sul;Obtido pelo GPS ou informado explicitamente;3.416;9608;Macaco/Guariba/Bugio/Prego/Guigó;1;
9324;2020-01-22T17:29:24;SC;Pomerode;Obtido pelo GPS ou informado explicitamente;;9607;Macaco/Guariba/Bugio/Prego/Guigó;1;
9323;2020-01-22T16:11:43;PR;Antônio Olinto;Obtido pelo GPS ou informado explicitamente;12388.654;9606;Macaco/Guariba/Bugio/Prego/Guigó;2;Normal
9322;2020-01-22T16:04:59;PR;Antônio Olinto;Obtido pelo GPS ou informado explicitamente;9.0;9605;Macaco/Guariba/Bugio/Prego/Guigó;1;
9321;2020-01-20T13:23:38;SC;São Bento do Sul;Obtido pelo GPS ou informado explicitamente;;9604;Macaco/Guariba/Bugio/Prego/Guigó;1;
9320;2020-01-20T12:59:41;SC;São Bento do Sul;Obtido pelo GPS ou informado explicitamente;;9603;Macaco/Guariba/Bugio/Prego/Guigó;1;
9319;2020-01-20T09:58:19;SC;São Bento do Sul;Obtido pelo GPS ou informado explicitamente;;9602;Macaco/Guariba/Bugio/Prego/Guigó;1;
9318;2020-01-20T08:24:12;SC;São Bento do Sul;Obtido pelo GPS ou informado explicitamente;;9601;Macaco/Guariba/Bugio/Prego/Guigó;1;
9317;2020-01-20T08:15:07;SC;São Bento do Sul;Obtido pelo GPS ou informado explicitamente;;9600;Macaco/Guariba/Bugio/Prego/Guigó;1;
9316;2020-01-20T07:38:28;SC;São Bento do Sul;Obtido pelo GPS ou informado explicitamente;;9599;Macaco/Guariba/Bugio/Prego/Guigó;1;
9315;2020-01-22T14:52:18;SC;Pomerode;Obtido pelo GPS ou informado explicitamente;;9598;Macaco/Guariba/Bugio/Prego/Guigó;1;
9314;2019-04-14T14:48:01;PR;Cascavel;Obtido pelo GPS ou informado explicitamente;;9597;Mico/Sagui/Soinho;1;
9313;2020-01-22T14:48:42;SC;Pomerode;Obtido pelo GPS ou informado explicitamente;;9596;Macaco/Guariba/Bugio/Prego/Guigó;1;
9312;2020-01-22T11:18:49;PR;Santa Maria do Oeste;Obtido pelo GPS ou informado explicitamente;34.0;9595;Macaco/Guariba/Bugio/Prego/Guigó;1;
9310;2020-01-17T15:40:37;SC;São Bento do Sul;Obtido pelo GPS ou informado explicitamente;;9593;Macaco/Guariba/Bugio/Prego/Guigó;1;
9309;2020-01-17T13:53:21;SC;São Bento do Sul;Obtido pelo GPS ou informado explicitamente;;9592;Macaco/Guariba/Bugio/Prego/Guigó;1;
9308;2020-01-22T11:06:45;PR;Mallet;Obtido pelo GPS ou informado explicitamente;5.0;9591;Macaco/Guariba/Bugio/Prego/Guigó;1;
9307;2020-01-17T11:30:00;SC;São Bento do Sul;Obtido pelo GPS ou informado explicitamente;;9590;Macaco/Guariba/Bugio/Prego/Guigó;1;
9306;2020-01-22T09:12:34;PR;São Mateus do Sul;Obtido pelo GPS ou informado explicitamente;2.23;9589;Macaco/Guariba/Bugio/Prego/Guigó;1;
9305;2020-01-17T09:28:36;SC;São Bento do Sul;Obtido pelo GPS ou informado explicitamente;;9588;Macaco/Guariba/Bugio/Prego/Guigó;1;
9304;2020-01-17T07:25:57;SC;São Bento do Sul;Obtido pelo GPS ou informado explicitamente;;9587;Macaco/Guariba/Bugio/Prego/Guigó;1;
9303;2020-01-16T14:36:58;SC;São Bento do Sul;Obtido pelo GPS ou informado explicitamente;;9586;Macaco/Guariba/Bugio/Prego/Guigó;1;
9302;2020-01-16T11:59:07;SC;São Bento do Sul;Obtido pelo GPS ou informado explicitamente;;9585;Macaco/Guariba/Bugio/Prego/Guigó;1;
9301;2019-11-21T14:30:00;PR;Cascavel;Obtido pelo GPS ou informado explicitamente;;9584;Mico/Sagui/Soinho;1;
9300;2020-01-16T08:33:26;SC;São Bento do Sul;Obtido pelo GPS ou informado explicitamente;;9583;Macaco/Guariba/Bugio/Prego/Guigó;1;
9299;2020-01-16T07:50:59;SC;São Bento do Sul;Obtido pelo GPS ou informado explicitamente;;9582;Macaco/Guariba/Bugio/Prego/Guigó;1;
9298;2019-12-24T09:39:08;PR;Cascavel;Obtido pelo GPS ou informado explicitamente;;9581;Macaco/Guariba/Bugio/Prego/Guigó;1;
9297;2020-01-21T14:30:19;PR;São João do Triunfo;Obtido pelo GPS ou informado explicitamente;9.0;9580;Macaco/Guariba/Bugio/Prego/Guigó;1;
9296;2020-01-21T14:03:25;PR;São João do Triunfo;Obtido pelo GPS ou informado explicitamente;22.0;9579;Macaco/Guariba/Bugio/Prego/Guigó;1;
9295;2020-01-21T13:28:48;PR;São João do Triunfo;Obtido pelo GPS ou informado explicitamente;12.0;9578;Macaco/Guariba/Bugio/Prego/Guigó;1;
9294;2020-01-21T13:15:59;PR;São João do Triunfo;Obtido pelo GPS ou informado explicitamente;10.5;9577;Macaco/Guariba/Bugio/Prego/Guigó;1;
9293;2020-01-21T13:38:01;PR;São João do Triunfo;Obtido pelo GPS ou informado explicitamente;16.5;9576;Macaco/Guariba/Bugio/Prego/Guigó;1;
9292;2020-01-21T13:32:23;PR;São João do Triunfo;Obtido pelo GPS ou informado explicitamente;13.5;9575;Macaco/Guariba/Bugio/Prego/Guigó;1;
9291;2020-01-21T13:50:46;SC;Massaranduba;Obtido pelo GPS ou informado explicitamente;165.0;9574;Macaco/Guariba/Bugio/Prego/Guigó;1;
9290;2020-01-21T17:21:05;SC;Pomerode;Obtido pelo GPS ou informado explicitamente;;9573;Macaco/Guariba/Bugio/Prego/Guigó;1;
9289;2020-01-21T17:19:11;SC;Pomerode;Obtido pelo GPS ou informado explicitamente;;9572;Macaco/Guariba/Bugio/Prego/Guigó;1;
9288;2020-01-21T09:52:45;PR;Piraí do Sul;Obtido pelo GPS ou informado explicitamente;2500.0;9571;Macaco/Guariba/Bugio/Prego/Guigó;1;
9287;2020-01-21T08:55:30;PR;Piraí do Sul;Obtido pelo GPS ou informado explicitamente;14.5;9570;Macaco/Guariba/Bugio/Prego/Guigó;1;
9286;2020-01-21T08:54:16;PR;Piraí do Sul;Obtido pelo GPS ou informado explicitamente;12.5;9569;Macaco/Guariba/Bugio/Prego/Guigó;1;
9285;2020-01-21T08:52:35;PR;Piraí do Sul;Obtido pelo GPS ou informado explicitamente;11.0;9568;Macaco/Guariba/Bugio/Prego/Guigó;1;
9284;2020-01-21T08:29:20;PR;Piraí do Sul;Obtido pelo GPS ou informado explicitamente;2500.0;9567;Macaco/Guariba/Bugio/Prego/Guigó;1;
9278;2020-01-21T14:39:46;SC;Pomerode;Obtido pelo GPS ou informado explicitamente;;9561;Macaco/Guariba/Bugio/Prego/Guigó;3;
9277;2020-01-21T11:19:20;PR;Antônio Olinto;Obtido pelo GPS ou informado explicitamente;6.8;9560;Macaco/Guariba/Bugio/Prego/Guigó;1;
9276;2020-01-20T19:51:48;PR;Antônio Olinto;Obtido pelo GPS ou informado explicitamente;5.0;9559;Macaco/Guariba/Bugio/Prego/Guigó;1;
9275;2020-01-21T13:18:27;PE;Gravatá;Obtido pelo GPS ou informado explicitamente;22.304;9558;Mico/Sagui/Soinho;5;Normal
9270;2020-01-21T10:32:50;RS;Sede Nova;Obtido pelo GPS ou informado explicitamente;6.8;9553;Macaco/Guariba/Bugio/Prego/Guigó;1;
9269;2020-01-21T12:45:05;SC;Pomerode;Obtido pelo GPS ou informado explicitamente;;9552;Macaco/Guariba/Bugio/Prego/Guigó;1;
9268;2020-01-21T08:59:13;SC;Jaraguá do Sul;Obtido pelo GPS ou informado explicitamente;2799.999;9551;Macaco/Guariba/Bugio/Prego/Guigó;1;
9267;2020-01-21T09:35:15;SC;Campo Alegre;Obtido pelo GPS ou informado explicitamente;2299.999;9550;Macaco/Guariba/Bugio/Prego/Guigó;2;
9264;2020-01-21T09:27:19;SC;Campo Alegre;Obtido pelo GPS ou informado explicitamente;2299.999;9547;Macaco/Guariba/Bugio/Prego/Guigó;2;
9263;2020-01-20T23:14:17;SC;Irineópolis;Coordenadas obtidas a partir do endereço;-1.0;9546;Macaco/Guariba/Bugio/Prego/Guigó;1;
9262;2020-01-20T18:39:48;PR;Antônio Olinto;Obtido pelo GPS ou informado explicitamente;9.648;9545;Macaco/Guariba/Bugio/Prego/Guigó;1;
9261;2020-01-20T16:37:37;PR;São Mateus do Sul;Obtido pelo GPS ou informado explicitamente;3.664;9544;Macaco/Guariba/Bugio/Prego/Guigó;1;
9260;2020-01-20T15:43:25;PR;Palmeira;Obtido pelo GPS ou informado explicitamente;15.17;9543;Macaco/Guariba/Bugio/Prego/Guigó;1;
9258;2020-01-20T14:10:22;PR;Palmeira;Obtido pelo GPS ou informado explicitamente;1403.668;9541;Macaco/Guariba/Bugio/Prego/Guigó;1;
9257;2020-01-20T14:41:57;PR;Paulo Frontin;Obtido pelo GPS ou informado explicitamente;26.0;9540;Macaco/Guariba/Bugio/Prego/Guigó;3;
9256;2020-01-20T12:34:48;PR;São Mateus do Sul;Obtido pelo GPS ou informado explicitamente;3.9;9539;Macaco/Guariba/Bugio/Prego/Guigó;1;
9254;2020-01-19T19:05:38;SC;Pomerode;Obtido pelo GPS ou informado explicitamente;96.0;9537;Macaco/Guariba/Bugio/Prego/Guigó;3;Normal
9253;2020-01-20T12:50:17;SC;Pomerode;Obtido pelo GPS ou informado explicitamente;;9536;Macaco/Guariba/Bugio/Prego/Guigó;1;
9252;2020-01-20T11:59:54;SC;Pomerode;Obtido pelo GPS ou informado explicitamente;;9535;Macaco/Guariba/Bugio/Prego/Guigó;2;
9251;2020-01-20T09:42:59;PR;São Mateus do Sul;Obtido pelo GPS ou informado explicitamente;1.9;9534;Macaco/Guariba/Bugio/Prego/Guigó;1;
9250;2020-01-20T11:26:49;SC;Pomerode;Obtido pelo GPS ou informado explicitamente;;9533;Macaco/Guariba/Bugio/Prego/Guigó;1;
9249;2020-01-20T09:09:52;SC;Timbó;Obtido pelo GPS ou informado explicitamente;1571.919;9532;Macaco/Guariba/Bugio/Prego/Guigó;1;
9248;2020-01-20T09:18:49;SC;Campo Alegre;Obtido pelo GPS ou informado explicitamente;2815.0;9531;Macaco/Guariba/Bugio/Prego/Guigó;1;
9247;2020-01-20T08:47:14;PR;São João do Triunfo;Obtido pelo GPS ou informado explicitamente;96.0;9530;Macaco/Guariba/Bugio/Prego/Guigó;4;
9228;2020-01-19T15:03:45;SC;Blumenau;Obtido pelo GPS ou informado explicitamente;4.55;9510;Macaco/Guariba/Bugio/Prego/Guigó;1;
9227;2020-01-19T09:00:58;PR;Rio Azul;Obtido pelo GPS ou informado explicitamente;20.368;9509;Macaco/Guariba/Bugio/Prego/Guigó;1;
9226;2020-01-19T08:48:01;PR;Rio Azul;Obtido pelo GPS ou informado explicitamente;8.576;9508;Macaco/Guariba/Bugio/Prego/Guigó;1;
9224;2020-01-18T20:00:54;PR;Rio Azul;Obtido pelo GPS ou informado explicitamente;13.936;9506;Macaco/Guariba/Bugio/Prego/Guigó;1;
9223;2020-01-18T16:34:21;SC;Pomerode;Obtido pelo GPS ou informado explicitamente;6.432;9505;Macaco/Guariba/Bugio/Prego/Guigó;1;
9222;2020-01-18T12:55:07;PR;São Mateus do Sul;Obtido pelo GPS ou informado explicitamente;7.0;9504;Macaco/Guariba/Bugio/Prego/Guigó;1;
9221;2020-01-18T15:41:25;SC;Pomerode;Obtido pelo GPS ou informado explicitamente;3.216;9503;Macaco/Guariba/Bugio/Prego/Guigó;1;
9218;2019-08-17T09:13:40;SP;Caraguatatuba;Obtido pelo GPS ou informado explicitamente;2572.0;9500;Macaco/Guariba/Bugio/Prego/Guigó;2;Normal
9217;2020-01-18T14:34:31;SC;Pomerode;Obtido pelo GPS ou informado explicitamente;4.288;9499;Macaco/Guariba/Bugio/Prego/Guigó;1;
9212;2020-01-18T09:01:18;PR;São Mateus do Sul;Obtido pelo GPS ou informado explicitamente;3.9;9494;Macaco/Guariba/Bugio/Prego/Guigó;1;
9211;2020-01-18T08:49:09;PR;São Mateus do Sul;Obtido pelo GPS ou informado explicitamente;1.95;9493;Macaco/Guariba/Bugio/Prego/Guigó;1;
9211;2020-01-18T08:49:09;PR;São Mateus do Sul;Obtido pelo GPS ou informado explicitamente;1.95;9492;Macaco/Guariba/Bugio/Prego/Guigó;1;
9210;2020-01-17T21:58:06;PR;São Mateus do Sul;Obtido pelo GPS ou informado explicitamente;3.9;9491;Macaco/Guariba/Bugio/Prego/Guigó;1;
9204;2020-01-17T21:31:44;SC;Campo Alegre;Obtido pelo GPS ou informado explicitamente;3.729;9485;Macaco/Guariba/Bugio/Prego/Guigó;1;
9203;2020-01-17T16:35:44;SC;Pomerode;Coordenadas obtidas a partir do endereço;;9484;Macaco/Guariba/Bugio/Prego/Guigó;1;Normal
9202;2020-01-17T15:39:52;SC;Pomerode;Coordenadas obtidas a partir do endereço;;9483;Macaco/Guariba/Bugio/Prego/Guigó;1;
9201;2020-01-17T16:21:40;PR;Contenda;Obtido pelo GPS ou informado explicitamente;3.3;9482;Macaco/Guariba/Bugio/Prego/Guigó;1;
9200;2020-01-17T14:40:51;SC;Campo Alegre;Obtido pelo GPS ou informado explicitamente;;9481;Macaco/Guariba/Bugio/Prego/Guigó;1;
9199;2020-01-17T15:32:11;PR;Ponta Grossa;Obtido pelo GPS ou informado explicitamente;5.0;9480;Macaco/Guariba/Bugio/Prego/Guigó;1;
9198;2020-01-17T13:43:26;PE;Camaragibe;Obtido pelo GPS ou informado explicitamente;5.0;9479;Macaco/Guariba/Bugio/Prego/Guigó;1;
9196;2020-01-16T11:08:40;SC;Rio Negrinho;Obtido pelo GPS ou informado explicitamente;50.0;9477;Macaco/Guariba/Bugio/Prego/Guigó;1;
9195;2020-01-17T09:52:24;PR;São João do Triunfo;Obtido pelo GPS ou informado explicitamente;11.5;9476;Macaco/Guariba/Bugio/Prego/Guigó;1;
9194;2020-01-17T10:22:48;PR;São João do Triunfo;Obtido pelo GPS ou informado explicitamente;15.5;9475;Macaco/Guariba/Bugio/Prego/Guigó;1;
9193;2019-09-04T10:26:58;SC;Pomerode;Coordenadas obtidas a partir do endereço;;9474;Macaco/Guariba/Bugio/Prego/Guigó;1;
9192;2019-10-28T11:15:55;SC;Pomerode;Coordenadas obtidas a partir do endereço;;9473;Macaco/Guariba/Bugio/Prego/Guigó;1;
9191;2019-10-29T11:10:57;SC;Pomerode;Coordenadas obtidas a partir do endereço;;9472;Macaco/Guariba/Bugio/Prego/Guigó;1;
9190;2019-12-09T09:47:49;SC;Pomerode;Coordenadas obtidas a partir do endereço;;9471;Macaco/Guariba/Bugio/Prego/Guigó;1;
9189;2019-11-25T09:41:28;SC;Pomerode;Coordenadas obtidas a partir do endereço;;9470;Macaco/Guariba/Bugio/Prego/Guigó;1;
9188;2020-01-13T09:25:30;SC;Pomerode;Coordenadas obtidas a partir do endereço;;9469;Macaco/Guariba/Bugio/Prego/Guigó;1;Doente
9187;2019-12-24T16:59:58;SC;Pomerode;Coordenadas obtidas a partir do endereço;-1.0;9468;Macaco/Guariba/Bugio/Prego/Guigó;2;
9186;2019-12-03T16:53:54;SC;Pomerode;Coordenadas obtidas a partir do endereço;-1.0;9467;Macaco/Guariba/Bugio/Prego/Guigó;1;
9185;2020-01-14T16:49:54;SC;Pomerode;Obtido pelo GPS ou informado explicitamente;0.0;9466;Macaco/Guariba/Bugio/Prego/Guigó;1;Normal
9184;2020-01-14T16:43:53;SC;Pomerode;Obtido pelo GPS ou informado explicitamente;0.0;9465;Macaco/Guariba/Bugio/Prego/Guigó;1;
9183;2020-01-10T15:23:29;SC;Pomerode;Coordenadas obtidas a partir do endereço;-1.0;9464;Macaco/Guariba/Bugio/Prego/Guigó;1;
9182;2020-01-07T15:19:48;SC;Pomerode;Coordenadas obtidas a partir do endereço;-1.0;9463;Macaco/Guariba/Bugio/Prego/Guigó;2;
9181;2019-12-24T15:14:05;SC;Pomerode;Coordenadas obtidas a partir do endereço;-1.0;9462;Macaco/Guariba/Bugio/Prego/Guigó;1;
9180;2020-01-16T17:05:29;SC;Pomerode;Obtido pelo GPS ou informado explicitamente;16.826;9461;Macaco/Guariba/Bugio/Prego/Guigó;1;Doente
9179;2020-01-16T16:57:09;SC;Pomerode;Obtido pelo GPS ou informado explicitamente;50.257;9460;Macaco/Guariba/Bugio/Prego/Guigó;1;
9178;2020-01-16T15:58:27;PR;Chopinzinho;Obtido pelo GPS ou informado explicitamente;3.9;9459;Macaco/Guariba/Bugio/Prego/Guigó;1;
9177;2020-01-16T16:49:53;SC;Pomerode;Obtido pelo GPS ou informado explicitamente;50.055;9458;Macaco/Guariba/Bugio/Prego/Guigó;1;Doente
9176;2020-01-16T14:34:59;PR;São João do Triunfo;Obtido pelo GPS ou informado explicitamente;3.9;9457;Macaco/Guariba/Bugio/Prego/Guigó;1;
9175;2020-01-16T11:35:12;PR;Mallet;Obtido pelo GPS ou informado explicitamente;1997.977;9456;Macaco/Guariba/Bugio/Prego/Guigó;1;
9174;2020-01-15T14:24:04;PR;Antônio Olinto;Obtido pelo GPS ou informado explicitamente;6.67;9455;Macaco/Guariba/Bugio/Prego/Guigó;1;
9171;2020-01-15T17:30:38;SC;Ibiam;Obtido pelo GPS ou informado explicitamente;12.0;9452;Macaco/Guariba/Bugio/Prego/Guigó;1;
9168;2020-01-15T18:12:31;PR;Mallet;Obtido pelo GPS ou informado explicitamente;3099.999;9449;Macaco/Guariba/Bugio/Prego/Guigó;1;
9167;2020-01-15T17:53:44;RJ;Rio de Janeiro;Obtido pelo GPS ou informado explicitamente;65.0;9448;Mico/Sagui/Soinho;3;Normal
9166;2020-01-15T16:16:06;PR;Mallet;Obtido pelo GPS ou informado explicitamente;23.0;9447;Macaco/Guariba/Bugio/Prego/Guigó;6;
9165;2020-01-13T11:47:00;SC;São Bento do Sul;Obtido pelo GPS ou informado explicitamente;-1.0;9446;Macaco/Guariba/Bugio/Prego/Guigó;1;
9164;2020-01-15T11:32:04;SC;São Bento do Sul;Obtido pelo GPS ou informado explicitamente;6.151;9445;Macaco/Guariba/Bugio/Prego/Guigó;1;
9163;2020-01-15T09:07:52;SC;Campo Alegre;Obtido pelo GPS ou informado explicitamente;3146.0;9444;Macaco/Guariba/Bugio/Prego/Guigó;1;
9162;2020-01-15T09:56:54;SC;Jaraguá do Sul;Obtido pelo GPS ou informado explicitamente;594.159;9443;Macaco/Guariba/Bugio/Prego/Guigó;1;
9161;2020-01-15T09:05:54;SC;Jaraguá do Sul;Obtido pelo GPS ou informado explicitamente;72.9;9442;Macaco/Guariba/Bugio/Prego/Guigó;1;
9160;2020-01-15T11:03:45;PR;Piên;Obtido pelo GPS ou informado explicitamente;16.115;9441;Macaco/Guariba/Bugio/Prego/Guigó;1;
9159;2020-01-15T10:45:11;PR;Piên;Obtido pelo GPS ou informado explicitamente;16.289;9440;Macaco/Guariba/Bugio/Prego/Guigó;1;
9158;2020-01-14T20:31:17;PR;Lapa;Obtido pelo GPS ou informado explicitamente;8.6;9439;Macaco/Guariba/Bugio/Prego/Guigó;1;
9157;2020-01-14T22:29:22;PR;São Mateus do Sul;Obtido pelo GPS ou informado explicitamente;3.9;9438;Macaco/Guariba/Bugio/Prego/Guigó;1;
9155;2019-05-12T15:30:00;PR;Pato Branco;Obtido pelo GPS ou informado explicitamente;3.9;9436;Macaco/Guariba/Bugio/Prego/Guigó;1;Normal
9152;2020-01-14T16:42:41;PR;Araucária;Obtido pelo GPS ou informado explicitamente;17.5;9433;Macaco/Guariba/Bugio/Prego/Guigó;1;
9150;2020-01-14T16:27:56;SC;São José do Cerrito;Coordenadas obtidas a partir do endereço;;9431;Macaco/Guariba/Bugio/Prego/Guigó;1;
9149;2020-01-14T14:42:45;PR;Ponta Grossa;Obtido pelo GPS ou informado explicitamente;10.0;9430;Macaco/Guariba/Bugio/Prego/Guigó;1;
9148;2020-01-14T14:37:20;PR;Ponta Grossa;Obtido pelo GPS ou informado explicitamente;50.0;9429;Macaco/Guariba/Bugio/Prego/Guigó;1;
9135;2020-01-10T13:24:00;SC;São Bento do Sul;Obtido pelo GPS ou informado explicitamente;-1.0;9416;Macaco/Guariba/Bugio/Prego/Guigó;1;
9134;2020-01-14T08:36:07;SC;São Bento do Sul;Obtido pelo GPS ou informado explicitamente;5.937;9415;Macaco/Guariba/Bugio/Prego/Guigó;1;
9132;2019-12-05T16:54:34;SC;Pomerode;Coordenadas obtidas a partir do endereço;-1.0;9413;Macaco/Guariba/Bugio/Prego/Guigó;1;
9131;2019-09-24T08:34:40;SC;Pomerode;Obtido pelo GPS ou informado explicitamente;723.788;9412;Macaco/Guariba/Bugio/Prego/Guigó;3;Normal
9130;2020-01-13T16:29:51;SC;Cerro Negro;Obtido pelo GPS ou informado explicitamente;46.096;9411;Macaco/Guariba/Bugio/Prego/Guigó;1;
9129;2020-01-13T14:26:36;PR;São João do Triunfo;Obtido pelo GPS ou informado explicitamente;11.0;9410;Macaco/Guariba/Bugio/Prego/Guigó;1;
9128;2020-01-10T08:11:00;SC;São Bento do Sul;Obtido pelo GPS ou informado explicitamente;-1.0;9409;Macaco/Guariba/Bugio/Prego/Guigó;1;
9127;2020-01-13T12:39:52;PR;Mallet;Obtido pelo GPS ou informado explicitamente;96.0;9408;Macaco/Guariba/Bugio/Prego/Guigó;1;
9126;2020-01-13T13:11:24;SC;Massaranduba;Coordenadas obtidas a partir do endereço;;9407;Macaco/Guariba/Bugio/Prego/Guigó;2;
9125;2020-01-13T09:55:48;PR;São João do Triunfo;Obtido pelo GPS ou informado explicitamente;25.0;9406;Macaco/Guariba/Bugio/Prego/Guigó;1;
9124;2020-01-13T08:32:28;PR;São João do Triunfo;Obtido pelo GPS ou informado explicitamente;3.9;9405;Macaco/Guariba/Bugio/Prego/Guigó;2;
9119;2020-01-12T08:35:25;PR;Mallet;Obtido pelo GPS ou informado explicitamente;754.95;9400;Macaco/Guariba/Bugio/Prego/Guigó;1;
9116;2020-01-10T17:55:27;PR;Mallet;Obtido pelo GPS ou informado explicitamente;3.9;9397;Macaco/Guariba/Bugio/Prego/Guigó;1;
9115;2020-01-10T15:45:21;PR;Prudentópolis;Obtido pelo GPS ou informado explicitamente;6.07;9396;Macaco/Guariba/Bugio/Prego/Guigó;1;
9114;2020-01-10T14:49:00;PR;São Mateus do Sul;Obtido pelo GPS ou informado explicitamente;3.0;9395;Macaco/Guariba/Bugio/Prego/Guigó;1;
9113;2020-01-10T14:18:03;PR;Antônio Olinto;Obtido pelo GPS ou informado explicitamente;3.92;9394;Macaco/Guariba/Bugio/Prego/Guigó;1;
9110;2020-01-10T10:33:40;PR;São Mateus do Sul;Coordenadas obtidas a partir do endereço;-1.0;9391;Macaco/Guariba/Bugio/Prego/Guigó;1;
9109;2020-01-10T10:16:40;PR;São Mateus do Sul;Coordenadas obtidas a partir do endereço;-1.0;9390;Macaco/Guariba/Bugio/Prego/Guigó;1;
9108;2020-01-10T10:58:41;PR;São Mateus do Sul;Obtido pelo GPS ou informado explicitamente;3.9;9389;Macaco/Guariba/Bugio/Prego/Guigó;3;
9107;2020-01-10T10:45:16;SC;Luiz Alves;Obtido pelo GPS ou informado explicitamente;5.6;9388;Macaco/Guariba/Bugio/Prego/Guigó;1;
9105;2020-01-09T16:54:01;PR;Teixeira Soares;Obtido pelo GPS ou informado explicitamente;16.5;9386;Macaco/Guariba/Bugio/Prego/Guigó;1;
9104;2020-01-09T14:29:54;PR;Lapa;Obtido pelo GPS ou informado explicitamente;4.6;9385;Macaco/Guariba/Bugio/Prego/Guigó;5;
9102;2020-01-09T09:23:32;SC;Massaranduba;Obtido pelo GPS ou informado explicitamente;32.0;9383;Macaco/Guariba/Bugio/Prego/Guigó;1;
9101;2020-01-09T08:43:33;SC;Massaranduba;Obtido pelo GPS ou informado explicitamente;32.0;9382;Macaco/Guariba/Bugio/Prego/Guigó;1;
9095;2020-01-08T16:16:28;PR;Mallet;Obtido pelo GPS ou informado explicitamente;39.0;9376;Macaco/Guariba/Bugio/Prego/Guigó;1;
9094;2020-01-08T17:06:17;SC;Rodeio;Coordenadas obtidas a partir do endereço;;9375;Macaco/Guariba/Bugio/Prego/Guigó;1;
9093;2020-01-08T15:32:33;PR;São Mateus do Sul;Obtido pelo GPS ou informado explicitamente;2.3;9374;Macaco/Guariba/Bugio/Prego/Guigó;1;
9093;2020-01-08T15:32:33;PR;São Mateus do Sul;Obtido pelo GPS ou informado explicitamente;2.3;9373;Macaco/Guariba/Bugio/Prego/Guigó;1;
9092;2020-01-08T14:28:53;SC;Jaraguá do Sul;Obtido pelo GPS ou informado explicitamente;1332.878;9372;Macaco/Guariba/Bugio/Prego/Guigó;1;
9091;2020-01-08T12:24:47;PE;Camaragibe;Obtido pelo GPS ou informado explicitamente;17.725;9371;Macaco/Guariba/Bugio/Prego/Guigó;1;Doente
9089;2020-01-08T11:50:01;PE;Camaragibe;Obtido pelo GPS ou informado explicitamente;27.301;9369;Macaco/Guariba/Bugio/Prego/Guigó;1;
9088;2020-01-08T11:08:22;PR;São Mateus do Sul;Obtido pelo GPS ou informado explicitamente;3.9;9368;Macaco/Guariba/Bugio/Prego/Guigó;1;
9087;2020-01-08T11:37:55;PE;Camaragibe;Obtido pelo GPS ou informado explicitamente;18.0;9367;Macaco/Guariba/Bugio/Prego/Guigó;1;
9085;2020-01-07T23:34:22;SC;São Bento do Sul;Obtido pelo GPS ou informado explicitamente;-1.0;9365;Macaco/Guariba/Bugio/Prego/Guigó;1;
9084;2020-01-07T22:37:20;SC;São Bento do Sul;Obtido pelo GPS ou informado explicitamente;3.0;9364;Macaco/Guariba/Bugio/Prego/Guigó;1;
9080;2020-01-07T14:13:08;PR;Balsa Nova;Coordenadas obtidas a partir do endereço;-1.0;9360;Macaco/Guariba/Bugio/Prego/Guigó;1;
9079;2020-01-07T13:56:39;PR;Balsa Nova;Coordenadas obtidas a partir do endereço;-1.0;9359;Macaco/Guariba/Bugio/Prego/Guigó;1;
9078;2020-01-07T10:14:00;PR;São Mateus do Sul;Obtido pelo GPS ou informado explicitamente;0.0;9358;Macaco/Guariba/Bugio/Prego/Guigó;1;
9078;2020-01-07T10:14:00;PR;São Mateus do Sul;Obtido pelo GPS ou informado explicitamente;0.0;9357;Macaco/Guariba/Bugio/Prego/Guigó;1;
9076;2020-01-04T15:06:01;PR;Antônio Olinto;Obtido pelo GPS ou informado explicitamente;6.0;9355;Macaco/Guariba/Bugio/Prego/Guigó;2;
9075;2020-01-07T09:20:23;SC;Jaraguá do Sul;Obtido pelo GPS ou informado explicitamente;1299.999;9354;Macaco/Guariba/Bugio/Prego/Guigó;1;
9074;2020-01-07T08:50:36;SC;Jaraguá do Sul;Obtido pelo GPS ou informado explicitamente;2389.0;9353;Macaco/Guariba/Bugio/Prego/Guigó;1;
9073;2020-01-06T09:41:52;PR;São João do Triunfo;Obtido pelo GPS ou informado explicitamente;3.9;9352;Macaco/Guariba/Bugio/Prego/Guigó;1;
9070;2020-01-06T12:08:55;PR;Cândido de Abreu;Obtido pelo GPS ou informado explicitamente;3502.505;9348;Macaco/Guariba/Bugio/Prego/Guigó;1;
9069;2020-01-06T13:33:28;PR;Rio Azul;Obtido pelo GPS ou informado explicitamente;3.0;9347;Macaco/Guariba/Bugio/Prego/Guigó;1;
9065;2020-01-05T21:25:31;SC;Alfredo Wagner;Obtido pelo GPS ou informado explicitamente;0.0;9343;Macaco/Guariba/Bugio/Prego/Guigó;1;Normal
9064;2020-01-05T21:17:21;SC;Alfredo Wagner;Obtido pelo GPS ou informado explicitamente;0.0;9342;Macaco/Guariba/Bugio/Prego/Guigó;1;Normal
9063;2020-01-05T12:34:02;PR;São José dos Pinhais;Obtido pelo GPS ou informado explicitamente;16.552;9341;Macaco/Guariba/Bugio/Prego/Guigó;1;Doente
9051;2020-01-03T14:35:16;SC;Massaranduba;Obtido pelo GPS ou informado explicitamente;24.0;9329;Macaco/Guariba/Bugio/Prego/Guigó;1;
9049;2020-01-03T11:37:01;PE;Camaragibe;Obtido pelo GPS ou informado explicitamente;33.0;9327;Mico/Sagui/Soinho;1;
9048;2020-01-03T10:53:45;RJ;Rio de Janeiro;Coordenadas obtidas a partir do endereço;-1.0;9326;Mico/Sagui/Soinho;1;Doente
9047;2019-01-10T17:29:00;PR;Mangueirinha;Coordenadas obtidas a partir do endereço;-1.0;9325;Macaco/Guariba/Bugio/Prego/Guigó;1;
9042;2020-01-02T10:10:45;PE;Camaragibe;Obtido pelo GPS ou informado explicitamente;24.935;9320;Macaco/Guariba/Bugio/Prego/Guigó;5;
9041;2020-01-02T10:08:07;PE;Camaragibe;Obtido pelo GPS ou informado explicitamente;28.13;9319;Macaco/Guariba/Bugio/Prego/Guigó;2;
9040;2020-01-02T10:05:48;PE;Camaragibe;Obtido pelo GPS ou informado explicitamente;41.0;9318;Macaco/Guariba/Bugio/Prego/Guigó;3;
9039;2020-01-02T09:59:50;PE;Camaragibe;Obtido pelo GPS ou informado explicitamente;17.297;9317;Macaco/Guariba/Bugio/Prego/Guigó;2;
9038;2020-01-02T09:50:53;SC;Jaraguá do Sul;Obtido pelo GPS ou informado explicitamente;37.265;9316;Macaco/Guariba/Bugio/Prego/Guigó;1;
9037;2020-01-02T09:48:49;PE;Camaragibe;Obtido pelo GPS ou informado explicitamente;24.272;9315;Macaco/Guariba/Bugio/Prego/Guigó;1;
9035;2020-01-01T10:35:04;SC;Caçador;Coordenadas obtidas a partir do endereço;-1.0;9313;Macaco/Guariba/Bugio/Prego/Guigó;1;
9033;2019-12-31T17:07:45;SC;Jaraguá do Sul;Obtido pelo GPS ou informado explicitamente;6.253;9311;Macaco/Guariba/Bugio/Prego/Guigó;1;
9032;2019-10-14T16:00:51;SC;São Francisco do Sul;Obtido pelo GPS ou informado explicitamente;3.9;9310;Macaco/Guariba/Bugio/Prego/Guigó;1;
9031;2019-12-31T14:49:15;PR;Mallet;Obtido pelo GPS ou informado explicitamente;96.0;9309;Macaco/Guariba/Bugio/Prego/Guigó;1;
9029;2019-12-31T14:40:49;RJ;Teresópolis;Obtido pelo GPS ou informado explicitamente;16.0;9307;Macaco/Guariba/Bugio/Prego/Guigó;2;Normal
9028;2019-12-30T18:55:04;PR;Cândido de Abreu;Obtido pelo GPS ou informado explicitamente;0.0;9306;Macaco/Guariba/Bugio/Prego/Guigó;1;
9025;2019-12-30T10:46:49;SC;Palmeira;Obtido pelo GPS ou informado explicitamente;19.296;9303;Macaco/Guariba/Bugio/Prego/Guigó;1;
9024;2019-12-30T09:04:08;PR;Palmeira;Obtido pelo GPS ou informado explicitamente;17.152;9302;Macaco/Guariba/Bugio/Prego/Guigó;1;
9022;2019-12-29T20:59:26;SC;Palmeira;Coordenadas obtidas a partir do endereço;-1.0;9300;Macaco/Guariba/Bugio/Prego/Guigó;1;
9020;2019-12-29T14:32:00;SP;Cotia;Coordenadas obtidas a partir do endereço;-1.0;9298;Macaco/Guariba/Bugio/Prego/Guigó;1;Normal
9019;2019-12-29T12:25:52;PR;São José dos Pinhais;Obtido pelo GPS ou informado explicitamente;3.99;9297;Macaco/Guariba/Bugio/Prego/Guigó;1;Doente
9018;2019-12-28T12:00:26;RJ;Rio de Janeiro;Coordenadas obtidas a partir do endereço;-1.0;9296;Macaco/Guariba/Bugio/Prego/Guigó;6;Normal
9015;2019-12-27T17:34:41;PI;Altos;Obtido pelo GPS ou informado explicitamente;96.0;9293;Mico/Sagui/Soinho;3;Normal
9013;2019-12-27T08:59:33;PR;São João do Triunfo;Obtido pelo GPS ou informado explicitamente;12.0;9291;Macaco/Guariba/Bugio/Prego/Guigó;2;
9011;2019-12-26T14:55:59;PR;São João do Triunfo;Obtido pelo GPS ou informado explicitamente;3.9;9289;Macaco/Guariba/Bugio/Prego/Guigó;1;
9010;2019-12-26T14:51:12;PR;Castro;Obtido pelo GPS ou informado explicitamente;15.008;9288;Macaco/Guariba/Bugio/Prego/Guigó;1;
9009;2019-12-26T14:24:43;PR;Castro;Obtido pelo GPS ou informado explicitamente;3.9;9287;Macaco/Guariba/Bugio/Prego/Guigó;1;
9006;2019-12-26T13:32:43;PR;São Mateus do Sul;Obtido pelo GPS ou informado explicitamente;17.027;9284;Macaco/Guariba/Bugio/Prego/Guigó;1;
8997;2019-12-23T10:14:53;PR;Piraí do Sul;Obtido pelo GPS ou informado explicitamente;581.985;9275;Macaco/Guariba/Bugio/Prego/Guigó;1;
8994;2019-12-22T12:11:05;PE;Garanhuns;Obtido pelo GPS ou informado explicitamente;3.22;9272;Mico/Sagui/Soinho;6;Normal
8987;2019-12-19T16:18:25;PR;Porto Rico;Obtido pelo GPS ou informado explicitamente;2799.999;9265;Macaco/Guariba/Bugio/Prego/Guigó;1;
8984;2019-12-19T13:30:32;SC;Maravilha;Obtido pelo GPS ou informado explicitamente;0.0;9262;Macaco/Guariba/Bugio/Prego/Guigó;1;Normal
8983;2019-12-19T12:28:01;SC;Dona Emma;Obtido pelo GPS ou informado explicitamente;9.102;9261;Macaco/Guariba/Bugio/Prego/Guigó;1;
8981;2019-12-18T18:17:09;PR;Curitiba;Obtido pelo GPS ou informado explicitamente;0.0;9259;Macaco/Guariba/Bugio/Prego/Guigó;1;
8974;2019-12-18T14:28:23;PR;Teixeira Soares;Obtido pelo GPS ou informado explicitamente;11.0;9252;Macaco/Guariba/Bugio/Prego/Guigó;1;
8972;2019-12-17T15:42:05;MG;Barbacena;Obtido pelo GPS ou informado explicitamente;72.404;9250;Mico/Sagui/Soinho;3;
8961;2019-12-17T13:06:49;SC;Indaial;Obtido pelo GPS ou informado explicitamente;0.0;9239;Macaco/Guariba/Bugio/Prego/Guigó;1;
8960;2019-12-17T09:21:53;PR;Palmeira;Obtido pelo GPS ou informado explicitamente;12.136;9238;Macaco/Guariba/Bugio/Prego/Guigó;1;
8959;2019-12-16T14:12:30;PR;Sapopema;Obtido pelo GPS ou informado explicitamente;3.22;9237;Macaco/Guariba/Bugio/Prego/Guigó;1;
8956;2019-12-14T16:27:02;SC;Urubici;Obtido pelo GPS ou informado explicitamente;5.0;9234;Macaco/Guariba/Bugio/Prego/Guigó;1;
8949;2019-12-13T15:57:04;SC;Galvão;Obtido pelo GPS ou informado explicitamente;3.9;9227;Macaco/Guariba/Bugio/Prego/Guigó;1;
8945;2019-12-13T13:50:25;PR;Teixeira Soares;Obtido pelo GPS ou informado explicitamente;10.0;9223;Macaco/Guariba/Bugio/Prego/Guigó;1;
8941;2019-12-12T08:57:38;PE;Goiana;Obtido pelo GPS ou informado explicitamente;128.9;9219;Macaco/Guariba/Bugio/Prego/Guigó;6;Normal
8928;2019-12-12T14:26:40;PI;Altos;Obtido pelo GPS ou informado explicitamente;14.124;9206;Macaco/Guariba/Bugio/Prego/Guigó;10;Normal
8927;2019-12-12T11:03:46;PE;Goiana;Coordenadas obtidas a partir do endereço;-1.0;9205;Macaco/Guariba/Bugio/Prego/Guigó;6;Normal
8926;2019-12-12T10:42:45;BA;Feira de Santana;Obtido pelo GPS ou informado explicitamente;3.76;9204;Mico/Sagui/Soinho;1;
8924;2019-12-12T09:24:42;SC;Palmeira;Obtido pelo GPS ou informado explicitamente;5.36;9202;Macaco/Guariba/Bugio/Prego/Guigó;1;
8922;2019-12-11T17:03:34;PR;Palmeira;Obtido pelo GPS ou informado explicitamente;8.576;9200;Macaco/Guariba/Bugio/Prego/Guigó;1;
8921;2019-12-12T08:34:49;SC;Palmeira;Obtido pelo GPS ou informado explicitamente;5.2;9199;Macaco/Guariba/Bugio/Prego/Guigó;1;
8778;2019-10-17T09:06:26;PR;Paranavaí;Coordenadas obtidas a partir do endereço;-1.0;9026;Macaco/Guariba/Bugio/Prego/Guigó;1;
8776;2019-12-10T16:34:58;PR;Lapa;Obtido pelo GPS ou informado explicitamente;5.6;9024;Macaco/Guariba/Bugio/Prego/Guigó;1;
8767;2019-12-10T12:12:47;SC;São Bento do Sul;Obtido pelo GPS ou informado explicitamente;17.152;9015;Macaco/Guariba/Bugio/Prego/Guigó;1;
8757;2019-12-09T13:02:25;PR;Piên;Coordenadas obtidas a partir do endereço;-1.0;9005;Macaco/Guariba/Bugio/Prego/Guigó;1;Estranho
8756;2019-12-09T08:24:16;PR;Piraí do Sul;Obtido pelo GPS ou informado explicitamente;1799.999;9004;Macaco/Guariba/Bugio/Prego/Guigó;1;
8755;2019-12-09T08:02:41;PR;Santana do Itararé;Obtido pelo GPS ou informado explicitamente;3.216;9003;Macaco/Guariba/Bugio/Prego/Guigó;15;Normal
8753;2019-12-08T18:55:35;RJ;Niterói;Coordenadas obtidas a partir do endereço;-1.0;9001;Mico/Sagui/Soinho;1;
8752;2019-12-08T12:04:47;RJ;Rio de Janeiro;Obtido pelo GPS ou informado explicitamente;96.0;9000;Mico/Sagui/Soinho;7;Normal
8751;2019-12-07T20:23:22;PI;São Raimundo Nonato;Obtido pelo GPS ou informado explicitamente;0.0;8999;Macaco/Guariba/Bugio/Prego/Guigó;1;Normal
8750;2019-12-07T20:10:38;PI;Coronel José Dias;Obtido pelo GPS ou informado explicitamente;0.0;8998;Macaco/Guariba/Bugio/Prego/Guigó;34;Normal
8748;2019-12-07T20:02:26;PI;Coronel José Dias;Obtido pelo GPS ou informado explicitamente;0.0;8996;Macaco/Guariba/Bugio/Prego/Guigó;34;Normal
8729;2019-12-06T16:44:17;PR;Palmeira;Obtido pelo GPS ou informado explicitamente;8.576;8977;Macaco/Guariba/Bugio/Prego/Guigó;1;
8725;2019-12-06T14:22:46;PR;Piraí do Sul;Obtido pelo GPS ou informado explicitamente;2500.0;8971;Macaco/Guariba/Bugio/Prego/Guigó;1;
8720;2019-12-06T11:15:29;SC;Blumenau;Obtido pelo GPS ou informado explicitamente;49.0;8966;Mico/Sagui/Soinho;1;
8719;2019-12-02T09:28:37;PR;Palmeira;Obtido pelo GPS ou informado explicitamente;9.648001;8965;Macaco/Guariba/Bugio/Prego/Guigó;1;
8642;2019-12-05T11:38:25;PR;Sapopema;Obtido pelo GPS ou informado explicitamente;3.9;8875;Macaco/Guariba/Bugio/Prego/Guigó;2;
8615;2019-12-03T10:42:28;RS;Carlos Gomes;Obtido pelo GPS ou informado explicitamente;-1.0;8845;Macaco/Guariba/Bugio/Prego/Guigó;1;
8613;2019-12-04T21:37:08;SC;Bom Retiro;Obtido pelo GPS ou informado explicitamente;10.666;8843;Macaco/Guariba/Bugio/Prego/Guigó;1;
8611;2019-12-04T15:42:03;PR;Ipiranga;Obtido pelo GPS ou informado explicitamente;-1.0;8841;Macaco/Guariba/Bugio/Prego/Guigó;1;
8610;2019-12-04T15:34:39;PR;Ipiranga;Obtido pelo GPS ou informado explicitamente;10.0;8840;Macaco/Guariba/Bugio/Prego/Guigó;1;
8561;2019-12-04T13:43:31;PR;Piraí do Sul;Coordenadas obtidas a partir do endereço;-1.0;8790;Macaco/Guariba/Bugio/Prego/Guigó;1;
8553;2019-12-04T13:09:53;PR;Piraí do Sul;Coordenadas obtidas a partir do endereço;-1.0;8778;Macaco/Guariba/Bugio/Prego/Guigó;1;
8551;2019-11-12T11:46:09;RJ;Silva Jardim;Obtido pelo GPS ou informado explicitamente;32.0;8776;Mico/Sagui/Soinho;1;Normal
8551;2019-11-12T11:46:09;RJ;Silva Jardim;Obtido pelo GPS ou informado explicitamente;32.0;8775;Mico/Sagui/Soinho;2;Normal
8532;2019-12-04T09:31:36;PR;Teixeira Soares;Obtido pelo GPS ou informado explicitamente;8.5;8756;Macaco/Guariba/Bugio/Prego/Guigó;1;
8531;2019-12-03T15:21:05;PR;Ponta Grossa;Obtido pelo GPS ou informado explicitamente;10.0;8755;Macaco/Guariba/Bugio/Prego/Guigó;1;
8530;2019-12-03T15:33:16;PR;Ponta Grossa;Obtido pelo GPS ou informado explicitamente;5.0;8754;Macaco/Guariba/Bugio/Prego/Guigó;1;
8529;2019-12-03T15:36:42;PR;Ponta Grossa;Obtido pelo GPS ou informado explicitamente;5.0;8753;Macaco/Guariba/Bugio/Prego/Guigó;1;
8528;2019-12-03T15:58:16;PR;Mandirituba;Obtido pelo GPS ou informado explicitamente;15.098;8752;Macaco/Guariba/Bugio/Prego/Guigó;1;
8525;2019-12-03T08:52:59;SC;Blumenau;Obtido pelo GPS ou informado explicitamente;100.946;8749;Macaco/Guariba/Bugio/Prego/Guigó;1;
8517;2019-12-02T15:08:30;SC;Peritiba;Obtido pelo GPS ou informado explicitamente;;8741;Macaco/Guariba/Bugio/Prego/Guigó;1;
8496;2019-12-02T11:13:32;SC;Jaraguá do Sul;Obtido pelo GPS ou informado explicitamente;0.0;8720;Macaco/Guariba/Bugio/Prego/Guigó;1;Doente
8495;2019-12-02T07:43:57;PR;Piraí do Sul;Coordenadas obtidas a partir do endereço;-1.0;8719;Macaco/Guariba/Bugio/Prego/Guigó;1;
8494;2019-12-01T20:41:29;PR;Sapopema;Obtido pelo GPS ou informado explicitamente;16.0;8718;Macaco/Guariba/Bugio/Prego/Guigó;2;
8485;2019-11-29T15:51:23;PR;Ponta Grossa;Obtido pelo GPS ou informado explicitamente;5.0;8709;Macaco/Guariba/Bugio/Prego/Guigó;1;
8484;2019-11-29T15:46:28;PR;Ponta Grossa;Obtido pelo GPS ou informado explicitamente;5.0;8708;Macaco/Guariba/Bugio/Prego/Guigó;1;
8483;2019-11-06T11:31:17;BA;São Desidério;Obtido pelo GPS ou informado explicitamente;8.576;8707;Mico/Sagui/Soinho;1;Doente
8482;2019-11-29T10:05:38;PR;Piraí do Sul;Obtido pelo GPS ou informado explicitamente;2700.0;8706;Macaco/Guariba/Bugio/Prego/Guigó;1;
8481;2019-11-29T09:45:48;SC;Santa Rosa de Lima;Obtido pelo GPS ou informado explicitamente;-1.0;8705;Macaco/Guariba/Bugio/Prego/Guigó;1;
8479;2019-11-27T16:05:00;PR;Castro;Obtido pelo GPS ou informado explicitamente;-1.0;8703;Macaco/Guariba/Bugio/Prego/Guigó;1;
8478;2019-11-27T16:00:00;PR;Castro;Obtido pelo GPS ou informado explicitamente;-1.0;8702;Macaco/Guariba/Bugio/Prego/Guigó;1;
8476;2019-11-26T16:51:11;PR;Prudentópolis;Obtido pelo GPS ou informado explicitamente;31.856998;8700;Macaco/Guariba/Bugio/Prego/Guigó;1;
8475;2019-11-26T13:50:08;PR;Paulo Frontin;Obtido pelo GPS ou informado explicitamente;11.577;8699;Macaco/Guariba/Bugio/Prego/Guigó;1;
8474;2019-11-26T10:38:51;PR;São João do Triunfo;Obtido pelo GPS ou informado explicitamente;3.9;8698;Macaco/Guariba/Bugio/Prego/Guigó;1;
8471;2019-11-25T18:00:20;SC;Indaial;Obtido pelo GPS ou informado explicitamente;0.0;8695;Macaco/Guariba/Bugio/Prego/Guigó;1;
8469;2019-11-25T14:34:32;PR;Castro;Obtido pelo GPS ou informado explicitamente;11.4;8693;Macaco/Guariba/Bugio/Prego/Guigó;2;Estranho
8468;2019-11-25T14:15:43;PR;Castro;Obtido pelo GPS ou informado explicitamente;11.3;8692;Macaco/Guariba/Bugio/Prego/Guigó;1;
8467;2019-11-25T16:30:39;SC;Indaial;Obtido pelo GPS ou informado explicitamente;3.9;8691;Macaco/Guariba/Bugio/Prego/Guigó;1;
8465;2019-11-25T15:15:42;PE;Angelim;Obtido pelo GPS ou informado explicitamente;0.0;8689;Mico/Sagui/Soinho;1;
8461;2019-11-23T13:57:51;SC;Papanduva;Obtido pelo GPS ou informado explicitamente;42.025;8685;Macaco/Guariba/Bugio/Prego/Guigó;1;
8459;2019-11-22T16:29:50;SC;Jaraguá do Sul;Obtido pelo GPS ou informado explicitamente;100.0;8683;Macaco/Guariba/Bugio/Prego/Guigó;1;
8457;2019-11-22T10:10:34;PR;Ponta Grossa;Obtido pelo GPS ou informado explicitamente;9.5;8681;Macaco/Guariba/Bugio/Prego/Guigó;1;
8456;2019-11-22T11:59:04;PR;Balsa Nova;Obtido pelo GPS ou informado explicitamente;7.666;8680;Macaco/Guariba/Bugio/Prego/Guigó;1;
8452;2019-11-21T16:07:04;SC;Içara;Obtido pelo GPS ou informado explicitamente;108.9;8676;Macaco/Guariba/Bugio/Prego/Guigó;1;
8451;2019-11-21T11:46:54;SC;Mafra;Obtido pelo GPS ou informado explicitamente;16.0;8675;Macaco/Guariba/Bugio/Prego/Guigó;1;
8447;2019-11-21T10:28:34;PR;Teixeira Soares;Obtido pelo GPS ou informado explicitamente;19.0;8671;Macaco/Guariba/Bugio/Prego/Guigó;1;
8446;2019-11-21T08:13:47;PR;Piraí do Sul;Obtido pelo GPS ou informado explicitamente;-1.0;8670;Macaco/Guariba/Bugio/Prego/Guigó;1;Doente
8445;2019-11-05T16:04:42;PR;Castro;Obtido pelo GPS ou informado explicitamente;-1.0;8669;Macaco/Guariba/Bugio/Prego/Guigó;1;
8444;2019-11-05T15:03:00;PR;Castro;Obtido pelo GPS ou informado explicitamente;-1.0;8668;Macaco/Guariba/Bugio/Prego/Guigó;1;
8443;2019-11-05T14:58:00;PR;Arapoti;Obtido pelo GPS ou informado explicitamente;28.065;8667;Macaco/Guariba/Bugio/Prego/Guigó;1;
8442;2019-11-06T16:11:06;PR;Tibagi;Obtido pelo GPS ou informado explicitamente;-1.0;8666;Macaco/Guariba/Bugio/Prego/Guigó;1;
8441;2019-11-06T15:06:00;PR;Castro;Obtido pelo GPS ou informado explicitamente;-1.0;8665;Macaco/Guariba/Bugio/Prego/Guigó;1;
8439;2019-11-20T14:57:10;PR;Ponta Grossa;Obtido pelo GPS ou informado explicitamente;3.9;8663;Macaco/Guariba/Bugio/Prego/Guigó;1;
8438;2019-11-20T14:55:35;PR;Ponta Grossa;Obtido pelo GPS ou informado explicitamente;3.9;8662;Macaco/Guariba/Bugio/Prego/Guigó;1;
8433;2019-11-20T14:49:16;PR;São Mateus do Sul;Obtido pelo GPS ou informado explicitamente;3.0;8657;Macaco/Guariba/Bugio/Prego/Guigó;1;
8432;2019-11-20T14:56:47;PR;Ponta Grossa;Obtido pelo GPS ou informado explicitamente;50.0;8656;Macaco/Guariba/Bugio/Prego/Guigó;1;
8428;2019-11-13T15:12:57;PR;Piraí do Sul;Obtido pelo GPS ou informado explicitamente;2000.0;8652;Macaco/Guariba/Bugio/Prego/Guigó;1;
8427;2019-11-19T15:10:28;PR;Piraí do Sul;Obtido pelo GPS ou informado explicitamente;3283.0;8651;Macaco/Guariba/Bugio/Prego/Guigó;1;
8426;2019-11-19T15:06:24;PR;Piraí do Sul;Obtido pelo GPS ou informado explicitamente;3283.0;8650;Macaco/Guariba/Bugio/Prego/Guigó;1;
8421;2019-11-19T08:31:21;RJ;Rio de Janeiro;Obtido pelo GPS ou informado explicitamente;5.788;8645;Macaco/Guariba/Bugio/Prego/Guigó;1;Doente
8378;2019-11-17T16:51:07;PE;Saloá;Obtido pelo GPS ou informado explicitamente;803.752;8601;Mico/Sagui/Soinho;3;Normal
8378;2019-11-17T16:51:07;PE;Saloá;Obtido pelo GPS ou informado explicitamente;803.752;8600;Mico/Sagui/Soinho;3;Normal
8366;2019-11-13T14:31:14;PR;Castro;Obtido pelo GPS ou informado explicitamente;3.9;8588;Macaco/Guariba/Bugio/Prego/Guigó;1;
8365;2019-11-13T14:29:30;PR;Castro;Obtido pelo GPS ou informado explicitamente;5.3;8587;Macaco/Guariba/Bugio/Prego/Guigó;1;
8364;2019-11-13T14:15:17;PR;Castro;Obtido pelo GPS ou informado explicitamente;3.9;8586;Macaco/Guariba/Bugio/Prego/Guigó;1;
8363;2019-11-13T14:12:27;PR;Castro;Obtido pelo GPS ou informado explicitamente;3075.0;8585;Macaco/Guariba/Bugio/Prego/Guigó;1;
8362;2019-11-13T13:50:17;PR;Castro;Obtido pelo GPS ou informado explicitamente;3.8;8584;Macaco/Guariba/Bugio/Prego/Guigó;1;
8361;2019-11-14T14:27:17;PR;Castro;Obtido pelo GPS ou informado explicitamente;-1.0;8583;Macaco/Guariba/Bugio/Prego/Guigó;1;
8360;2019-11-12T10:32:08;PR;Castro;Obtido pelo GPS ou informado explicitamente;2039.0;8582;Macaco/Guariba/Bugio/Prego/Guigó;1;
8359;2019-11-12T10:12:41;PR;Castro;Obtido pelo GPS ou informado explicitamente;2039.0;8581;Macaco/Guariba/Bugio/Prego/Guigó;1;
8358;2019-11-07T14:11:19;PR;Castro;Obtido pelo GPS ou informado explicitamente;3.09;8580;Macaco/Guariba/Bugio/Prego/Guigó;1;
8348;2019-11-12T11:30:00;PR;Cascavel;Obtido pelo GPS ou informado explicitamente;0.0;8570;Mico/Sagui/Soinho;1;
8345;2019-11-13T12:36:31;SC;Presidente Getúlio;Obtido pelo GPS ou informado explicitamente;-1.0;8567;Macaco/Guariba/Bugio/Prego/Guigó;1;
8344;2019-11-13T09:16:09;SC;Irineópolis;Obtido pelo GPS ou informado explicitamente;3.9;8566;Macaco/Guariba/Bugio/Prego/Guigó;1;
8340;2019-11-07T15:00:00;PE;Recife;Coordenadas obtidas a partir do endereço;-1.0;8562;Mico/Sagui/Soinho;3;Normal
8338;2019-11-12T09:25:45;PR;Teixeira Soares;Obtido pelo GPS ou informado explicitamente;0.0;8560;Macaco/Guariba/Bugio/Prego/Guigó;2;
8321;2019-11-11T13:36:53;PR;Piraí do Sul;Obtido pelo GPS ou informado explicitamente;1500.0;8543;Macaco/Guariba/Bugio/Prego/Guigó;2;
8320;2019-11-06T14:28:09;PR;Piraí do Sul;Obtido pelo GPS ou informado explicitamente;4.066;8542;Macaco/Guariba/Bugio/Prego/Guigó;1;
8314;2019-11-11T07:07:30;PE;Paulista;Coordenadas obtidas a partir do endereço;-1.0;8536;Mico/Sagui/Soinho;2;Normal
8313;2019-11-10T15:30:00;PE;Gravatá;Obtido pelo GPS ou informado explicitamente;0.0;8535;Mico/Sagui/Soinho;2;Normal
8312;2019-11-10T11:09:11;SC;Rio do Sul;Obtido pelo GPS ou informado explicitamente;-1.0;8534;Macaco/Guariba/Bugio/Prego/Guigó;1;
8291;2019-11-08T14:00:21;SC;Águas de Chapecó;Obtido pelo GPS ou informado explicitamente;71.298996;8513;Macaco/Guariba/Bugio/Prego/Guigó;1;
8289;2019-11-08T14:36:41;SC;Águas de Chapecó;Obtido pelo GPS ou informado explicitamente;10018.501;8511;Macaco/Guariba/Bugio/Prego/Guigó;50;
8288;2019-11-08T15:08:26;PR;Umuarama;Obtido pelo GPS ou informado explicitamente;;8510;Macaco/Guariba/Bugio/Prego/Guigó;1;Normal
8287;2019-11-08T10:36:07;SC;Águas de Chapecó;Obtido pelo GPS ou informado explicitamente;40.959;8509;Macaco/Guariba/Bugio/Prego/Guigó;20;
8286;2019-11-08T12:06:57;PR;Umuarama;Obtido pelo GPS ou informado explicitamente;;8508;Macaco/Guariba/Bugio/Prego/Guigó;1;Normal
8285;2019-11-08T11:44:46;PR;Umuarama;Obtido pelo GPS ou informado explicitamente;;8507;Macaco/Guariba/Bugio/Prego/Guigó;1;Normal
8284;2019-11-08T10:41:27;SC;Águas de Chapecó;Obtido pelo GPS ou informado explicitamente;6.432;8506;Mico/Sagui/Soinho;8;Normal
8283;2019-11-08T11:09:11;PR;Umuarama;Obtido pelo GPS ou informado explicitamente;;8505;Macaco/Guariba/Bugio/Prego/Guigó;1;Normal
8281;2019-11-08T10:05:25;PR;Telêmaco Borba;Obtido pelo GPS ou informado explicitamente;65.0;8503;Macaco/Guariba/Bugio/Prego/Guigó;2;
8280;2019-11-08T09:18:11;PR;Umuarama;Obtido pelo GPS ou informado explicitamente;;8502;Macaco/Guariba/Bugio/Prego/Guigó;20;Normal
8279;2019-11-05T08:45:27;PR;Telêmaco Borba;Obtido pelo GPS ou informado explicitamente;65.0;8501;Macaco/Guariba/Bugio/Prego/Guigó;1;
8278;2019-11-01T09:25:54;SC;Blumenau;Coordenadas obtidas a partir do endereço;-1.0;8500;Macaco/Guariba/Bugio/Prego/Guigó;1;
8275;2019-11-07T15:49:09;PR;Umuarama;Obtido pelo GPS ou informado explicitamente;;8497;Macaco/Guariba/Bugio/Prego/Guigó;1;Normal
8274;2019-11-07T14:58:23;SC;Araranguá;Obtido pelo GPS ou informado explicitamente;0.0;8496;Macaco/Guariba/Bugio/Prego/Guigó;1;
8267;2019-11-06T16:06:26;SC;São José do Cerrito;Obtido pelo GPS ou informado explicitamente;-1.0;8489;Macaco/Guariba/Bugio/Prego/Guigó;1;
8258;2019-11-05T19:11:54;SC;Agrolândia;Obtido pelo GPS ou informado explicitamente;-1.0;8480;Macaco/Guariba/Bugio/Prego/Guigó;1;
8255;2019-11-05T15:14:38;PI;Altos;Obtido pelo GPS ou informado explicitamente;23.3;8477;Macaco/Guariba/Bugio/Prego/Guigó;1;Normal
8252;2019-11-04T14:20:43;PR;Castro;Obtido pelo GPS ou informado explicitamente;3844.0;8474;Macaco/Guariba/Bugio/Prego/Guigó;1;
8251;2019-11-04T14:20:43;PR;Castro;Obtido pelo GPS ou informado explicitamente;3844.0;8473;Macaco/Guariba/Bugio/Prego/Guigó;1;
8250;2019-11-04T15:55:33;SC;Schroeder;Obtido pelo GPS ou informado explicitamente;-1.0;8472;Macaco/Guariba/Bugio/Prego/Guigó;1;
8247;2019-10-22T13:04:34;PR;Cambé;Coordenadas obtidas a partir do endereço;;8469;Macaco/Guariba/Bugio/Prego/Guigó;1;
8244;2019-11-04T10:54:39;SC;Schroeder;Obtido pelo GPS ou informado explicitamente;10.9;8466;Macaco/Guariba/Bugio/Prego/Guigó;1;
8243;2019-11-01T10:21:47;PR;Castro;Obtido pelo GPS ou informado explicitamente;3.9;8465;Macaco/Guariba/Bugio/Prego/Guigó;1;Doente
8242;2019-11-01T09:41:46;PR;Castro;Obtido pelo GPS ou informado explicitamente;3.0;8464;Macaco/Guariba/Bugio/Prego/Guigó;1;
8241;2019-10-31T14:24:58;PR;Castro;Obtido pelo GPS ou informado explicitamente;3.0;8463;Macaco/Guariba/Bugio/Prego/Guigó;1;
8240;2019-11-04T08:41:29;PR;Piraí do Sul;Obtido pelo GPS ou informado explicitamente;33.185;8462;Macaco/Guariba/Bugio/Prego/Guigó;1;
8226;2019-10-31T16:28:49;SC;Abdon Batista;Obtido pelo GPS ou informado explicitamente;15.987;8448;Macaco/Guariba/Bugio/Prego/Guigó;1;
8225;2019-11-01T10:13:30;BA;São Desidério;Obtido pelo GPS ou informado explicitamente;8.576;8447;Mico/Sagui/Soinho;1;
8224;2019-11-01T15:19:35;SC;Taió;Coordenadas obtidas a partir do endereço;;8446;Macaco/Guariba/Bugio/Prego/Guigó;1;
8223;2019-11-01T13:37:39;SC;Planalto Alegre;Obtido pelo GPS ou informado explicitamente;17.9;8445;Macaco/Guariba/Bugio/Prego/Guigó;1;
8221;2019-11-01T09:48:32;PR;Ponta Grossa;Obtido pelo GPS ou informado explicitamente;50.0;8443;Macaco/Guariba/Bugio/Prego/Guigó;1;
8220;2019-11-01T10:39:12;PR;Ponta Grossa;Obtido pelo GPS ou informado explicitamente;5.0;8442;Macaco/Guariba/Bugio/Prego/Guigó;1;
8219;2019-11-01T11:25:38;RS;Cachoeira do Sul;Coordenadas obtidas a partir do endereço;;8441;Macaco/Guariba/Bugio/Prego/Guigó;1;
8217;2019-10-31T09:21:39;SC;Indaial;Obtido pelo GPS ou informado explicitamente;1.9;8439;Macaco/Guariba/Bugio/Prego/Guigó;1;
8213;2019-10-30T15:13:39;PR;Piraí do Sul;Obtido pelo GPS ou informado explicitamente;8.2;8434;Macaco/Guariba/Bugio/Prego/Guigó;1;
8212;2019-10-30T13:38:59;PR;Mallet;Obtido pelo GPS ou informado explicitamente;2828.0;8433;Macaco/Guariba/Bugio/Prego/Guigó;1;Normal
8210;2019-10-30T08:23:52;SC;Cocal do Sul;Obtido pelo GPS ou informado explicitamente;325.212;8431;Macaco/Guariba/Bugio/Prego/Guigó;1;
8202;2019-10-28T19:30:00;SC;Jaraguá do Sul;Obtido pelo GPS ou informado explicitamente;47.465;8423;Macaco/Guariba/Bugio/Prego/Guigó;1;
8201;2019-10-29T08:02:59;BA;Salvador;Obtido pelo GPS ou informado explicitamente;16.431;8422;Mico/Sagui/Soinho;6;Normal
8197;2019-10-25T15:00:00;PR;São Mateus do Sul;Obtido pelo GPS ou informado explicitamente;3.9;8418;Macaco/Guariba/Bugio/Prego/Guigó;1;
8196;2019-10-28T08:23:45;PR;Marechal Cândido Rondon;Obtido pelo GPS ou informado explicitamente;28.76;8417;Macaco/Guariba/Bugio/Prego/Guigó;1;Doente
8184;2019-10-16T16:02:16;SC;Caçador;Obtido pelo GPS ou informado explicitamente;11.6;8405;Macaco/Guariba/Bugio/Prego/Guigó;1;
8181;2019-10-25T15:31:53;SC;Itaiópolis;Obtido pelo GPS ou informado explicitamente;3.98;8402;Macaco/Guariba/Bugio/Prego/Guigó;1;
8066;2019-10-25T09:17:32;RJ;Angra dos Reis;Coordenadas obtidas a partir do endereço;-1.0;8277;Mico/Sagui/Soinho;1;Normal
8065;2019-10-24T20:32:37;PR;Piên;Coordenadas obtidas a partir do endereço;-1.0;8276;Macaco/Guariba/Bugio/Prego/Guigó;1;
8041;2019-10-24T14:30:52;PR;União da Vitória;Obtido pelo GPS ou informado explicitamente;6.4;8249;Macaco/Guariba/Bugio/Prego/Guigó;1;
8016;2019-10-24T14:53:00;BA;Ilhéus;Obtido pelo GPS ou informado explicitamente;65.0;8219;Mico/Sagui/Soinho;2;Normal
7940;2019-10-23T11:26:27;PR;Jaguariaíva;Obtido pelo GPS ou informado explicitamente;7.504;8132;Macaco/Guariba/Bugio/Prego/Guigó;1;
7939;2019-10-23T18:00:20;BA;Ilhéus;Obtido pelo GPS ou informado explicitamente;0.0;8131;Mico/Sagui/Soinho;3;Normal
7938;2019-10-23T14:32:52;PR;Apucarana;Coordenadas obtidas a partir do endereço;-1.0;8130;Macaco/Guariba/Bugio/Prego/Guigó;1;
7931;2019-10-14T16:51:15;PR;Quitandinha;Coordenadas obtidas a partir do endereço;;8123;Macaco/Guariba/Bugio/Prego/Guigó;1;
7926;2019-10-22T09:52:21;PR;Sertaneja;Obtido pelo GPS ou informado explicitamente;0.0;8118;Macaco/Guariba/Bugio/Prego/Guigó;1;Doente
7925;2019-10-22T09:36:19;PR;Sertaneja;Coordenadas obtidas a partir do endereço;-1.0;8117;Macaco/Guariba/Bugio/Prego/Guigó;1;Doente
7919;2019-10-21T09:25:21;RJ;Duque de Caxias;Obtido pelo GPS ou informado explicitamente;4.551;8111;Mico/Sagui/Soinho;1;
7918;2019-10-21T06:32:02;SC;Mafra;Obtido pelo GPS ou informado explicitamente;13.94;8110;Macaco/Guariba/Bugio/Prego/Guigó;1;
7903;2019-10-17T15:20:57;PR;Mallet;Obtido pelo GPS ou informado explicitamente;3.72;8095;Macaco/Guariba/Bugio/Prego/Guigó;1;
7895;2019-10-17T13:50:19;RJ;Teresópolis;Obtido pelo GPS ou informado explicitamente;52.631;8086;Mico/Sagui/Soinho;4;Normal
7894;2019-10-17T09:21:13;PR;Bituruna;Obtido pelo GPS ou informado explicitamente;3.216;8085;Macaco/Guariba/Bugio/Prego/Guigó;1;
7880;2019-10-12T11:40:00;RJ;Cabo Frio;Coordenadas obtidas a partir do endereço;-1.0;8071;Mico/Sagui/Soinho;3;Normal
7877;2019-10-16T07:00:42;RJ;Petrópolis;Obtido pelo GPS ou informado explicitamente;20.0;8068;Macaco/Guariba/Bugio/Prego/Guigó;1;
7873;2019-10-15T13:36:56;PR;São Pedro do Ivaí;Obtido pelo GPS ou informado explicitamente;12.864;8064;Macaco/Guariba/Bugio/Prego/Guigó;5;Normal
7865;2019-10-14T17:01:38;PR;Rosário do Ivaí;Obtido pelo GPS ou informado explicitamente;88.0;8056;Macaco/Guariba/Bugio/Prego/Guigó;1;
7857;2019-10-14T17:53:12;RJ;Teresópolis;Obtido pelo GPS ou informado explicitamente;0.0;8048;Mico/Sagui/Soinho;2;Normal
7855;2019-10-14T17:18:46;SC;Rio do Oeste;Obtido pelo GPS ou informado explicitamente;-1.0;8046;Macaco/Guariba/Bugio/Prego/Guigó;1;
7820;2019-10-12T13:31:03;SC;Porto União;Obtido pelo GPS ou informado explicitamente;0.0;8008;Macaco/Guariba/Bugio/Prego/Guigó;1;
7819;2019-10-12T12:43:11;RJ;Cabo Frio;Obtido pelo GPS ou informado explicitamente;3.233;8007;Mico/Sagui/Soinho;3;Normal
7818;2019-10-11T14:24:19;PR;Curitiba;Coordenadas obtidas a partir do endereço;-1.0;8006;Mico/Sagui/Soinho;1;
7817;2019-10-11T12:06:02;PR;Ponta Grossa;Obtido pelo GPS ou informado explicitamente;97.0;8005;Macaco/Guariba/Bugio/Prego/Guigó;1;
7807;2019-09-22T14:32:42;SC;Indaial;Obtido pelo GPS ou informado explicitamente;;7995;Macaco/Guariba/Bugio/Prego/Guigó;1;
7806;2019-10-08T09:53:45;PR;Coronel Domingos Soares;Obtido pelo GPS ou informado explicitamente;0.0;7994;Macaco/Guariba/Bugio/Prego/Guigó;2;
7793;2019-10-07T09:34:24;PR;Carambeí;Obtido pelo GPS ou informado explicitamente;3.22;7981;Macaco/Guariba/Bugio/Prego/Guigó;1;
7789;2019-10-06T08:05:37;SC;Tangará;Coordenadas obtidas a partir do endereço;-1.0;7977;Macaco/Guariba/Bugio/Prego/Guigó;1;
7786;2019-10-04T21:03:03;SP;Embu-Guaçu;Obtido pelo GPS ou informado explicitamente;0.0;7974;Macaco/Guariba/Bugio/Prego/Guigó;1;Normal
7785;2019-10-04T16:03:06;SC;Tangará;Obtido pelo GPS ou informado explicitamente;0.0;7973;Macaco/Guariba/Bugio/Prego/Guigó;1;
7784;2019-10-04T11:10:14;SC;Blumenau;Obtido pelo GPS ou informado explicitamente;3299.999;7972;Macaco/Guariba/Bugio/Prego/Guigó;1;
7747;2019-10-03T14:03:20;PR;Mallet;Obtido pelo GPS ou informado explicitamente;15.0;7935;Macaco/Guariba/Bugio/Prego/Guigó;1;
7746;2019-04-10T15:45:36;SC;Irineópolis;Obtido pelo GPS ou informado explicitamente;;7934;Macaco/Guariba/Bugio/Prego/Guigó;1;
7743;2019-10-02T14:19:21;AL;Piaçabuçu;Obtido pelo GPS ou informado explicitamente;15.127;7931;Mico/Sagui/Soinho;2;Normal
7742;2019-10-02T14:09:27;SC;Chapadão do Lageado;Coordenadas obtidas a partir do endereço;-1.0;7930;Macaco/Guariba/Bugio/Prego/Guigó;1;
7735;2019-10-01T14:36:35;PR;Mallet;Obtido pelo GPS ou informado explicitamente;134.287;7923;Macaco/Guariba/Bugio/Prego/Guigó;1;
7734;2019-10-01T14:00:22;PR;Mallet;Obtido pelo GPS ou informado explicitamente;3.9;7922;Macaco/Guariba/Bugio/Prego/Guigó;1;
7732;2019-10-01T14:30:36;RS;Morro Reuter;Obtido pelo GPS ou informado explicitamente;1200.0;7920;Macaco/Guariba/Bugio/Prego/Guigó;1;
7728;2019-09-30T10:21:29;PR;Coronel Domingos Soares;Obtido pelo GPS ou informado explicitamente;18.98;7916;Macaco/Guariba/Bugio/Prego/Guigó;1;
7727;2019-09-25T10:02:04;RS;Aratiba;Obtido pelo GPS ou informado explicitamente;410.0;7915;Macaco/Guariba/Bugio/Prego/Guigó;1;
7726;2019-09-27T09:11:27;PR;Castro;Obtido pelo GPS ou informado explicitamente;3.0;7914;Macaco/Guariba/Bugio/Prego/Guigó;1;
7719;2019-09-27T13:46:57;SC;Rio Fortuna;Obtido pelo GPS ou informado explicitamente;116.2;7905;Macaco/Guariba/Bugio/Prego/Guigó;1;
7695;2019-09-26T14:43:23;SC;Jaraguá do Sul;Obtido pelo GPS ou informado explicitamente;529.53;7879;Macaco/Guariba/Bugio/Prego/Guigó;1;
7680;2019-09-23T17:07:12;PI;Altos;Obtido pelo GPS ou informado explicitamente;24.0;7864;Macaco/Guariba/Bugio/Prego/Guigó;3;Normal
7679;2019-09-26T08:11:20;PR;Umuarama;Obtido pelo GPS ou informado explicitamente;;7863;Macaco/Guariba/Bugio/Prego/Guigó;2;Normal
7674;2019-09-24T17:30:17;SC;Braço do Trombudo;Coordenadas obtidas a partir do endereço;;7858;Macaco/Guariba/Bugio/Prego/Guigó;1;
7662;2019-09-25T15:42:01;SC;Cordilheira Alta;Obtido pelo GPS ou informado explicitamente;8.2;7846;Macaco/Guariba/Bugio/Prego/Guigó;1;
7661;2019-09-25T11:11:14;SC;Itaiópolis;Obtido pelo GPS ou informado explicitamente;3.0;7845;Macaco/Guariba/Bugio/Prego/Guigó;1;
7660;2019-09-25T10:01:08;SC;Indaial;Obtido pelo GPS ou informado explicitamente;1.4;7844;Macaco/Guariba/Bugio/Prego/Guigó;1;Estranho
7659;2019-09-17T18:15:07;SC;Curitibanos;Obtido pelo GPS ou informado explicitamente;0.0;7843;Macaco/Guariba/Bugio/Prego/Guigó;1;Estranho
7656;2019-09-24T17:36:45;SC;Itaiópolis;Obtido pelo GPS ou informado explicitamente;5.924;7840;Macaco/Guariba/Bugio/Prego/Guigó;1;
7634;2019-09-24T11:52:22;PR;Bituruna;Obtido pelo GPS ou informado explicitamente;47.465;7815;Macaco/Guariba/Bugio/Prego/Guigó;1;Estranho
7623;2019-07-23T12:05:22;RJ;Silva Jardim;Obtido pelo GPS ou informado explicitamente;4.894;7803;Mico/Sagui/Soinho;5;Normal
7621;2019-09-23T09:06:58;RJ;Macaé;Obtido pelo GPS ou informado explicitamente;8.62;7801;Macaco/Guariba/Bugio/Prego/Guigó;8;Normal
7620;2019-09-22T12:40:02;SC;Braço do Trombudo;Coordenadas obtidas a partir do endereço;;7800;Macaco/Guariba/Bugio/Prego/Guigó;1;
7619;2019-09-23T12:56:53;SC;Braço do Trombudo;Coordenadas obtidas a partir do endereço;;7799;Macaco/Guariba/Bugio/Prego/Guigó;1;
7593;2019-09-20T12:06:42;PR;Cascavel;Obtido pelo GPS ou informado explicitamente;16.0;7773;Macaco/Guariba/Bugio/Prego/Guigó;5;Normal
7591;2019-09-20T07:07:01;RJ;Petrópolis;Obtido pelo GPS ou informado explicitamente;3.72;7770;Mico/Sagui/Soinho;1;
7551;2019-09-18T08:15:15;PR;Umuarama;Obtido pelo GPS ou informado explicitamente;;7730;Macaco/Guariba/Bugio/Prego/Guigó;1;Normal
7550;2019-09-16T13:30:00;SC;Schroeder;Obtido pelo GPS ou informado explicitamente;-1.0;7729;Macaco/Guariba/Bugio/Prego/Guigó;1;
7549;2019-09-17T14:58:51;PR;Balsa Nova;Obtido pelo GPS ou informado explicitamente;3491.0;7728;Macaco/Guariba/Bugio/Prego/Guigó;1;
7542;2019-09-16T17:24:54;SC;Benedito Novo;Obtido pelo GPS ou informado explicitamente;-1.0;7720;Macaco/Guariba/Bugio/Prego/Guigó;1;
7541;2019-09-16T15:21:31;PR;Balsa Nova;Obtido pelo GPS ou informado explicitamente;3713.0;7719;Macaco/Guariba/Bugio/Prego/Guigó;1;
7540;2019-09-16T14:07:53;SC;Peritiba;Obtido pelo GPS ou informado explicitamente;5.0;7718;Macaco/Guariba/Bugio/Prego/Guigó;1;
7538;2019-09-16T10:35:18;PR;Jaguariaíva;Obtido pelo GPS ou informado explicitamente;1060.925;7716;Macaco/Guariba/Bugio/Prego/Guigó;1;
7528;2019-09-15T09:09:01;SP;Avaré;Obtido pelo GPS ou informado explicitamente;50.153;7706;Mico/Sagui/Soinho;8;Normal
7527;2019-09-14T20:57:12;PR;Sarandi;Coordenadas obtidas a partir do endereço;-1.0;7705;Mico/Sagui/Soinho;2;Normal
7526;2019-09-14T20:29:35;PI;Altos;Obtido pelo GPS ou informado explicitamente;82.5;7704;Macaco/Guariba/Bugio/Prego/Guigó;10;Normal
7525;2019-09-14T20:19:15;PI;Altos;Obtido pelo GPS ou informado explicitamente;82.5;7703;Mico/Sagui/Soinho;20;Normal
7523;2019-09-14T14:05:42;SC;São Bento do Sul;Obtido pelo GPS ou informado explicitamente;;7701;Macaco/Guariba/Bugio/Prego/Guigó;1;
7517;2019-09-13T15:26:06;SC;Indaial;Obtido pelo GPS ou informado explicitamente;4.288;7695;Macaco/Guariba/Bugio/Prego/Guigó;3;Normal
7516;2019-09-13T14:12:04;PR;Campo Magro;Obtido pelo GPS ou informado explicitamente;3.0;7694;Macaco/Guariba/Bugio/Prego/Guigó;1;
7515;2019-09-13T14:51:12;SC;Benedito Novo;Obtido pelo GPS ou informado explicitamente;0.0;7693;Macaco/Guariba/Bugio/Prego/Guigó;1;
7514;2019-09-13T10:21:57;PR;Umuarama;Obtido pelo GPS ou informado explicitamente;;7692;Macaco/Guariba/Bugio/Prego/Guigó;1;
7510;2019-09-12T09:32:33;SC;Itajaí;Obtido pelo GPS ou informado explicitamente;24.0;7688;Macaco/Guariba/Bugio/Prego/Guigó;1;
7508;2019-09-02T19:47:57;RJ;Teresópolis;Obtido pelo GPS ou informado explicitamente;20.07;7686;Macaco/Guariba/Bugio/Prego/Guigó;1;Normal
7506;2019-09-10T16:05:57;SC;Maracajá;Obtido pelo GPS ou informado explicitamente;0.0;7684;Macaco/Guariba/Bugio/Prego/Guigó;1;
7504;2019-09-11T14:58:30;PR;Colombo;Obtido pelo GPS ou informado explicitamente;3.216;7682;Mico/Sagui/Soinho;1;
7503;2019-09-10T14:52:28;RS;Porto Mauá;Obtido pelo GPS ou informado explicitamente;7.504;7681;Mico/Sagui/Soinho;6;Normal
7502;2019-02-01T13:32:13;SC;Joinville;Obtido pelo GPS ou informado explicitamente;;7680;Macaco/Guariba/Bugio/Prego/Guigó;1;
7479;2019-09-11T11:42:10;RS;Lavras do Sul;Coordenadas obtidas a partir do endereço;-1.0;7655;Macaco/Guariba/Bugio/Prego/Guigó;1;Normal
7267;2019-09-10T18:28:21;PR;Irati;Obtido pelo GPS ou informado explicitamente;0.0;7416;Macaco/Guariba/Bugio/Prego/Guigó;1;
7189;2019-08-24T17:30:00;SC;Videira;Obtido pelo GPS ou informado explicitamente;0.0;7337;Macaco/Guariba/Bugio/Prego/Guigó;1;
7166;2019-09-10T09:29:38;SC;Planalto Alegre;Obtido pelo GPS ou informado explicitamente;3.0;7312;Macaco/Guariba/Bugio/Prego/Guigó;1;
7165;2019-09-10T08:26:46;PR;Coronel Domingos Soares;Coordenadas obtidas a partir do endereço;-1.0;7311;Macaco/Guariba/Bugio/Prego/Guigó;9;Normal
7148;2019-09-09T11:17:19;RS;Itaqui;Obtido pelo GPS ou informado explicitamente;-1.0;7294;Macaco/Guariba/Bugio/Prego/Guigó;1;
7145;2019-09-08T16:07:30;RJ;Rio de Janeiro;Coordenadas obtidas a partir do endereço;;7291;Macaco/Guariba/Bugio/Prego/Guigó;1;
7140;2019-09-07T21:54:49;RJ;Magé;Obtido pelo GPS ou informado explicitamente;16.0;7286;Mico/Sagui/Soinho;1;Normal
7136;2019-09-07T11:07:18;AM;Manaus;Obtido pelo GPS ou informado explicitamente;10.0;7282;Mico/Sagui/Soinho;1;Normal
7133;2019-09-06T21:12:18;RJ;Teresópolis;Obtido pelo GPS ou informado explicitamente;29.405;7279;Macaco/Guariba/Bugio/Prego/Guigó;1;Normal
7127;2019-09-06T09:39:21;RJ;Rio de Janeiro;Obtido pelo GPS ou informado explicitamente;699.999;7273;Macaco/Guariba/Bugio/Prego/Guigó;12;Normal
7126;2019-08-23T08:09:35;RJ;Rio de Janeiro;Obtido pelo GPS ou informado explicitamente;27.872002;7272;Macaco/Guariba/Bugio/Prego/Guigó;2;Normal
7124;2019-09-05T13:13:23;RS;Vicente Dutra;Obtido pelo GPS ou informado explicitamente;0.0;7270;Macaco/Guariba/Bugio/Prego/Guigó;1;
7098;2019-09-04T22:28:46;PR;Marilena;Obtido pelo GPS ou informado explicitamente;28.1;7244;Macaco/Guariba/Bugio/Prego/Guigó;1;Normal
7098;2019-09-04T22:28:46;PR;Marilena;Obtido pelo GPS ou informado explicitamente;28.1;7243;Macaco/Guariba/Bugio/Prego/Guigó;2;Normal
7070;2019-09-01T19:24:18;SC;Bocaina do Sul;Obtido pelo GPS ou informado explicitamente;0.0;7213;Macaco/Guariba/Bugio/Prego/Guigó;1;
7069;2019-09-01T18:20:51;SC;Bocaina do Sul;Obtido pelo GPS ou informado explicitamente;3.22;7212;Macaco/Guariba/Bugio/Prego/Guigó;1;
7033;2019-08-29T14:51:49;PR;Balsa Nova;Obtido pelo GPS ou informado explicitamente;4.753;7174;Macaco/Guariba/Bugio/Prego/Guigó;1;
7032;2019-08-29T14:04:12;DF;Brasília;Obtido pelo GPS ou informado explicitamente;;7173;Mico/Sagui/Soinho;1;
7031;2019-08-28T08:13:48;BA;Uruçuca;Obtido pelo GPS ou informado explicitamente;34.4;7172;Mico/Sagui/Soinho;6;Normal
7022;2019-08-28T13:21:06;PR;Antônio Olinto;Obtido pelo GPS ou informado explicitamente;87.6;7163;Macaco/Guariba/Bugio/Prego/Guigó;1;
7021;2019-08-28T09:50:38;PR;Rio Azul;Obtido pelo GPS ou informado explicitamente;17.124;7162;Macaco/Guariba/Bugio/Prego/Guigó;1;Estranho
7020;2019-08-28T14:31:47;PR;Salto do Itararé;Obtido pelo GPS ou informado explicitamente;700.7;7161;Macaco/Guariba/Bugio/Prego/Guigó;1;
7017;2019-08-26T14:33:15;MG;Barbacena;Obtido pelo GPS ou informado explicitamente;15.861;7158;Mico/Sagui/Soinho;1;
7010;2019-08-26T13:36:14;PR;Marilândia do Sul;Coordenadas obtidas a partir do endereço;-1.0;7150;Macaco/Guariba/Bugio/Prego/Guigó;2;Normal
7008;2019-08-26T12:26:45;RJ;Rio de Janeiro;Obtido pelo GPS ou informado explicitamente;1437.95;7148;Mico/Sagui/Soinho;3;Normal
6997;2019-08-26T11:03:54;PI;Bonfim do Piauí;Obtido pelo GPS ou informado explicitamente;0.0;7137;Macaco/Guariba/Bugio/Prego/Guigó;1;
6979;2019-08-23T17:16:44;SC;São Lourenço do Oeste;Obtido pelo GPS ou informado explicitamente;3400.0;7118;Macaco/Guariba/Bugio/Prego/Guigó;1;
6977;2019-08-23T11:15:48;PR;Quinta do Sol;Obtido pelo GPS ou informado explicitamente;0.0;7116;Macaco/Guariba/Bugio/Prego/Guigó;1;
6971;2019-08-22T13:51:17;RJ;Rio de Janeiro;Obtido pelo GPS ou informado explicitamente;0.0;7110;Mico/Sagui/Soinho;1;Doente
6965;2019-08-21T15:29:04;PR;Reserva do Iguaçu;Obtido pelo GPS ou informado explicitamente;3099.999;7101;Macaco/Guariba/Bugio/Prego/Guigó;10;Normal
6962;2019-08-21T11:23:39;RS;Boa Vista do Cadeado;Coordenadas obtidas a partir do endereço;;7098;Macaco/Guariba/Bugio/Prego/Guigó;1;
6937;2019-08-21T10:51:55;SC;Passo de Torres;Obtido pelo GPS ou informado explicitamente;;7069;Macaco/Guariba/Bugio/Prego/Guigó;7;Normal
6925;2019-08-21T11:09:17;RS;Porto Alegre;Obtido pelo GPS ou informado explicitamente;699.999;7056;Macaco/Guariba/Bugio/Prego/Guigó;1;
6913;2019-08-21T11:06:49;RS;São Francisco de Assis;Coordenadas obtidas a partir do endereço;-1.0;7043;Macaco/Guariba/Bugio/Prego/Guigó;1;Normal
6842;2019-08-20T18:00:36;SC;Araranguá;Obtido pelo GPS ou informado explicitamente;65.0;6962;Mico/Sagui/Soinho;1;
6830;2019-08-19T16:31:10;PR;União da Vitória;Obtido pelo GPS ou informado explicitamente;-1.0;6949;Macaco/Guariba/Bugio/Prego/Guigó;1;
6807;2019-08-17T12:34:45;SC;Itaiópolis;Obtido pelo GPS ou informado explicitamente;9.052;6925;Macaco/Guariba/Bugio/Prego/Guigó;1;Estranho
6806;2019-08-17T09:12:20;PR;Curitiba;Obtido pelo GPS ou informado explicitamente;32.371;6924;Mico/Sagui/Soinho;1;Normal
6805;2019-08-17T09:06:35;PR;Curitiba;Obtido pelo GPS ou informado explicitamente;16.236;6923;Mico/Sagui/Soinho;1;
6804;2019-08-16T22:32:49;SC;Pedras Grandes;Obtido pelo GPS ou informado explicitamente;56.1;6922;Macaco/Guariba/Bugio/Prego/Guigó;1;
6801;2019-08-16T15:16:38;PR;São João do Triunfo;Coordenadas obtidas a partir do endereço;-1.0;6919;Macaco/Guariba/Bugio/Prego/Guigó;1;Normal
6799;2019-08-16T10:17:24;PR;Apucarana;Obtido pelo GPS ou informado explicitamente;;6917;Macaco/Guariba/Bugio/Prego/Guigó;1;
6787;2019-08-15T18:15:05;PR;Cruz Machado;Obtido pelo GPS ou informado explicitamente;;6905;Macaco/Guariba/Bugio/Prego/Guigó;1;
6782;2019-08-14T17:32:30;PR;São João do Triunfo;Obtido pelo GPS ou informado explicitamente;8.576;6900;Macaco/Guariba/Bugio/Prego/Guigó;1;
6736;2019-08-12T13:47:20;PR;Arapoti;Obtido pelo GPS ou informado explicitamente;-1.0;6853;Macaco/Guariba/Bugio/Prego/Guigó;1;
6735;2019-08-12T11:14:18;PR;União da Vitória;Obtido pelo GPS ou informado explicitamente;0.0;6852;Macaco/Guariba/Bugio/Prego/Guigó;1;
6734;2019-08-10T10:00:00;PR;Paulo Frontin;Obtido pelo GPS ou informado explicitamente;0.0;6851;Macaco/Guariba/Bugio/Prego/Guigó;1;
6720;2019-08-11T18:28:29;SC;Itaiópolis;Coordenadas obtidas a partir do endereço;-1.0;6837;Macaco/Guariba/Bugio/Prego/Guigó;1;
6704;2019-08-09T14:34:15;PR;Curitiba;Coordenadas obtidas a partir do endereço;-1.0;6821;Mico/Sagui/Soinho;1;
6703;2019-08-09T14:30:40;PR;Curitiba;Coordenadas obtidas a partir do endereço;-1.0;6820;Macaco/Guariba/Bugio/Prego/Guigó;1;
6702;2019-08-09T14:21:31;PR;Curitiba;Coordenadas obtidas a partir do endereço;-1.0;6819;Macaco/Guariba/Bugio/Prego/Guigó;1;
6699;2019-08-08T16:26:09;SC;Águas de Chapecó;Obtido pelo GPS ou informado explicitamente;3.0;6816;Macaco/Guariba/Bugio/Prego/Guigó;1;
6697;2019-06-20T20:00:00;SC;Jaraguá do Sul;Obtido pelo GPS ou informado explicitamente;;6814;Macaco/Guariba/Bugio/Prego/Guigó;1;
6693;2019-08-08T09:07:58;PR;Alto Paraná;Coordenadas obtidas a partir do endereço;-1.0;6810;Macaco/Guariba/Bugio/Prego/Guigó;1;
6692;2019-08-08T08:01:42;PR;São Manoel do Paraná;Obtido pelo GPS ou informado explicitamente;3.0;6809;Macaco/Guariba/Bugio/Prego/Guigó;1;
6690;2019-08-07T16:04:50;SC;Campo Alegre;Obtido pelo GPS ou informado explicitamente;;6807;Macaco/Guariba/Bugio/Prego/Guigó;1;
6672;2019-08-07T08:52:28;PR;Umuarama;Obtido pelo GPS ou informado explicitamente;;6789;Macaco/Guariba/Bugio/Prego/Guigó;8;Normal
6671;2019-08-07T08:24:29;PR;Umuarama;Obtido pelo GPS ou informado explicitamente;;6788;Macaco/Guariba/Bugio/Prego/Guigó;14;Normal
6662;2019-07-24T14:14:16;PR;Castro;Obtido pelo GPS ou informado explicitamente;3.98;6779;Mico/Sagui/Soinho;1;
6661;2019-07-19T14:10:57;PR;Castro;Coordenadas obtidas a partir do endereço;-1.0;6778;Macaco/Guariba/Bugio/Prego/Guigó;1;
6657;2019-08-06T08:36:33;PI;Altos;Obtido pelo GPS ou informado explicitamente;16.4;6774;Mico/Sagui/Soinho;8;Normal
6655;2019-08-05T15:45:55;MG;Barbacena;Obtido pelo GPS ou informado explicitamente;33.134;6772;Mico/Sagui/Soinho;1;
6643;2019-08-05T13:56:50;BA;Uruçuca;Coordenadas obtidas a partir do endereço;-1.0;6760;Mico/Sagui/Soinho;3;Normal
6642;2019-08-05T12:26:59;RJ;Rio de Janeiro;Obtido pelo GPS ou informado explicitamente;3.887;6759;Mico/Sagui/Soinho;1;
6634;2019-08-03T11:43:40;SC;Urussanga;Coordenadas obtidas a partir do endereço;-1.0;6751;Macaco/Guariba/Bugio/Prego/Guigó;1;
6632;2019-08-03T09:13:12;PI;Altos;Obtido pelo GPS ou informado explicitamente;52.4;6749;Macaco/Guariba/Bugio/Prego/Guigó;1;Normal
6630;2019-08-03T09:08:58;PI;Altos;Obtido pelo GPS ou informado explicitamente;68.4;6747;Macaco/Guariba/Bugio/Prego/Guigó;1;Normal
6629;2019-08-02T22:08:01;PI;Altos;Obtido pelo GPS ou informado explicitamente;3.683;6746;Mico/Sagui/Soinho;5;Normal
6627;2019-08-02T17:44:25;SC;Palmeira;Obtido pelo GPS ou informado explicitamente;-1.0;6744;Macaco/Guariba/Bugio/Prego/Guigó;1;
6596;2019-08-01T18:24:27;SC;Palmeira;Obtido pelo GPS ou informado explicitamente;;6712;Macaco/Guariba/Bugio/Prego/Guigó;1;
6569;2019-07-11T11:50:25;PR;Lunardelli;Obtido pelo GPS ou informado explicitamente;0.0;6684;Macaco/Guariba/Bugio/Prego/Guigó;1;
6568;2019-08-01T08:52:48;PR;Balsa Nova;Obtido pelo GPS ou informado explicitamente;0.0;6683;Macaco/Guariba/Bugio/Prego/Guigó;1;
6554;2019-07-30T18:56:00;SP;Cananéia;Obtido pelo GPS ou informado explicitamente;11.0;6669;Mico/Sagui/Soinho;4;Normal
6552;2019-07-30T17:26:12;SC;Planalto Alegre;Obtido pelo GPS ou informado explicitamente;2799.999;6667;Macaco/Guariba/Bugio/Prego/Guigó;1;
6550;2019-07-30T16:14:04;PR;Rolândia;Obtido pelo GPS ou informado explicitamente;;6665;Macaco/Guariba/Bugio/Prego/Guigó;25;Normal
6545;2019-07-30T11:34:03;PR;Curitiba;Coordenadas obtidas a partir do endereço;-1.0;6660;Macaco/Guariba/Bugio/Prego/Guigó;1;
6541;2019-07-29T16:01:57;PR;Tamarana;Obtido pelo GPS ou informado explicitamente;3.0;6656;Macaco/Guariba/Bugio/Prego/Guigó;1;
6513;2019-07-26T21:53:26;RJ;Teresópolis;Obtido pelo GPS ou informado explicitamente;0.0;6625;Macaco/Guariba/Bugio/Prego/Guigó;3;Normal
6512;2019-07-26T21:16:57;SC;Itaiópolis;Coordenadas obtidas a partir do endereço;-1.0;6624;Macaco/Guariba/Bugio/Prego/Guigó;1;
6507;2019-07-25T14:08:56;PR;Paulo Frontin;Obtido pelo GPS ou informado explicitamente;0.0;6618;Macaco/Guariba/Bugio/Prego/Guigó;1;
6506;2019-07-25T11:56:46;PR;Balsa Nova;Obtido pelo GPS ou informado explicitamente;0.0;6617;Macaco/Guariba/Bugio/Prego/Guigó;1;
6496;2019-07-24T15:47:27;SC;Urussanga;Obtido pelo GPS ou informado explicitamente;0.0;6607;Macaco/Guariba/Bugio/Prego/Guigó;1;
6495;2019-07-23T16:54:48;SC;Mafra;Obtido pelo GPS ou informado explicitamente;10.0;6606;Macaco/Guariba/Bugio/Prego/Guigó;1;
6494;2019-07-23T15:14:51;PR;Balsa Nova;Obtido pelo GPS ou informado explicitamente;3.604;6605;Macaco/Guariba/Bugio/Prego/Guigó;1;
6484;2019-07-22T12:06:00;PR;Cornélio Procópio;Obtido pelo GPS ou informado explicitamente;10.0;6595;Macaco/Guariba/Bugio/Prego/Guigó;1;
6483;2019-07-13T08:07:09;BA;Uruçuca;Obtido pelo GPS ou informado explicitamente;8.576;6594;Mico/Sagui/Soinho;8;Normal
6481;2019-07-22T11:22:23;RJ;Rio de Janeiro;Coordenadas obtidas a partir do endereço;-1.0;6592;Macaco/Guariba/Bugio/Prego/Guigó;1;
6479;2019-07-21T20:33:15;PR;Curitiba;Coordenadas obtidas a partir do endereço;-1.0;6590;Macaco/Guariba/Bugio/Prego/Guigó;1;
6470;2019-07-18T10:04:44;RJ;Magé;Obtido pelo GPS ou informado explicitamente;1964.0;6581;Mico/Sagui/Soinho;2;Normal
6465;2019-07-19T09:12:38;PR;Cornélio Procópio;Obtido pelo GPS ou informado explicitamente;3.0;6576;Macaco/Guariba/Bugio/Prego/Guigó;1;
6464;2019-07-19T09:05:50;PR;Cornélio Procópio;Obtido pelo GPS ou informado explicitamente;3.0;6575;Macaco/Guariba/Bugio/Prego/Guigó;1;
6462;2019-07-19T11:37:34;PR;Nova Fátima;Obtido pelo GPS ou informado explicitamente;4000.0;6573;Macaco/Guariba/Bugio/Prego/Guigó;1;
6451;2019-07-17T18:40:49;RJ;Armação dos Búzios;Coordenadas obtidas a partir do endereço;-1.0;6559;Mico/Sagui/Soinho;5;Normal
6449;2019-07-17T16:52:21;PR;Cascavel;Obtido pelo GPS ou informado explicitamente;0.0;6557;Mico/Sagui/Soinho;1;
6448;2019-07-11T11:10:10;PR;Porto Vitória;Obtido pelo GPS ou informado explicitamente;;6556;Macaco/Guariba/Bugio/Prego/Guigó;1;
6442;2019-07-16T20:20:03;PI;Altos;Obtido pelo GPS ou informado explicitamente;82.5;6550;Macaco/Guariba/Bugio/Prego/Guigó;10;Normal
6435;2019-07-15T16:07:00;PR;Fênix;Coordenadas obtidas a partir do endereço;-1.0;6543;Macaco/Guariba/Bugio/Prego/Guigó;1;
6433;2019-07-12T20:00:00;PR;Colombo;Obtido pelo GPS ou informado explicitamente;0.0;6541;Macaco/Guariba/Bugio/Prego/Guigó;1;
6426;2019-07-14T16:30:31;PR;Londrina;Obtido pelo GPS ou informado explicitamente;;6532;Macaco/Guariba/Bugio/Prego/Guigó;20;Normal
6422;2019-07-13T11:06:10;RJ;Teresópolis;Obtido pelo GPS ou informado explicitamente;20.368;6528;Mico/Sagui/Soinho;1;
6418;2019-07-13T23:02:54;MG;Juiz de Fora;Obtido pelo GPS ou informado explicitamente;0.0;6524;Mico/Sagui/Soinho;1;
6397;2019-07-09T19:11:22;PI;São Raimundo Nonato;Obtido pelo GPS ou informado explicitamente;;6503;Macaco/Guariba/Bugio/Prego/Guigó;5;Normal
6376;2019-07-06T13:13:11;RJ;Rio de Janeiro;Obtido pelo GPS ou informado explicitamente;600.0;6482;Macaco/Guariba/Bugio/Prego/Guigó;9;Normal
6375;2019-07-05T16:29:39;PR;Ponta Grossa;Obtido pelo GPS ou informado explicitamente;5.0;6481;Macaco/Guariba/Bugio/Prego/Guigó;1;
6370;2019-07-03T16:05:48;PR;São José dos Pinhais;Obtido pelo GPS ou informado explicitamente;22.26;6476;Macaco/Guariba/Bugio/Prego/Guigó;1;
6368;2019-06-18T09:20:08;RJ;Teresópolis;Obtido pelo GPS ou informado explicitamente;6.11;6474;Macaco/Guariba/Bugio/Prego/Guigó;4;Normal
6365;2019-07-03T12:42:14;BA;Uruçuca;Obtido pelo GPS ou informado explicitamente;4.288;6471;Mico/Sagui/Soinho;6;Normal
6361;2019-07-02T08:06:41;RJ;Rio de Janeiro;Obtido pelo GPS ou informado explicitamente;0.0;6467;Macaco/Guariba/Bugio/Prego/Guigó;1;
6357;2019-07-01T15:17:19;PR;São José dos Pinhais;Obtido pelo GPS ou informado explicitamente;11.48;6463;Macaco/Guariba/Bugio/Prego/Guigó;1;
6356;2019-07-01T14:21:09;PR;Balsa Nova;Obtido pelo GPS ou informado explicitamente;5.385;6462;Macaco/Guariba/Bugio/Prego/Guigó;1;
6315;2019-06-28T14:39:32;PR;Araucária;Obtido pelo GPS ou informado explicitamente;2042.26;6420;Macaco/Guariba/Bugio/Prego/Guigó;1;Doente
6314;2019-06-28T14:05:02;PR;Araucária;Obtido pelo GPS ou informado explicitamente;2400.0;6419;Macaco/Guariba/Bugio/Prego/Guigó;1;Doente
6297;2019-06-26T09:28:05;PI;Altos;Coordenadas obtidas a partir do endereço;;6401;Macaco/Guariba/Bugio/Prego/Guigó;1;
6292;2019-06-25T16:37:07;PR;Antônio Olinto;Obtido pelo GPS ou informado explicitamente;3.882;6396;Macaco/Guariba/Bugio/Prego/Guigó;1;
6288;2019-06-25T09:51:54;PR;Tibagi;Obtido pelo GPS ou informado explicitamente;12.0;6392;Macaco/Guariba/Bugio/Prego/Guigó;1;
6273;2019-06-24T10:49:30;PR;Tibagi;Obtido pelo GPS ou informado explicitamente;65.0;6376;Macaco/Guariba/Bugio/Prego/Guigó;1;
6270;2019-06-24T07:59:57;PR;São José dos Pinhais;Coordenadas obtidas a partir do endereço;;6373;Macaco/Guariba/Bugio/Prego/Guigó;1;
6254;2019-06-21T10:29:39;PR;Teixeira Soares;Obtido pelo GPS ou informado explicitamente;0.0;6356;Macaco/Guariba/Bugio/Prego/Guigó;10;Normal
6253;2019-06-21T10:10:05;PR;Assis Chateaubriand;Obtido pelo GPS ou informado explicitamente;65.0;6355;Macaco/Guariba/Bugio/Prego/Guigó;1;
6246;2019-06-20T16:55:46;PI;Altos;Coordenadas obtidas a partir do endereço;;6347;Macaco/Guariba/Bugio/Prego/Guigó;1;
6242;2019-06-19T15:25:29;PR;São José dos Pinhais;Obtido pelo GPS ou informado explicitamente;16.0;6342;Macaco/Guariba/Bugio/Prego/Guigó;1;
6238;2019-06-18T11:26:24;DF;Brasília;Obtido pelo GPS ou informado explicitamente;;6338;Macaco/Guariba/Bugio/Prego/Guigó;5;Estranho
6234;2019-06-17T09:10:14;PR;Piraí do Sul;Obtido pelo GPS ou informado explicitamente;10.0;6332;Macaco/Guariba/Bugio/Prego/Guigó;1;
6229;2019-06-15T09:50:17;PR;Piraí do Sul;Obtido pelo GPS ou informado explicitamente;3.438;6327;Macaco/Guariba/Bugio/Prego/Guigó;1;
6226;2019-06-14T09:11:50;PR;Balsa Nova;Obtido pelo GPS ou informado explicitamente;3.0;6324;Macaco/Guariba/Bugio/Prego/Guigó;1;
6220;2019-06-12T14:07:06;SC;Pomerode;Obtido pelo GPS ou informado explicitamente;;6318;Macaco/Guariba/Bugio/Prego/Guigó;1;
6219;2019-06-13T10:52:33;PR;Tibagi;Obtido pelo GPS ou informado explicitamente;3500.0;6317;Macaco/Guariba/Bugio/Prego/Guigó;1;
6218;2019-06-13T10:30:23;PR;Piraí do Sul;Obtido pelo GPS ou informado explicitamente;20.0;6316;Macaco/Guariba/Bugio/Prego/Guigó;1;
6209;2019-06-11T15:17:41;PR;São José dos Pinhais;Obtido pelo GPS ou informado explicitamente;8.0;6307;Macaco/Guariba/Bugio/Prego/Guigó;1;
6204;2019-06-10T19:20:50;PI;Altos;Obtido pelo GPS ou informado explicitamente;16.0;6302;Macaco/Guariba/Bugio/Prego/Guigó;1;Normal
6203;2019-06-10T19:07:23;PI;Altos;Obtido pelo GPS ou informado explicitamente;16.0;6301;Macaco/Guariba/Bugio/Prego/Guigó;1;
6197;2019-05-30T14:34:29;BA;Uruçuca;Obtido pelo GPS ou informado explicitamente;11.792;6295;Mico/Sagui/Soinho;8;Normal
6188;2019-06-08T02:46:30;SP;São José do Rio Preto;Obtido pelo GPS ou informado explicitamente;65.0;6286;Mico/Sagui/Soinho;30;Normal
6184;2019-06-06T17:17:42;MG;Barbacena;Obtido pelo GPS ou informado explicitamente;0.0;6282;Mico/Sagui/Soinho;1;Normal
6181;2019-06-05T15:42:28;SC;Pomerode;Coordenadas obtidas a partir do endereço;;6279;Macaco/Guariba/Bugio/Prego/Guigó;1;
6175;2019-05-20T12:00:00;PR;Araucária;Obtido pelo GPS ou informado explicitamente;0.0;6273;Macaco/Guariba/Bugio/Prego/Guigó;2;Normal
6173;2019-06-04T14:21:25;PR;Araucária;Coordenadas obtidas a partir do endereço;-1.0;6271;Macaco/Guariba/Bugio/Prego/Guigó;1;Normal
6165;2019-06-02T09:29:00;RJ;Teresópolis;Obtido pelo GPS ou informado explicitamente;0.0;6263;Macaco/Guariba/Bugio/Prego/Guigó;2;Normal
6162;2019-05-31T16:31:11;PR;Balsa Nova;Obtido pelo GPS ou informado explicitamente;0.0;6260;Macaco/Guariba/Bugio/Prego/Guigó;1;
6159;2019-05-31T10:22:23;PR;Balsa Nova;Obtido pelo GPS ou informado explicitamente;0.0;6257;Macaco/Guariba/Bugio/Prego/Guigó;1;Doente
6158;2019-05-29T09:31:09;RJ;Magé;Obtido pelo GPS ou informado explicitamente;7.622;6256;Mico/Sagui/Soinho;1;Normal
6153;2019-05-31T10:13:12;PR;Balsa Nova;Coordenadas obtidas a partir do endereço;-1.0;6251;Macaco/Guariba/Bugio/Prego/Guigó;1;
6152;2019-05-31T10:00:55;PR;Balsa Nova;Coordenadas obtidas a partir do endereço;-1.0;6250;Macaco/Guariba/Bugio/Prego/Guigó;1;
6133;2019-05-29T14:59:41;PR;Castro;Obtido pelo GPS ou informado explicitamente;9.2;6231;Macaco/Guariba/Bugio/Prego/Guigó;1;
6132;2019-05-29T14:54:36;PR;Castro;Obtido pelo GPS ou informado explicitamente;4.217;6230;Macaco/Guariba/Bugio/Prego/Guigó;1;
6131;2019-05-29T16:26:53;SC;Brusque;Obtido pelo GPS ou informado explicitamente;0.0;6229;Macaco/Guariba/Bugio/Prego/Guigó;1;Doente
6129;2019-05-29T11:23:52;SC;Indaial;Obtido pelo GPS ou informado explicitamente;0.0;6227;Macaco/Guariba/Bugio/Prego/Guigó;5;
6125;2019-04-03T09:18:23;PR;Cascavel;Obtido pelo GPS ou informado explicitamente;0.0;6223;Macaco/Guariba/Bugio/Prego/Guigó;1;
6120;2019-05-27T14:57:14;PR;Castro;Obtido pelo GPS ou informado explicitamente;12.9;6218;Macaco/Guariba/Bugio/Prego/Guigó;1;
6119;2019-05-27T14:06:03;PR;Piraí do Sul;Obtido pelo GPS ou informado explicitamente;14.7;6217;Macaco/Guariba/Bugio/Prego/Guigó;1;
6118;2019-05-27T15:45:14;PR;São José dos Pinhais;Coordenadas obtidas a partir do endereço;-1.0;6216;Macaco/Guariba/Bugio/Prego/Guigó;1;
6110;2019-05-21T15:03:01;PR;São José dos Pinhais;Obtido pelo GPS ou informado explicitamente;16.0;6208;Macaco/Guariba/Bugio/Prego/Guigó;1;
6109;2019-05-21T15:03:01;PR;São José dos Pinhais;Obtido pelo GPS ou informado explicitamente;16.0;6207;Macaco/Guariba/Bugio/Prego/Guigó;1;
6094;2019-05-26T11:00:55;PR;Carambeí;Obtido pelo GPS ou informado explicitamente;4.194;6192;Macaco/Guariba/Bugio/Prego/Guigó;1;
6090;2019-05-25T09:31:44;PR;Curitiba;Obtido pelo GPS ou informado explicitamente;899.999;6188;Macaco/Guariba/Bugio/Prego/Guigó;1;
6089;2019-05-19T17:19:41;PR;Telêmaco Borba;Obtido pelo GPS ou informado explicitamente;7282.27;6187;Macaco/Guariba/Bugio/Prego/Guigó;1;
6086;2019-05-23T10:32:54;RJ;Silva Jardim;Obtido pelo GPS ou informado explicitamente;48.0;6184;Mico/Sagui/Soinho;1;Normal
6086;2019-05-23T10:32:54;RJ;Silva Jardim;Obtido pelo GPS ou informado explicitamente;48.0;6183;Mico/Sagui/Soinho;1;Normal
6085;2019-05-23T16:32:09;PR;São José dos Pinhais;Obtido pelo GPS ou informado explicitamente;0.0;6182;Macaco/Guariba/Bugio/Prego/Guigó;5;Normal
6084;2019-05-23T16:27:37;PR;São José dos Pinhais;Obtido pelo GPS ou informado explicitamente;0.0;6181;Macaco/Guariba/Bugio/Prego/Guigó;1;
6075;2019-05-16T14:54:44;PR;Castro;Coordenadas obtidas a partir do endereço;-1.0;6172;Macaco/Guariba/Bugio/Prego/Guigó;1;
6068;2019-05-23T11:49:14;PR;São José dos Pinhais;Obtido pelo GPS ou informado explicitamente;65.0;6165;Macaco/Guariba/Bugio/Prego/Guigó;1;
6055;2019-05-21T07:43:35;RJ;Silva Jardim;Obtido pelo GPS ou informado explicitamente;32.0;6152;Macaco/Guariba/Bugio/Prego/Guigó;40;Normal
6039;2019-05-22T11:12:46;PR;Campo Largo;Obtido pelo GPS ou informado explicitamente;92.9;6135;Mico/Sagui/Soinho;1;Doente
6001;2019-05-21T14:17:42;PR;São Mateus do Sul;Obtido pelo GPS ou informado explicitamente;;6094;Macaco/Guariba/Bugio/Prego/Guigó;1;
5999;2019-05-21T12:11:40;SC;Indaial;Coordenadas obtidas a partir do endereço;-1.0;6092;Macaco/Guariba/Bugio/Prego/Guigó;1;
5995;2019-05-21T10:26:40;PR;Cascavel;Coordenadas obtidas a partir do endereço;-1.0;6088;Mico/Sagui/Soinho;1;
5965;2019-05-20T14:25:45;PR;São José dos Pinhais;Obtido pelo GPS ou informado explicitamente;8.0;6058;Macaco/Guariba/Bugio/Prego/Guigó;1;
5963;2019-05-20T11:07:59;PR;Jaguariaíva;Obtido pelo GPS ou informado explicitamente;4.288;6056;Macaco/Guariba/Bugio/Prego/Guigó;1;
5954;2019-05-18T16:18:27;PR;Tibagi;Obtido pelo GPS ou informado explicitamente;96.0;6046;Macaco/Guariba/Bugio/Prego/Guigó;1;
5953;2019-05-18T16:06:33;PR;Tibagi;Obtido pelo GPS ou informado explicitamente;;6045;Macaco/Guariba/Bugio/Prego/Guigó;1;
5952;2019-05-18T10:33:43;PR;São José dos Pinhais;Obtido pelo GPS ou informado explicitamente;13.936;6044;Macaco/Guariba/Bugio/Prego/Guigó;1;
5951;2019-05-17T09:36:07;PR;Ponta Grossa;Obtido pelo GPS ou informado explicitamente;5.0;6043;Macaco/Guariba/Bugio/Prego/Guigó;1;
5950;2019-05-15T11:08:24;PR;Jaguariaíva;Obtido pelo GPS ou informado explicitamente;9.648001;6042;Macaco/Guariba/Bugio/Prego/Guigó;1;
5949;2019-05-15T10:08:18;PR;Jaguariaíva;Obtido pelo GPS ou informado explicitamente;11.792;6041;Macaco/Guariba/Bugio/Prego/Guigó;3;
5948;2019-05-17T16:19:03;DF;Brasília;Coordenadas obtidas a partir do endereço;;6040;Macaco/Guariba/Bugio/Prego/Guigó;2;Doente
5946;2019-05-17T12:57:35;PR;São José dos Pinhais;Coordenadas obtidas a partir do endereço;;6038;Macaco/Guariba/Bugio/Prego/Guigó;1;
5943;2019-05-16T14:58:21;PR;Castro;Coordenadas obtidas a partir do endereço;-1.0;6035;Macaco/Guariba/Bugio/Prego/Guigó;1;
5942;2019-05-16T14:51:59;PR;Castro;Coordenadas obtidas a partir do endereço;-1.0;6034;Macaco/Guariba/Bugio/Prego/Guigó;1;
5940;2019-05-16T10:35:37;PR;Piraí do Sul;Obtido pelo GPS ou informado explicitamente;9.0;6032;Macaco/Guariba/Bugio/Prego/Guigó;1;
5939;2019-05-15T15:55:46;PR;Cruz Machado;Obtido pelo GPS ou informado explicitamente;0.0;6031;Macaco/Guariba/Bugio/Prego/Guigó;1;
5938;2019-05-15T09:55:54;PR;Piraí do Sul;Obtido pelo GPS ou informado explicitamente;26.0;6030;Macaco/Guariba/Bugio/Prego/Guigó;1;
5937;2019-05-05T14:19:00;RJ;Rio das Ostras;Obtido pelo GPS ou informado explicitamente;0.0;6029;Macaco/Guariba/Bugio/Prego/Guigó;1;Normal
5936;2019-05-05T16:29:00;RJ;Rio das Ostras;Obtido pelo GPS ou informado explicitamente;0.0;6028;Macaco/Guariba/Bugio/Prego/Guigó;3;
5935;2019-05-14T16:22:48;PR;Curitiba;Obtido pelo GPS ou informado explicitamente;0.0;6027;Mico/Sagui/Soinho;1;
5934;2019-04-23T13:17:00;RJ;Silva Jardim;Obtido pelo GPS ou informado explicitamente;0.0;6026;Macaco/Guariba/Bugio/Prego/Guigó;3;
5933;2019-05-14T16:02:21;PR;Piraí do Sul;Obtido pelo GPS ou informado explicitamente;22.0;6025;Macaco/Guariba/Bugio/Prego/Guigó;1;
5932;2019-05-14T14:27:36;PR;Castro;Obtido pelo GPS ou informado explicitamente;7.5;6024;Macaco/Guariba/Bugio/Prego/Guigó;1;
5930;2019-05-06T15:48:49;RJ;Macaé;Obtido pelo GPS ou informado explicitamente;48.0;6022;Macaco/Guariba/Bugio/Prego/Guigó;1;Normal
5929;2019-04-26T07:36:08;RJ;Silva Jardim;Obtido pelo GPS ou informado explicitamente;16.0;6021;Macaco/Guariba/Bugio/Prego/Guigó;10;Normal
5928;2019-04-24T17:50:00;RJ;Rio das Ostras;Obtido pelo GPS ou informado explicitamente;0.0;6020;Macaco/Guariba/Bugio/Prego/Guigó;1;Normal
5927;2019-04-25T10:00:00;RJ;Rio das Ostras;Obtido pelo GPS ou informado explicitamente;0.0;6019;Macaco/Guariba/Bugio/Prego/Guigó;2;Normal
5926;2019-04-21T10:16:24;RJ;Rio das Ostras;Obtido pelo GPS ou informado explicitamente;128.0;6018;Mico/Sagui/Soinho;1;Normal
5925;2019-04-10T11:50:00;RJ;Macaé;Obtido pelo GPS ou informado explicitamente;0.0;6017;Macaco/Guariba/Bugio/Prego/Guigó;1;Normal
5924;2019-05-13T10:32:56;RJ;Silva Jardim;Obtido pelo GPS ou informado explicitamente;16.0;6016;Mico/Sagui/Soinho;5;Normal
5924;2019-05-13T10:32:56;RJ;Silva Jardim;Obtido pelo GPS ou informado explicitamente;16.0;6015;Mico/Sagui/Soinho;5;Normal
5921;2019-05-12T12:05:19;PR;Carambeí;Obtido pelo GPS ou informado explicitamente;9.0;6012;Macaco/Guariba/Bugio/Prego/Guigó;1;
5919;2019-05-10T17:44:31;PR;São José dos Pinhais;Obtido pelo GPS ou informado explicitamente;30.0;6010;Macaco/Guariba/Bugio/Prego/Guigó;2;
5918;2019-05-09T16:10:51;PR;Carambeí;Obtido pelo GPS ou informado explicitamente;4.592;6009;Macaco/Guariba/Bugio/Prego/Guigó;1;
5917;2019-05-10T14:48:32;PR;São José dos Pinhais;Obtido pelo GPS ou informado explicitamente;65.0;6008;Macaco/Guariba/Bugio/Prego/Guigó;1;
5916;2019-05-10T14:07:04;PR;São José dos Pinhais;Obtido pelo GPS ou informado explicitamente;11.33;6007;Macaco/Guariba/Bugio/Prego/Guigó;1;
5911;2019-05-09T16:17:18;PR;Carambeí;Obtido pelo GPS ou informado explicitamente;96.0;6001;Macaco/Guariba/Bugio/Prego/Guigó;1;
5910;2019-05-09T10:56:42;PR;Castro;Obtido pelo GPS ou informado explicitamente;12.9;6000;Macaco/Guariba/Bugio/Prego/Guigó;1;
5909;2019-05-09T10:48:30;PR;Castro;Obtido pelo GPS ou informado explicitamente;12.1;5999;Macaco/Guariba/Bugio/Prego/Guigó;1;
5908;2019-05-09T14:32:15;PR;Curitiba;Obtido pelo GPS ou informado explicitamente;98.4;5998;Macaco/Guariba/Bugio/Prego/Guigó;1;
5906;2019-05-09T11:07:34;PR;Campo Largo;Obtido pelo GPS ou informado explicitamente;7.504;5996;Macaco/Guariba/Bugio/Prego/Guigó;1;
5899;2019-05-08T09:36:35;PR;Piraí do Sul;Obtido pelo GPS ou informado explicitamente;12.864;5988;Macaco/Guariba/Bugio/Prego/Guigó;1;
5898;2019-05-08T08:50:22;PR;Antônio Olinto;Obtido pelo GPS ou informado explicitamente;0.0;5987;Macaco/Guariba/Bugio/Prego/Guigó;1;
5895;2019-05-07T15:17:11;RJ;Petrópolis;Coordenadas obtidas a partir do endereço;;5984;Mico/Sagui/Soinho;1;Normal
5892;2019-05-07T09:21:03;PR;Piraí do Sul;Obtido pelo GPS ou informado explicitamente;23.5;5981;Macaco/Guariba/Bugio/Prego/Guigó;1;
5891;2019-05-07T09:15:04;PR;Piraí do Sul;Obtido pelo GPS ou informado explicitamente;11.5;5980;Macaco/Guariba/Bugio/Prego/Guigó;1;
5890;2016-01-16T09:28:39;PR;Irati;Coordenadas obtidas a partir do endereço;-1.0;5979;Macaco/Guariba/Bugio/Prego/Guigó;1;Normal
5889;2019-05-06T14:25:47;PR;Ponta Grossa;Obtido pelo GPS ou informado explicitamente;4.0;5978;Macaco/Guariba/Bugio/Prego/Guigó;1;
5888;2019-05-06T14:35:02;PR;São José dos Pinhais;Obtido pelo GPS ou informado explicitamente;8.0;5977;Macaco/Guariba/Bugio/Prego/Guigó;1;
5887;2019-05-06T14:34:29;PR;São José dos Pinhais;Obtido pelo GPS ou informado explicitamente;8.68;5976;Macaco/Guariba/Bugio/Prego/Guigó;3;Normal
5886;2019-05-06T11:24:29;PR;Umuarama;Obtido pelo GPS ou informado explicitamente;0.0;5975;Macaco/Guariba/Bugio/Prego/Guigó;2;Normal
5880;2019-05-04T14:45:10;PR;Londrina;Obtido pelo GPS ou informado explicitamente;;5969;Macaco/Guariba/Bugio/Prego/Guigó;2;Normal
5878;2019-05-04T10:48:48;PR;Guaratuba;Obtido pelo GPS ou informado explicitamente;10.0;5967;Macaco/Guariba/Bugio/Prego/Guigó;1;
5877;2019-04-27T09:45:00;PR;Carambeí;Obtido pelo GPS ou informado explicitamente;0.0;5966;Macaco/Guariba/Bugio/Prego/Guigó;1;
5876;2019-04-27T11:22:25;PR;Carambeí;Obtido pelo GPS ou informado explicitamente;0.0;5965;Macaco/Guariba/Bugio/Prego/Guigó;1;
5875;2019-04-20T10:58:37;PR;Carambeí;Obtido pelo GPS ou informado explicitamente;0.0;5964;Macaco/Guariba/Bugio/Prego/Guigó;1;
5874;2019-04-18T10:50:06;PR;Carambeí;Obtido pelo GPS ou informado explicitamente;0.0;5963;Macaco/Guariba/Bugio/Prego/Guigó;1;
5873;2019-04-03T11:39:00;PR;Carambeí;Obtido pelo GPS ou informado explicitamente;0.0;5962;Macaco/Guariba/Bugio/Prego/Guigó;1;
5872;2019-03-26T10:28:53;PR;Carambeí;Obtido pelo GPS ou informado explicitamente;0.0;5961;Macaco/Guariba/Bugio/Prego/Guigó;1;
5870;2019-05-03T13:45:02;PR;Castro;Obtido pelo GPS ou informado explicitamente;0.0;5959;Macaco/Guariba/Bugio/Prego/Guigó;1;
5866;2019-04-25T16:54:42;PR;Jaguariaíva;Coordenadas obtidas a partir do endereço;-1.0;5955;Macaco/Guariba/Bugio/Prego/Guigó;1;
5865;2019-04-16T09:57:40;PR;Jaguariaíva;Obtido pelo GPS ou informado explicitamente;358.22;5954;Macaco/Guariba/Bugio/Prego/Guigó;1;
5864;2019-04-08T15:37:02;PR;Sengés;Obtido pelo GPS ou informado explicitamente;7.504;5953;Mico/Sagui/Soinho;1;
5839;2019-05-02T11:01:47;PR;São José dos Pinhais;Coordenadas obtidas a partir do endereço;;5928;Macaco/Guariba/Bugio/Prego/Guigó;1;
5838;2019-05-02T09:29:53;PR;Castro;Coordenadas obtidas a partir do endereço;-1.0;5927;Macaco/Guariba/Bugio/Prego/Guigó;1;
5837;2019-05-02T09:31:14;PR;Castro;Obtido pelo GPS ou informado explicitamente;8.1;5926;Macaco/Guariba/Bugio/Prego/Guigó;1;Normal
5836;2019-04-30T10:17:53;PR;Castro;Obtido pelo GPS ou informado explicitamente;10.5;5925;Macaco/Guariba/Bugio/Prego/Guigó;22;
5835;2019-04-30T10:04:47;PR;Castro;Obtido pelo GPS ou informado explicitamente;8.4;5924;Macaco/Guariba/Bugio/Prego/Guigó;2;
5829;2019-04-30T07:17:47;RJ;Rio de Janeiro;Coordenadas obtidas a partir do endereço;-1.0;5918;Macaco/Guariba/Bugio/Prego/Guigó;1;
5827;2019-04-29T09:19:29;PR;São José dos Pinhais;Obtido pelo GPS ou informado explicitamente;7.16;5916;Macaco/Guariba/Bugio/Prego/Guigó;1;
5819;2019-03-22T11:10:07;PR;Castro;Obtido pelo GPS ou informado explicitamente;5.86;5908;Macaco/Guariba/Bugio/Prego/Guigó;1;
5818;2019-03-27T17:10:39;PR;Palmeira;Obtido pelo GPS ou informado explicitamente;5.92;5907;Macaco/Guariba/Bugio/Prego/Guigó;1;
5817;2019-03-22T12:39:50;PR;Castro;Obtido pelo GPS ou informado explicitamente;3.52;5906;Macaco/Guariba/Bugio/Prego/Guigó;1;
5816;2019-03-22T11:21:37;PR;Castro;Obtido pelo GPS ou informado explicitamente;27.896;5905;Macaco/Guariba/Bugio/Prego/Guigó;1;
5815;2019-04-26T11:03:11;RJ;Rio de Janeiro;Coordenadas obtidas a partir do endereço;-1.0;5904;Macaco/Guariba/Bugio/Prego/Guigó;1;Estranho
5812;2019-04-26T09:24:02;PR;São José dos Pinhais;Obtido pelo GPS ou informado explicitamente;18.15;5901;Macaco/Guariba/Bugio/Prego/Guigó;1;
5810;2019-04-04T14:18:46;PR;Ipiranga;Obtido pelo GPS ou informado explicitamente;;5899;Macaco/Guariba/Bugio/Prego/Guigó;1;
5803;2019-04-24T11:14:34;RJ;Rio de Janeiro;Obtido pelo GPS ou informado explicitamente;51.256;5892;Mico/Sagui/Soinho;5;Normal
5800;2019-04-22T11:12:19;SE;Estância;Obtido pelo GPS ou informado explicitamente;116.1;5889;Mico/Sagui/Soinho;3;Normal
5799;2019-04-17T10:04:34;PR;Castro;Coordenadas obtidas a partir do endereço;-1.0;5888;Macaco/Guariba/Bugio/Prego/Guigó;1;
5795;2019-04-19T15:42:07;PR;São José dos Pinhais;Obtido pelo GPS ou informado explicitamente;808.185;5884;Macaco/Guariba/Bugio/Prego/Guigó;1;
5792;2019-04-16T17:24:58;SC;Blumenau;Coordenadas obtidas a partir do endereço;-1.0;5881;Macaco/Guariba/Bugio/Prego/Guigó;1;
5791;2019-04-17T16:32:46;RJ;Teresópolis;Obtido pelo GPS ou informado explicitamente;51.877;5880;Macaco/Guariba/Bugio/Prego/Guigó;10;Normal
5790;2019-04-17T14:30:11;RJ;Teresópolis;Obtido pelo GPS ou informado explicitamente;3.0;5879;Macaco/Guariba/Bugio/Prego/Guigó;7;Normal
5789;2019-04-17T14:31:29;PR;São José dos Pinhais;Obtido pelo GPS ou informado explicitamente;65.0;5878;Macaco/Guariba/Bugio/Prego/Guigó;1;
5788;2019-04-17T10:49:57;PR;Castro;Obtido pelo GPS ou informado explicitamente;69.0;5877;Macaco/Guariba/Bugio/Prego/Guigó;1;
5787;2019-04-17T10:07:16;PR;Castro;Obtido pelo GPS ou informado explicitamente;23.0;5876;Macaco/Guariba/Bugio/Prego/Guigó;1;
5782;2019-04-15T14:18:45;PR;São José dos Pinhais;Coordenadas obtidas a partir do endereço;-1.0;5871;Macaco/Guariba/Bugio/Prego/Guigó;1;
5776;2019-04-01T11:41:51;PR;Tibagi;Obtido pelo GPS ou informado explicitamente;24.0;5865;Macaco/Guariba/Bugio/Prego/Guigó;1;
5772;2019-04-12T10:47:03;PR;São José dos Pinhais;Obtido pelo GPS ou informado explicitamente;10.36;5861;Macaco/Guariba/Bugio/Prego/Guigó;1;
5771;2019-04-11T18:06:58;PR;Antônio Olinto;Obtido pelo GPS ou informado explicitamente;6.0;5860;Macaco/Guariba/Bugio/Prego/Guigó;1;
5770;2019-04-11T20:32:29;PR;São José dos Pinhais;Coordenadas obtidas a partir do endereço;;5859;Macaco/Guariba/Bugio/Prego/Guigó;1;Doente
5769;2019-04-10T14:46:22;PR;Castro;Obtido pelo GPS ou informado explicitamente;9.4;5858;Macaco/Guariba/Bugio/Prego/Guigó;1;
5768;2019-04-10T13:45:30;PR;Antônio Olinto;Obtido pelo GPS ou informado explicitamente;11.0;5857;Macaco/Guariba/Bugio/Prego/Guigó;1;
5767;2019-04-10T11:36:36;PR;Antônio Olinto;Obtido pelo GPS ou informado explicitamente;47.0;5856;Macaco/Guariba/Bugio/Prego/Guigó;1;
5764;2019-04-10T10:49:36;PR;Antônio Olinto;Obtido pelo GPS ou informado explicitamente;52.0;5853;Macaco/Guariba/Bugio/Prego/Guigó;1;
5756;2019-04-08T15:07:12;PR;Castro;Obtido pelo GPS ou informado explicitamente;10.2;5845;Macaco/Guariba/Bugio/Prego/Guigó;1;
5754;2019-03-29T07:02:30;RJ;Teresópolis;Obtido pelo GPS ou informado explicitamente;10.0;5843;Macaco/Guariba/Bugio/Prego/Guigó;6;Normal
5753;2019-04-07T15:10:55;PR;São José dos Pinhais;Obtido pelo GPS ou informado explicitamente;8.1;5842;Macaco/Guariba/Bugio/Prego/Guigó;1;
5742;2019-03-29T07:55:54;RJ;Teresópolis;Obtido pelo GPS ou informado explicitamente;2400.0;5831;Macaco/Guariba/Bugio/Prego/Guigó;7;Normal
5733;2019-04-06T13:06:09;RJ;Rio de Janeiro;Obtido pelo GPS ou informado explicitamente;55.437;5822;Macaco/Guariba/Bugio/Prego/Guigó;2;Normal
5732;2019-04-05T14:10:48;PR;Castro;Obtido pelo GPS ou informado explicitamente;5.972;5821;Macaco/Guariba/Bugio/Prego/Guigó;1;
5728;2019-04-04T10:50:51;PR;Castro;Obtido pelo GPS ou informado explicitamente;4.614;5817;Macaco/Guariba/Bugio/Prego/Guigó;3;
5727;2019-04-04T09:25:36;PR;Castro;Obtido pelo GPS ou informado explicitamente;7.8;5816;Macaco/Guariba/Bugio/Prego/Guigó;1;
5723;2019-04-02T13:50:13;RJ;Magé;Obtido pelo GPS ou informado explicitamente;899.999;5812;Mico/Sagui/Soinho;1;Normal
5720;2019-04-02T10:26:35;PR;Castro;Obtido pelo GPS ou informado explicitamente;16.0;5809;Macaco/Guariba/Bugio/Prego/Guigó;1;
5719;2019-04-03T15:23:25;PR;São José dos Pinhais;Obtido pelo GPS ou informado explicitamente;32.0;5808;Macaco/Guariba/Bugio/Prego/Guigó;1;
5718;2019-04-03T11:03:40;PR;Castro;Coordenadas obtidas a partir do endereço;-1.0;5807;Macaco/Guariba/Bugio/Prego/Guigó;1;
5717;2019-04-03T11:14:04;RJ;Macaé;Obtido pelo GPS ou informado explicitamente;11.777;5806;Macaco/Guariba/Bugio/Prego/Guigó;1;Normal
5716;2019-04-03T09:51:59;RJ;Macaé;Obtido pelo GPS ou informado explicitamente;6.877;5805;Macaco/Guariba/Bugio/Prego/Guigó;1;Normal
5703;2019-04-01T17:06:04;RJ;Rio de Janeiro;Obtido pelo GPS ou informado explicitamente;0.0;5792;Mico/Sagui/Soinho;2;Normal
5702;2019-04-01T14:56:08;PR;São José dos Pinhais;Obtido pelo GPS ou informado explicitamente;68.13;5791;Macaco/Guariba/Bugio/Prego/Guigó;1;
5701;2019-04-01T11:43:00;PR;União da Vitória;Obtido pelo GPS ou informado explicitamente;0.0;5790;Macaco/Guariba/Bugio/Prego/Guigó;1;Normal
5700;2019-03-31T09:16:21;RJ;Rio de Janeiro;Obtido pelo GPS ou informado explicitamente;23.726;5789;Macaco/Guariba/Bugio/Prego/Guigó;3;Normal
5698;2019-03-30T13:02:16;PR;São José dos Pinhais;Obtido pelo GPS ou informado explicitamente;4.0;5787;Macaco/Guariba/Bugio/Prego/Guigó;2;Normal
5696;2019-03-29T16:01:53;RJ;Rio de Janeiro;Coordenadas obtidas a partir do endereço;-1.0;5785;Mico/Sagui/Soinho;1;Doente
5694;2019-03-28T18:06:42;RJ;Araruama;Obtido pelo GPS ou informado explicitamente;17.446;5783;Macaco/Guariba/Bugio/Prego/Guigó;1;
5692;2019-03-28T15:57:22;RJ;Barra do Piraí;Obtido pelo GPS ou informado explicitamente;3.0;5781;Mico/Sagui/Soinho;1;
5690;2019-03-28T10:12:20;RJ;Teresópolis;Obtido pelo GPS ou informado explicitamente;0.0;5779;Mico/Sagui/Soinho;3;Normal
5689;2019-03-27T09:59:04;PR;São José dos Pinhais;Obtido pelo GPS ou informado explicitamente;68.4;5778;Macaco/Guariba/Bugio/Prego/Guigó;1;
5688;2019-03-27T16:39:10;PR;São José dos Pinhais;Obtido pelo GPS ou informado explicitamente;16.0;5777;Macaco/Guariba/Bugio/Prego/Guigó;1;
5688;2019-03-27T16:39:10;PR;São José dos Pinhais;Obtido pelo GPS ou informado explicitamente;16.0;5776;Macaco/Guariba/Bugio/Prego/Guigó;1;
5687;2019-03-27T16:09:26;PR;São José dos Pinhais;Obtido pelo GPS ou informado explicitamente;32.0;5775;Macaco/Guariba/Bugio/Prego/Guigó;1;
5671;2019-03-24T21:15:25;PR;São José dos Pinhais;Obtido pelo GPS ou informado explicitamente;1343.78;5759;Macaco/Guariba/Bugio/Prego/Guigó;1;
5670;2019-03-24T12:20:01;PR;São José dos Pinhais;Obtido pelo GPS ou informado explicitamente;3400.0;5758;Macaco/Guariba/Bugio/Prego/Guigó;1;
5669;2019-03-23T18:36:56;PR;São José dos Pinhais;Obtido pelo GPS ou informado explicitamente;3.0;5757;Macaco/Guariba/Bugio/Prego/Guigó;1;Doente
5667;2019-03-22T13:33:25;PR;Guaratuba;Obtido pelo GPS ou informado explicitamente;10.0;5755;Macaco/Guariba/Bugio/Prego/Guigó;1;
5666;2019-03-22T17:11:08;PR;São José dos Pinhais;Obtido pelo GPS ou informado explicitamente;1836.0;5754;Macaco/Guariba/Bugio/Prego/Guigó;1;
5637;2019-03-20T23:11:27;PR;Cruz Machado;Obtido pelo GPS ou informado explicitamente;0.0;5725;Macaco/Guariba/Bugio/Prego/Guigó;1;
5633;2019-03-20T09:50:09;MG;Barbacena;Obtido pelo GPS ou informado explicitamente;17.305;5721;Mico/Sagui/Soinho;1;Estranho
5631;2019-03-19T17:12:20;PR;São José dos Pinhais;Obtido pelo GPS ou informado explicitamente;25.0;5719;Macaco/Guariba/Bugio/Prego/Guigó;2;
5612;2019-03-19T12:51:33;PR;São José dos Pinhais;Obtido pelo GPS ou informado explicitamente;3400.0;5700;Macaco/Guariba/Bugio/Prego/Guigó;1;
5608;2019-03-18T14:37:25;SP;Mauá;Coordenadas obtidas a partir do endereço;-1.0;5696;Mico/Sagui/Soinho;4;
5578;2019-03-15T19:15:37;RJ;Itatiaia;Coordenadas obtidas a partir do endereço;-1.0;5666;Macaco/Guariba/Bugio/Prego/Guigó;1;Normal
5566;2019-03-12T22:47:49;RJ;Itatiaia;Coordenadas obtidas a partir do endereço;-1.0;5654;Macaco/Guariba/Bugio/Prego/Guigó;1;Normal
5526;2019-03-11T13:34:17;PR;São José dos Pinhais;Obtido pelo GPS ou informado explicitamente;42.0;5614;Macaco/Guariba/Bugio/Prego/Guigó;1;
5503;2019-03-08T19:33:32;PR;São José dos Pinhais;Obtido pelo GPS ou informado explicitamente;18.0;5591;Macaco/Guariba/Bugio/Prego/Guigó;1;Doente
5498;2019-03-07T22:35:34;MG;Campina Verde;Coordenadas obtidas a partir do endereço;;5586;Macaco/Guariba/Bugio/Prego/Guigó;1;
5495;2019-03-05T16:36:14;PR;São José dos Pinhais;Obtido pelo GPS ou informado explicitamente;3.9;5582;Macaco/Guariba/Bugio/Prego/Guigó;1;
5486;2019-03-01T16:41:26;PR;Porto Vitória;Obtido pelo GPS ou informado explicitamente;7.09;5573;Macaco/Guariba/Bugio/Prego/Guigó;1;
5485;2019-03-01T16:41:26;PR;Porto Vitória;Obtido pelo GPS ou informado explicitamente;7.09;5572;Macaco/Guariba/Bugio/Prego/Guigó;1;
5459;2019-01-22T09:22:13;RJ;Casimiro de Abreu;Obtido pelo GPS ou informado explicitamente;0.0;5546;Macaco/Guariba/Bugio/Prego/Guigó;1;
5455;2019-02-22T15:01:33;MG;Mariana;Obtido pelo GPS ou informado explicitamente;19.296;5542;Macaco/Guariba/Bugio/Prego/Guigó;5;Normal
5453;2019-02-27T15:12:10;PR;São José dos Pinhais;Obtido pelo GPS ou informado explicitamente;3336.05;5540;Macaco/Guariba/Bugio/Prego/Guigó;1;
5450;2019-02-25T15:16:39;RJ;Rio de Janeiro;Obtido pelo GPS ou informado explicitamente;0.0;5537;Macaco/Guariba/Bugio/Prego/Guigó;1;
5439;2019-02-19T15:49:31;PR;São José dos Pinhais;Obtido pelo GPS ou informado explicitamente;28.86;5526;Macaco/Guariba/Bugio/Prego/Guigó;1;
5437;2019-02-18T14:18:09;RJ;Angra dos Reis;Obtido pelo GPS ou informado explicitamente;;5524;Macaco/Guariba/Bugio/Prego/Guigó;1;
5435;2019-02-16T20:48:20;RJ;Barra do Piraí;Obtido pelo GPS ou informado explicitamente;3.0;5522;Mico/Sagui/Soinho;1;
5429;2019-02-15T13:40:29;RJ;Teresópolis;Obtido pelo GPS ou informado explicitamente;0.0;5516;Macaco/Guariba/Bugio/Prego/Guigó;1;Normal
5403;2019-02-13T15:39:07;SC;São Martinho;Obtido pelo GPS ou informado explicitamente;1440.79;5490;Macaco/Guariba/Bugio/Prego/Guigó;1;
5400;2019-02-12T17:01:02;RJ;Rio de Janeiro;Obtido pelo GPS ou informado explicitamente;3.0;5487;Macaco/Guariba/Bugio/Prego/Guigó;1;Estranho
5388;2019-02-01T15:32:59;RJ;Teresópolis;Obtido pelo GPS ou informado explicitamente;18.823;5475;Mico/Sagui/Soinho;2;Normal
5349;2019-02-02T08:54:19;MG;Belo Horizonte;Coordenadas obtidas a partir do endereço;-1.0;5436;Macaco/Guariba/Bugio/Prego/Guigó;1;
5348;2019-01-30T13:58:31;MG;Barbacena;Obtido pelo GPS ou informado explicitamente;50.065;5435;Mico/Sagui/Soinho;1;
5346;2019-01-29T11:31:26;PR;São José dos Pinhais;Obtido pelo GPS ou informado explicitamente;15.0;5433;Macaco/Guariba/Bugio/Prego/Guigó;1;
5341;2019-01-25T10:54:14;SP;Rubinéia;Obtido pelo GPS ou informado explicitamente;174.981;5428;Mico/Sagui/Soinho;8;Normal
5319;2019-01-11T08:06:45;PR;Paulo Frontin;Obtido pelo GPS ou informado explicitamente;0.0;5406;Macaco/Guariba/Bugio/Prego/Guigó;1;
5318;2019-01-10T11:32:47;PR;Paulo Frontin;Obtido pelo GPS ou informado explicitamente;72.0;5405;Macaco/Guariba/Bugio/Prego/Guigó;1;
5317;2019-01-09T16:26:13;RJ;Casimiro de Abreu;Coordenadas obtidas a partir do endereço;;5404;Macaco/Guariba/Bugio/Prego/Guigó;1;
5255;2018-12-22T14:05:31;RJ;Petrópolis;Obtido pelo GPS ou informado explicitamente;17.0;5342;Macaco/Guariba/Bugio/Prego/Guigó;1;
5197;2018-12-13T07:14:57;RJ;Teresópolis;Obtido pelo GPS ou informado explicitamente;1330.83;5283;Mico/Sagui/Soinho;1;Normal
5181;2018-12-03T10:55:13;PI;Altos;Coordenadas obtidas a partir do endereço;-1.0;5266;Macaco/Guariba/Bugio/Prego/Guigó;6;Normal
5165;2018-12-07T15:16:58;PR;Araucária;Obtido pelo GPS ou informado explicitamente;43.0;5250;Macaco/Guariba/Bugio/Prego/Guigó;1;
5161;2018-12-05T17:06:00;RJ;Rio de Janeiro;Obtido pelo GPS ou informado explicitamente;17.6;5246;Mico/Sagui/Soinho;2;Normal
5161;2018-12-05T17:06:00;RJ;Rio de Janeiro;Obtido pelo GPS ou informado explicitamente;17.6;5245;Mico/Sagui/Soinho;3;Normal
5147;2018-12-04T16:59:35;RJ;Rio de Janeiro;Obtido pelo GPS ou informado explicitamente;20.0;5231;Mico/Sagui/Soinho;1;Doente
5140;2018-11-29T15:15:33;MG;Barbacena;Obtido pelo GPS ou informado explicitamente;6.49;5221;Mico/Sagui/Soinho;1;
5139;2018-12-03T10:02:44;PI;Altos;Coordenadas obtidas a partir do endereço;-1.0;5220;Macaco/Guariba/Bugio/Prego/Guigó;1;
5111;2018-10-02T08:57:21;RJ;Rio de Janeiro;Obtido pelo GPS ou informado explicitamente;25.52;5190;Mico/Sagui/Soinho;1;
5095;2018-11-24T11:43:08;RJ;Rio de Janeiro;Coordenadas obtidas a partir do endereço;-1.0;5174;Mico/Sagui/Soinho;2;Normal
5091;2018-11-21T15:02:00;RJ;Casimiro de Abreu;Obtido pelo GPS ou informado explicitamente;0.0;5170;Macaco/Guariba/Bugio/Prego/Guigó;1;
5082;2018-11-21T14:25:26;RJ;Rio de Janeiro;Obtido pelo GPS ou informado explicitamente;3.0;5159;Mico/Sagui/Soinho;1;
5081;2018-09-24T10:50:31;RJ;Macaé;Obtido pelo GPS ou informado explicitamente;24.0;5158;Macaco/Guariba/Bugio/Prego/Guigó;1;Normal
5080;2018-11-14T09:55:21;RJ;Macaé;Obtido pelo GPS ou informado explicitamente;4.0;5157;Macaco/Guariba/Bugio/Prego/Guigó;1;
5079;2018-11-21T09:14:28;CE;Crato;Obtido pelo GPS ou informado explicitamente;10.175;5156;Mico/Sagui/Soinho;1;
5060;2018-11-17T15:38:51;ES;Linhares;Obtido pelo GPS ou informado explicitamente;5.0;5137;Macaco/Guariba/Bugio/Prego/Guigó;15;Normal
5058;2018-11-17T21:32:19;SC;Joinville;Coordenadas obtidas a partir do endereço;-1.0;5135;Mico/Sagui/Soinho;4;Normal
5052;2018-11-16T16:02:11;RJ;Rio de Janeiro;Obtido pelo GPS ou informado explicitamente;0.0;5129;Mico/Sagui/Soinho;1;
5050;2018-11-16T15:06:54;RN;Natal;Coordenadas obtidas a partir do endereço;-1.0;5127;Mico/Sagui/Soinho;1;
5035;2018-11-13T14:48:13;RJ;Magé;Obtido pelo GPS ou informado explicitamente;54.168;5112;Mico/Sagui/Soinho;4;Normal
5018;2018-11-09T15:34:02;ES;Santa Teresa;Obtido pelo GPS ou informado explicitamente;;5095;Mico/Sagui/Soinho;4;Normal
5009;2018-11-06T21:51:07;PB;João Pessoa;Coordenadas obtidas a partir do endereço;-1.0;5086;Mico/Sagui/Soinho;4;Normal
4995;2018-09-20T13:14:00;DF;Brasília;Obtido pelo GPS ou informado explicitamente;0.0;5072;Macaco/Guariba/Bugio/Prego/Guigó;5;Normal
4969;2018-10-31T08:30:50;RJ;Duque de Caxias;Obtido pelo GPS ou informado explicitamente;3.0;5046;Mico/Sagui/Soinho;1;
4955;2018-10-28T11:04:09;RJ;Teresópolis;Obtido pelo GPS ou informado explicitamente;29.415;5032;Macaco/Guariba/Bugio/Prego/Guigó;9;Normal
4933;2018-10-20T13:03:09;RJ;Teresópolis;Obtido pelo GPS ou informado explicitamente;20.0;5010;Macaco/Guariba/Bugio/Prego/Guigó;2;Normal
4931;2018-10-19T11:19:45;RJ;Magé;Obtido pelo GPS ou informado explicitamente;3.02;5008;Mico/Sagui/Soinho;1;Normal
4928;2018-10-17T15:02:27;RJ;Teresópolis;Obtido pelo GPS ou informado explicitamente;0.0;5005;Mico/Sagui/Soinho;4;Normal
4904;2018-10-07T13:21:36;RJ;Rio de Janeiro;Obtido pelo GPS ou informado explicitamente;25.0;4981;Mico/Sagui/Soinho;4;Normal
4903;2018-10-07T12:58:21;RJ;Rio de Janeiro;Obtido pelo GPS ou informado explicitamente;800.0;4980;Mico/Sagui/Soinho;1;Normal
4899;2018-10-06T09:41:57;MG;Inimutaba;Obtido pelo GPS ou informado explicitamente;13.653;4976;Mico/Sagui/Soinho;11;Normal
4892;2018-09-30T09:41:29;RJ;Teresópolis;Obtido pelo GPS ou informado explicitamente;2099.999;4969;Macaco/Guariba/Bugio/Prego/Guigó;6;Normal
4877;2018-10-02T14:25:54;PR;Araucária;Obtido pelo GPS ou informado explicitamente;98.4;4954;Macaco/Guariba/Bugio/Prego/Guigó;1;Estranho
4825;2018-09-21T03:19:37;RJ;Saquarema;Obtido pelo GPS ou informado explicitamente;0.0;4902;Mico/Sagui/Soinho;1;
4819;2018-09-15T11:36:40;BA;Uruçuca;Obtido pelo GPS ou informado explicitamente;52.183;4895;Mico/Sagui/Soinho;5;Normal
4791;2018-09-10T22:31:17;PA;Belém;Obtido pelo GPS ou informado explicitamente;;4867;Macaco/Guariba/Bugio/Prego/Guigó;3;Normal
4786;2018-09-09T14:34:34;RJ;Teresópolis;Obtido pelo GPS ou informado explicitamente;32.0;4862;Macaco/Guariba/Bugio/Prego/Guigó;1;Normal
4782;2018-09-08T07:05:25;CE;Crato;Obtido pelo GPS ou informado explicitamente;20.0;4858;Macaco/Guariba/Bugio/Prego/Guigó;5;Normal
4770;2018-09-03T12:51:59;RJ;Macaé;Obtido pelo GPS ou informado explicitamente;10.732;4846;Macaco/Guariba/Bugio/Prego/Guigó;1;
4769;2018-09-03T12:39:49;RJ;Macaé;Obtido pelo GPS ou informado explicitamente;10.978;4845;Macaco/Guariba/Bugio/Prego/Guigó;1;
4768;2018-09-03T12:10:25;RJ;Macaé;Obtido pelo GPS ou informado explicitamente;13.812;4844;Macaco/Guariba/Bugio/Prego/Guigó;6;Normal
4767;2018-09-03T10:59:05;RJ;Macaé;Obtido pelo GPS ou informado explicitamente;36.46;4843;Macaco/Guariba/Bugio/Prego/Guigó;1;
4766;2018-09-03T10:43:15;RJ;Macaé;Obtido pelo GPS ou informado explicitamente;12.32;4842;Macaco/Guariba/Bugio/Prego/Guigó;1;
4765;2018-09-03T10:11:30;RJ;Macaé;Obtido pelo GPS ou informado explicitamente;12.202;4841;Macaco/Guariba/Bugio/Prego/Guigó;2;Normal
4764;2018-09-03T10:02:03;RJ;Macaé;Obtido pelo GPS ou informado explicitamente;10.715;4840;Macaco/Guariba/Bugio/Prego/Guigó;2;Normal
4763;2018-09-03T09:28:21;RJ;Macaé;Obtido pelo GPS ou informado explicitamente;14.311;4839;Macaco/Guariba/Bugio/Prego/Guigó;5;Normal
4762;2018-09-03T14:37:48;RJ;São Gonçalo;Obtido pelo GPS ou informado explicitamente;10.0;4838;Mico/Sagui/Soinho;1;
4758;2018-08-31T15:36:41;CE;Missão Velha;Obtido pelo GPS ou informado explicitamente;10.0;4834;Macaco/Guariba/Bugio/Prego/Guigó;1;
4757;2018-08-31T10:17:27;SC;Tubarão;Obtido pelo GPS ou informado explicitamente;36.525;4833;Mico/Sagui/Soinho;1;
4756;2018-08-29T13:28:16;RJ;Macaé;Obtido pelo GPS ou informado explicitamente;48.0;4832;Macaco/Guariba/Bugio/Prego/Guigó;3;Normal
4755;2018-08-29T11:33:35;RJ;Macaé;Obtido pelo GPS ou informado explicitamente;933.739;4831;Macaco/Guariba/Bugio/Prego/Guigó;6;Normal
4754;2018-08-29T10:55:57;RJ;Macaé;Obtido pelo GPS ou informado explicitamente;24.0;4830;Macaco/Guariba/Bugio/Prego/Guigó;6;Normal
4753;2018-08-29T10:42:36;RJ;Macaé;Obtido pelo GPS ou informado explicitamente;10.0;4829;Macaco/Guariba/Bugio/Prego/Guigó;1;
4752;2018-08-29T09:32:01;RJ;Macaé;Obtido pelo GPS ou informado explicitamente;24.0;4828;Macaco/Guariba/Bugio/Prego/Guigó;1;Normal
4747;2018-08-27T11:45:47;RJ;Macaé;Obtido pelo GPS ou informado explicitamente;10.0;4823;Macaco/Guariba/Bugio/Prego/Guigó;1;
4745;2018-08-27T10:25:25;MG;Carandaí;Obtido pelo GPS ou informado explicitamente;10.0;4821;Mico/Sagui/Soinho;1;
4735;2018-08-22T15:46:01;RJ;Macaé;Obtido pelo GPS ou informado explicitamente;96.0;4811;Macaco/Guariba/Bugio/Prego/Guigó;1;
4734;2018-08-22T15:24:19;RJ;Macaé;Obtido pelo GPS ou informado explicitamente;10.0;4810;Macaco/Guariba/Bugio/Prego/Guigó;1;
4733;2018-08-22T14:47:25;RJ;Macaé;Obtido pelo GPS ou informado explicitamente;12.0;4809;Macaco/Guariba/Bugio/Prego/Guigó;1;
4732;2018-08-22T11:03:46;RJ;Macaé;Obtido pelo GPS ou informado explicitamente;10.155;4808;Macaco/Guariba/Bugio/Prego/Guigó;1;
4724;2018-08-21T12:34:26;SP;Sumaré;Obtido pelo GPS ou informado explicitamente;-1.0;4800;Mico/Sagui/Soinho;1;
4723;2018-08-20T12:00:00;PR;São Mateus do Sul;Obtido pelo GPS ou informado explicitamente;0.0;4799;Macaco/Guariba/Bugio/Prego/Guigó;1;
4722;2018-08-20T16:42:33;RJ;Rio de Janeiro;Obtido pelo GPS ou informado explicitamente;56.1;4798;Mico/Sagui/Soinho;1;Doente
4719;2018-08-20T08:59:29;RJ;Barra do Piraí;Obtido pelo GPS ou informado explicitamente;10.0;4795;Mico/Sagui/Soinho;1;
4696;2018-08-12T12:58:11;DF;Brasília;Obtido pelo GPS ou informado explicitamente;238.32;4768;Mico/Sagui/Soinho;3;Normal
4695;2018-08-14T10:57:51;PI;São Gonçalo do Gurguéia;Obtido pelo GPS ou informado explicitamente;5.0;4761;Macaco/Guariba/Bugio/Prego/Guigó;10;Normal
4689;2018-08-09T12:01:53;RJ;Macaé;Obtido pelo GPS ou informado explicitamente;0.0;4755;Macaco/Guariba/Bugio/Prego/Guigó;2;Normal
4687;2018-08-08T08:07:58;BA;Canudos;Obtido pelo GPS ou informado explicitamente;10.0;4753;Mico/Sagui/Soinho;5;Normal
4684;2018-08-06T15:35:47;MG;Barbacena;Obtido pelo GPS ou informado explicitamente;10.0;4750;Mico/Sagui/Soinho;1;
4683;2018-08-05T14:31:00;RJ;Rio de Janeiro;Coordenadas obtidas a partir do endereço;-1.0;4749;Mico/Sagui/Soinho;1;
4682;2018-08-05T14:04:17;RJ;Rio de Janeiro;Obtido pelo GPS ou informado explicitamente;717.0;4748;Macaco/Guariba/Bugio/Prego/Guigó;4;Normal
4681;2018-08-04T16:45:49;RJ;Rio de Janeiro;Obtido pelo GPS ou informado explicitamente;629.938;4747;Mico/Sagui/Soinho;1;
4679;2018-08-03T08:49:54;BA;Água Fria;Obtido pelo GPS ou informado explicitamente;122.4;4745;Macaco/Guariba/Bugio/Prego/Guigó;1;
4670;2018-08-01T17:25:38;AM;Manaus;Obtido pelo GPS ou informado explicitamente;;4736;Macaco/Guariba/Bugio/Prego/Guigó;1;
4665;2018-07-28T15:13:04;SP;São Paulo;Obtido pelo GPS ou informado explicitamente;24.0;4731;Mico/Sagui/Soinho;1;Estranho
4664;2018-07-28T08:00:00;RJ;Rio de Janeiro;Coordenadas obtidas a partir do endereço;-1.0;4730;Macaco/Guariba/Bugio/Prego/Guigó;1;
4663;2018-07-26T17:07:14;RJ;Rio de Janeiro;Obtido pelo GPS ou informado explicitamente;82.5;4729;Mico/Sagui/Soinho;1;
4662;2018-07-25T11:52:42;RJ;Rio de Janeiro;Obtido pelo GPS ou informado explicitamente;50.001;4728;Mico/Sagui/Soinho;1;Doente
4657;2018-07-22T10:03:34;RJ;Teresópolis;Obtido pelo GPS ou informado explicitamente;2099.999;4723;Macaco/Guariba/Bugio/Prego/Guigó;1;Normal
4656;2018-07-22T14:27:24;RJ;Teresópolis;Obtido pelo GPS ou informado explicitamente;29.791;4722;Macaco/Guariba/Bugio/Prego/Guigó;5;Normal
4651;2018-07-23T14:41:22;SC;Alto Bela Vista;Obtido pelo GPS ou informado explicitamente;30.0;4717;Macaco/Guariba/Bugio/Prego/Guigó;1;
4644;2018-07-16T14:40:07;RJ;Cachoeiras de Macacu;Obtido pelo GPS ou informado explicitamente;10.0;4710;Mico/Sagui/Soinho;1;
4639;2018-07-19T11:25:23;MT;Cuiabá;Coordenadas obtidas a partir do endereço;-1.0;4705;Macaco/Guariba/Bugio/Prego/Guigó;1;
4637;2018-07-17T12:33:33;RJ;Teresópolis;Obtido pelo GPS ou informado explicitamente;2000.0;4703;Macaco/Guariba/Bugio/Prego/Guigó;2;Normal
4635;2018-07-17T11:36:32;RJ;Teresópolis;Obtido pelo GPS ou informado explicitamente;15.17;4701;Macaco/Guariba/Bugio/Prego/Guigó;7;Normal
4633;2018-07-16T12:05:17;RJ;Teresópolis;Obtido pelo GPS ou informado explicitamente;51.859;4699;Macaco/Guariba/Bugio/Prego/Guigó;9;Normal
4629;2018-07-17T18:16:30;MG;Ibirité;Obtido pelo GPS ou informado explicitamente;11.003;4695;Macaco/Guariba/Bugio/Prego/Guigó;1;
4627;2018-07-14T12:52:04;RJ;Teresópolis;Obtido pelo GPS ou informado explicitamente;15.716527;4692;Macaco/Guariba/Bugio/Prego/Guigó;4;Normal
4623;2018-07-08T21:22:19;GO;Luziânia;Obtido pelo GPS ou informado explicitamente;;4688;Mico/Sagui/Soinho;5;Normal
4620;2018-07-06T12:14:21;MG;Ipatinga;Obtido pelo GPS ou informado explicitamente;411.35;4685;Macaco/Guariba/Bugio/Prego/Guigó;1;
4614;2018-05-21T08:49:23;RJ;Rio de Janeiro;Obtido pelo GPS ou informado explicitamente;65.0;4679;Macaco/Guariba/Bugio/Prego/Guigó;8;Normal
4611;2018-06-23T12:30:54;RJ;Rio de Janeiro;Coordenadas obtidas a partir do endereço;-1.0;4676;Mico/Sagui/Soinho;3;Normal
4607;2018-06-20T12:18:24;RJ;Rio de Janeiro;Coordenadas obtidas a partir do endereço;-1.0;4672;Macaco/Guariba/Bugio/Prego/Guigó;8;Normal
4569;2018-06-12T15:17:56;RJ;Rio de Janeiro;Obtido pelo GPS ou informado explicitamente;15.242;4634;Mico/Sagui/Soinho;1;
4568;2018-06-09T14:09:31;SP;Santa Isabel;Obtido pelo GPS ou informado explicitamente;87.6;4633;Mico/Sagui/Soinho;8;Normal
4555;2018-06-02T23:40:11;RJ;Rio de Janeiro;Obtido pelo GPS ou informado explicitamente;16.645;4620;Mico/Sagui/Soinho;1;
4552;2018-06-01T09:35:27;RJ;Rio de Janeiro;Coordenadas obtidas a partir do endereço;-1.0;4617;Macaco/Guariba/Bugio/Prego/Guigó;1;Normal
4551;2018-05-31T16:14:39;SP;Pindamonhangaba;Obtido pelo GPS ou informado explicitamente;2099.999;4616;Mico/Sagui/Soinho;1;
4550;2018-05-31T12:02:11;RJ;Rio de Janeiro;Obtido pelo GPS ou informado explicitamente;300.0;4615;Macaco/Guariba/Bugio/Prego/Guigó;1;
4549;2018-05-30T10:30:00;RJ;Barra do Piraí;Coordenadas obtidas a partir do endereço;-1.0;4614;Mico/Sagui/Soinho;1;
4544;2018-05-29T07:39:00;RJ;Itatiaia;Obtido pelo GPS ou informado explicitamente;2299.999;4609;Macaco/Guariba/Bugio/Prego/Guigó;3;Normal
4537;2018-05-27T13:10:23;RJ;Rio de Janeiro;Coordenadas obtidas a partir do endereço;-1.0;4602;Macaco/Guariba/Bugio/Prego/Guigó;2;Normal
4535;2018-05-27T10:37:11;RJ;Valença;Obtido pelo GPS ou informado explicitamente;10.0;4600;Mico/Sagui/Soinho;3;Normal
4534;2018-05-26T18:48:09;RJ;Nova Iguaçu;Obtido pelo GPS ou informado explicitamente;7.504;4599;Mico/Sagui/Soinho;2;
4532;2018-05-26T12:16:21;RJ;Rio de Janeiro;Obtido pelo GPS ou informado explicitamente;600.0;4597;Mico/Sagui/Soinho;1;
4531;2018-05-26T07:21:21;RJ;Araruama;Obtido pelo GPS ou informado explicitamente;10.0;4596;Mico/Sagui/Soinho;1;
4530;2018-05-25T12:42:42;RJ;Rio de Janeiro;Obtido pelo GPS ou informado explicitamente;16.254;4595;Macaco/Guariba/Bugio/Prego/Guigó;1;
4529;2018-05-25T11:55:31;RJ;Rio de Janeiro;Obtido pelo GPS ou informado explicitamente;20.0;4594;Macaco/Guariba/Bugio/Prego/Guigó;1;Normal
4528;2018-05-24T20:05:13;RJ;Silva Jardim;Obtido pelo GPS ou informado explicitamente;122.4;4593;Mico/Sagui/Soinho;1;
4523;2018-04-10T15:14:00;RJ;Silva Jardim;Obtido pelo GPS ou informado explicitamente;0.0;4588;Mico/Sagui/Soinho;1;
4522;2018-04-27T13:55:49;RJ;Silva Jardim;Obtido pelo GPS ou informado explicitamente;0.0;4587;Mico/Sagui/Soinho;1;
4520;2018-05-22T16:05:00;RJ;Barra do Piraí;Coordenadas obtidas a partir do endereço;-1.0;4585;Mico/Sagui/Soinho;1;
4517;2018-05-21T13:02:46;RJ;Silva Jardim;Obtido pelo GPS ou informado explicitamente;10.0;4582;Macaco/Guariba/Bugio/Prego/Guigó;2;Normal
4516;2018-05-21T11:57:44;RJ;Silva Jardim;Obtido pelo GPS ou informado explicitamente;11.461;4581;Macaco/Guariba/Bugio/Prego/Guigó;20;Normal
4515;2018-05-21T08:44:31;RJ;Silva Jardim;Obtido pelo GPS ou informado explicitamente;10.0;4580;Mico/Sagui/Soinho;1;Normal
4514;2018-05-21T08:37:23;RJ;Silva Jardim;Obtido pelo GPS ou informado explicitamente;32.0;4579;Macaco/Guariba/Bugio/Prego/Guigó;1;Normal
4513;2018-05-18T14:48:27;RJ;Rio das Ostras;Obtido pelo GPS ou informado explicitamente;48.0;4578;Macaco/Guariba/Bugio/Prego/Guigó;30;Normal
4488;2018-05-14T09:12:37;BA;Uruçuca;Obtido pelo GPS ou informado explicitamente;10.0;4553;Mico/Sagui/Soinho;8;Normal
4483;2018-05-05T10:55:31;RJ;Rio de Janeiro;Obtido pelo GPS ou informado explicitamente;25.789;4548;Mico/Sagui/Soinho;5;Normal
4480;2018-05-13T06:53:44;CE;Crato;Obtido pelo GPS ou informado explicitamente;10.0;4545;Macaco/Guariba/Bugio/Prego/Guigó;4;Normal
4478;2018-05-12T10:43:14;SE;Canhoba;Coordenadas obtidas a partir do endereço;-1.0;4543;Mico/Sagui/Soinho;3;Normal
4471;2018-05-09T09:46:04;RJ;Araruama;Obtido pelo GPS ou informado explicitamente;50.092;4535;Mico/Sagui/Soinho;6;Normal
4461;2018-05-05T16:47:24;PR;Morretes;Coordenadas obtidas a partir do endereço;-1.0;4525;Macaco/Guariba/Bugio/Prego/Guigó;2;Normal
4460;2018-05-05T14:59:47;RJ;Teresópolis;Obtido pelo GPS ou informado explicitamente;0.0;4524;Macaco/Guariba/Bugio/Prego/Guigó;2;Normal
4459;2018-05-06T18:11:25;RJ;Niterói;Coordenadas obtidas a partir do endereço;-1.0;4523;Macaco/Guariba/Bugio/Prego/Guigó;1;
4457;2018-05-05T13:01:18;RJ;Rio de Janeiro;Obtido pelo GPS ou informado explicitamente;19.404;4521;Mico/Sagui/Soinho;3;Normal
4455;2018-05-04T09:55:07;CE;Milagres;Obtido pelo GPS ou informado explicitamente;65.125;4519;Macaco/Guariba/Bugio/Prego/Guigó;2;Normal
4452;2018-04-30T12:09:27;SP;Mairiporã;Obtido pelo GPS ou informado explicitamente;33.185;4516;Mico/Sagui/Soinho;1;Normal
4451;2018-04-30T12:03:57;SP;Mairiporã;Obtido pelo GPS ou informado explicitamente;14.494;4515;Macaco/Guariba/Bugio/Prego/Guigó;1;Normal
4447;2018-05-01T13:48:10;PE;Recife;Obtido pelo GPS ou informado explicitamente;20.0;4511;Mico/Sagui/Soinho;10;Normal
4445;2018-04-30T11:47:45;RJ;Silva Jardim;Obtido pelo GPS ou informado explicitamente;10.0;4509;Mico/Sagui/Soinho;1;Doente
4444;2018-04-30T11:29:09;RJ;Silva Jardim;Obtido pelo GPS ou informado explicitamente;10.0;4508;Mico/Sagui/Soinho;10;Normal
4443;2018-04-30T07:50:18;RJ;Rio de Janeiro;Obtido pelo GPS ou informado explicitamente;1100.0;4507;Mico/Sagui/Soinho;1;
4441;2018-04-29T21:10:47;SP;Mirassol;Obtido pelo GPS ou informado explicitamente;16.857;4505;Macaco/Guariba/Bugio/Prego/Guigó;2;Normal
4438;2018-04-29T09:15:03;RJ;Niterói;Obtido pelo GPS ou informado explicitamente;1558.0;4502;Mico/Sagui/Soinho;5;Normal
4437;2018-04-29T16:24:45;SP;Mirassol;Coordenadas obtidas a partir do endereço;-1.0;4501;Macaco/Guariba/Bugio/Prego/Guigó;3;Normal
4436;2018-04-29T16:20:54;ES;Serra;Obtido pelo GPS ou informado explicitamente;122.4;4500;Mico/Sagui/Soinho;3;Normal
4434;2018-04-29T12:52:50;GO;Luziânia;Obtido pelo GPS ou informado explicitamente;10.0;4498;Macaco/Guariba/Bugio/Prego/Guigó;1;Normal
4430;2018-04-28T16:29:55;GO;Luziânia;Obtido pelo GPS ou informado explicitamente;5.0;4494;Mico/Sagui/Soinho;4;Normal
4429;2018-04-28T13:24:05;CE;Caucaia;Obtido pelo GPS ou informado explicitamente;10.0;4492;Mico/Sagui/Soinho;3;Normal
4428;2018-04-28T12:39:29;RJ;Rio de Janeiro;Obtido pelo GPS ou informado explicitamente;274.216;4491;Mico/Sagui/Soinho;1;
4426;2018-04-28T12:28:20;RJ;Teresópolis;Obtido pelo GPS ou informado explicitamente;96.0;4489;Macaco/Guariba/Bugio/Prego/Guigó;5;Normal
4418;2018-04-27T12:50:31;RJ;Rio de Janeiro;Obtido pelo GPS ou informado explicitamente;600.0;4481;Macaco/Guariba/Bugio/Prego/Guigó;1;Normal
4407;2018-04-27T12:40:49;RJ;Rio de Janeiro;Obtido pelo GPS ou informado explicitamente;600.0;4470;Macaco/Guariba/Bugio/Prego/Guigó;15;Normal
4401;2018-04-26T21:33:59;RJ;Silva Jardim;Obtido pelo GPS ou informado explicitamente;0.0;4464;Mico/Sagui/Soinho;25;Normal
4399;2018-04-24T20:24:46;RJ;Duque de Caxias;Coordenadas obtidas a partir do endereço;-1.0;4462;Mico/Sagui/Soinho;12;Normal
4394;2018-04-25T14:49:04;PR;Araucária;Obtido pelo GPS ou informado explicitamente;14.0;4457;Macaco/Guariba/Bugio/Prego/Guigó;1;
4383;2018-04-26T11:37:19;PR;Araucária;Obtido pelo GPS ou informado explicitamente;19.005;4446;Macaco/Guariba/Bugio/Prego/Guigó;1;
4378;2018-04-20T07:39:12;BA;Uruçuca;Obtido pelo GPS ou informado explicitamente;11.0;4441;Mico/Sagui/Soinho;8;Normal
4372;2018-04-23T08:35:34;RJ;Saquarema;Obtido pelo GPS ou informado explicitamente;20.182;4435;Mico/Sagui/Soinho;3;Normal
4371;2018-04-23T12:48:30;SP;Tremembé;Obtido pelo GPS ou informado explicitamente;32.0;4434;Mico/Sagui/Soinho;2;Normal
4368;2018-04-23T11:37:52;SP;Mirassol;Obtido pelo GPS ou informado explicitamente;16.0;4431;Macaco/Guariba/Bugio/Prego/Guigó;1;Normal
4364;2018-04-23T07:47:13;RJ;Araruama;Obtido pelo GPS ou informado explicitamente;10.619;4427;Mico/Sagui/Soinho;6;Normal
4355;2018-04-22T08:39:37;SP;Itanhaém;Coordenadas obtidas a partir do endereço;-1.0;4417;Mico/Sagui/Soinho;3;Normal
4341;2018-04-21T09:51:50;SP;Taubaté;Obtido pelo GPS ou informado explicitamente;30.0;4403;Mico/Sagui/Soinho;1;Normal
4333;2018-04-21T08:25:30;SP;Mirassol;Coordenadas obtidas a partir do endereço;-1.0;4395;Macaco/Guariba/Bugio/Prego/Guigó;4;Normal
4329;2018-04-20T14:54:44;RJ;Queimados;Obtido pelo GPS ou informado explicitamente;37.287;4391;Macaco/Guariba/Bugio/Prego/Guigó;1;Estranho
4321;2018-04-17T18:21:57;SC;Concórdia;Obtido pelo GPS ou informado explicitamente;65.0;4383;Macaco/Guariba/Bugio/Prego/Guigó;1;
4308;2018-04-13T10:59:14;RJ;São Gonçalo;Coordenadas obtidas a partir do endereço;-1.0;4370;Mico/Sagui/Soinho;1;
4306;2018-04-12T15:19:24;RJ;Nova Iguaçu;Obtido pelo GPS ou informado explicitamente;26.739;4368;Mico/Sagui/Soinho;1;
4305;2018-04-11T14:34:07;RJ;Paracambi;Obtido pelo GPS ou informado explicitamente;68.4;4367;Mico/Sagui/Soinho;1;
4298;2018-04-06T23:43:01;RJ;Itatiaia;Coordenadas obtidas a partir do endereço;-1.0;4360;Macaco/Guariba/Bugio/Prego/Guigó;1;
4295;2018-04-10T14:24:07;RJ;Itatiaia;Obtido pelo GPS ou informado explicitamente;60.0;4357;Macaco/Guariba/Bugio/Prego/Guigó;1;Estranho
4294;2018-04-10T13:41:59;RJ;Itatiaia;Obtido pelo GPS ou informado explicitamente;64.099;4356;Macaco/Guariba/Bugio/Prego/Guigó;1;Estranho
4293;2018-04-06T10:16:39;RJ;Silva Jardim;Obtido pelo GPS ou informado explicitamente;10.0;4355;Macaco/Guariba/Bugio/Prego/Guigó;1;
4292;2018-04-06T08:46:52;RJ;Silva Jardim;Obtido pelo GPS ou informado explicitamente;10.0;4354;Macaco/Guariba/Bugio/Prego/Guigó;2;
4283;2018-04-05T07:49:15;RJ;Teresópolis;Obtido pelo GPS ou informado explicitamente;27.306;4345;Macaco/Guariba/Bugio/Prego/Guigó;2;Normal
4282;2018-04-05T07:21:55;RJ;Teresópolis;Obtido pelo GPS ou informado explicitamente;42.476;4344;Macaco/Guariba/Bugio/Prego/Guigó;5;Normal
4275;2018-04-05T13:55:06;RJ;Rio de Janeiro;Obtido pelo GPS ou informado explicitamente;16.0;4337;Mico/Sagui/Soinho;1;
4274;2018-04-04T11:43:41;RJ;Itatiaia;Obtido pelo GPS ou informado explicitamente;18.762;4336;Macaco/Guariba/Bugio/Prego/Guigó;9;Normal
4272;2018-04-04T08:41:00;RJ;Itatiaia;Obtido pelo GPS ou informado explicitamente;105.0;4334;Macaco/Guariba/Bugio/Prego/Guigó;4;Normal
4271;2018-04-03T14:32:10;RJ;Itatiaia;Coordenadas obtidas a partir do endereço;-1.0;4333;Macaco/Guariba/Bugio/Prego/Guigó;4;Normal
4257;2018-04-02T15:29:57;RJ;Macaé;Obtido pelo GPS ou informado explicitamente;12.5;4319;Mico/Sagui/Soinho;5;Normal
4256;2018-04-02T16:30:12;RJ;Petrópolis;Obtido pelo GPS ou informado explicitamente;21.036;4318;Mico/Sagui/Soinho;1;
4255;2018-04-01T11:35:51;RJ;Macaé;Obtido pelo GPS ou informado explicitamente;27.217;4317;Mico/Sagui/Soinho;4;Normal
4249;2018-03-31T11:56:17;RJ;Niterói;Obtido pelo GPS ou informado explicitamente;19.384;4311;Macaco/Guariba/Bugio/Prego/Guigó;1;
4235;2018-03-27T14:22:02;RJ;Rio de Janeiro;Obtido pelo GPS ou informado explicitamente;16.327;4297;Mico/Sagui/Soinho;1;Doente
4224;2018-03-26T15:44:05;RJ;Rio de Janeiro;Obtido pelo GPS ou informado explicitamente;10.0;4286;Mico/Sagui/Soinho;4;Normal
4223;2018-03-26T15:43:42;RJ;Rio de Janeiro;Coordenadas obtidas a partir do endereço;-1.0;4285;Mico/Sagui/Soinho;4;Normal
4220;2018-03-26T13:44:01;RJ;Barra do Piraí;Obtido pelo GPS ou informado explicitamente;23.432;4282;Mico/Sagui/Soinho;1;
4210;2018-03-23T11:56:14;SP;São Paulo;Obtido pelo GPS ou informado explicitamente;27.681;4272;Macaco/Guariba/Bugio/Prego/Guigó;1;
4209;2018-03-22T18:17:06;RJ;Rio de Janeiro;Coordenadas obtidas a partir do endereço;-1.0;4271;Macaco/Guariba/Bugio/Prego/Guigó;1;
4204;2018-03-21T09:53:19;RJ;Queimados;Obtido pelo GPS ou informado explicitamente;10.0;4266;Mico/Sagui/Soinho;1;Estranho
4203;2018-03-21T10:52:36;RJ;Rio de Janeiro;Obtido pelo GPS ou informado explicitamente;15.574;4265;Mico/Sagui/Soinho;6;Normal
4202;2018-03-21T08:03:16;RJ;Rio de Janeiro;Obtido pelo GPS ou informado explicitamente;110.0;4264;Mico/Sagui/Soinho;1;
4198;2018-03-20T09:11:38;RJ;Nova Iguaçu;Obtido pelo GPS ou informado explicitamente;96.0;4260;Mico/Sagui/Soinho;1;
4197;2018-03-20T08:06:45;MG;Pedro Leopoldo;Coordenadas obtidas a partir do endereço;-1.0;4259;Mico/Sagui/Soinho;1;
4189;2018-03-19T11:34:30;RJ;Paracambi;Obtido pelo GPS ou informado explicitamente;10.0;4251;Mico/Sagui/Soinho;1;
4188;2018-03-19T09:56:25;RJ;Rio de Janeiro;Coordenadas obtidas a partir do endereço;-1.0;4250;Mico/Sagui/Soinho;1;Doente
4177;2018-03-15T17:55:31;SC;Santa Rosa de Lima;Obtido pelo GPS ou informado explicitamente;16.687;4239;Macaco/Guariba/Bugio/Prego/Guigó;2;
4174;2018-03-15T14:34:51;RJ;Barra do Piraí;Obtido pelo GPS ou informado explicitamente;19.721;4236;Mico/Sagui/Soinho;1;
4173;2018-03-15T12:10:33;RJ;Nova Iguaçu;Obtido pelo GPS ou informado explicitamente;60.0;4235;Mico/Sagui/Soinho;1;
4172;2018-03-14T20:14:13;SP;São Carlos;Obtido pelo GPS ou informado explicitamente;16.071;4234;Mico/Sagui/Soinho;3;Normal
4168;2018-03-13T15:58:57;MG;Barbacena;Obtido pelo GPS ou informado explicitamente;13.0;4230;Macaco/Guariba/Bugio/Prego/Guigó;1;
4167;2018-03-13T14:47:46;MG;Barbacena;Obtido pelo GPS ou informado explicitamente;39.0;4229;Mico/Sagui/Soinho;1;
4134;2018-03-12T15:51:29;RJ;Rio de Janeiro;Coordenadas obtidas a partir do endereço;;4196;Mico/Sagui/Soinho;3;Normal
4133;2018-03-12T14:31:39;RJ;Petrópolis;Obtido pelo GPS ou informado explicitamente;23.0;4195;Mico/Sagui/Soinho;1;
4130;2018-03-12T10:22:18;RJ;Paraty;Obtido pelo GPS ou informado explicitamente;15.664;4192;Mico/Sagui/Soinho;1;
4125;2018-03-10T16:42:33;MG;Belo Horizonte;Obtido pelo GPS ou informado explicitamente;34.142;4187;Mico/Sagui/Soinho;6;Normal
4119;2018-03-07T14:58:56;RJ;Nova Iguaçu;Obtido pelo GPS ou informado explicitamente;42.025;4181;Mico/Sagui/Soinho;1;
4118;2018-03-07T12:20:35;RJ;Barra do Piraí;Coordenadas obtidas a partir do endereço;-1.0;4180;Mico/Sagui/Soinho;1;
4117;2018-03-06T17:14:03;PR;São José dos Pinhais;Obtido pelo GPS ou informado explicitamente;374.952;4179;Macaco/Guariba/Bugio/Prego/Guigó;1;
4107;2018-03-06T16:02:10;RJ;Nova Iguaçu;Obtido pelo GPS ou informado explicitamente;57.373;4169;Mico/Sagui/Soinho;1;
4106;2018-03-06T14:40:03;RJ;Nova Iguaçu;Obtido pelo GPS ou informado explicitamente;122.4;4168;Mico/Sagui/Soinho;1;
4094;2018-03-03T17:37:15;RJ;Rio Bonito;Obtido pelo GPS ou informado explicitamente;0.0;4156;Mico/Sagui/Soinho;2;
4093;2018-03-03T10:05:40;RJ;Rio de Janeiro;Coordenadas obtidas a partir do endereço;-1.0;4155;Mico/Sagui/Soinho;1;
4088;2018-03-02T11:10:25;SC;Pescaria Brava;Obtido pelo GPS ou informado explicitamente;10.0;4150;Macaco/Guariba/Bugio/Prego/Guigó;1;
4082;2018-02-27T22:10:59;RJ;Paracambi;Obtido pelo GPS ou informado explicitamente;68.4;4144;Mico/Sagui/Soinho;1;
4080;2018-02-27T13:23:01;MG;Barbacena;Obtido pelo GPS ou informado explicitamente;0.0;4142;Mico/Sagui/Soinho;1;
4074;2018-02-27T14:52:11;PR;Araucária;Obtido pelo GPS ou informado explicitamente;75.709;4136;Macaco/Guariba/Bugio/Prego/Guigó;1;
4072;2018-02-26T16:35:29;MG;Barbacena;Obtido pelo GPS ou informado explicitamente;0.0;4134;Mico/Sagui/Soinho;1;
4071;2018-02-26T15:13:10;RJ;Rio de Janeiro;Coordenadas obtidas a partir do endereço;-1.0;4133;Mico/Sagui/Soinho;1;
4050;2018-02-23T11:56:09;MG;Barbacena;Obtido pelo GPS ou informado explicitamente;0.0;4112;Mico/Sagui/Soinho;1;
4046;2018-02-22T17:14:20;RJ;Barra do Piraí;Obtido pelo GPS ou informado explicitamente;2599.999;4108;Mico/Sagui/Soinho;1;
4038;2018-02-20T23:39:33;SP;Cotia;Obtido pelo GPS ou informado explicitamente;0.0;4100;Macaco/Guariba/Bugio/Prego/Guigó;5;Normal
4038;2018-02-20T23:39:33;SP;Cotia;Obtido pelo GPS ou informado explicitamente;0.0;4098;Macaco/Guariba/Bugio/Prego/Guigó;1;
4037;2018-02-20T22:48:42;AL;Piranhas;Obtido pelo GPS ou informado explicitamente;0.0;4097;Macaco/Guariba/Bugio/Prego/Guigó;1;Normal
4027;2018-02-16T04:27:00;MG;Itaverava;Coordenadas obtidas a partir do endereço;-1.0;4087;Mico/Sagui/Soinho;1;
4026;2018-02-19T17:30:35;RJ;Quissamã;Coordenadas obtidas a partir do endereço;-1.0;4086;Macaco/Guariba/Bugio/Prego/Guigó;1;Normal
4011;2018-02-18T16:28:44;BA;Lauro de Freitas;Obtido pelo GPS ou informado explicitamente;65.0;4071;Mico/Sagui/Soinho;1;
4010;2018-02-18T14:34:43;RJ;Quissamã;Obtido pelo GPS ou informado explicitamente;16.0;4070;Macaco/Guariba/Bugio/Prego/Guigó;1;
4007;2018-02-16T18:31:37;RJ;Macaé;Obtido pelo GPS ou informado explicitamente;0.0;4067;Macaco/Guariba/Bugio/Prego/Guigó;6;Normal
4006;2018-02-16T12:20:14;RJ;Macaé;Obtido pelo GPS ou informado explicitamente;6.0;4066;Macaco/Guariba/Bugio/Prego/Guigó;1;Estranho
4005;2018-02-15T08:44:13;RJ;Macaé;Obtido pelo GPS ou informado explicitamente;12.0;4065;Macaco/Guariba/Bugio/Prego/Guigó;2;Normal
4004;2018-02-16T16:01:04;MG;Barbacena;Obtido pelo GPS ou informado explicitamente;96.0;4064;Mico/Sagui/Soinho;1;
4003;2018-02-16T15:07:57;SC;Cunhataí;Obtido pelo GPS ou informado explicitamente;3500.0;4063;Macaco/Guariba/Bugio/Prego/Guigó;1;
4002;2018-02-16T10:46:23;RJ;Rio de Janeiro;Obtido pelo GPS ou informado explicitamente;20.0;4062;Mico/Sagui/Soinho;1;
3980;2018-02-10T11:13:55;MG;Barbacena;Obtido pelo GPS ou informado explicitamente;0.0;4040;Mico/Sagui/Soinho;1;
3979;2018-02-09T22:04:34;RJ;Rio de Janeiro;Obtido pelo GPS ou informado explicitamente;20.556;4039;Mico/Sagui/Soinho;1;
3972;2018-02-09T17:33:39;RJ;Rio de Janeiro;Obtido pelo GPS ou informado explicitamente;19.527;4032;Mico/Sagui/Soinho;1;Doente
3971;2018-02-09T16:46:33;RJ;Rio de Janeiro;Obtido pelo GPS ou informado explicitamente;20.192;4031;Mico/Sagui/Soinho;1;Doente
3969;2018-02-09T11:12:53;BA;Salvador;Obtido pelo GPS ou informado explicitamente;21.216;4028;Mico/Sagui/Soinho;1;Doente
3968;2018-02-09T11:28:33;RJ;Paty do Alferes;Obtido pelo GPS ou informado explicitamente;918.393;4027;Mico/Sagui/Soinho;1;
3967;2018-02-09T10:29:21;RJ;Paty do Alferes;Obtido pelo GPS ou informado explicitamente;191.322;4026;Mico/Sagui/Soinho;1;
3965;2018-02-02T09:02:12;BA;Uruçuca;Obtido pelo GPS ou informado explicitamente;92.9;4024;Macaco/Guariba/Bugio/Prego/Guigó;6;Normal
3961;2018-02-08T13:11:37;RJ;Rio de Janeiro;Obtido pelo GPS ou informado explicitamente;;4020;Mico/Sagui/Soinho;1;Estranho
3960;2018-02-08T10:50:24;RJ;Rio de Janeiro;Obtido pelo GPS ou informado explicitamente;;4019;Mico/Sagui/Soinho;1;Doente
3958;2018-02-06T21:02:31;MG;Barbacena;Obtido pelo GPS ou informado explicitamente;0.0;4017;Mico/Sagui/Soinho;1;
3954;2018-02-06T16:44:16;RR;Alto Alegre;Obtido pelo GPS ou informado explicitamente;7.0;4013;Macaco/Guariba/Bugio/Prego/Guigó;1;
3939;2018-02-06T23:30:27;RJ;Angra dos Reis;Obtido pelo GPS ou informado explicitamente;0.0;3998;Macaco/Guariba/Bugio/Prego/Guigó;1;
3936;2018-02-06T16:23:23;RJ;Rio de Janeiro;Obtido pelo GPS ou informado explicitamente;15.17;3995;Mico/Sagui/Soinho;1;
3935;2018-02-06T14:54:48;RJ;Rio de Janeiro;Obtido pelo GPS ou informado explicitamente;;3994;Mico/Sagui/Soinho;1;
3922;2018-02-05T17:02:48;RJ;Nova Iguaçu;Obtido pelo GPS ou informado explicitamente;21.0;3981;Mico/Sagui/Soinho;1;
3919;2018-02-03T15:42:29;SP;Valinhos;Obtido pelo GPS ou informado explicitamente;18.662;3978;Macaco/Guariba/Bugio/Prego/Guigó;2;
3918;2018-02-03T10:25:17;RJ;São Gonçalo;Obtido pelo GPS ou informado explicitamente;31.0;3977;Mico/Sagui/Soinho;1;
3916;2018-02-02T18:43:58;RJ;Petrópolis;Obtido pelo GPS ou informado explicitamente;0.0;3975;Mico/Sagui/Soinho;1;
3915;2018-02-02T18:16:16;RJ;Araruama;Obtido pelo GPS ou informado explicitamente;1957.0;3974;Macaco/Guariba/Bugio/Prego/Guigó;1;
3913;2018-01-30T18:18:29;MG;Barbacena;Obtido pelo GPS ou informado explicitamente;0.0;3972;Macaco/Guariba/Bugio/Prego/Guigó;1;
3912;2018-01-30T18:12:38;MG;Barbacena;Obtido pelo GPS ou informado explicitamente;0.0;3971;Macaco/Guariba/Bugio/Prego/Guigó;1;
3909;2018-02-02T08:05:59;RJ;Rio das Ostras;Coordenadas obtidas a partir do endereço;;3968;Macaco/Guariba/Bugio/Prego/Guigó;1;Normal
3903;2018-02-01T18:41:11;SC;Caxambu do Sul;Obtido pelo GPS ou informado explicitamente;15.5;3962;Macaco/Guariba/Bugio/Prego/Guigó;1;
3891;2018-01-31T14:32:27;RJ;Macaé;Obtido pelo GPS ou informado explicitamente;0.0;3950;Macaco/Guariba/Bugio/Prego/Guigó;1;Estranho
3860;2018-01-31T18:27:50;RJ;Araruama;Obtido pelo GPS ou informado explicitamente;19.315;3918;Mico/Sagui/Soinho;1;Doente
3856;2018-01-31T11:12:16;RJ;Nova Iguaçu;Coordenadas obtidas a partir do endereço;-1.0;3914;Mico/Sagui/Soinho;1;
3850;2018-01-30T08:53:08;MG;Carandaí;Obtido pelo GPS ou informado explicitamente;27.306;3908;Macaco/Guariba/Bugio/Prego/Guigó;1;
3846;2018-01-28T23:54:13;MG;Barbacena;Obtido pelo GPS ou informado explicitamente;0.0;3904;Mico/Sagui/Soinho;1;
3845;2018-01-28T23:49:39;MG;Barbacena;Obtido pelo GPS ou informado explicitamente;0.0;3903;Mico/Sagui/Soinho;1;
3844;2018-01-28T23:39:59;MG;Barbacena;Obtido pelo GPS ou informado explicitamente;0.0;3902;Mico/Sagui/Soinho;1;
3843;2018-01-28T23:35:46;MG;Barbacena;Obtido pelo GPS ou informado explicitamente;0.0;3901;Mico/Sagui/Soinho;1;
3842;2018-01-27T12:51:59;MG;Barbacena;Obtido pelo GPS ou informado explicitamente;0.0;3900;Mico/Sagui/Soinho;1;
3841;2018-01-27T12:46:05;MG;Barbacena;Obtido pelo GPS ou informado explicitamente;0.0;3899;Mico/Sagui/Soinho;1;
3840;2018-01-27T12:40:19;MG;Barbacena;Obtido pelo GPS ou informado explicitamente;0.0;3898;Mico/Sagui/Soinho;1;Doente
3839;2018-01-27T08:21:45;MG;Barbacena;Obtido pelo GPS ou informado explicitamente;0.0;3897;Macaco/Guariba/Bugio/Prego/Guigó;1;
3838;2018-01-29T07:32:22;MG;Barbacena;Obtido pelo GPS ou informado explicitamente;0.0;3896;Mico/Sagui/Soinho;1;
3837;2018-01-27T08:13:39;MG;Barbacena;Obtido pelo GPS ou informado explicitamente;0.0;3895;Mico/Sagui/Soinho;1;
3822;2018-01-28T14:49:29;RJ;Rio de Janeiro;Obtido pelo GPS ou informado explicitamente;156.137;3880;Macaco/Guariba/Bugio/Prego/Guigó;1;Doente
3822;2018-01-28T14:49:29;RJ;Rio de Janeiro;Obtido pelo GPS ou informado explicitamente;156.137;3879;Macaco/Guariba/Bugio/Prego/Guigó;4;Normal
3810;2018-01-27T10:33:33;BA;Camaçari;Obtido pelo GPS ou informado explicitamente;2664.0;3867;Mico/Sagui/Soinho;4;
3809;2018-01-26T11:36:11;RR;Boa Vista;Obtido pelo GPS ou informado explicitamente;116.1;3866;Macaco/Guariba/Bugio/Prego/Guigó;1;
3806;2018-01-26T09:15:16;RJ;Saquarema;Obtido pelo GPS ou informado explicitamente;39.922;3863;Mico/Sagui/Soinho;20;Normal
3804;2018-01-25T10:14:44;RJ;Nova Iguaçu;Obtido pelo GPS ou informado explicitamente;10.0;3861;Mico/Sagui/Soinho;1;
3803;2018-01-25T10:33:35;RJ;Paraty;Obtido pelo GPS ou informado explicitamente;74.0;3860;Mico/Sagui/Soinho;1;
3802;2018-01-21T14:57:50;RJ;Queimados;Obtido pelo GPS ou informado explicitamente;96.0;3859;Macaco/Guariba/Bugio/Prego/Guigó;1;
3801;2018-01-24T18:14:09;RJ;Rio Bonito;Obtido pelo GPS ou informado explicitamente;24.9;3858;Mico/Sagui/Soinho;1;Estranho
3800;2018-01-11T14:55:15;RJ;Rio Bonito;Obtido pelo GPS ou informado explicitamente;20.744;3857;Mico/Sagui/Soinho;1;Estranho
3799;2018-01-24T17:18:37;MG;Carandaí;Obtido pelo GPS ou informado explicitamente;51.578;3856;Mico/Sagui/Soinho;1;
3798;2018-01-23T15:01:04;RJ;Macaé;Obtido pelo GPS ou informado explicitamente;42.0;3855;Macaco/Guariba/Bugio/Prego/Guigó;1;
3796;2018-01-22T15:47:07;RJ;Paracambi;Obtido pelo GPS ou informado explicitamente;7.5;3853;Mico/Sagui/Soinho;1;
3795;2018-01-23T08:15:56;RJ;Rio de Janeiro;Obtido pelo GPS ou informado explicitamente;20.0;3852;Mico/Sagui/Soinho;1;
3792;2018-01-21T16:26:04;RJ;Paty do Alferes;Obtido pelo GPS ou informado explicitamente;2200.0;3849;Mico/Sagui/Soinho;1;
3791;2018-01-21T13:24:56;RJ;Paracambi;Obtido pelo GPS ou informado explicitamente;2055.0;3848;Mico/Sagui/Soinho;1;
3790;2018-01-20T13:08:04;MG;Itaverava;Obtido pelo GPS ou informado explicitamente;24.9;3847;Mico/Sagui/Soinho;1;
3789;2018-01-20T15:47:18;RJ;Magé;Obtido pelo GPS ou informado explicitamente;72.9;3846;Mico/Sagui/Soinho;1;
3785;2018-01-19T13:24:30;RJ;Macaé;Obtido pelo GPS ou informado explicitamente;2400.0;3842;Macaco/Guariba/Bugio/Prego/Guigó;1;
3783;2018-01-25T13:09:05;RJ;Barra do Piraí;Obtido pelo GPS ou informado explicitamente;6.068;3840;Mico/Sagui/Soinho;1;
3782;2018-01-24T10:31:30;RJ;Teresópolis;Obtido pelo GPS ou informado explicitamente;;3839;Macaco/Guariba/Bugio/Prego/Guigó;1;Normal
3781;2018-01-22T10:40:37;RJ;Barra do Piraí;Obtido pelo GPS ou informado explicitamente;12.136;3838;Mico/Sagui/Soinho;1;
3779;2018-01-20T12:56:57;RJ;Piraí;Obtido pelo GPS ou informado explicitamente;93.0;3836;Mico/Sagui/Soinho;1;
3778;2017-05-10T13:21:36;SC;Planalto Alegre;Obtido pelo GPS ou informado explicitamente;;3835;Macaco/Guariba/Bugio/Prego/Guigó;1;
3777;2017-06-28T17:30:00;SC;Arvoredo;Obtido pelo GPS ou informado explicitamente;;3834;Macaco/Guariba/Bugio/Prego/Guigó;1;
3776;2018-01-02T15:28:21;SC;Nova Erechim;Obtido pelo GPS ou informado explicitamente;;3833;Macaco/Guariba/Bugio/Prego/Guigó;1;
3771;2018-01-16T16:01:23;RJ;Duque de Caxias;Obtido pelo GPS ou informado explicitamente;19.154;3828;Mico/Sagui/Soinho;1;
3759;2018-01-16T14:49:57;MG;Barbacena;Obtido pelo GPS ou informado explicitamente;271.83;3816;Macaco/Guariba/Bugio/Prego/Guigó;1;
3758;2018-01-17T13:23:35;RJ;Valença;Obtido pelo GPS ou informado explicitamente;15.17;3815;Mico/Sagui/Soinho;1;
3747;2018-01-19T10:23:21;RJ;Macaé;Obtido pelo GPS ou informado explicitamente;3.9;3804;Macaco/Guariba/Bugio/Prego/Guigó;1;
3746;2018-01-19T06:27:01;RJ;Barra do Piraí;Obtido pelo GPS ou informado explicitamente;12.136;3803;Mico/Sagui/Soinho;1;
3740;2018-01-18T10:25:24;SC;Novo Horizonte;Obtido pelo GPS ou informado explicitamente;20.582;3797;Macaco/Guariba/Bugio/Prego/Guigó;1;
3739;2018-01-17T14:10:00;RJ;Barra do Piraí;Obtido pelo GPS ou informado explicitamente;0.0;3796;Mico/Sagui/Soinho;1;
3736;2018-01-18T07:44:29;RJ;Rio de Janeiro;Obtido pelo GPS ou informado explicitamente;28.1;3793;Macaco/Guariba/Bugio/Prego/Guigó;50;
3735;2018-01-17T16:52:11;MG;Barbacena;Obtido pelo GPS ou informado explicitamente;18.0;3792;Macaco/Guariba/Bugio/Prego/Guigó;1;
3726;2018-01-17T10:17:56;RJ;Barra do Piraí;Obtido pelo GPS ou informado explicitamente;19.132;3783;Mico/Sagui/Soinho;1;
3725;2018-01-16T17:09:35;RJ;Rio de Janeiro;Obtido pelo GPS ou informado explicitamente;24.62;3782;Mico/Sagui/Soinho;1;
3724;2018-01-16T16:44:18;RJ;Rio de Janeiro;Obtido pelo GPS ou informado explicitamente;19.457;3781;Mico/Sagui/Soinho;1;
3711;2018-01-12T10:30:05;RJ;Nova Iguaçu;Obtido pelo GPS ou informado explicitamente;16.696;3768;Mico/Sagui/Soinho;1;
3686;2018-01-10T16:18:01;RJ;Guapimirim;Coordenadas obtidas a partir do endereço;-1.0;3743;Mico/Sagui/Soinho;2;Normal
3676;2018-01-02T13:01:05;PA;Santarém;Obtido pelo GPS ou informado explicitamente;31.0;3733;Mico/Sagui/Soinho;1;Normal
3671;2018-01-03T15:29:11;MG;Barbacena;Obtido pelo GPS ou informado explicitamente;18.0;3728;Macaco/Guariba/Bugio/Prego/Guigó;1;Estranho
3665;2017-12-28T09:52:51;MG;Barbacena;Obtido pelo GPS ou informado explicitamente;19.247;3722;Macaco/Guariba/Bugio/Prego/Guigó;2;
3637;2017-12-20T11:30:40;RJ;Barra do Piraí;Obtido pelo GPS ou informado explicitamente;19.356;3694;Mico/Sagui/Soinho;3;
3613;2017-12-17T09:11:00;RJ;Rio de Janeiro;Obtido pelo GPS ou informado explicitamente;8.0;3670;Macaco/Guariba/Bugio/Prego/Guigó;5;Normal
3612;2017-12-14T00:21:54;RJ;Rio de Janeiro;Obtido pelo GPS ou informado explicitamente;19.959;3669;Mico/Sagui/Soinho;1;
3610;2017-12-08T11:29:09;RJ;Rio de Janeiro;Obtido pelo GPS ou informado explicitamente;0.0;3667;Mico/Sagui/Soinho;1;
3607;2017-12-08T14:31:05;SP;Mairiporã;Obtido pelo GPS ou informado explicitamente;11.0;3664;Macaco/Guariba/Bugio/Prego/Guigó;1;
3585;2017-12-06T11:32:56;RJ;Petrópolis;Obtido pelo GPS ou informado explicitamente;;3642;Mico/Sagui/Soinho;3;Normal
3583;2017-12-06T10:12:11;SP;Mairiporã;Obtido pelo GPS ou informado explicitamente;19.342;3640;Macaco/Guariba/Bugio/Prego/Guigó;90;
3534;2017-10-28T15:15:00;RJ;Petrópolis;Obtido pelo GPS ou informado explicitamente;0.0;3591;Mico/Sagui/Soinho;3;Normal
3523;2017-11-17T14:11:18;RJ;Rio de Janeiro;Obtido pelo GPS ou informado explicitamente;3.9;3580;Mico/Sagui/Soinho;1;
3464;2017-11-03T06:49:23;CE;Crato;Obtido pelo GPS ou informado explicitamente;50.0;3521;Macaco/Guariba/Bugio/Prego/Guigó;5;Normal
3442;2017-10-26T15:00:07;RJ;Cabo Frio;Obtido pelo GPS ou informado explicitamente;;3499;Macaco/Guariba/Bugio/Prego/Guigó;1;
3436;2017-08-27T14:58:59;PA;Aveiro;Coordenadas obtidas a partir do endereço;-1.0;3493;Mico/Sagui/Soinho;2;Estranho
3435;2017-08-15T13:26:04;PA;Aveiro;Coordenadas obtidas a partir do endereço;-1.0;3492;Mico/Sagui/Soinho;2;Estranho
3423;2017-10-13T13:43:45;RJ;Teresópolis;Obtido pelo GPS ou informado explicitamente;14.0;3480;Macaco/Guariba/Bugio/Prego/Guigó;1;Normal
3420;2017-10-12T09:42:09;RJ;Rio de Janeiro;Obtido pelo GPS ou informado explicitamente;59.163;3477;Macaco/Guariba/Bugio/Prego/Guigó;20;Normal
3419;2017-10-12T09:45:07;RJ;Rio de Janeiro;Obtido pelo GPS ou informado explicitamente;57.0;3476;Macaco/Guariba/Bugio/Prego/Guigó;18;Normal
3402;2017-10-07T12:44:08;RJ;Nova Friburgo;Obtido pelo GPS ou informado explicitamente;;3459;Macaco/Guariba/Bugio/Prego/Guigó;1;Normal
3392;2017-10-05T09:11:39;RJ;Petrópolis;Obtido pelo GPS ou informado explicitamente;25.257;3449;Mico/Sagui/Soinho;2;Normal
3311;2017-09-18T09:28:54;RJ;Rio de Janeiro;Obtido pelo GPS ou informado explicitamente;2.7;3368;Macaco/Guariba/Bugio/Prego/Guigó;1;Doente
3310;2017-09-18T07:34:10;RJ;Teresópolis;Obtido pelo GPS ou informado explicitamente;11.7;3367;Mico/Sagui/Soinho;1;
3286;2017-09-03T15:31:27;RJ;Rio de Janeiro;Obtido pelo GPS ou informado explicitamente;16.0;3343;Macaco/Guariba/Bugio/Prego/Guigó;7;Normal
3285;2017-09-03T14:40:03;RJ;Rio de Janeiro;Obtido pelo GPS ou informado explicitamente;37.0;3342;Macaco/Guariba/Bugio/Prego/Guigó;1;Normal
3275;2017-08-30T11:50:55;RJ;Rio de Janeiro;Obtido pelo GPS ou informado explicitamente;19.636;3332;Mico/Sagui/Soinho;5;Normal
3217;2017-08-16T13:08:18;RJ;Petrópolis;Obtido pelo GPS ou informado explicitamente;20.0;3274;Mico/Sagui/Soinho;7;Normal
3201;2017-08-13T11:04:49;PI;Coronel José Dias;Obtido pelo GPS ou informado explicitamente;0.0;3258;Macaco/Guariba/Bugio/Prego/Guigó;3;Normal
3187;2017-08-06T10:30:22;RJ;Petrópolis;Obtido pelo GPS ou informado explicitamente;5.0;3244;Mico/Sagui/Soinho;4;Normal
3182;2017-08-03T17:24:06;CE;Crato;Obtido pelo GPS ou informado explicitamente;56.1;3239;Mico/Sagui/Soinho;3;Normal
3180;2017-08-02T18:23:23;PA;Santarém;Obtido pelo GPS ou informado explicitamente;11.0;3237;Macaco/Guariba/Bugio/Prego/Guigó;1;Normal
3179;2017-08-02T13:48:28;RJ;Magé;Obtido pelo GPS ou informado explicitamente;3699.0;3236;Mico/Sagui/Soinho;1;Normal
3178;2017-08-01T13:41:37;RJ;Magé;Obtido pelo GPS ou informado explicitamente;20.0;3235;Mico/Sagui/Soinho;1;
3170;2017-07-25T13:32:50;RJ;São Pedro da Aldeia;Obtido pelo GPS ou informado explicitamente;1948.0;3227;Mico/Sagui/Soinho;1;Estranho
3146;2017-07-18T12:44:27;PA;Santarém;Obtido pelo GPS ou informado explicitamente;28.0;3203;Macaco/Guariba/Bugio/Prego/Guigó;1;Normal
3144;2017-07-03T10:22:50;PA;Santarém;Obtido pelo GPS ou informado explicitamente;17.0;3201;Mico/Sagui/Soinho;2;Normal
3134;2017-07-14T18:16:33;RJ;Rio de Janeiro;Obtido pelo GPS ou informado explicitamente;56.272;3191;Macaco/Guariba/Bugio/Prego/Guigó;2;
3122;2016-07-08T10:05:00;PA;Santarém;Obtido pelo GPS ou informado explicitamente;6.0;3179;Macaco/Guariba/Bugio/Prego/Guigó;3;Normal
3118;2016-06-03T06:12:00;PA;Santarém;Obtido pelo GPS ou informado explicitamente;8.0;3175;Mico/Sagui/Soinho;1;Normal
3093;2016-07-31T11:34:00;PA;Santarém;Obtido pelo GPS ou informado explicitamente;16.0;3150;Macaco/Guariba/Bugio/Prego/Guigó;1;
2993;2017-03-29T09:12:58;RJ;Silva Jardim;Obtido pelo GPS ou informado explicitamente;84.0;3050;Macaco/Guariba/Bugio/Prego/Guigó;14;Normal
2975;2017-07-11T07:59:20;BA;Uruçuca;Obtido pelo GPS ou informado explicitamente;1805.0;3032;Mico/Sagui/Soinho;1;Normal
2970;2017-07-05T07:30:42;RJ;Rio de Janeiro;Obtido pelo GPS ou informado explicitamente;25.0;3027;Mico/Sagui/Soinho;1;Normal
2968;2017-07-02T13:15:41;PA;Santarém;Obtido pelo GPS ou informado explicitamente;9.0;3025;Mico/Sagui/Soinho;1;Doente
2950;2017-06-30T18:42:35;PA;Santarém;Obtido pelo GPS ou informado explicitamente;96.0;3007;Macaco/Guariba/Bugio/Prego/Guigó;1;Normal
2950;2017-06-30T18:42:35;PA;Santarém;Obtido pelo GPS ou informado explicitamente;96.0;3006;Mico/Sagui/Soinho;1;Normal
2946;2017-06-29T12:45:09;RJ;Petrópolis;Obtido pelo GPS ou informado explicitamente;17.0;3002;Mico/Sagui/Soinho;1;Normal
2945;2017-06-29T11:04:53;RJ;Magé;Obtido pelo GPS ou informado explicitamente;27.0;3001;Mico/Sagui/Soinho;1;Normal
2939;2017-06-29T07:54:43;RJ;Rio de Janeiro;Obtido pelo GPS ou informado explicitamente;19.549;2995;Mico/Sagui/Soinho;2;Normal
2938;2017-06-28T15:45:32;PA;Santarém;Obtido pelo GPS ou informado explicitamente;6.0;2994;Mico/Sagui/Soinho;1;Normal
2893;2017-06-23T02:27:54;RJ;Magé;Obtido pelo GPS ou informado explicitamente;20.4;2948;Mico/Sagui/Soinho;20;Normal
2892;2017-06-20T14:13:22;RJ;Magé;Obtido pelo GPS ou informado explicitamente;1399.999;2947;Mico/Sagui/Soinho;1;Normal
2881;2017-06-16T17:09:34;CE;Icapuí;Obtido pelo GPS ou informado explicitamente;3000.0;2936;Mico/Sagui/Soinho;8;Normal
2853;2017-06-11T12:11:23;RJ;Magé;Obtido pelo GPS ou informado explicitamente;3081.0;2908;Mico/Sagui/Soinho;1;Normal
2848;2017-06-09T20:35:47;BA;Uruçuca;Obtido pelo GPS ou informado explicitamente;12.0;2903;Mico/Sagui/Soinho;2;Normal
2848;2017-06-09T20:35:47;BA;Uruçuca;Obtido pelo GPS ou informado explicitamente;12.0;2902;Mico/Sagui/Soinho;2;Normal
2841;2017-06-06T16:04:01;RJ;Teresópolis;Obtido pelo GPS ou informado explicitamente;16.0;2895;Macaco/Guariba/Bugio/Prego/Guigó;8;Normal
2796;2017-05-31T10:02:48;RJ;Teresópolis;Obtido pelo GPS ou informado explicitamente;21.6;2848;Mico/Sagui/Soinho;5;Normal
2793;2017-05-30T09:29:45;RJ;Rio de Janeiro;Obtido pelo GPS ou informado explicitamente;19.825;2845;Macaco/Guariba/Bugio/Prego/Guigó;1;
2784;2017-05-25T15:33:30;RJ;Paty do Alferes;Obtido pelo GPS ou informado explicitamente;800.0;2836;Mico/Sagui/Soinho;4;Normal
2775;2017-05-23T10:42:36;RJ;Rio de Janeiro;Obtido pelo GPS ou informado explicitamente;34.4;2827;Mico/Sagui/Soinho;1;Estranho
2765;2017-05-17T17:10:01;RJ;Rio de Janeiro;Obtido pelo GPS ou informado explicitamente;21.673;2816;Mico/Sagui/Soinho;2;
2752;2017-05-13T10:43:10;RJ;Itaboraí;Coordenadas obtidas a partir do endereço;;2803;Mico/Sagui/Soinho;3;Normal
2735;2017-05-08T16:14:33;RJ;Teresópolis;Obtido pelo GPS ou informado explicitamente;9.0;2786;Macaco/Guariba/Bugio/Prego/Guigó;5;Normal
2716;2017-05-05T09:04:17;GO;Planaltina;Obtido pelo GPS ou informado explicitamente;23.0;2767;Macaco/Guariba/Bugio/Prego/Guigó;2;Normal
2711;2017-05-04T15:06:31;RJ;Duque de Caxias;Obtido pelo GPS ou informado explicitamente;19.719;2762;Mico/Sagui/Soinho;1;
2699;2017-05-03T01:57:16;RJ;Petrópolis;Obtido pelo GPS ou informado explicitamente;42.5;2750;Mico/Sagui/Soinho;3;Normal
2697;2017-05-02T15:03:13;RJ;São Sebastião do Alto;Obtido pelo GPS ou informado explicitamente;30.34;2748;Macaco/Guariba/Bugio/Prego/Guigó;1;
2686;2017-04-28T09:50:11;PE;Vitória de Santo Antão;Obtido pelo GPS ou informado explicitamente;20.0;2737;Mico/Sagui/Soinho;5;Normal
2682;2017-04-28T07:38:42;SC;Florianópolis;Obtido pelo GPS ou informado explicitamente;20.0;2733;Macaco/Guariba/Bugio/Prego/Guigó;3;Normal
2677;2017-04-26T13:17:12;RJ;Teresópolis;Obtido pelo GPS ou informado explicitamente;14.0;2728;Macaco/Guariba/Bugio/Prego/Guigó;5;Normal
2659;2017-04-22T18:57:11;RJ;Rio de Janeiro;Obtido pelo GPS ou informado explicitamente;0.0;2710;Mico/Sagui/Soinho;1;
2653;2017-04-20T15:00:13;RJ;Niterói;Obtido pelo GPS ou informado explicitamente;;2704;Mico/Sagui/Soinho;1;Doente
2646;2017-04-17T16:41:51;PA;Santarém;Obtido pelo GPS ou informado explicitamente;46.0;2697;Mico/Sagui/Soinho;5;Normal
2637;2017-04-18T22:33:57;RJ;Teresópolis;Obtido pelo GPS ou informado explicitamente;20.0;2688;Macaco/Guariba/Bugio/Prego/Guigó;1;
2636;2017-04-18T22:31:14;RJ;Teresópolis;Obtido pelo GPS ou informado explicitamente;26.0;2687;Macaco/Guariba/Bugio/Prego/Guigó;1;
2634;2017-04-17T10:31:51;RJ;Teresópolis;Obtido pelo GPS ou informado explicitamente;2821.0;2685;Macaco/Guariba/Bugio/Prego/Guigó;1;
2628;2017-04-13T07:42:44;RJ;Macaé;Coordenadas obtidas a partir do endereço;-1.0;2679;Macaco/Guariba/Bugio/Prego/Guigó;1;
2623;2017-04-11T14:47:44;RJ;Macaé;Coordenadas obtidas a partir do endereço;-1.0;2674;Macaco/Guariba/Bugio/Prego/Guigó;3;
2623;2017-04-11T14:47:44;RJ;Macaé;Coordenadas obtidas a partir do endereço;-1.0;2673;Macaco/Guariba/Bugio/Prego/Guigó;2;
2601;2017-04-03T17:39:47;RJ;Rio de Janeiro;Obtido pelo GPS ou informado explicitamente;20.046;2651;Mico/Sagui/Soinho;1;Estranho
2594;2017-03-31T10:57:06;RJ;Pinheiral;Obtido pelo GPS ou informado explicitamente;50.0;2644;Mico/Sagui/Soinho;1;
2589;2017-03-29T23:51:20;RJ;Nova Friburgo;Obtido pelo GPS ou informado explicitamente;104.1;2639;Mico/Sagui/Soinho;1;
2578;2017-03-28T08:36:35;RJ;Laje do Muriaé;Obtido pelo GPS ou informado explicitamente;20.136;2628;Macaco/Guariba/Bugio/Prego/Guigó;5;
2577;2017-03-28T01:38:08;RJ;Rio de Janeiro;Obtido pelo GPS ou informado explicitamente;21.36;2627;Mico/Sagui/Soinho;1;Normal
2523;2016-02-20T13:40:29;RJ;Petrópolis;Coordenadas obtidas a partir do endereço;-1.0;2573;Mico/Sagui/Soinho;10;Normal
2496;2017-03-17T13:56:32;CE;Crato;Obtido pelo GPS ou informado explicitamente;50.0;2546;Macaco/Guariba/Bugio/Prego/Guigó;3;Normal
2495;2017-03-17T11:39:04;RJ;Teresópolis;Obtido pelo GPS ou informado explicitamente;7.0;2545;Mico/Sagui/Soinho;2;Normal
2494;2017-03-17T11:21:32;RJ;Teresópolis;Obtido pelo GPS ou informado explicitamente;7.0;2544;Mico/Sagui/Soinho;2;Normal
2478;2017-03-16T14:50:16;RJ;Petrópolis;Coordenadas obtidas a partir do endereço;-1.0;2528;Macaco/Guariba/Bugio/Prego/Guigó;2;Normal
2436;2017-03-11T14:22:39;CE;Juazeiro do Norte;Obtido pelo GPS ou informado explicitamente;2299.999;2486;Macaco/Guariba/Bugio/Prego/Guigó;1;
2417;2017-03-08T00:18:09;MG;Santos Dumont;Obtido pelo GPS ou informado explicitamente;31.09;2467;Macaco/Guariba/Bugio/Prego/Guigó;1;Normal
2392;2017-03-01T10:17:08;ES;Santa Maria de Jetibá;Obtido pelo GPS ou informado explicitamente;48.9;2442;Macaco/Guariba/Bugio/Prego/Guigó;1;
2356;2017-02-20T12:00:58;RJ;Guapimirim;Obtido pelo GPS ou informado explicitamente;227.0;2406;Macaco/Guariba/Bugio/Prego/Guigó;5;Normal
2301;2017-02-17T09:46:06;RJ;Rio de Janeiro;Obtido pelo GPS ou informado explicitamente;19.559;2351;Mico/Sagui/Soinho;20;Estranho
2301;2017-02-17T09:46:06;RJ;Rio de Janeiro;Obtido pelo GPS ou informado explicitamente;19.559;2350;Mico/Sagui/Soinho;1;Normal
2299;2017-02-13T18:30:00;RJ;Niterói;Obtido pelo GPS ou informado explicitamente;0.0;2348;Mico/Sagui/Soinho;1;Normal
2297;2017-02-16T10:44:08;RJ;São João de Meriti;Coordenadas obtidas a partir do endereço;-1.0;2346;Mico/Sagui/Soinho;1;
2274;2017-02-13T15:23:38;RJ;São João de Meriti;Obtido pelo GPS ou informado explicitamente;20.0;2323;Mico/Sagui/Soinho;1;
2273;2017-02-12T08:21:28;RJ;Cachoeiras de Macacu;Obtido pelo GPS ou informado explicitamente;0.0;2322;Mico/Sagui/Soinho;1;
2272;2017-02-12T08:52:55;RJ;Niterói;Obtido pelo GPS ou informado explicitamente;19.71;2321;Mico/Sagui/Soinho;1;
2257;2017-02-02T12:00:00;SP;Mogi das Cruzes;Obtido pelo GPS ou informado explicitamente;0.0;2306;Mico/Sagui/Soinho;1;Doente
2157;2017-02-03T14:18:31;RJ;São Gonçalo;Obtido pelo GPS ou informado explicitamente;25.0;2206;Mico/Sagui/Soinho;4;Normal
2156;2017-02-03T14:08:03;RJ;São Gonçalo;Obtido pelo GPS ou informado explicitamente;1529.0;2205;Mico/Sagui/Soinho;4;Normal
2156;2017-02-03T14:08:03;RJ;São Gonçalo;Obtido pelo GPS ou informado explicitamente;1529.0;2204;Mico/Sagui/Soinho;4;Normal
2155;2017-02-02T22:31:15;RJ;Rio das Ostras;Obtido pelo GPS ou informado explicitamente;0.0;2203;Macaco/Guariba/Bugio/Prego/Guigó;1;
2154;2017-02-02T20:12:28;MG;Teófilo Otoni;Obtido pelo GPS ou informado explicitamente;20.522;2202;Mico/Sagui/Soinho;1;
2144;2017-02-02T11:12:05;MG;Canápolis;Obtido pelo GPS ou informado explicitamente;0.0;2192;Macaco/Guariba/Bugio/Prego/Guigó;1;
2143;2017-02-02T11:28:52;RJ;São Gonçalo;Obtido pelo GPS ou informado explicitamente;22.0;2191;Mico/Sagui/Soinho;4;Normal
2139;2017-02-01T08:56:52;RN;São Miguel do Gostoso;Obtido pelo GPS ou informado explicitamente;50.0;2187;Mico/Sagui/Soinho;2;Doente
2135;2017-02-01T08:52:59;RJ;Rio de Janeiro;Obtido pelo GPS ou informado explicitamente;20.801;2181;Mico/Sagui/Soinho;8;Normal
2126;2017-01-28T18:35:57;MG;Teófilo Otoni;Obtido pelo GPS ou informado explicitamente;18.0;2169;Macaco/Guariba/Bugio/Prego/Guigó;4;
2103;2017-01-27T09:25:40;RJ;Teresópolis;Obtido pelo GPS ou informado explicitamente;103.0;2146;Macaco/Guariba/Bugio/Prego/Guigó;5;Normal
1949;2017-01-17T09:40:37;RJ;Teresópolis;Obtido pelo GPS ou informado explicitamente;157.0;1992;Mico/Sagui/Soinho;1;
1864;2017-01-08T13:05:27;RJ;Guapimirim;Coordenadas obtidas a partir do endereço;-1.0;1906;Mico/Sagui/Soinho;4;Normal
1788;2016-12-26T17:02:29;RJ;Rio de Janeiro;Obtido pelo GPS ou informado explicitamente;32.0;1830;Mico/Sagui/Soinho;3;Normal
1787;2016-12-25T17:43:13;RJ;Rio de Janeiro;Obtido pelo GPS ou informado explicitamente;21.191;1829;Mico/Sagui/Soinho;15;Normal
1785;2016-12-24T16:29:01;RJ;Rio de Janeiro;Obtido pelo GPS ou informado explicitamente;274.5;1827;Macaco/Guariba/Bugio/Prego/Guigó;6;Normal
1763;2016-12-22T14:17:15;RJ;Teresópolis;Obtido pelo GPS ou informado explicitamente;66.0;1805;Mico/Sagui/Soinho;5;Normal
1737;2016-10-17T23:01:44;CE;Crato;Obtido pelo GPS ou informado explicitamente;23.208;1779;Macaco/Guariba/Bugio/Prego/Guigó;3;Normal
1736;2016-12-16T12:20:43;CE;Crato;Obtido pelo GPS ou informado explicitamente;4.0;1778;Mico/Sagui/Soinho;5;Normal
1711;2016-12-13T14:38:22;RJ;Rio de Janeiro;Obtido pelo GPS ou informado explicitamente;20.433;1753;Mico/Sagui/Soinho;10;Normal
1699;2016-11-29T16:25:45;BA;Itacaré;Obtido pelo GPS ou informado explicitamente;14.0;1741;Mico/Sagui/Soinho;1;Normal
1682;2016-12-04T09:00:00;RJ;Nova Iguaçu;Coordenadas obtidas a partir do endereço;-1.0;1724;Macaco/Guariba/Bugio/Prego/Guigó;2;
1674;2016-12-08T08:14:14;BA;Itacaré;Coordenadas obtidas a partir do endereço;-1.0;1716;Mico/Sagui/Soinho;1;Normal
1672;2016-12-04T21:50:45;BA;Aracatu;Coordenadas obtidas a partir do endereço;-1.0;1714;Mico/Sagui/Soinho;1;Normal
1646;2016-12-05T11:02:40;RJ;Rio de Janeiro;Obtido pelo GPS ou informado explicitamente;29.0;1688;Mico/Sagui/Soinho;1;Normal
1608;2016-11-25T20:36:02;CE;Crato;Obtido pelo GPS ou informado explicitamente;20.985;1650;Mico/Sagui/Soinho;1;
1598;2016-11-21T15:46:47;RJ;Rio de Janeiro;Obtido pelo GPS ou informado explicitamente;15.0;1640;Mico/Sagui/Soinho;1;
1574;2016-11-12T01:32:08;RJ;Teresópolis;Obtido pelo GPS ou informado explicitamente;29.0;1615;Macaco/Guariba/Bugio/Prego/Guigó;5;Normal
1539;2016-11-05T00:06:08;PR;Maringá;Obtido pelo GPS ou informado explicitamente;21.551;1580;Mico/Sagui/Soinho;3;Normal
1508;2016-10-31T16:10:38;RJ;Rio de Janeiro;Obtido pelo GPS ou informado explicitamente;;1549;Macaco/Guariba/Bugio/Prego/Guigó;1;Doente
1502;2016-10-29T18:28:51;RJ;Teresópolis;Obtido pelo GPS ou informado explicitamente;24.0;1543;Macaco/Guariba/Bugio/Prego/Guigó;1;Estranho
1489;2016-10-28T00:39:43;RJ;Rio de Janeiro;Obtido pelo GPS ou informado explicitamente;;1530;Macaco/Guariba/Bugio/Prego/Guigó;1;Doente
1486;2016-10-28T00:14:22;RJ;Rio de Janeiro;Obtido pelo GPS ou informado explicitamente;;1527;Macaco/Guariba/Bugio/Prego/Guigó;1;Doente
1485;2016-10-27T23:55:53;RJ;Rio de Janeiro;Obtido pelo GPS ou informado explicitamente;;1526;Macaco/Guariba/Bugio/Prego/Guigó;1;Doente
1484;2016-10-27T23:44:41;RJ;Rio de Janeiro;Obtido pelo GPS ou informado explicitamente;;1525;Macaco/Guariba/Bugio/Prego/Guigó;1;Doente
1482;2016-08-04T22:01:00;PA;Santarém;Obtido pelo GPS ou informado explicitamente;9.0;1523;Macaco/Guariba/Bugio/Prego/Guigó;1;Normal
1481;2016-10-27T19:53:51;RJ;Petrópolis;Obtido pelo GPS ou informado explicitamente;50.0;1522;Mico/Sagui/Soinho;1;Normal
1371;2016-10-17T17:46:59;RJ;Macaé;Obtido pelo GPS ou informado explicitamente;0.0;1412;Macaco/Guariba/Bugio/Prego/Guigó;8;Normal
1360;2016-10-15T23:10:35;RJ;Teresópolis;Obtido pelo GPS ou informado explicitamente;11.0;1401;Mico/Sagui/Soinho;1;
1314;2016-10-05T11:04:20;RJ;Teresópolis;Obtido pelo GPS ou informado explicitamente;141.0;1355;Macaco/Guariba/Bugio/Prego/Guigó;5;Normal
1304;2016-10-03T12:40:14;RJ;Teresópolis;Obtido pelo GPS ou informado explicitamente;20.0;1345;Macaco/Guariba/Bugio/Prego/Guigó;5;Normal
1288;2016-09-18T15:54:00;PA;Santarém;Obtido pelo GPS ou informado explicitamente;141.0;1329;Macaco/Guariba/Bugio/Prego/Guigó;1;Normal
1287;2016-09-15T10:31:00;PA;Santarém;Obtido pelo GPS ou informado explicitamente;8.0;1328;Macaco/Guariba/Bugio/Prego/Guigó;1;Normal
1252;2016-09-11T18:18:01;RJ;Niterói;Obtido pelo GPS ou informado explicitamente;24.0;1293;Mico/Sagui/Soinho;5;Normal
1251;2016-09-09T09:04:09;RJ;Teresópolis;Obtido pelo GPS ou informado explicitamente;2099.999;1292;Macaco/Guariba/Bugio/Prego/Guigó;5;Normal
1240;2016-09-01T12:55:00;RJ;Teresópolis;Obtido pelo GPS ou informado explicitamente;24.0;1281;Macaco/Guariba/Bugio/Prego/Guigó;2;Normal
1239;2016-08-25T13:13:00;PA;Santarém;Obtido pelo GPS ou informado explicitamente;6.0;1280;Macaco/Guariba/Bugio/Prego/Guigó;1;Normal
1166;2016-05-20T19:07:00;PA;Santarém;Obtido pelo GPS ou informado explicitamente;9.0;1201;Macaco/Guariba/Bugio/Prego/Guigó;1;Normal
1164;2016-07-08T14:51:00;PA;Santarém;Obtido pelo GPS ou informado explicitamente;116.354;1199;Macaco/Guariba/Bugio/Prego/Guigó;1;Normal
1162;2016-07-03T11:13:00;PA;Santarém;Obtido pelo GPS ou informado explicitamente;313.0;1197;Macaco/Guariba/Bugio/Prego/Guigó;1;Normal
1139;2016-07-18T11:59:04;RJ;Teresópolis;Obtido pelo GPS ou informado explicitamente;45.0;1174;Macaco/Guariba/Bugio/Prego/Guigó;5;Normal
1104;2014-06-08T10:16:16;RJ;Teresópolis;Obtido pelo GPS ou informado explicitamente;;1138;Macaco/Guariba/Bugio/Prego/Guigó;2;Normal
1099;2016-07-16T12:24:34;RJ;Petrópolis;Obtido pelo GPS ou informado explicitamente;36.0;1133;Mico/Sagui/Soinho;10;Normal
1084;2016-07-13T19:47:05;PE;Jaboatão dos Guararapes;Obtido pelo GPS ou informado explicitamente;0.0;1118;Mico/Sagui/Soinho;3;Normal
1081;2016-07-13T08:48:55;BA;Uruçuca;Obtido pelo GPS ou informado explicitamente;6.0;1115;Mico/Sagui/Soinho;5;Normal
1081;2016-07-13T08:48:55;BA;Uruçuca;Obtido pelo GPS ou informado explicitamente;6.0;1114;Mico/Sagui/Soinho;1;Normal
1063;2016-07-12T09:22:03;BA;Uruçuca;Obtido pelo GPS ou informado explicitamente;34.218;1095;Macaco/Guariba/Bugio/Prego/Guigó;1;Estranho
1063;2016-07-12T09:22:03;BA;Uruçuca;Obtido pelo GPS ou informado explicitamente;34.218;1094;Macaco/Guariba/Bugio/Prego/Guigó;1;Normal
1059;2016-07-11T18:35:00;RJ;Petrópolis;Obtido pelo GPS ou informado explicitamente;37.5;1090;Mico/Sagui/Soinho;7;Normal
1038;2016-07-05T15:46:22;RJ;Teresópolis;Obtido pelo GPS ou informado explicitamente;12.0;1067;Mico/Sagui/Soinho;2;Normal
1031;2014-06-09T14:41:09;RJ;Teresópolis;Obtido pelo GPS ou informado explicitamente;;1060;Macaco/Guariba/Bugio/Prego/Guigó;2;Normal
1024;2016-06-28T15:46:01;RJ;Teresópolis;Obtido pelo GPS ou informado explicitamente;48.0;1053;Macaco/Guariba/Bugio/Prego/Guigó;1;Estranho
1016;2016-06-22T16:39:39;RJ;Rio de Janeiro;Obtido pelo GPS ou informado explicitamente;96.0;1044;Mico/Sagui/Soinho;1;Normal
970;2016-05-27T07:25:00;PA;Santarém;Obtido pelo GPS ou informado explicitamente;25.0;998;Macaco/Guariba/Bugio/Prego/Guigó;1;Normal
958;2016-05-20T14:51:00;RJ;Rio de Janeiro;Obtido pelo GPS ou informado explicitamente;407.274;986;Mico/Sagui/Soinho;2;Normal
955;2016-05-13T07:53:00;BA;Uruçuca;Obtido pelo GPS ou informado explicitamente;1814.0;983;Mico/Sagui/Soinho;10;Normal
942;2016-04-21T13:40:00;PA;Santarém;Obtido pelo GPS ou informado explicitamente;18.0;970;Macaco/Guariba/Bugio/Prego/Guigó;1;Normal
940;2016-04-22T14:45:00;BA;Itacaré;Obtido pelo GPS ou informado explicitamente;3.0;968;Mico/Sagui/Soinho;3;Normal
923;2016-04-14T16:06:00;BA;Itacaré;Obtido pelo GPS ou informado explicitamente;10.0;951;Mico/Sagui/Soinho;1;
917;2016-04-14T13:35:00;RJ;Teresópolis;Obtido pelo GPS ou informado explicitamente;34.5;945;Macaco/Guariba/Bugio/Prego/Guigó;4;Normal
914;2016-04-13T15:52:00;RJ;Petrópolis;Obtido pelo GPS ou informado explicitamente;53.0;942;Mico/Sagui/Soinho;4;Normal
909;2016-04-04T13:27:00;PA;Santarém;Obtido pelo GPS ou informado explicitamente;62.0;937;Mico/Sagui/Soinho;1;Normal
902;2016-04-09T13:51:00;RJ;Teresópolis;Obtido pelo GPS ou informado explicitamente;16.0;930;Mico/Sagui/Soinho;2;Normal
897;2016-04-08T10:15:00;RJ;Magé;Obtido pelo GPS ou informado explicitamente;2799.999;925;Mico/Sagui/Soinho;5;Normal
893;2016-04-08T08:09:00;RJ;Teresópolis;Obtido pelo GPS ou informado explicitamente;24.0;921;Mico/Sagui/Soinho;1;Normal
866;2016-03-28T09:44:00;PE;Jaboatão dos Guararapes;Obtido pelo GPS ou informado explicitamente;0.0;894;Mico/Sagui/Soinho;15;Normal
783;2016-03-06T09:26:00;RJ;Guapimirim;Obtido pelo GPS ou informado explicitamente;96.0;809;Macaco/Guariba/Bugio/Prego/Guigó;18;Normal
762;2016-02-13T07:43:00;PA;Aveiro;Obtido pelo GPS ou informado explicitamente;7.0;788;Macaco/Guariba/Bugio/Prego/Guigó;1;Estranho
724;2015-07-29T15:27:00;PA;Aveiro;Coordenadas obtidas a partir do endereço;-1.0;749;Macaco/Guariba/Bugio/Prego/Guigó;1;
723;2016-02-02T11:50:00;RJ;Rio de Janeiro;Obtido pelo GPS ou informado explicitamente;0.0;748;Macaco/Guariba/Bugio/Prego/Guigó;1;Normal
721;2015-11-11T12:44:00;PA;Santarém;Obtido pelo GPS ou informado explicitamente;0.0;746;Mico/Sagui/Soinho;2;Normal
711;2016-01-17T12:43:00;PA;Santarém;Obtido pelo GPS ou informado explicitamente;77.0;736;Mico/Sagui/Soinho;1;Normal
689;2016-01-01T19:28:00;PA;Santarém;Obtido pelo GPS ou informado explicitamente;13.0;712;Mico/Sagui/Soinho;1;
671;2016-01-14T13:41:00;PA;Aveiro;Obtido pelo GPS ou informado explicitamente;36.0;694;Mico/Sagui/Soinho;1;Normal
645;2015-12-26T15:25:00;PA;Santarém;Coordenadas obtidas a partir do endereço;-1.0;667;Macaco/Guariba/Bugio/Prego/Guigó;1;Normal
630;2015-12-27T16:16:00;PA;Santarém;Obtido pelo GPS ou informado explicitamente;112.0;652;Macaco/Guariba/Bugio/Prego/Guigó;15;Normal
629;2015-12-27T16:12:00;PA;Santarém;Obtido pelo GPS ou informado explicitamente;112.0;651;Mico/Sagui/Soinho;10;Normal
603;2015-12-23T10:19:00;PA;Santarém;Obtido pelo GPS ou informado explicitamente;10.0;621;Macaco/Guariba/Bugio/Prego/Guigó;1;Normal
600;2015-12-20T18:44:00;PA;Santarém;Obtido pelo GPS ou informado explicitamente;13.0;618;Macaco/Guariba/Bugio/Prego/Guigó;1;Normal
580;2015-12-10T22:16:00;PA;Santarém;Obtido pelo GPS ou informado explicitamente;6.0;598;Mico/Sagui/Soinho;1;Normal
577;2015-12-12T07:07:00;PA;Santarém;Obtido pelo GPS ou informado explicitamente;6.0;595;Mico/Sagui/Soinho;1;Normal
550;2015-11-19T09:53:00;PA;Santarém;Obtido pelo GPS ou informado explicitamente;14.0;564;Mico/Sagui/Soinho;5;Normal
526;2015-11-09T16:45:00;BA;Uruçuca;Obtido pelo GPS ou informado explicitamente;7.0;541;Mico/Sagui/Soinho;1;
520;2015-11-05T20:52:00;PI;Sigefredo Pacheco;Obtido pelo GPS ou informado explicitamente;0.0;535;Macaco/Guariba/Bugio/Prego/Guigó;3;
501;2015-10-31T15:06:00;PE;Itapissuma;Obtido pelo GPS ou informado explicitamente;25.0;516;Mico/Sagui/Soinho;4;Normal
478;2015-10-24T22:12:00;RJ;Rio de Janeiro;Obtido pelo GPS ou informado explicitamente;43.0;493;Mico/Sagui/Soinho;1;Normal
475;2015-10-24T10:25:00;BA;Ilhéus;Obtido pelo GPS ou informado explicitamente;9.2;490;Mico/Sagui/Soinho;3;Normal
460;2015-10-07T19:25:00;BA;Itacaré;Obtido pelo GPS ou informado explicitamente;13.0;475;Mico/Sagui/Soinho;5;Normal
441;2015-10-04T09:22:00;RJ;Rio de Janeiro;Obtido pelo GPS ou informado explicitamente;41.0;456;Mico/Sagui/Soinho;3;Normal
394;2015-09-12T10:45:00;MT;Acorizal;Obtido pelo GPS ou informado explicitamente;36.0;409;Mico/Sagui/Soinho;1;
388;2012-02-20T13:53:29;RJ;Angra dos Reis;Obtido pelo GPS ou informado explicitamente;;403;Macaco/Guariba/Bugio/Prego/Guigó;1;Estranho
383;2015-08-31T10:28:00;PE;Jaboatão dos Guararapes;Obtido pelo GPS ou informado explicitamente;0.0;397;Mico/Sagui/Soinho;2;Normal
373;2015-08-06T07:24:00;PI;São João do Piauí;Coordenadas obtidas a partir do endereço;-1.0;387;Macaco/Guariba/Bugio/Prego/Guigó;5;Normal
361;2015-07-28T12:34:00;PI;Coronel José Dias;Coordenadas obtidas a partir do endereço;-1.0;374;Macaco/Guariba/Bugio/Prego/Guigó;42;Normal
345;2015-07-23T08:32:00;RJ;Rio de Janeiro;Obtido pelo GPS ou informado explicitamente;7.0;358;Mico/Sagui/Soinho;1;Doente
325;2015-07-09T19:55:00;RN;Vila Flor;Obtido pelo GPS ou informado explicitamente;1635.0;338;Mico/Sagui/Soinho;5;Normal
323;2015-07-10T14:56:00;SP;Cajamar;Obtido pelo GPS ou informado explicitamente;17.844;336;Mico/Sagui/Soinho;12;Normal
321;2015-07-08T08:53:00;RJ;Rio de Janeiro;Obtido pelo GPS ou informado explicitamente;17.796;334;Macaco/Guariba/Bugio/Prego/Guigó;20;Normal
316;2015-07-06T10:48:00;RJ;Rio de Janeiro;Obtido pelo GPS ou informado explicitamente;910.0;329;Mico/Sagui/Soinho;6;Normal
315;2015-07-06T10:22:00;RJ;Rio de Janeiro;Obtido pelo GPS ou informado explicitamente;978.0;328;Mico/Sagui/Soinho;6;Normal
314;2015-07-06T09:31:00;SP;São Paulo;Obtido pelo GPS ou informado explicitamente;10.0;327;Mico/Sagui/Soinho;8;Normal
311;2015-07-04T13:47:00;RJ;Petrópolis;Obtido pelo GPS ou informado explicitamente;32.0;324;Mico/Sagui/Soinho;10;Normal
308;2015-07-01T16:14:00;RJ;Magé;Obtido pelo GPS ou informado explicitamente;37.5;321;Mico/Sagui/Soinho;1;Normal
299;2015-06-30T14:36:44;BA;Salvador;Obtido pelo GPS ou informado explicitamente;;313;Macaco/Guariba/Bugio/Prego/Guigó;10;Normal
295;2015-06-29T20:24:00;AC;Rio Branco;Obtido pelo GPS ou informado explicitamente;26.0;309;Macaco/Guariba/Bugio/Prego/Guigó;20;Normal
281;2015-06-25T17:37:00;RJ;Teresópolis;Obtido pelo GPS ou informado explicitamente;2497.0;295;Macaco/Guariba/Bugio/Prego/Guigó;6;Normal
266;2015-06-22T17:13:00;RJ;Rio de Janeiro;Obtido pelo GPS ou informado explicitamente;37.5;280;Macaco/Guariba/Bugio/Prego/Guigó;1;Normal
259;2015-06-21T12:17:00;RJ;Rio de Janeiro;Obtido pelo GPS ou informado explicitamente;24.787;273;Mico/Sagui/Soinho;2;Normal
252;2015-06-21T08:20:00;RJ;Rio de Janeiro;Obtido pelo GPS ou informado explicitamente;10.0;266;Macaco/Guariba/Bugio/Prego/Guigó;6;Normal
251;2015-06-20T13:29:00;RJ;Nova Iguaçu;Obtido pelo GPS ou informado explicitamente;36.0;265;Mico/Sagui/Soinho;10;Normal
248;2015-06-20T10:48:00;SP;São Bernardo do Campo;Obtido pelo GPS ou informado explicitamente;1781.0;262;Mico/Sagui/Soinho;1;
240;2015-06-18T02:03:00;RJ;Petrópolis;Obtido pelo GPS ou informado explicitamente;2387.0;254;Macaco/Guariba/Bugio/Prego/Guigó;15;Normal
239;2015-06-18T17:19:00;RJ;Rio de Janeiro;Obtido pelo GPS ou informado explicitamente;;253;Mico/Sagui/Soinho;1;Normal
219;2015-06-18T08:54:00;RJ;Maricá;Obtido pelo GPS ou informado explicitamente;2286.0;233;Mico/Sagui/Soinho;5;Normal
208;2015-06-16T08:07:00;ES;Vitória;Obtido pelo GPS ou informado explicitamente;11.0;222;Mico/Sagui/Soinho;2;Normal
191;2015-06-08T18:42:00;RJ;Rio de Janeiro;Obtido pelo GPS ou informado explicitamente;10.0;205;Mico/Sagui/Soinho;12;Normal
157;2015-05-20T13:52:00;BA;Porto Seguro;Obtido pelo GPS ou informado explicitamente;;170;Mico/Sagui/Soinho;2;Normal
151;2015-05-03T12:13:00;RJ;Rio de Janeiro;Obtido pelo GPS ou informado explicitamente;11.0;164;Macaco/Guariba/Bugio/Prego/Guigó;1;Normal
108;2015-05-02T13:49:00;RJ;Rio de Janeiro;Obtido pelo GPS ou informado explicitamente;12.0;112;Mico/Sagui/Soinho;1;Normal
103;2015-05-01T12:11:00;RJ;Petrópolis;Obtido pelo GPS ou informado explicitamente;1796.0;107;Macaco/Guariba/Bugio/Prego/Guigó;1;Normal
102;2015-04-26T10:59:00;RJ;Rio de Janeiro;Obtido pelo GPS ou informado explicitamente;1690.1461;106;Macaco/Guariba/Bugio/Prego/Guigó;1;Normal
